order,run_id,instance_hash,solver,seed,budget_A,budget_B,evaluation_budget,timeout_global,timeout_per_instance,protocol_hash,normalization_hash,abma_profile_hash,collision_policy,output_directory,resume_key,command_hash,command_template
1,formal__w30__ga_aco__seed_42,2fab0e3e566477294710c7f5296eae3f19fffdaf771928347daa371758bb2a62,ga_aco,42,11000,16000,,21600,21600,5fb8fec80189731e702186e13567ea8cb1d16c707b06446f9ab1e705c76291dc,e9e221a5db62c86aed76061099db5eaeb9b8c63708fbd05e33328b1811a38df4,,separate_postprocess_after_successful_raw_run,unified_experiments/formal_protocol_5fb8fec80189731e702186e13567ea8cb1d16c707b06446f9ab1e705c76291dc/formal/w30/ga_aco/seed_42,5fb8fec80189731e702186e13567ea8cb1d16c707b06446f9ab1e705c76291dc:2fab0e3e566477294710c7f5296eae3f19fffdaf771928347daa371758bb2a62:ga_aco:42:7d2760a8bbcfbc8180624f9ebb0e718791767efaea8c0b55f6505f24670a1e62,7d2760a8bbcfbc8180624f9ebb0e718791767efaea8c0b55f6505f24670a1e62,"[""D:\\pybullet_test\\.venv\\Scripts\\python.exe"", ""run_unified_experiments.py"", ""--formal"", ""--resume"", ""--instances"", ""w30"", ""--solvers"", ""ga_aco"", ""--seeds"", ""42"", ""--selected-evaluation-budget"", ""<USER_SELECTED_A_OR_B_BUDGET>"", ""--selected-timeout"", ""21600"", ""--output-root"", ""unified_experiments/formal_protocol_5fb8fec80189731e702186e13567ea8cb1d16c707b06446f9ab1e705c76291dc/formal/w30/ga_aco/seed_42""]"
2,formal__w30__ga_aco__seed_43,2fab0e3e566477294710c7f5296eae3f19fffdaf771928347daa371758bb2a62,ga_aco,43,11000,16000,,21600,21600,5fb8fec80189731e702186e13567ea8cb1d16c707b06446f9ab1e705c76291dc,e9e221a5db62c86aed76061099db5eaeb9b8c63708fbd05e33328b1811a38df4,,separate_postprocess_after_successful_raw_run,unified_experiments/formal_protocol_5fb8fec80189731e702186e13567ea8cb1d16c707b06446f9ab1e705c76291dc/formal/w30/ga_aco/seed_43,5fb8fec80189731e702186e13567ea8cb1d16c707b06446f9ab1e705c76291dc:2fab0e3e566477294710c7f5296eae3f19fffdaf771928347daa371758bb2a62:ga_aco:43:3420c297bce704bb76f531d4b1e28cf4c1a6cf1ef2726db921ac4627c7c1b872,3420c297bce704bb76f531d4b1e28cf4c1a6cf1ef2726db921ac4627c7c1b872,"[""D:\\pybullet_test\\.venv\\Scripts\\python.exe"", ""run_unified_experiments.py"", ""--formal"", ""--resume"", ""--instances"", ""w30"", ""--solvers"", ""ga_aco"", ""--seeds"", ""43"", ""--selected-evaluation-budget"", ""<USER_SELECTED_A_OR_B_BUDGET>"", ""--selected-timeout"", ""21600"", ""--output-root"", ""unified_experiments/formal_protocol_5fb8fec80189731e702186e13567ea8cb1d16c707b06446f9ab1e705c76291dc/formal/w30/ga_aco/seed_43""]"
3,formal__w30__ga_aco__seed_44,2fab0e3e566477294710c7f5296eae3f19fffdaf771928347daa371758bb2a62,ga_aco,44,11000,16000,,21600,21600,5fb8fec80189731e702186e13567ea8cb1d16c707b06446f9ab1e705c76291dc,e9e221a5db62c86aed76061099db5eaeb9b8c63708fbd05e33328b1811a38df4,,separate_postprocess_after_successful_raw_run,unified_experiments/formal_protocol_5fb8fec80189731e702186e13567ea8cb1d16c707b06446f9ab1e705c76291dc/formal/w30/ga_aco/seed_44,5fb8fec80189731e702186e13567ea8cb1d16c707b06446f9ab1e705c76291dc:2fab0e3e566477294710c7f5296eae3f19fffdaf771928347daa371758bb2a62:ga_aco:44:17d27169368fa5d01209eb10a04b620a587e2ce7d396cbdacafca542eda07416,17d27169368fa5d01209eb10a04b620a587e2ce7d396cbdacafca542eda07416,"[""D:\\pybullet_test\\.venv\\Scripts\\python.exe"", ""run_unified_experiments.py"", ""--formal"", ""--resume"", ""--instances"", ""w30"", ""--solvers"", ""ga_aco"", ""--seeds"", ""44"", ""--selected-evaluation-budget"", ""<USER_SELECTED_A_OR_B_BUDGET>"", ""--selected-timeout"", ""21600"", ""--output-root"", ""unified_experiments/formal_protocol_5fb8fec80189731e702186e13567ea8cb1d16c707b06446f9ab1e705c76291dc/formal/w30/ga_aco/seed_44""]"
4,formal__w30__ga_aco__seed_45,2fab0e3e566477294710c7f5296eae3f19fffdaf771928347daa371758bb2a62,ga_aco,45,11000,16000,,21600,21600,5fb8fec80189731e702186e13567ea8cb1d16c707b06446f9ab1e705c76291dc,e9e221a5db62c86aed76061099db5eaeb9b8c63708fbd05e33328b1811a38df4,,separate_postprocess_after_successful_raw_run,unified_experiments/formal_protocol_5fb8fec80189731e702186e13567ea8cb1d16c707b06446f9ab1e705c76291dc/formal/w30/ga_aco/seed_45,5fb8fec80189731e702186e13567ea8cb1d16c707b06446f9ab1e705c76291dc:2fab0e3e566477294710c7f5296eae3f19fffdaf771928347daa371758bb2a62:ga_aco:45:8b91d6eb7c5389bbcf739e6fb50e834f734ec6aaf220b6ede7db71aef88f6b28,8b91d6eb7c5389bbcf739e6fb50e834f734ec6aaf220b6ede7db71aef88f6b28,"[""D:\\pybullet_test\\.venv\\Scripts\\python.exe"", ""run_unified_experiments.py"", ""--formal"", ""--resume"", ""--instances"", ""w30"", ""--solvers"", ""ga_aco"", ""--seeds"", ""45"", ""--selected-evaluation-budget"", ""<USER_SELECTED_A_OR_B_BUDGET>"", ""--selected-timeout"", ""21600"", ""--output-root"", ""unified_experiments/formal_protocol_5fb8fec80189731e702186e13567ea8cb1d16c707b06446f9ab1e705c76291dc/formal/w30/ga_aco/seed_45""]"
5,formal__w30__ga_aco__seed_46,2fab0e3e566477294710c7f5296eae3f19fffdaf771928347daa371758bb2a62,ga_aco,46,11000,16000,,21600,21600,5fb8fec80189731e702186e13567ea8cb1d16c707b06446f9ab1e705c76291dc,e9e221a5db62c86aed76061099db5eaeb9b8c63708fbd05e33328b1811a38df4,,separate_postprocess_after_successful_raw_run,unified_experiments/formal_protocol_5fb8fec80189731e702186e13567ea8cb1d16c707b06446f9ab1e705c76291dc/formal/w30/ga_aco/seed_46,5fb8fec80189731e702186e13567ea8cb1d16c707b06446f9ab1e705c76291dc:2fab0e3e566477294710c7f5296eae3f19fffdaf771928347daa371758bb2a62:ga_aco:46:49578a807bb488445de70d84efe787a8646c8a0a5398d381c88b9f917846664f,49578a807bb488445de70d84efe787a8646c8a0a5398d381c88b9f917846664f,"[""D:\\pybullet_test\\.venv\\Scripts\\python.exe"", ""run_unified_experiments.py"", ""--formal"", ""--resume"", ""--instances"", ""w30"", ""--solvers"", ""ga_aco"", ""--seeds"", ""46"", ""--selected-evaluation-budget"", ""<USER_SELECTED_A_OR_B_BUDGET>"", ""--selected-timeout"", ""21600"", ""--output-root"", ""unified_experiments/formal_protocol_5fb8fec80189731e702186e13567ea8cb1d16c707b06446f9ab1e705c76291dc/formal/w30/ga_aco/seed_46""]"
6,formal__w30__ga_aco__seed_47,2fab0e3e566477294710c7f5296eae3f19fffdaf771928347daa371758bb2a62,ga_aco,47,11000,16000,,21600,21600,5fb8fec80189731e702186e13567ea8cb1d16c707b06446f9ab1e705c76291dc,e9e221a5db62c86aed76061099db5eaeb9b8c63708fbd05e33328b1811a38df4,,separate_postprocess_after_successful_raw_run,unified_experiments/formal_protocol_5fb8fec80189731e702186e13567ea8cb1d16c707b06446f9ab1e705c76291dc/formal/w30/ga_aco/seed_47,5fb8fec80189731e702186e13567ea8cb1d16c707b06446f9ab1e705c76291dc:2fab0e3e566477294710c7f5296eae3f19fffdaf771928347daa371758bb2a62:ga_aco:47:197307489e4f033356a2ed0b6e1b1b3128167ce2654791c7dd59f4c47e83c735,197307489e4f033356a2ed0b6e1b1b3128167ce2654791c7dd59f4c47e83c735,"[""D:\\pybullet_test\\.venv\\Scripts\\python.exe"", ""run_unified_experiments.py"", ""--formal"", ""--resume"", ""--instances"", ""w30"", ""--solvers"", ""ga_aco"", ""--seeds"", ""47"", ""--selected-evaluation-budget"", ""<USER_SELECTED_A_OR_B_BUDGET>"", ""--selected-timeout"", ""21600"", ""--output-root"", ""unified_experiments/formal_protocol_5fb8fec80189731e702186e13567ea8cb1d16c707b06446f9ab1e705c76291dc/formal/w30/ga_aco/seed_47""]"
7,formal__w30__ga_aco__seed_48,2fab0e3e566477294710c7f5296eae3f19fffdaf771928347daa371758bb2a62,ga_aco,48,11000,16000,,21600,21600,5fb8fec80189731e702186e13567ea8cb1d16c707b06446f9ab1e705c76291dc,e9e221a5db62c86aed76061099db5eaeb9b8c63708fbd05e33328b1811a38df4,,separate_postprocess_after_successful_raw_run,unified_experiments/formal_protocol_5fb8fec80189731e702186e13567ea8cb1d16c707b06446f9ab1e705c76291dc/formal/w30/ga_aco/seed_48,5fb8fec80189731e702186e13567ea8cb1d16c707b06446f9ab1e705c76291dc:2fab0e3e566477294710c7f5296eae3f19fffdaf771928347daa371758bb2a62:ga_aco:48:13b5cddfa3cd763be57fb7ffbba27b85d81da4bac781400e8e30527e5b78d176,13b5cddfa3cd763be57fb7ffbba27b85d81da4bac781400e8e30527e5b78d176,"[""D:\\pybullet_test\\.venv\\Scripts\\python.exe"", ""run_unified_experiments.py"", ""--formal"", ""--resume"", ""--instances"", ""w30"", ""--solvers"", ""ga_aco"", ""--seeds"", ""48"", ""--selected-evaluation-budget"", ""<USER_SELECTED_A_OR_B_BUDGET>"", ""--selected-timeout"", ""21600"", ""--output-root"", ""unified_experiments/formal_protocol_5fb8fec80189731e702186e13567ea8cb1d16c707b06446f9ab1e705c76291dc/formal/w30/ga_aco/seed_48""]"
8,formal__w30__ga_aco__seed_49,2fab0e3e566477294710c7f5296eae3f19fffdaf771928347daa371758bb2a62,ga_aco,49,11000,16000,,21600,21600,5fb8fec80189731e702186e13567ea8cb1d16c707b06446f9ab1e705c76291dc,e9e221a5db62c86aed76061099db5eaeb9b8c63708fbd05e33328b1811a38df4,,separate_postprocess_after_successful_raw_run,unified_experiments/formal_protocol_5fb8fec80189731e702186e13567ea8cb1d16c707b06446f9ab1e705c76291dc/formal/w30/ga_aco/seed_49,5fb8fec80189731e702186e13567ea8cb1d16c707b06446f9ab1e705c76291dc:2fab0e3e566477294710c7f5296eae3f19fffdaf771928347daa371758bb2a62:ga_aco:49:75e5bc8d12bf3d75d106099434f8c22b1891692f466486c526f6e9971bb7b748,75e5bc8d12bf3d75d106099434f8c22b1891692f466486c526f6e9971bb7b748,"[""D:\\pybullet_test\\.venv\\Scripts\\python.exe"", ""run_unified_experiments.py"", ""--formal"", ""--resume"", ""--instances"", ""w30"", ""--solvers"", ""ga_aco"", ""--seeds"", ""49"", ""--selected-evaluation-budget"", ""<USER_SELECTED_A_OR_B_BUDGET>"", ""--selected-timeout"", ""21600"", ""--output-root"", ""unified_experiments/formal_protocol_5fb8fec80189731e702186e13567ea8cb1d16c707b06446f9ab1e705c76291dc/formal/w30/ga_aco/seed_49""]"
9,formal__w30__ga_aco__seed_50,2fab0e3e566477294710c7f5296eae3f19fffdaf771928347daa371758bb2a62,ga_aco,50,11000,16000,,21600,21600,5fb8fec80189731e702186e13567ea8cb1d16c707b06446f9ab1e705c76291dc,e9e221a5db62c86aed76061099db5eaeb9b8c63708fbd05e33328b1811a38df4,,separate_postprocess_after_successful_raw_run,unified_experiments/formal_protocol_5fb8fec80189731e702186e13567ea8cb1d16c707b06446f9ab1e705c76291dc/formal/w30/ga_aco/seed_50,5fb8fec80189731e702186e13567ea8cb1d16c707b06446f9ab1e705c76291dc:2fab0e3e566477294710c7f5296eae3f19fffdaf771928347daa371758bb2a62:ga_aco:50:6c4c0cff8e3d7850af9f4fd4e7d8eed61805fa9b32a7a298614c7e52c919a3ba,6c4c0cff8e3d7850af9f4fd4e7d8eed61805fa9b32a7a298614c7e52c919a3ba,"[""D:\\pybullet_test\\.venv\\Scripts\\python.exe"", ""run_unified_experiments.py"", ""--formal"", ""--resume"", ""--instances"", ""w30"", ""--solvers"", ""ga_aco"", ""--seeds"", ""50"", ""--selected-evaluation-budget"", ""<USER_SELECTED_A_OR_B_BUDGET>"", ""--selected-timeout"", ""21600"", ""--output-root"", ""unified_experiments/formal_protocol_5fb8fec80189731e702186e13567ea8cb1d16c707b06446f9ab1e705c76291dc/formal/w30/ga_aco/seed_50""]"
10,formal__w30__ga_aco__seed_51,2fab0e3e566477294710c7f5296eae3f19fffdaf771928347daa371758bb2a62,ga_aco,51,11000,16000,,21600,21600,5fb8fec80189731e702186e13567ea8cb1d16c707b06446f9ab1e705c76291dc,e9e221a5db62c86aed76061099db5eaeb9b8c63708fbd05e33328b1811a38df4,,separate_postprocess_after_successful_raw_run,unified_experiments/formal_protocol_5fb8fec80189731e702186e13567ea8cb1d16c707b06446f9ab1e705c76291dc/formal/w30/ga_aco/seed_51,5fb8fec80189731e702186e13567ea8cb1d16c707b06446f9ab1e705c76291dc:2fab0e3e566477294710c7f5296eae3f19fffdaf771928347daa371758bb2a62:ga_aco:51:b2ee3ece084d1f69984346035fc5472b63afddfb40f4e6aed3aff7f36d54ee1a,b2ee3ece084d1f69984346035fc5472b63afddfb40f4e6aed3aff7f36d54ee1a,"[""D:\\pybullet_test\\.venv\\Scripts\\python.exe"", ""run_unified_experiments.py"", ""--formal"", ""--resume"", ""--instances"", ""w30"", ""--solvers"", ""ga_aco"", ""--seeds"", ""51"", ""--selected-evaluation-budget"", ""<USER_SELECTED_A_OR_B_BUDGET>"", ""--selected-timeout"", ""21600"", ""--output-root"", ""unified_experiments/formal_protocol_5fb8fec80189731e702186e13567ea8cb1d16c707b06446f9ab1e705c76291dc/formal/w30/ga_aco/seed_51""]"
11,formal__w30__ga_aco__seed_52,2fab0e3e566477294710c7f5296eae3f19fffdaf771928347daa371758bb2a62,ga_aco,52,11000,16000,,21600,21600,5fb8fec80189731e702186e13567ea8cb1d16c707b06446f9ab1e705c76291dc,e9e221a5db62c86aed76061099db5eaeb9b8c63708fbd05e33328b1811a38df4,,separate_postprocess_after_successful_raw_run,unified_experiments/formal_protocol_5fb8fec80189731e702186e13567ea8cb1d16c707b06446f9ab1e705c76291dc/formal/w30/ga_aco/seed_52,5fb8fec80189731e702186e13567ea8cb1d16c707b06446f9ab1e705c76291dc:2fab0e3e566477294710c7f5296eae3f19fffdaf771928347daa371758bb2a62:ga_aco:52:b8e4cf2322f646dbb1ff413eb1ce171146b4673d3a19c83c7cd08126d3f4d37e,b8e4cf2322f646dbb1ff413eb1ce171146b4673d3a19c83c7cd08126d3f4d37e,"[""D:\\pybullet_test\\.venv\\Scripts\\python.exe"", ""run_unified_experiments.py"", ""--formal"", ""--resume"", ""--instances"", ""w30"", ""--solvers"", ""ga_aco"", ""--seeds"", ""52"", ""--selected-evaluation-budget"", ""<USER_SELECTED_A_OR_B_BUDGET>"", ""--selected-timeout"", ""21600"", ""--output-root"", ""unified_experiments/formal_protocol_5fb8fec80189731e702186e13567ea8cb1d16c707b06446f9ab1e705c76291dc/formal/w30/ga_aco/seed_52""]"
12,formal__w30__ga_aco__seed_53,2fab0e3e566477294710c7f5296eae3f19fffdaf771928347daa371758bb2a62,ga_aco,53,11000,16000,,21600,21600,5fb8fec80189731e702186e13567ea8cb1d16c707b06446f9ab1e705c76291dc,e9e221a5db62c86aed76061099db5eaeb9b8c63708fbd05e33328b1811a38df4,,separate_postprocess_after_successful_raw_run,unified_experiments/formal_protocol_5fb8fec80189731e702186e13567ea8cb1d16c707b06446f9ab1e705c76291dc/formal/w30/ga_aco/seed_53,5fb8fec80189731e702186e13567ea8cb1d16c707b06446f9ab1e705c76291dc:2fab0e3e566477294710c7f5296eae3f19fffdaf771928347daa371758bb2a62:ga_aco:53:5e8c850e89dceaac18b7b7ffa4b861394593ca49367bca42135de71cb8e6e2f7,5e8c850e89dceaac18b7b7ffa4b861394593ca49367bca42135de71cb8e6e2f7,"[""D:\\pybullet_test\\.venv\\Scripts\\python.exe"", ""run_unified_experiments.py"", ""--formal"", ""--resume"", ""--instances"", ""w30"", ""--solvers"", ""ga_aco"", ""--seeds"", ""53"", ""--selected-evaluation-budget"", ""<USER_SELECTED_A_OR_B_BUDGET>"", ""--selected-timeout"", ""21600"", ""--output-root"", ""unified_experiments/formal_protocol_5fb8fec80189731e702186e13567ea8cb1d16c707b06446f9ab1e705c76291dc/formal/w30/ga_aco/seed_53""]"
13,formal__w30__ga_aco__seed_54,2fab0e3e566477294710c7f5296eae3f19fffdaf771928347daa371758bb2a62,ga_aco,54,11000,16000,,21600,21600,5fb8fec80189731e702186e13567ea8cb1d16c707b06446f9ab1e705c76291dc,e9e221a5db62c86aed76061099db5eaeb9b8c63708fbd05e33328b1811a38df4,,separate_postprocess_after_successful_raw_run,unified_experiments/formal_protocol_5fb8fec80189731e702186e13567ea8cb1d16c707b06446f9ab1e705c76291dc/formal/w30/ga_aco/seed_54,5fb8fec80189731e702186e13567ea8cb1d16c707b06446f9ab1e705c76291dc:2fab0e3e566477294710c7f5296eae3f19fffdaf771928347daa371758bb2a62:ga_aco:54:c3463a95e94fe85713f869df311105931afbb4f016b5eb9bd09e25b1bfd1b8af,c3463a95e94fe85713f869df311105931afbb4f016b5eb9bd09e25b1bfd1b8af,"[""D:\\pybullet_test\\.venv\\Scripts\\python.exe"", ""run_unified_experiments.py"", ""--formal"", ""--resume"", ""--instances"", ""w30"", ""--solvers"", ""ga_aco"", ""--seeds"", ""54"", ""--selected-evaluation-budget"", ""<USER_SELECTED_A_OR_B_BUDGET>"", ""--selected-timeout"", ""21600"", ""--output-root"", ""unified_experiments/formal_protocol_5fb8fec80189731e702186e13567ea8cb1d16c707b06446f9ab1e705c76291dc/formal/w30/ga_aco/seed_54""]"
14,formal__w30__ga_aco__seed_55,2fab0e3e566477294710c7f5296eae3f19fffdaf771928347daa371758bb2a62,ga_aco,55,11000,16000,,21600,21600,5fb8fec80189731e702186e13567ea8cb1d16c707b06446f9ab1e705c76291dc,e9e221a5db62c86aed76061099db5eaeb9b8c63708fbd05e33328b1811a38df4,,separate_postprocess_after_successful_raw_run,unified_experiments/formal_protocol_5fb8fec80189731e702186e13567ea8cb1d16c707b06446f9ab1e705c76291dc/formal/w30/ga_aco/seed_55,5fb8fec80189731e702186e13567ea8cb1d16c707b06446f9ab1e705c76291dc:2fab0e3e566477294710c7f5296eae3f19fffdaf771928347daa371758bb2a62:ga_aco:55:cbcff235febdfa93af1b34435c9149ceed46c2e2a6a8cd77d5aa034489152b7c,cbcff235febdfa93af1b34435c9149ceed46c2e2a6a8cd77d5aa034489152b7c,"[""D:\\pybullet_test\\.venv\\Scripts\\python.exe"", ""run_unified_experiments.py"", ""--formal"", ""--resume"", ""--instances"", ""w30"", ""--solvers"", ""ga_aco"", ""--seeds"", ""55"", ""--selected-evaluation-budget"", ""<USER_SELECTED_A_OR_B_BUDGET>"", ""--selected-timeout"", ""21600"", ""--output-root"", ""unified_experiments/formal_protocol_5fb8fec80189731e702186e13567ea8cb1d16c707b06446f9ab1e705c76291dc/formal/w30/ga_aco/seed_55""]"
15,formal__w30__ga_aco__seed_56,2fab0e3e566477294710c7f5296eae3f19fffdaf771928347daa371758bb2a62,ga_aco,56,11000,16000,,21600,21600,5fb8fec80189731e702186e13567ea8cb1d16c707b06446f9ab1e705c76291dc,e9e221a5db62c86aed76061099db5eaeb9b8c63708fbd05e33328b1811a38df4,,separate_postprocess_after_successful_raw_run,unified_experiments/formal_protocol_5fb8fec80189731e702186e13567ea8cb1d16c707b06446f9ab1e705c76291dc/formal/w30/ga_aco/seed_56,5fb8fec80189731e702186e13567ea8cb1d16c707b06446f9ab1e705c76291dc:2fab0e3e566477294710c7f5296eae3f19fffdaf771928347daa371758bb2a62:ga_aco:56:5af4d5f871dce272bcd9d1f611576e368b5156016f55abd1e748f133c95298e5,5af4d5f871dce272bcd9d1f611576e368b5156016f55abd1e748f133c95298e5,"[""D:\\pybullet_test\\.venv\\Scripts\\python.exe"", ""run_unified_experiments.py"", ""--formal"", ""--resume"", ""--instances"", ""w30"", ""--solvers"", ""ga_aco"", ""--seeds"", ""56"", ""--selected-evaluation-budget"", ""<USER_SELECTED_A_OR_B_BUDGET>"", ""--selected-timeout"", ""21600"", ""--output-root"", ""unified_experiments/formal_protocol_5fb8fec80189731e702186e13567ea8cb1d16c707b06446f9ab1e705c76291dc/formal/w30/ga_aco/seed_56""]"
16,formal__w30__ga_aco__seed_57,2fab0e3e566477294710c7f5296eae3f19fffdaf771928347daa371758bb2a62,ga_aco,57,11000,16000,,21600,21600,5fb8fec80189731e702186e13567ea8cb1d16c707b06446f9ab1e705c76291dc,e9e221a5db62c86aed76061099db5eaeb9b8c63708fbd05e33328b1811a38df4,,separate_postprocess_after_successful_raw_run,unified_experiments/formal_protocol_5fb8fec80189731e702186e13567ea8cb1d16c707b06446f9ab1e705c76291dc/formal/w30/ga_aco/seed_57,5fb8fec80189731e702186e13567ea8cb1d16c707b06446f9ab1e705c76291dc:2fab0e3e566477294710c7f5296eae3f19fffdaf771928347daa371758bb2a62:ga_aco:57:c835187123b5b281cd5a14e1548e1b56a1dedcd169b61703000b0f6ebd830db4,c835187123b5b281cd5a14e1548e1b56a1dedcd169b61703000b0f6ebd830db4,"[""D:\\pybullet_test\\.venv\\Scripts\\python.exe"", ""run_unified_experiments.py"", ""--formal"", ""--resume"", ""--instances"", ""w30"", ""--solvers"", ""ga_aco"", ""--seeds"", ""57"", ""--selected-evaluation-budget"", ""<USER_SELECTED_A_OR_B_BUDGET>"", ""--selected-timeout"", ""21600"", ""--output-root"", ""unified_experiments/formal_protocol_5fb8fec80189731e702186e13567ea8cb1d16c707b06446f9ab1e705c76291dc/formal/w30/ga_aco/seed_57""]"
17,formal__w30__ga_aco__seed_58,2fab0e3e566477294710c7f5296eae3f19fffdaf771928347daa371758bb2a62,ga_aco,58,11000,16000,,21600,21600,5fb8fec80189731e702186e13567ea8cb1d16c707b06446f9ab1e705c76291dc,e9e221a5db62c86aed76061099db5eaeb9b8c63708fbd05e33328b1811a38df4,,separate_postprocess_after_successful_raw_run,unified_experiments/formal_protocol_5fb8fec80189731e702186e13567ea8cb1d16c707b06446f9ab1e705c76291dc/formal/w30/ga_aco/seed_58,5fb8fec80189731e702186e13567ea8cb1d16c707b06446f9ab1e705c76291dc:2fab0e3e566477294710c7f5296eae3f19fffdaf771928347daa371758bb2a62:ga_aco:58:29f0c7ed8316d6eb004e478494e3cfb8414ce2b04b7653742e985d98aa84ef94,29f0c7ed8316d6eb004e478494e3cfb8414ce2b04b7653742e985d98aa84ef94,"[""D:\\pybullet_test\\.venv\\Scripts\\python.exe"", ""run_unified_experiments.py"", ""--formal"", ""--resume"", ""--instances"", ""w30"", ""--solvers"", ""ga_aco"", ""--seeds"", ""58"", ""--selected-evaluation-budget"", ""<USER_SELECTED_A_OR_B_BUDGET>"", ""--selected-timeout"", ""21600"", ""--output-root"", ""unified_experiments/formal_protocol_5fb8fec80189731e702186e13567ea8cb1d16c707b06446f9ab1e705c76291dc/formal/w30/ga_aco/seed_58""]"
18,formal__w30__ga_aco__seed_59,2fab0e3e566477294710c7f5296eae3f19fffdaf771928347daa371758bb2a62,ga_aco,59,11000,16000,,21600,21600,5fb8fec80189731e702186e13567ea8cb1d16c707b06446f9ab1e705c76291dc,e9e221a5db62c86aed76061099db5eaeb9b8c63708fbd05e33328b1811a38df4,,separate_postprocess_after_successful_raw_run,unified_experiments/formal_protocol_5fb8fec80189731e702186e13567ea8cb1d16c707b06446f9ab1e705c76291dc/formal/w30/ga_aco/seed_59,5fb8fec80189731e702186e13567ea8cb1d16c707b06446f9ab1e705c76291dc:2fab0e3e566477294710c7f5296eae3f19fffdaf771928347daa371758bb2a62:ga_aco:59:18b514121f7c923485bb8d4c6c2bae23c5a5d5b6dd5b9a540fa35c06588482f1,18b514121f7c923485bb8d4c6c2bae23c5a5d5b6dd5b9a540fa35c06588482f1,"[""D:\\pybullet_test\\.venv\\Scripts\\python.exe"", ""run_unified_experiments.py"", ""--formal"", ""--resume"", ""--instances"", ""w30"", ""--solvers"", ""ga_aco"", ""--seeds"", ""59"", ""--selected-evaluation-budget"", ""<USER_SELECTED_A_OR_B_BUDGET>"", ""--selected-timeout"", ""21600"", ""--output-root"", ""unified_experiments/formal_protocol_5fb8fec80189731e702186e13567ea8cb1d16c707b06446f9ab1e705c76291dc/formal/w30/ga_aco/seed_59""]"
19,formal__w30__ga_aco__seed_60,2fab0e3e566477294710c7f5296eae3f19fffdaf771928347daa371758bb2a62,ga_aco,60,11000,16000,,21600,21600,5fb8fec80189731e702186e13567ea8cb1d16c707b06446f9ab1e705c76291dc,e9e221a5db62c86aed76061099db5eaeb9b8c63708fbd05e33328b1811a38df4,,separate_postprocess_after_successful_raw_run,unified_experiments/formal_protocol_5fb8fec80189731e702186e13567ea8cb1d16c707b06446f9ab1e705c76291dc/formal/w30/ga_aco/seed_60,5fb8fec80189731e702186e13567ea8cb1d16c707b06446f9ab1e705c76291dc:2fab0e3e566477294710c7f5296eae3f19fffdaf771928347daa371758bb2a62:ga_aco:60:689e48d70f2b08b9eea38d227e73b9866f759ca9a1b291d8f43d679da7f36da2,689e48d70f2b08b9eea38d227e73b9866f759ca9a1b291d8f43d679da7f36da2,"[""D:\\pybullet_test\\.venv\\Scripts\\python.exe"", ""run_unified_experiments.py"", ""--formal"", ""--resume"", ""--instances"", ""w30"", ""--solvers"", ""ga_aco"", ""--seeds"", ""60"", ""--selected-evaluation-budget"", ""<USER_SELECTED_A_OR_B_BUDGET>"", ""--selected-timeout"", ""21600"", ""--output-root"", ""unified_experiments/formal_protocol_5fb8fec80189731e702186e13567ea8cb1d16c707b06446f9ab1e705c76291dc/formal/w30/ga_aco/seed_60""]"
20,formal__w30__ga_aco__seed_61,2fab0e3e566477294710c7f5296eae3f19fffdaf771928347daa371758bb2a62,ga_aco,61,11000,16000,,21600,21600,5fb8fec80189731e702186e13567ea8cb1d16c707b06446f9ab1e705c76291dc,e9e221a5db62c86aed76061099db5eaeb9b8c63708fbd05e33328b1811a38df4,,separate_postprocess_after_successful_raw_run,unified_experiments/formal_protocol_5fb8fec80189731e702186e13567ea8cb1d16c707b06446f9ab1e705c76291dc/formal/w30/ga_aco/seed_61,5fb8fec80189731e702186e13567ea8cb1d16c707b06446f9ab1e705c76291dc:2fab0e3e566477294710c7f5296eae3f19fffdaf771928347daa371758bb2a62:ga_aco:61:7ba1966af0e71ede348efe0714091c944520d59af433f392b0d04fbdb13c4bb0,7ba1966af0e71ede348efe0714091c944520d59af433f392b0d04fbdb13c4bb0,"[""D:\\pybullet_test\\.venv\\Scripts\\python.exe"", ""run_unified_experiments.py"", ""--formal"", ""--resume"", ""--instances"", ""w30"", ""--solvers"", ""ga_aco"", ""--seeds"", ""61"", ""--selected-evaluation-budget"", ""<USER_SELECTED_A_OR_B_BUDGET>"", ""--selected-timeout"", ""21600"", ""--output-root"", ""unified_experiments/formal_protocol_5fb8fec80189731e702186e13567ea8cb1d16c707b06446f9ab1e705c76291dc/formal/w30/ga_aco/seed_61""]"
21,formal__w30__ga_aco__seed_62,2fab0e3e566477294710c7f5296eae3f19fffdaf771928347daa371758bb2a62,ga_aco,62,11000,16000,,21600,21600,5fb8fec80189731e702186e13567ea8cb1d16c707b06446f9ab1e705c76291dc,e9e221a5db62c86aed76061099db5eaeb9b8c63708fbd05e33328b1811a38df4,,separate_postprocess_after_successful_raw_run,unified_experiments/formal_protocol_5fb8fec80189731e702186e13567ea8cb1d16c707b06446f9ab1e705c76291dc/formal/w30/ga_aco/seed_62,5fb8fec80189731e702186e13567ea8cb1d16c707b06446f9ab1e705c76291dc:2fab0e3e566477294710c7f5296eae3f19fffdaf771928347daa371758bb2a62:ga_aco:62:d3a9b04d5a62b77a83e472f94f8d3fdb05c395e244db3df5f15203420131f30d,d3a9b04d5a62b77a83e472f94f8d3fdb05c395e244db3df5f15203420131f30d,"[""D:\\pybullet_test\\.venv\\Scripts\\python.exe"", ""run_unified_experiments.py"", ""--formal"", ""--resume"", ""--instances"", ""w30"", ""--solvers"", ""ga_aco"", ""--seeds"", ""62"", ""--selected-evaluation-budget"", ""<USER_SELECTED_A_OR_B_BUDGET>"", ""--selected-timeout"", ""21600"", ""--output-root"", ""unified_experiments/formal_protocol_5fb8fec80189731e702186e13567ea8cb1d16c707b06446f9ab1e705c76291dc/formal/w30/ga_aco/seed_62""]"
22,formal__w30__ga_aco__seed_63,2fab0e3e566477294710c7f5296eae3f19fffdaf771928347daa371758bb2a62,ga_aco,63,11000,16000,,21600,21600,5fb8fec80189731e702186e13567ea8cb1d16c707b06446f9ab1e705c76291dc,e9e221a5db62c86aed76061099db5eaeb9b8c63708fbd05e33328b1811a38df4,,separate_postprocess_after_successful_raw_run,unified_experiments/formal_protocol_5fb8fec80189731e702186e13567ea8cb1d16c707b06446f9ab1e705c76291dc/formal/w30/ga_aco/seed_63,5fb8fec80189731e702186e13567ea8cb1d16c707b06446f9ab1e705c76291dc:2fab0e3e566477294710c7f5296eae3f19fffdaf771928347daa371758bb2a62:ga_aco:63:be9d112a3867c6c78f319c416d3fa4c8529e5e11fac41cb0f55e07631b645563,be9d112a3867c6c78f319c416d3fa4c8529e5e11fac41cb0f55e07631b645563,"[""D:\\pybullet_test\\.venv\\Scripts\\python.exe"", ""run_unified_experiments.py"", ""--formal"", ""--resume"", ""--instances"", ""w30"", ""--solvers"", ""ga_aco"", ""--seeds"", ""63"", ""--selected-evaluation-budget"", ""<USER_SELECTED_A_OR_B_BUDGET>"", ""--selected-timeout"", ""21600"", ""--output-root"", ""unified_experiments/formal_protocol_5fb8fec80189731e702186e13567ea8cb1d16c707b06446f9ab1e705c76291dc/formal/w30/ga_aco/seed_63""]"
23,formal__w30__ga_aco__seed_64,2fab0e3e566477294710c7f5296eae3f19fffdaf771928347daa371758bb2a62,ga_aco,64,11000,16000,,21600,21600,5fb8fec80189731e702186e13567ea8cb1d16c707b06446f9ab1e705c76291dc,e9e221a5db62c86aed76061099db5eaeb9b8c63708fbd05e33328b1811a38df4,,separate_postprocess_after_successful_raw_run,unified_experiments/formal_protocol_5fb8fec80189731e702186e13567ea8cb1d16c707b06446f9ab1e705c76291dc/formal/w30/ga_aco/seed_64,5fb8fec80189731e702186e13567ea8cb1d16c707b06446f9ab1e705c76291dc:2fab0e3e566477294710c7f5296eae3f19fffdaf771928347daa371758bb2a62:ga_aco:64:2f369fe8c2aa7626034c12ba6a322c06834f3b4e4c13ba25989437ae13076da0,2f369fe8c2aa7626034c12ba6a322c06834f3b4e4c13ba25989437ae13076da0,"[""D:\\pybullet_test\\.venv\\Scripts\\python.exe"", ""run_unified_experiments.py"", ""--formal"", ""--resume"", ""--instances"", ""w30"", ""--solvers"", ""ga_aco"", ""--seeds"", ""64"", ""--selected-evaluation-budget"", ""<USER_SELECTED_A_OR_B_BUDGET>"", ""--selected-timeout"", ""21600"", ""--output-root"", ""unified_experiments/formal_protocol_5fb8fec80189731e702186e13567ea8cb1d16c707b06446f9ab1e705c76291dc/formal/w30/ga_aco/seed_64""]"
24,formal__w30__ga_aco__seed_65,2fab0e3e566477294710c7f5296eae3f19fffdaf771928347daa371758bb2a62,ga_aco,65,11000,16000,,21600,21600,5fb8fec80189731e702186e13567ea8cb1d16c707b06446f9ab1e705c76291dc,e9e221a5db62c86aed76061099db5eaeb9b8c63708fbd05e33328b1811a38df4,,separate_postprocess_after_successful_raw_run,unified_experiments/formal_protocol_5fb8fec80189731e702186e13567ea8cb1d16c707b06446f9ab1e705c76291dc/formal/w30/ga_aco/seed_65,5fb8fec80189731e702186e13567ea8cb1d16c707b06446f9ab1e705c76291dc:2fab0e3e566477294710c7f5296eae3f19fffdaf771928347daa371758bb2a62:ga_aco:65:3948d2b93efd7b5dd44ca30ea4e580641827189c3850690a24e8415537911136,3948d2b93efd7b5dd44ca30ea4e580641827189c3850690a24e8415537911136,"[""D:\\pybullet_test\\.venv\\Scripts\\python.exe"", ""run_unified_experiments.py"", ""--formal"", ""--resume"", ""--instances"", ""w30"", ""--solvers"", ""ga_aco"", ""--seeds"", ""65"", ""--selected-evaluation-budget"", ""<USER_SELECTED_A_OR_B_BUDGET>"", ""--selected-timeout"", ""21600"", ""--output-root"", ""unified_experiments/formal_protocol_5fb8fec80189731e702186e13567ea8cb1d16c707b06446f9ab1e705c76291dc/formal/w30/ga_aco/seed_65""]"
25,formal__w30__ga_aco__seed_66,2fab0e3e566477294710c7f5296eae3f19fffdaf771928347daa371758bb2a62,ga_aco,66,11000,16000,,21600,21600,5fb8fec80189731e702186e13567ea8cb1d16c707b06446f9ab1e705c76291dc,e9e221a5db62c86aed76061099db5eaeb9b8c63708fbd05e33328b1811a38df4,,separate_postprocess_after_successful_raw_run,unified_experiments/formal_protocol_5fb8fec80189731e702186e13567ea8cb1d16c707b06446f9ab1e705c76291dc/formal/w30/ga_aco/seed_66,5fb8fec80189731e702186e13567ea8cb1d16c707b06446f9ab1e705c76291dc:2fab0e3e566477294710c7f5296eae3f19fffdaf771928347daa371758bb2a62:ga_aco:66:21f0390b50a816289243003239e4078a62b1ec76cffb963e00ce40cd8d73dee5,21f0390b50a816289243003239e4078a62b1ec76cffb963e00ce40cd8d73dee5,"[""D:\\pybullet_test\\.venv\\Scripts\\python.exe"", ""run_unified_experiments.py"", ""--formal"", ""--resume"", ""--instances"", ""w30"", ""--solvers"", ""ga_aco"", ""--seeds"", ""66"", ""--selected-evaluation-budget"", ""<USER_SELECTED_A_OR_B_BUDGET>"", ""--selected-timeout"", ""21600"", ""--output-root"", ""unified_experiments/formal_protocol_5fb8fec80189731e702186e13567ea8cb1d16c707b06446f9ab1e705c76291dc/formal/w30/ga_aco/seed_66""]"
26,formal__w30__ga_aco__seed_67,2fab0e3e566477294710c7f5296eae3f19fffdaf771928347daa371758bb2a62,ga_aco,67,11000,16000,,21600,21600,5fb8fec80189731e702186e13567ea8cb1d16c707b06446f9ab1e705c76291dc,e9e221a5db62c86aed76061099db5eaeb9b8c63708fbd05e33328b1811a38df4,,separate_postprocess_after_successful_raw_run,unified_experiments/formal_protocol_5fb8fec80189731e702186e13567ea8cb1d16c707b06446f9ab1e705c76291dc/formal/w30/ga_aco/seed_67,5fb8fec80189731e702186e13567ea8cb1d16c707b06446f9ab1e705c76291dc:2fab0e3e566477294710c7f5296eae3f19fffdaf771928347daa371758bb2a62:ga_aco:67:c8e6392152089b7e3cde76c5c2d0ed2f5603f6306f3a398d6a7367a2dd80f7b3,c8e6392152089b7e3cde76c5c2d0ed2f5603f6306f3a398d6a7367a2dd80f7b3,"[""D:\\pybullet_test\\.venv\\Scripts\\python.exe"", ""run_unified_experiments.py"", ""--formal"", ""--resume"", ""--instances"", ""w30"", ""--solvers"", ""ga_aco"", ""--seeds"", ""67"", ""--selected-evaluation-budget"", ""<USER_SELECTED_A_OR_B_BUDGET>"", ""--selected-timeout"", ""21600"", ""--output-root"", ""unified_experiments/formal_protocol_5fb8fec80189731e702186e13567ea8cb1d16c707b06446f9ab1e705c76291dc/formal/w30/ga_aco/seed_67""]"
27,formal__w30__ga_aco__seed_68,2fab0e3e566477294710c7f5296eae3f19fffdaf771928347daa371758bb2a62,ga_aco,68,11000,16000,,21600,21600,5fb8fec80189731e702186e13567ea8cb1d16c707b06446f9ab1e705c76291dc,e9e221a5db62c86aed76061099db5eaeb9b8c63708fbd05e33328b1811a38df4,,separate_postprocess_after_successful_raw_run,unified_experiments/formal_protocol_5fb8fec80189731e702186e13567ea8cb1d16c707b06446f9ab1e705c76291dc/formal/w30/ga_aco/seed_68,5fb8fec80189731e702186e13567ea8cb1d16c707b06446f9ab1e705c76291dc:2fab0e3e566477294710c7f5296eae3f19fffdaf771928347daa371758bb2a62:ga_aco:68:bdc9dc533b94eb70b4181e22071c7171a2e242c7ddc13b62a8aeadb55cf85a0f,bdc9dc533b94eb70b4181e22071c7171a2e242c7ddc13b62a8aeadb55cf85a0f,"[""D:\\pybullet_test\\.venv\\Scripts\\python.exe"", ""run_unified_experiments.py"", ""--formal"", ""--resume"", ""--instances"", ""w30"", ""--solvers"", ""ga_aco"", ""--seeds"", ""68"", ""--selected-evaluation-budget"", ""<USER_SELECTED_A_OR_B_BUDGET>"", ""--selected-timeout"", ""21600"", ""--output-root"", ""unified_experiments/formal_protocol_5fb8fec80189731e702186e13567ea8cb1d16c707b06446f9ab1e705c76291dc/formal/w30/ga_aco/seed_68""]"
28,formal__w30__ga_aco__seed_69,2fab0e3e566477294710c7f5296eae3f19fffdaf771928347daa371758bb2a62,ga_aco,69,11000,16000,,21600,21600,5fb8fec80189731e702186e13567ea8cb1d16c707b06446f9ab1e705c76291dc,e9e221a5db62c86aed76061099db5eaeb9b8c63708fbd05e33328b1811a38df4,,separate_postprocess_after_successful_raw_run,unified_experiments/formal_protocol_5fb8fec80189731e702186e13567ea8cb1d16c707b06446f9ab1e705c76291dc/formal/w30/ga_aco/seed_69,5fb8fec80189731e702186e13567ea8cb1d16c707b06446f9ab1e705c76291dc:2fab0e3e566477294710c7f5296eae3f19fffdaf771928347daa371758bb2a62:ga_aco:69:259513b92df444758ab1ee9cb56263bf01fd02cba79b04c9741f51da1e57042c,259513b92df444758ab1ee9cb56263bf01fd02cba79b04c9741f51da1e57042c,"[""D:\\pybullet_test\\.venv\\Scripts\\python.exe"", ""run_unified_experiments.py"", ""--formal"", ""--resume"", ""--instances"", ""w30"", ""--solvers"", ""ga_aco"", ""--seeds"", ""69"", ""--selected-evaluation-budget"", ""<USER_SELECTED_A_OR_B_BUDGET>"", ""--selected-timeout"", ""21600"", ""--output-root"", ""unified_experiments/formal_protocol_5fb8fec80189731e702186e13567ea8cb1d16c707b06446f9ab1e705c76291dc/formal/w30/ga_aco/seed_69""]"
29,formal__w30__ga_aco__seed_70,2fab0e3e566477294710c7f5296eae3f19fffdaf771928347daa371758bb2a62,ga_aco,70,11000,16000,,21600,21600,5fb8fec80189731e702186e13567ea8cb1d16c707b06446f9ab1e705c76291dc,e9e221a5db62c86aed76061099db5eaeb9b8c63708fbd05e33328b1811a38df4,,separate_postprocess_after_successful_raw_run,unified_experiments/formal_protocol_5fb8fec80189731e702186e13567ea8cb1d16c707b06446f9ab1e705c76291dc/formal/w30/ga_aco/seed_70,5fb8fec80189731e702186e13567ea8cb1d16c707b06446f9ab1e705c76291dc:2fab0e3e566477294710c7f5296eae3f19fffdaf771928347daa371758bb2a62:ga_aco:70:dcb9ce9e575251532241cfaa55446b6785f699ecd36cd846da6741e79a0d39fb,dcb9ce9e575251532241cfaa55446b6785f699ecd36cd846da6741e79a0d39fb,"[""D:\\pybullet_test\\.venv\\Scripts\\python.exe"", ""run_unified_experiments.py"", ""--formal"", ""--resume"", ""--instances"", ""w30"", ""--solvers"", ""ga_aco"", ""--seeds"", ""70"", ""--selected-evaluation-budget"", ""<USER_SELECTED_A_OR_B_BUDGET>"", ""--selected-timeout"", ""21600"", ""--output-root"", ""unified_experiments/formal_protocol_5fb8fec80189731e702186e13567ea8cb1d16c707b06446f9ab1e705c76291dc/formal/w30/ga_aco/seed_70""]"
30,formal__w30__ga_aco__seed_71,2fab0e3e566477294710c7f5296eae3f19fffdaf771928347daa371758bb2a62,ga_aco,71,11000,16000,,21600,21600,5fb8fec80189731e702186e13567ea8cb1d16c707b06446f9ab1e705c76291dc,e9e221a5db62c86aed76061099db5eaeb9b8c63708fbd05e33328b1811a38df4,,separate_postprocess_after_successful_raw_run,unified_experiments/formal_protocol_5fb8fec80189731e702186e13567ea8cb1d16c707b06446f9ab1e705c76291dc/formal/w30/ga_aco/seed_71,5fb8fec80189731e702186e13567ea8cb1d16c707b06446f9ab1e705c76291dc:2fab0e3e566477294710c7f5296eae3f19fffdaf771928347daa371758bb2a62:ga_aco:71:0e096adc32b436cf4044a0d6c46ceeee1b513a837ea6da28b1431432f4dc6fa5,0e096adc32b436cf4044a0d6c46ceeee1b513a837ea6da28b1431432f4dc6fa5,"[""D:\\pybullet_test\\.venv\\Scripts\\python.exe"", ""run_unified_experiments.py"", ""--formal"", ""--resume"", ""--instances"", ""w30"", ""--solvers"", ""ga_aco"", ""--seeds"", ""71"", ""--selected-evaluation-budget"", ""<USER_SELECTED_A_OR_B_BUDGET>"", ""--selected-timeout"", ""21600"", ""--output-root"", ""unified_experiments/formal_protocol_5fb8fec80189731e702186e13567ea8cb1d16c707b06446f9ab1e705c76291dc/formal/w30/ga_aco/seed_71""]"
31,formal__w30__paper_aligned_hga__seed_42,2fab0e3e566477294710c7f5296eae3f19fffdaf771928347daa371758bb2a62,paper_aligned_hga,42,11000,16000,,21600,21600,5fb8fec80189731e702186e13567ea8cb1d16c707b06446f9ab1e705c76291dc,e9e221a5db62c86aed76061099db5eaeb9b8c63708fbd05e33328b1811a38df4,,separate_postprocess_after_successful_raw_run,unified_experiments/formal_protocol_5fb8fec80189731e702186e13567ea8cb1d16c707b06446f9ab1e705c76291dc/formal/w30/paper_aligned_hga/seed_42,5fb8fec80189731e702186e13567ea8cb1d16c707b06446f9ab1e705c76291dc:2fab0e3e566477294710c7f5296eae3f19fffdaf771928347daa371758bb2a62:paper_aligned_hga:42:64662643e5b3715f40dd73751311be1d4c5a6d078335311870c9c9c2427cafba,64662643e5b3715f40dd73751311be1d4c5a6d078335311870c9c9c2427cafba,"[""D:\\pybullet_test\\.venv\\Scripts\\python.exe"", ""run_unified_experiments.py"", ""--formal"", ""--resume"", ""--instances"", ""w30"", ""--solvers"", ""paper_aligned_hga"", ""--seeds"", ""42"", ""--selected-evaluation-budget"", ""<USER_SELECTED_A_OR_B_BUDGET>"", ""--selected-timeout"", ""21600"", ""--output-root"", ""unified_experiments/formal_protocol_5fb8fec80189731e702186e13567ea8cb1d16c707b06446f9ab1e705c76291dc/formal/w30/paper_aligned_hga/seed_42""]"
32,formal__w30__paper_aligned_hga__seed_43,2fab0e3e566477294710c7f5296eae3f19fffdaf771928347daa371758bb2a62,paper_aligned_hga,43,11000,16000,,21600,21600,5fb8fec80189731e702186e13567ea8cb1d16c707b06446f9ab1e705c76291dc,e9e221a5db62c86aed76061099db5eaeb9b8c63708fbd05e33328b1811a38df4,,separate_postprocess_after_successful_raw_run,unified_experiments/formal_protocol_5fb8fec80189731e702186e13567ea8cb1d16c707b06446f9ab1e705c76291dc/formal/w30/paper_aligned_hga/seed_43,5fb8fec80189731e702186e13567ea8cb1d16c707b06446f9ab1e705c76291dc:2fab0e3e566477294710c7f5296eae3f19fffdaf771928347daa371758bb2a62:paper_aligned_hga:43:6e8998f5badc61aa949fc38b62c75fffe866e644ff6bc9d42a1fd5f2a29895b8,6e8998f5badc61aa949fc38b62c75fffe866e644ff6bc9d42a1fd5f2a29895b8,"[""D:\\pybullet_test\\.venv\\Scripts\\python.exe"", ""run_unified_experiments.py"", ""--formal"", ""--resume"", ""--instances"", ""w30"", ""--solvers"", ""paper_aligned_hga"", ""--seeds"", ""43"", ""--selected-evaluation-budget"", ""<USER_SELECTED_A_OR_B_BUDGET>"", ""--selected-timeout"", ""21600"", ""--output-root"", ""unified_experiments/formal_protocol_5fb8fec80189731e702186e13567ea8cb1d16c707b06446f9ab1e705c76291dc/formal/w30/paper_aligned_hga/seed_43""]"
33,formal__w30__paper_aligned_hga__seed_44,2fab0e3e566477294710c7f5296eae3f19fffdaf771928347daa371758bb2a62,paper_aligned_hga,44,11000,16000,,21600,21600,5fb8fec80189731e702186e13567ea8cb1d16c707b06446f9ab1e705c76291dc,e9e221a5db62c86aed76061099db5eaeb9b8c63708fbd05e33328b1811a38df4,,separate_postprocess_after_successful_raw_run,unified_experiments/formal_protocol_5fb8fec80189731e702186e13567ea8cb1d16c707b06446f9ab1e705c76291dc/formal/w30/paper_aligned_hga/seed_44,5fb8fec80189731e702186e13567ea8cb1d16c707b06446f9ab1e705c76291dc:2fab0e3e566477294710c7f5296eae3f19fffdaf771928347daa371758bb2a62:paper_aligned_hga:44:bce73b896cddb6d1dcbaca96aee741cbfa24e5258884881cc2ee5b14c3bd0c57,bce73b896cddb6d1dcbaca96aee741cbfa24e5258884881cc2ee5b14c3bd0c57,"[""D:\\pybullet_test\\.venv\\Scripts\\python.exe"", ""run_unified_experiments.py"", ""--formal"", ""--resume"", ""--instances"", ""w30"", ""--solvers"", ""paper_aligned_hga"", ""--seeds"", ""44"", ""--selected-evaluation-budget"", ""<USER_SELECTED_A_OR_B_BUDGET>"", ""--selected-timeout"", ""21600"", ""--output-root"", ""unified_experiments/formal_protocol_5fb8fec80189731e702186e13567ea8cb1d16c707b06446f9ab1e705c76291dc/formal/w30/paper_aligned_hga/seed_44""]"
34,formal__w30__paper_aligned_hga__seed_45,2fab0e3e566477294710c7f5296eae3f19fffdaf771928347daa371758bb2a62,paper_aligned_hga,45,11000,16000,,21600,21600,5fb8fec80189731e702186e13567ea8cb1d16c707b06446f9ab1e705c76291dc,e9e221a5db62c86aed76061099db5eaeb9b8c63708fbd05e33328b1811a38df4,,separate_postprocess_after_successful_raw_run,unified_experiments/formal_protocol_5fb8fec80189731e702186e13567ea8cb1d16c707b06446f9ab1e705c76291dc/formal/w30/paper_aligned_hga/seed_45,5fb8fec80189731e702186e13567ea8cb1d16c707b06446f9ab1e705c76291dc:2fab0e3e566477294710c7f5296eae3f19fffdaf771928347daa371758bb2a62:paper_aligned_hga:45:2ec71c2be4324517cb4962663abf4dc6bb27084611213a26cd04915f66322211,2ec71c2be4324517cb4962663abf4dc6bb27084611213a26cd04915f66322211,"[""D:\\pybullet_test\\.venv\\Scripts\\python.exe"", ""run_unified_experiments.py"", ""--formal"", ""--resume"", ""--instances"", ""w30"", ""--solvers"", ""paper_aligned_hga"", ""--seeds"", ""45"", ""--selected-evaluation-budget"", ""<USER_SELECTED_A_OR_B_BUDGET>"", ""--selected-timeout"", ""21600"", ""--output-root"", ""unified_experiments/formal_protocol_5fb8fec80189731e702186e13567ea8cb1d16c707b06446f9ab1e705c76291dc/formal/w30/paper_aligned_hga/seed_45""]"
35,formal__w30__paper_aligned_hga__seed_46,2fab0e3e566477294710c7f5296eae3f19fffdaf771928347daa371758bb2a62,paper_aligned_hga,46,11000,16000,,21600,21600,5fb8fec80189731e702186e13567ea8cb1d16c707b06446f9ab1e705c76291dc,e9e221a5db62c86aed76061099db5eaeb9b8c63708fbd05e33328b1811a38df4,,separate_postprocess_after_successful_raw_run,unified_experiments/formal_protocol_5fb8fec80189731e702186e13567ea8cb1d16c707b06446f9ab1e705c76291dc/formal/w30/paper_aligned_hga/seed_46,5fb8fec80189731e702186e13567ea8cb1d16c707b06446f9ab1e705c76291dc:2fab0e3e566477294710c7f5296eae3f19fffdaf771928347daa371758bb2a62:paper_aligned_hga:46:54a2d0a3837abcf2666b1d7734ab800d05b1cf692d9f8005346931d187c4304b,54a2d0a3837abcf2666b1d7734ab800d05b1cf692d9f8005346931d187c4304b,"[""D:\\pybullet_test\\.venv\\Scripts\\python.exe"", ""run_unified_experiments.py"", ""--formal"", ""--resume"", ""--instances"", ""w30"", ""--solvers"", ""paper_aligned_hga"", ""--seeds"", ""46"", ""--selected-evaluation-budget"", ""<USER_SELECTED_A_OR_B_BUDGET>"", ""--selected-timeout"", ""21600"", ""--output-root"", ""unified_experiments/formal_protocol_5fb8fec80189731e702186e13567ea8cb1d16c707b06446f9ab1e705c76291dc/formal/w30/paper_aligned_hga/seed_46""]"
36,formal__w30__paper_aligned_hga__seed_47,2fab0e3e566477294710c7f5296eae3f19fffdaf771928347daa371758bb2a62,paper_aligned_hga,47,11000,16000,,21600,21600,5fb8fec80189731e702186e13567ea8cb1d16c707b06446f9ab1e705c76291dc,e9e221a5db62c86aed76061099db5eaeb9b8c63708fbd05e33328b1811a38df4,,separate_postprocess_after_successful_raw_run,unified_experiments/formal_protocol_5fb8fec80189731e702186e13567ea8cb1d16c707b06446f9ab1e705c76291dc/formal/w30/paper_aligned_hga/seed_47,5fb8fec80189731e702186e13567ea8cb1d16c707b06446f9ab1e705c76291dc:2fab0e3e566477294710c7f5296eae3f19fffdaf771928347daa371758bb2a62:paper_aligned_hga:47:16cfd7feaaa7003438e382449459898b47b65beabcd47a7b036ea5463375b2f7,16cfd7feaaa7003438e382449459898b47b65beabcd47a7b036ea5463375b2f7,"[""D:\\pybullet_test\\.venv\\Scripts\\python.exe"", ""run_unified_experiments.py"", ""--formal"", ""--resume"", ""--instances"", ""w30"", ""--solvers"", ""paper_aligned_hga"", ""--seeds"", ""47"", ""--selected-evaluation-budget"", ""<USER_SELECTED_A_OR_B_BUDGET>"", ""--selected-timeout"", ""21600"", ""--output-root"", ""unified_experiments/formal_protocol_5fb8fec80189731e702186e13567ea8cb1d16c707b06446f9ab1e705c76291dc/formal/w30/paper_aligned_hga/seed_47""]"
37,formal__w30__paper_aligned_hga__seed_48,2fab0e3e566477294710c7f5296eae3f19fffdaf771928347daa371758bb2a62,paper_aligned_hga,48,11000,16000,,21600,21600,5fb8fec80189731e702186e13567ea8cb1d16c707b06446f9ab1e705c76291dc,e9e221a5db62c86aed76061099db5eaeb9b8c63708fbd05e33328b1811a38df4,,separate_postprocess_after_successful_raw_run,unified_experiments/formal_protocol_5fb8fec80189731e702186e13567ea8cb1d16c707b06446f9ab1e705c76291dc/formal/w30/paper_aligned_hga/seed_48,5fb8fec80189731e702186e13567ea8cb1d16c707b06446f9ab1e705c76291dc:2fab0e3e566477294710c7f5296eae3f19fffdaf771928347daa371758bb2a62:paper_aligned_hga:48:59f0418a5a7d2c578ce59888d7f68f2bc4a7249d42f891ba94ed3d9dcf4517b1,59f0418a5a7d2c578ce59888d7f68f2bc4a7249d42f891ba94ed3d9dcf4517b1,"[""D:\\pybullet_test\\.venv\\Scripts\\python.exe"", ""run_unified_experiments.py"", ""--formal"", ""--resume"", ""--instances"", ""w30"", ""--solvers"", ""paper_aligned_hga"", ""--seeds"", ""48"", ""--selected-evaluation-budget"", ""<USER_SELECTED_A_OR_B_BUDGET>"", ""--selected-timeout"", ""21600"", ""--output-root"", ""unified_experiments/formal_protocol_5fb8fec80189731e702186e13567ea8cb1d16c707b06446f9ab1e705c76291dc/formal/w30/paper_aligned_hga/seed_48""]"
38,formal__w30__paper_aligned_hga__seed_49,2fab0e3e566477294710c7f5296eae3f19fffdaf771928347daa371758bb2a62,paper_aligned_hga,49,11000,16000,,21600,21600,5fb8fec80189731e702186e13567ea8cb1d16c707b06446f9ab1e705c76291dc,e9e221a5db62c86aed76061099db5eaeb9b8c63708fbd05e33328b1811a38df4,,separate_postprocess_after_successful_raw_run,unified_experiments/formal_protocol_5fb8fec80189731e702186e13567ea8cb1d16c707b06446f9ab1e705c76291dc/formal/w30/paper_aligned_hga/seed_49,5fb8fec80189731e702186e13567ea8cb1d16c707b06446f9ab1e705c76291dc:2fab0e3e566477294710c7f5296eae3f19fffdaf771928347daa371758bb2a62:paper_aligned_hga:49:765d6709b0c7d42cdb3c0ee22ddf24d8b25f4612e7175f566581dda68d2f1107,765d6709b0c7d42cdb3c0ee22ddf24d8b25f4612e7175f566581dda68d2f1107,"[""D:\\pybullet_test\\.venv\\Scripts\\python.exe"", ""run_unified_experiments.py"", ""--formal"", ""--resume"", ""--instances"", ""w30"", ""--solvers"", ""paper_aligned_hga"", ""--seeds"", ""49"", ""--selected-evaluation-budget"", ""<USER_SELECTED_A_OR_B_BUDGET>"", ""--selected-timeout"", ""21600"", ""--output-root"", ""unified_experiments/formal_protocol_5fb8fec80189731e702186e13567ea8cb1d16c707b06446f9ab1e705c76291dc/formal/w30/paper_aligned_hga/seed_49""]"
39,formal__w30__paper_aligned_hga__seed_50,2fab0e3e566477294710c7f5296eae3f19fffdaf771928347daa371758bb2a62,paper_aligned_hga,50,11000,16000,,21600,21600,5fb8fec80189731e702186e13567ea8cb1d16c707b06446f9ab1e705c76291dc,e9e221a5db62c86aed76061099db5eaeb9b8c63708fbd05e33328b1811a38df4,,separate_postprocess_after_successful_raw_run,unified_experiments/formal_protocol_5fb8fec80189731e702186e13567ea8cb1d16c707b06446f9ab1e705c76291dc/formal/w30/paper_aligned_hga/seed_50,5fb8fec80189731e702186e13567ea8cb1d16c707b06446f9ab1e705c76291dc:2fab0e3e566477294710c7f5296eae3f19fffdaf771928347daa371758bb2a62:paper_aligned_hga:50:287cfa69d3c8ca24451a3c0010af66bdf7a26d1df2aff4eaa7864aa6d5a3f87a,287cfa69d3c8ca24451a3c0010af66bdf7a26d1df2aff4eaa7864aa6d5a3f87a,"[""D:\\pybullet_test\\.venv\\Scripts\\python.exe"", ""run_unified_experiments.py"", ""--formal"", ""--resume"", ""--instances"", ""w30"", ""--solvers"", ""paper_aligned_hga"", ""--seeds"", ""50"", ""--selected-evaluation-budget"", ""<USER_SELECTED_A_OR_B_BUDGET>"", ""--selected-timeout"", ""21600"", ""--output-root"", ""unified_experiments/formal_protocol_5fb8fec80189731e702186e13567ea8cb1d16c707b06446f9ab1e705c76291dc/formal/w30/paper_aligned_hga/seed_50""]"
40,formal__w30__paper_aligned_hga__seed_51,2fab0e3e566477294710c7f5296eae3f19fffdaf771928347daa371758bb2a62,paper_aligned_hga,51,11000,16000,,21600,21600,5fb8fec80189731e702186e13567ea8cb1d16c707b06446f9ab1e705c76291dc,e9e221a5db62c86aed76061099db5eaeb9b8c63708fbd05e33328b1811a38df4,,separate_postprocess_after_successful_raw_run,unified_experiments/formal_protocol_5fb8fec80189731e702186e13567ea8cb1d16c707b06446f9ab1e705c76291dc/formal/w30/paper_aligned_hga/seed_51,5fb8fec80189731e702186e13567ea8cb1d16c707b06446f9ab1e705c76291dc:2fab0e3e566477294710c7f5296eae3f19fffdaf771928347daa371758bb2a62:paper_aligned_hga:51:541e20d87ada19ea3143e8c6bfd194bef6e69d23847a1a3213f24be5c399060c,541e20d87ada19ea3143e8c6bfd194bef6e69d23847a1a3213f24be5c399060c,"[""D:\\pybullet_test\\.venv\\Scripts\\python.exe"", ""run_unified_experiments.py"", ""--formal"", ""--resume"", ""--instances"", ""w30"", ""--solvers"", ""paper_aligned_hga"", ""--seeds"", ""51"", ""--selected-evaluation-budget"", ""<USER_SELECTED_A_OR_B_BUDGET>"", ""--selected-timeout"", ""21600"", ""--output-root"", ""unified_experiments/formal_protocol_5fb8fec80189731e702186e13567ea8cb1d16c707b06446f9ab1e705c76291dc/formal/w30/paper_aligned_hga/seed_51""]"
41,formal__w30__paper_aligned_hga__seed_52,2fab0e3e566477294710c7f5296eae3f19fffdaf771928347daa371758bb2a62,paper_aligned_hga,52,11000,16000,,21600,21600,5fb8fec80189731e702186e13567ea8cb1d16c707b06446f9ab1e705c76291dc,e9e221a5db62c86aed76061099db5eaeb9b8c63708fbd05e33328b1811a38df4,,separate_postprocess_after_successful_raw_run,unified_experiments/formal_protocol_5fb8fec80189731e702186e13567ea8cb1d16c707b06446f9ab1e705c76291dc/formal/w30/paper_aligned_hga/seed_52,5fb8fec80189731e702186e13567ea8cb1d16c707b06446f9ab1e705c76291dc:2fab0e3e566477294710c7f5296eae3f19fffdaf771928347daa371758bb2a62:paper_aligned_hga:52:6f270ebf365abcdc12fbb4615c9d6c5cccb4702129cd71cdd8a3207420a553f2,6f270ebf365abcdc12fbb4615c9d6c5cccb4702129cd71cdd8a3207420a553f2,"[""D:\\pybullet_test\\.venv\\Scripts\\python.exe"", ""run_unified_experiments.py"", ""--formal"", ""--resume"", ""--instances"", ""w30"", ""--solvers"", ""paper_aligned_hga"", ""--seeds"", ""52"", ""--selected-evaluation-budget"", ""<USER_SELECTED_A_OR_B_BUDGET>"", ""--selected-timeout"", ""21600"", ""--output-root"", ""unified_experiments/formal_protocol_5fb8fec80189731e702186e13567ea8cb1d16c707b06446f9ab1e705c76291dc/formal/w30/paper_aligned_hga/seed_52""]"
42,formal__w30__paper_aligned_hga__seed_53,2fab0e3e566477294710c7f5296eae3f19fffdaf771928347daa371758bb2a62,paper_aligned_hga,53,11000,16000,,21600,21600,5fb8fec80189731e702186e13567ea8cb1d16c707b06446f9ab1e705c76291dc,e9e221a5db62c86aed76061099db5eaeb9b8c63708fbd05e33328b1811a38df4,,separate_postprocess_after_successful_raw_run,unified_experiments/formal_protocol_5fb8fec80189731e702186e13567ea8cb1d16c707b06446f9ab1e705c76291dc/formal/w30/paper_aligned_hga/seed_53,5fb8fec80189731e702186e13567ea8cb1d16c707b06446f9ab1e705c76291dc:2fab0e3e566477294710c7f5296eae3f19fffdaf771928347daa371758bb2a62:paper_aligned_hga:53:8d0b648e6dfda853a7b32f5c8c4d17fa946f85519d3a3794257a19d422eab910,8d0b648e6dfda853a7b32f5c8c4d17fa946f85519d3a3794257a19d422eab910,"[""D:\\pybullet_test\\.venv\\Scripts\\python.exe"", ""run_unified_experiments.py"", ""--formal"", ""--resume"", ""--instances"", ""w30"", ""--solvers"", ""paper_aligned_hga"", ""--seeds"", ""53"", ""--selected-evaluation-budget"", ""<USER_SELECTED_A_OR_B_BUDGET>"", ""--selected-timeout"", ""21600"", ""--output-root"", ""unified_experiments/formal_protocol_5fb8fec80189731e702186e13567ea8cb1d16c707b06446f9ab1e705c76291dc/formal/w30/paper_aligned_hga/seed_53""]"
43,formal__w30__paper_aligned_hga__seed_54,2fab0e3e566477294710c7f5296eae3f19fffdaf771928347daa371758bb2a62,paper_aligned_hga,54,11000,16000,,21600,21600,5fb8fec80189731e702186e13567ea8cb1d16c707b06446f9ab1e705c76291dc,e9e221a5db62c86aed76061099db5eaeb9b8c63708fbd05e33328b1811a38df4,,separate_postprocess_after_successful_raw_run,unified_experiments/formal_protocol_5fb8fec80189731e702186e13567ea8cb1d16c707b06446f9ab1e705c76291dc/formal/w30/paper_aligned_hga/seed_54,5fb8fec80189731e702186e13567ea8cb1d16c707b06446f9ab1e705c76291dc:2fab0e3e566477294710c7f5296eae3f19fffdaf771928347daa371758bb2a62:paper_aligned_hga:54:7419b5b5cee357751f6bc2bb430ae680668c024f236205f3191a9a87f26dae1f,7419b5b5cee357751f6bc2bb430ae680668c024f236205f3191a9a87f26dae1f,"[""D:\\pybullet_test\\.venv\\Scripts\\python.exe"", ""run_unified_experiments.py"", ""--formal"", ""--resume"", ""--instances"", ""w30"", ""--solvers"", ""paper_aligned_hga"", ""--seeds"", ""54"", ""--selected-evaluation-budget"", ""<USER_SELECTED_A_OR_B_BUDGET>"", ""--selected-timeout"", ""21600"", ""--output-root"", ""unified_experiments/formal_protocol_5fb8fec80189731e702186e13567ea8cb1d16c707b06446f9ab1e705c76291dc/formal/w30/paper_aligned_hga/seed_54""]"
44,formal__w30__paper_aligned_hga__seed_55,2fab0e3e566477294710c7f5296eae3f19fffdaf771928347daa371758bb2a62,paper_aligned_hga,55,11000,16000,,21600,21600,5fb8fec80189731e702186e13567ea8cb1d16c707b06446f9ab1e705c76291dc,e9e221a5db62c86aed76061099db5eaeb9b8c63708fbd05e33328b1811a38df4,,separate_postprocess_after_successful_raw_run,unified_experiments/formal_protocol_5fb8fec80189731e702186e13567ea8cb1d16c707b06446f9ab1e705c76291dc/formal/w30/paper_aligned_hga/seed_55,5fb8fec80189731e702186e13567ea8cb1d16c707b06446f9ab1e705c76291dc:2fab0e3e566477294710c7f5296eae3f19fffdaf771928347daa371758bb2a62:paper_aligned_hga:55:e9d156e69dbc53a600986f5d3cb506bf82a97ba2616e29713886c3cce94082ef,e9d156e69dbc53a600986f5d3cb506bf82a97ba2616e29713886c3cce94082ef,"[""D:\\pybullet_test\\.venv\\Scripts\\python.exe"", ""run_unified_experiments.py"", ""--formal"", ""--resume"", ""--instances"", ""w30"", ""--solvers"", ""paper_aligned_hga"", ""--seeds"", ""55"", ""--selected-evaluation-budget"", ""<USER_SELECTED_A_OR_B_BUDGET>"", ""--selected-timeout"", ""21600"", ""--output-root"", ""unified_experiments/formal_protocol_5fb8fec80189731e702186e13567ea8cb1d16c707b06446f9ab1e705c76291dc/formal/w30/paper_aligned_hga/seed_55""]"
45,formal__w30__paper_aligned_hga__seed_56,2fab0e3e566477294710c7f5296eae3f19fffdaf771928347daa371758bb2a62,paper_aligned_hga,56,11000,16000,,21600,21600,5fb8fec80189731e702186e13567ea8cb1d16c707b06446f9ab1e705c76291dc,e9e221a5db62c86aed76061099db5eaeb9b8c63708fbd05e33328b1811a38df4,,separate_postprocess_after_successful_raw_run,unified_experiments/formal_protocol_5fb8fec80189731e702186e13567ea8cb1d16c707b06446f9ab1e705c76291dc/formal/w30/paper_aligned_hga/seed_56,5fb8fec80189731e702186e13567ea8cb1d16c707b06446f9ab1e705c76291dc:2fab0e3e566477294710c7f5296eae3f19fffdaf771928347daa371758bb2a62:paper_aligned_hga:56:0f77ed6aec94144dcdd17e824e5b1f2b7ca4b04b528e8b7ab0db7e193a4fdefa,0f77ed6aec94144dcdd17e824e5b1f2b7ca4b04b528e8b7ab0db7e193a4fdefa,"[""D:\\pybullet_test\\.venv\\Scripts\\python.exe"", ""run_unified_experiments.py"", ""--formal"", ""--resume"", ""--instances"", ""w30"", ""--solvers"", ""paper_aligned_hga"", ""--seeds"", ""56"", ""--selected-evaluation-budget"", ""<USER_SELECTED_A_OR_B_BUDGET>"", ""--selected-timeout"", ""21600"", ""--output-root"", ""unified_experiments/formal_protocol_5fb8fec80189731e702186e13567ea8cb1d16c707b06446f9ab1e705c76291dc/formal/w30/paper_aligned_hga/seed_56""]"
46,formal__w30__paper_aligned_hga__seed_57,2fab0e3e566477294710c7f5296eae3f19fffdaf771928347daa371758bb2a62,paper_aligned_hga,57,11000,16000,,21600,21600,5fb8fec80189731e702186e13567ea8cb1d16c707b06446f9ab1e705c76291dc,e9e221a5db62c86aed76061099db5eaeb9b8c63708fbd05e33328b1811a38df4,,separate_postprocess_after_successful_raw_run,unified_experiments/formal_protocol_5fb8fec80189731e702186e13567ea8cb1d16c707b06446f9ab1e705c76291dc/formal/w30/paper_aligned_hga/seed_57,5fb8fec80189731e702186e13567ea8cb1d16c707b06446f9ab1e705c76291dc:2fab0e3e566477294710c7f5296eae3f19fffdaf771928347daa371758bb2a62:paper_aligned_hga:57:401a2f660f5d855d62b50d880e718a36b2622115e272d313121bce873ce7b44b,401a2f660f5d855d62b50d880e718a36b2622115e272d313121bce873ce7b44b,"[""D:\\pybullet_test\\.venv\\Scripts\\python.exe"", ""run_unified_experiments.py"", ""--formal"", ""--resume"", ""--instances"", ""w30"", ""--solvers"", ""paper_aligned_hga"", ""--seeds"", ""57"", ""--selected-evaluation-budget"", ""<USER_SELECTED_A_OR_B_BUDGET>"", ""--selected-timeout"", ""21600"", ""--output-root"", ""unified_experiments/formal_protocol_5fb8fec80189731e702186e13567ea8cb1d16c707b06446f9ab1e705c76291dc/formal/w30/paper_aligned_hga/seed_57""]"
47,formal__w30__paper_aligned_hga__seed_58,2fab0e3e566477294710c7f5296eae3f19fffdaf771928347daa371758bb2a62,paper_aligned_hga,58,11000,16000,,21600,21600,5fb8fec80189731e702186e13567ea8cb1d16c707b06446f9ab1e705c76291dc,e9e221a5db62c86aed76061099db5eaeb9b8c63708fbd05e33328b1811a38df4,,separate_postprocess_after_successful_raw_run,unified_experiments/formal_protocol_5fb8fec80189731e702186e13567ea8cb1d16c707b06446f9ab1e705c76291dc/formal/w30/paper_aligned_hga/seed_58,5fb8fec80189731e702186e13567ea8cb1d16c707b06446f9ab1e705c76291dc:2fab0e3e566477294710c7f5296eae3f19fffdaf771928347daa371758bb2a62:paper_aligned_hga:58:3f5025d3753ed2716e3e9c9f8a6793239025f48378d8d8a032c7c6b840f3510b,3f5025d3753ed2716e3e9c9f8a6793239025f48378d8d8a032c7c6b840f3510b,"[""D:\\pybullet_test\\.venv\\Scripts\\python.exe"", ""run_unified_experiments.py"", ""--formal"", ""--resume"", ""--instances"", ""w30"", ""--solvers"", ""paper_aligned_hga"", ""--seeds"", ""58"", ""--selected-evaluation-budget"", ""<USER_SELECTED_A_OR_B_BUDGET>"", ""--selected-timeout"", ""21600"", ""--output-root"", ""unified_experiments/formal_protocol_5fb8fec80189731e702186e13567ea8cb1d16c707b06446f9ab1e705c76291dc/formal/w30/paper_aligned_hga/seed_58""]"
48,formal__w30__paper_aligned_hga__seed_59,2fab0e3e566477294710c7f5296eae3f19fffdaf771928347daa371758bb2a62,paper_aligned_hga,59,11000,16000,,21600,21600,5fb8fec80189731e702186e13567ea8cb1d16c707b06446f9ab1e705c76291dc,e9e221a5db62c86aed76061099db5eaeb9b8c63708fbd05e33328b1811a38df4,,separate_postprocess_after_successful_raw_run,unified_experiments/formal_protocol_5fb8fec80189731e702186e13567ea8cb1d16c707b06446f9ab1e705c76291dc/formal/w30/paper_aligned_hga/seed_59,5fb8fec80189731e702186e13567ea8cb1d16c707b06446f9ab1e705c76291dc:2fab0e3e566477294710c7f5296eae3f19fffdaf771928347daa371758bb2a62:paper_aligned_hga:59:61d28e0c48b8d60a4c15cf2b0aacc24c637df97a6f0517283ff01b6801846dc7,61d28e0c48b8d60a4c15cf2b0aacc24c637df97a6f0517283ff01b6801846dc7,"[""D:\\pybullet_test\\.venv\\Scripts\\python.exe"", ""run_unified_experiments.py"", ""--formal"", ""--resume"", ""--instances"", ""w30"", ""--solvers"", ""paper_aligned_hga"", ""--seeds"", ""59"", ""--selected-evaluation-budget"", ""<USER_SELECTED_A_OR_B_BUDGET>"", ""--selected-timeout"", ""21600"", ""--output-root"", ""unified_experiments/formal_protocol_5fb8fec80189731e702186e13567ea8cb1d16c707b06446f9ab1e705c76291dc/formal/w30/paper_aligned_hga/seed_59""]"
49,formal__w30__paper_aligned_hga__seed_60,2fab0e3e566477294710c7f5296eae3f19fffdaf771928347daa371758bb2a62,paper_aligned_hga,60,11000,16000,,21600,21600,5fb8fec80189731e702186e13567ea8cb1d16c707b06446f9ab1e705c76291dc,e9e221a5db62c86aed76061099db5eaeb9b8c63708fbd05e33328b1811a38df4,,separate_postprocess_after_successful_raw_run,unified_experiments/formal_protocol_5fb8fec80189731e702186e13567ea8cb1d16c707b06446f9ab1e705c76291dc/formal/w30/paper_aligned_hga/seed_60,5fb8fec80189731e702186e13567ea8cb1d16c707b06446f9ab1e705c76291dc:2fab0e3e566477294710c7f5296eae3f19fffdaf771928347daa371758bb2a62:paper_aligned_hga:60:b7e52c5daa3c415b762089bccaead4efe839e5a08c4a4a63862d26495afd3475,b7e52c5daa3c415b762089bccaead4efe839e5a08c4a4a63862d26495afd3475,"[""D:\\pybullet_test\\.venv\\Scripts\\python.exe"", ""run_unified_experiments.py"", ""--formal"", ""--resume"", ""--instances"", ""w30"", ""--solvers"", ""paper_aligned_hga"", ""--seeds"", ""60"", ""--selected-evaluation-budget"", ""<USER_SELECTED_A_OR_B_BUDGET>"", ""--selected-timeout"", ""21600"", ""--output-root"", ""unified_experiments/formal_protocol_5fb8fec80189731e702186e13567ea8cb1d16c707b06446f9ab1e705c76291dc/formal/w30/paper_aligned_hga/seed_60""]"
50,formal__w30__paper_aligned_hga__seed_61,2fab0e3e566477294710c7f5296eae3f19fffdaf771928347daa371758bb2a62,paper_aligned_hga,61,11000,16000,,21600,21600,5fb8fec80189731e702186e13567ea8cb1d16c707b06446f9ab1e705c76291dc,e9e221a5db62c86aed76061099db5eaeb9b8c63708fbd05e33328b1811a38df4,,separate_postprocess_after_successful_raw_run,unified_experiments/formal_protocol_5fb8fec80189731e702186e13567ea8cb1d16c707b06446f9ab1e705c76291dc/formal/w30/paper_aligned_hga/seed_61,5fb8fec80189731e702186e13567ea8cb1d16c707b06446f9ab1e705c76291dc:2fab0e3e566477294710c7f5296eae3f19fffdaf771928347daa371758bb2a62:paper_aligned_hga:61:01122811d763e64b314769feb85d89701b6d76de9ef2e8ac9d8a01e6748c40da,01122811d763e64b314769feb85d89701b6d76de9ef2e8ac9d8a01e6748c40da,"[""D:\\pybullet_test\\.venv\\Scripts\\python.exe"", ""run_unified_experiments.py"", ""--formal"", ""--resume"", ""--instances"", ""w30"", ""--solvers"", ""paper_aligned_hga"", ""--seeds"", ""61"", ""--selected-evaluation-budget"", ""<USER_SELECTED_A_OR_B_BUDGET>"", ""--selected-timeout"", ""21600"", ""--output-root"", ""unified_experiments/formal_protocol_5fb8fec80189731e702186e13567ea8cb1d16c707b06446f9ab1e705c76291dc/formal/w30/paper_aligned_hga/seed_61""]"
51,formal__w30__paper_aligned_hga__seed_62,2fab0e3e566477294710c7f5296eae3f19fffdaf771928347daa371758bb2a62,paper_aligned_hga,62,11000,16000,,21600,21600,5fb8fec80189731e702186e13567ea8cb1d16c707b06446f9ab1e705c76291dc,e9e221a5db62c86aed76061099db5eaeb9b8c63708fbd05e33328b1811a38df4,,separate_postprocess_after_successful_raw_run,unified_experiments/formal_protocol_5fb8fec80189731e702186e13567ea8cb1d16c707b06446f9ab1e705c76291dc/formal/w30/paper_aligned_hga/seed_62,5fb8fec80189731e702186e13567ea8cb1d16c707b06446f9ab1e705c76291dc:2fab0e3e566477294710c7f5296eae3f19fffdaf771928347daa371758bb2a62:paper_aligned_hga:62:3c93398be67a49e4362a42ffd24a772fbcd8fafbf2dde0602ce146c16f5b9237,3c93398be67a49e4362a42ffd24a772fbcd8fafbf2dde0602ce146c16f5b9237,"[""D:\\pybullet_test\\.venv\\Scripts\\python.exe"", ""run_unified_experiments.py"", ""--formal"", ""--resume"", ""--instances"", ""w30"", ""--solvers"", ""paper_aligned_hga"", ""--seeds"", ""62"", ""--selected-evaluation-budget"", ""<USER_SELECTED_A_OR_B_BUDGET>"", ""--selected-timeout"", ""21600"", ""--output-root"", ""unified_experiments/formal_protocol_5fb8fec80189731e702186e13567ea8cb1d16c707b06446f9ab1e705c76291dc/formal/w30/paper_aligned_hga/seed_62""]"
52,formal__w30__paper_aligned_hga__seed_63,2fab0e3e566477294710c7f5296eae3f19fffdaf771928347daa371758bb2a62,paper_aligned_hga,63,11000,16000,,21600,21600,5fb8fec80189731e702186e13567ea8cb1d16c707b06446f9ab1e705c76291dc,e9e221a5db62c86aed76061099db5eaeb9b8c63708fbd05e33328b1811a38df4,,separate_postprocess_after_successful_raw_run,unified_experiments/formal_protocol_5fb8fec80189731e702186e13567ea8cb1d16c707b06446f9ab1e705c76291dc/formal/w30/paper_aligned_hga/seed_63,5fb8fec80189731e702186e13567ea8cb1d16c707b06446f9ab1e705c76291dc:2fab0e3e566477294710c7f5296eae3f19fffdaf771928347daa371758bb2a62:paper_aligned_hga:63:2bea4bbe52af3c07b19c5b0f5cf63971188501694b9227bf537ffce54a8e806e,2bea4bbe52af3c07b19c5b0f5cf63971188501694b9227bf537ffce54a8e806e,"[""D:\\pybullet_test\\.venv\\Scripts\\python.exe"", ""run_unified_experiments.py"", ""--formal"", ""--resume"", ""--instances"", ""w30"", ""--solvers"", ""paper_aligned_hga"", ""--seeds"", ""63"", ""--selected-evaluation-budget"", ""<USER_SELECTED_A_OR_B_BUDGET>"", ""--selected-timeout"", ""21600"", ""--output-root"", ""unified_experiments/formal_protocol_5fb8fec80189731e702186e13567ea8cb1d16c707b06446f9ab1e705c76291dc/formal/w30/paper_aligned_hga/seed_63""]"
53,formal__w30__paper_aligned_hga__seed_64,2fab0e3e566477294710c7f5296eae3f19fffdaf771928347daa371758bb2a62,paper_aligned_hga,64,11000,16000,,21600,21600,5fb8fec80189731e702186e13567ea8cb1d16c707b06446f9ab1e705c76291dc,e9e221a5db62c86aed76061099db5eaeb9b8c63708fbd05e33328b1811a38df4,,separate_postprocess_after_successful_raw_run,unified_experiments/formal_protocol_5fb8fec80189731e702186e13567ea8cb1d16c707b06446f9ab1e705c76291dc/formal/w30/paper_aligned_hga/seed_64,5fb8fec80189731e702186e13567ea8cb1d16c707b06446f9ab1e705c76291dc:2fab0e3e566477294710c7f5296eae3f19fffdaf771928347daa371758bb2a62:paper_aligned_hga:64:62612975239f21ecd9c65af3bc4257c5cd15565c096247b38c34322b282a235a,62612975239f21ecd9c65af3bc4257c5cd15565c096247b38c34322b282a235a,"[""D:\\pybullet_test\\.venv\\Scripts\\python.exe"", ""run_unified_experiments.py"", ""--formal"", ""--resume"", ""--instances"", ""w30"", ""--solvers"", ""paper_aligned_hga"", ""--seeds"", ""64"", ""--selected-evaluation-budget"", ""<USER_SELECTED_A_OR_B_BUDGET>"", ""--selected-timeout"", ""21600"", ""--output-root"", ""unified_experiments/formal_protocol_5fb8fec80189731e702186e13567ea8cb1d16c707b06446f9ab1e705c76291dc/formal/w30/paper_aligned_hga/seed_64""]"
54,formal__w30__paper_aligned_hga__seed_65,2fab0e3e566477294710c7f5296eae3f19fffdaf771928347daa371758bb2a62,paper_aligned_hga,65,11000,16000,,21600,21600,5fb8fec80189731e702186e13567ea8cb1d16c707b06446f9ab1e705c76291dc,e9e221a5db62c86aed76061099db5eaeb9b8c63708fbd05e33328b1811a38df4,,separate_postprocess_after_successful_raw_run,unified_experiments/formal_protocol_5fb8fec80189731e702186e13567ea8cb1d16c707b06446f9ab1e705c76291dc/formal/w30/paper_aligned_hga/seed_65,5fb8fec80189731e702186e13567ea8cb1d16c707b06446f9ab1e705c76291dc:2fab0e3e566477294710c7f5296eae3f19fffdaf771928347daa371758bb2a62:paper_aligned_hga:65:e22cc5568c1999cc36dfb5af7bd46ef5578a872a8fd7b24a2817f1d22a2c9251,e22cc5568c1999cc36dfb5af7bd46ef5578a872a8fd7b24a2817f1d22a2c9251,"[""D:\\pybullet_test\\.venv\\Scripts\\python.exe"", ""run_unified_experiments.py"", ""--formal"", ""--resume"", ""--instances"", ""w30"", ""--solvers"", ""paper_aligned_hga"", ""--seeds"", ""65"", ""--selected-evaluation-budget"", ""<USER_SELECTED_A_OR_B_BUDGET>"", ""--selected-timeout"", ""21600"", ""--output-root"", ""unified_experiments/formal_protocol_5fb8fec80189731e702186e13567ea8cb1d16c707b06446f9ab1e705c76291dc/formal/w30/paper_aligned_hga/seed_65""]"
55,formal__w30__paper_aligned_hga__seed_66,2fab0e3e566477294710c7f5296eae3f19fffdaf771928347daa371758bb2a62,paper_aligned_hga,66,11000,16000,,21600,21600,5fb8fec80189731e702186e13567ea8cb1d16c707b06446f9ab1e705c76291dc,e9e221a5db62c86aed76061099db5eaeb9b8c63708fbd05e33328b1811a38df4,,separate_postprocess_after_successful_raw_run,unified_experiments/formal_protocol_5fb8fec80189731e702186e13567ea8cb1d16c707b06446f9ab1e705c76291dc/formal/w30/paper_aligned_hga/seed_66,5fb8fec80189731e702186e13567ea8cb1d16c707b06446f9ab1e705c76291dc:2fab0e3e566477294710c7f5296eae3f19fffdaf771928347daa371758bb2a62:paper_aligned_hga:66:eeb66d075af1a1b028530846bfbf8933e21a650d00090cf8fb26fc0fa416fa68,eeb66d075af1a1b028530846bfbf8933e21a650d00090cf8fb26fc0fa416fa68,"[""D:\\pybullet_test\\.venv\\Scripts\\python.exe"", ""run_unified_experiments.py"", ""--formal"", ""--resume"", ""--instances"", ""w30"", ""--solvers"", ""paper_aligned_hga"", ""--seeds"", ""66"", ""--selected-evaluation-budget"", ""<USER_SELECTED_A_OR_B_BUDGET>"", ""--selected-timeout"", ""21600"", ""--output-root"", ""unified_experiments/formal_protocol_5fb8fec80189731e702186e13567ea8cb1d16c707b06446f9ab1e705c76291dc/formal/w30/paper_aligned_hga/seed_66""]"
56,formal__w30__paper_aligned_hga__seed_67,2fab0e3e566477294710c7f5296eae3f19fffdaf771928347daa371758bb2a62,paper_aligned_hga,67,11000,16000,,21600,21600,5fb8fec80189731e702186e13567ea8cb1d16c707b06446f9ab1e705c76291dc,e9e221a5db62c86aed76061099db5eaeb9b8c63708fbd05e33328b1811a38df4,,separate_postprocess_after_successful_raw_run,unified_experiments/formal_protocol_5fb8fec80189731e702186e13567ea8cb1d16c707b06446f9ab1e705c76291dc/formal/w30/paper_aligned_hga/seed_67,5fb8fec80189731e702186e13567ea8cb1d16c707b06446f9ab1e705c76291dc:2fab0e3e566477294710c7f5296eae3f19fffdaf771928347daa371758bb2a62:paper_aligned_hga:67:91db499df5f6180b244b7d26a0073d3f50d2f93f9850098434872dae0a1376c8,91db499df5f6180b244b7d26a0073d3f50d2f93f9850098434872dae0a1376c8,"[""D:\\pybullet_test\\.venv\\Scripts\\python.exe"", ""run_unified_experiments.py"", ""--formal"", ""--resume"", ""--instances"", ""w30"", ""--solvers"", ""paper_aligned_hga"", ""--seeds"", ""67"", ""--selected-evaluation-budget"", ""<USER_SELECTED_A_OR_B_BUDGET>"", ""--selected-timeout"", ""21600"", ""--output-root"", ""unified_experiments/formal_protocol_5fb8fec80189731e702186e13567ea8cb1d16c707b06446f9ab1e705c76291dc/formal/w30/paper_aligned_hga/seed_67""]"
57,formal__w30__paper_aligned_hga__seed_68,2fab0e3e566477294710c7f5296eae3f19fffdaf771928347daa371758bb2a62,paper_aligned_hga,68,11000,16000,,21600,21600,5fb8fec80189731e702186e13567ea8cb1d16c707b06446f9ab1e705c76291dc,e9e221a5db62c86aed76061099db5eaeb9b8c63708fbd05e33328b1811a38df4,,separate_postprocess_after_successful_raw_run,unified_experiments/formal_protocol_5fb8fec80189731e702186e13567ea8cb1d16c707b06446f9ab1e705c76291dc/formal/w30/paper_aligned_hga/seed_68,5fb8fec80189731e702186e13567ea8cb1d16c707b06446f9ab1e705c76291dc:2fab0e3e566477294710c7f5296eae3f19fffdaf771928347daa371758bb2a62:paper_aligned_hga:68:5973868b1d3d41136edfd3e05437f638ec09416250c7beef71a5a3c0cbd5b3f7,5973868b1d3d41136edfd3e05437f638ec09416250c7beef71a5a3c0cbd5b3f7,"[""D:\\pybullet_test\\.venv\\Scripts\\python.exe"", ""run_unified_experiments.py"", ""--formal"", ""--resume"", ""--instances"", ""w30"", ""--solvers"", ""paper_aligned_hga"", ""--seeds"", ""68"", ""--selected-evaluation-budget"", ""<USER_SELECTED_A_OR_B_BUDGET>"", ""--selected-timeout"", ""21600"", ""--output-root"", ""unified_experiments/formal_protocol_5fb8fec80189731e702186e13567ea8cb1d16c707b06446f9ab1e705c76291dc/formal/w30/paper_aligned_hga/seed_68""]"
58,formal__w30__paper_aligned_hga__seed_69,2fab0e3e566477294710c7f5296eae3f19fffdaf771928347daa371758bb2a62,paper_aligned_hga,69,11000,16000,,21600,21600,5fb8fec80189731e702186e13567ea8cb1d16c707b06446f9ab1e705c76291dc,e9e221a5db62c86aed76061099db5eaeb9b8c63708fbd05e33328b1811a38df4,,separate_postprocess_after_successful_raw_run,unified_experiments/formal_protocol_5fb8fec80189731e702186e13567ea8cb1d16c707b06446f9ab1e705c76291dc/formal/w30/paper_aligned_hga/seed_69,5fb8fec80189731e702186e13567ea8cb1d16c707b06446f9ab1e705c76291dc:2fab0e3e566477294710c7f5296eae3f19fffdaf771928347daa371758bb2a62:paper_aligned_hga:69:c6ce5f2a3dc792008880b8e67b852805d39f1d0c4b4f0025b2cad93c31c9b3a6,c6ce5f2a3dc792008880b8e67b852805d39f1d0c4b4f0025b2cad93c31c9b3a6,"[""D:\\pybullet_test\\.venv\\Scripts\\python.exe"", ""run_unified_experiments.py"", ""--formal"", ""--resume"", ""--instances"", ""w30"", ""--solvers"", ""paper_aligned_hga"", ""--seeds"", ""69"", ""--selected-evaluation-budget"", ""<USER_SELECTED_A_OR_B_BUDGET>"", ""--selected-timeout"", ""21600"", ""--output-root"", ""unified_experiments/formal_protocol_5fb8fec80189731e702186e13567ea8cb1d16c707b06446f9ab1e705c76291dc/formal/w30/paper_aligned_hga/seed_69""]"
59,formal__w30__paper_aligned_hga__seed_70,2fab0e3e566477294710c7f5296eae3f19fffdaf771928347daa371758bb2a62,paper_aligned_hga,70,11000,16000,,21600,21600,5fb8fec80189731e702186e13567ea8cb1d16c707b06446f9ab1e705c76291dc,e9e221a5db62c86aed76061099db5eaeb9b8c63708fbd05e33328b1811a38df4,,separate_postprocess_after_successful_raw_run,unified_experiments/formal_protocol_5fb8fec80189731e702186e13567ea8cb1d16c707b06446f9ab1e705c76291dc/formal/w30/paper_aligned_hga/seed_70,5fb8fec80189731e702186e13567ea8cb1d16c707b06446f9ab1e705c76291dc:2fab0e3e566477294710c7f5296eae3f19fffdaf771928347daa371758bb2a62:paper_aligned_hga:70:6cdf0b8050605fd4228ca8ac1b4c528ab0a3b2ebf0923ea81ad354b9a2018b64,6cdf0b8050605fd4228ca8ac1b4c528ab0a3b2ebf0923ea81ad354b9a2018b64,"[""D:\\pybullet_test\\.venv\\Scripts\\python.exe"", ""run_unified_experiments.py"", ""--formal"", ""--resume"", ""--instances"", ""w30"", ""--solvers"", ""paper_aligned_hga"", ""--seeds"", ""70"", ""--selected-evaluation-budget"", ""<USER_SELECTED_A_OR_B_BUDGET>"", ""--selected-timeout"", ""21600"", ""--output-root"", ""unified_experiments/formal_protocol_5fb8fec80189731e702186e13567ea8cb1d16c707b06446f9ab1e705c76291dc/formal/w30/paper_aligned_hga/seed_70""]"
60,formal__w30__paper_aligned_hga__seed_71,2fab0e3e566477294710c7f5296eae3f19fffdaf771928347daa371758bb2a62,paper_aligned_hga,71,11000,16000,,21600,21600,5fb8fec80189731e702186e13567ea8cb1d16c707b06446f9ab1e705c76291dc,e9e221a5db62c86aed76061099db5eaeb9b8c63708fbd05e33328b1811a38df4,,separate_postprocess_after_successful_raw_run,unified_experiments/formal_protocol_5fb8fec80189731e702186e13567ea8cb1d16c707b06446f9ab1e705c76291dc/formal/w30/paper_aligned_hga/seed_71,5fb8fec80189731e702186e13567ea8cb1d16c707b06446f9ab1e705c76291dc:2fab0e3e566477294710c7f5296eae3f19fffdaf771928347daa371758bb2a62:paper_aligned_hga:71:50e3135ae4098c88564339ba6e5897ebee871c3972ec043e3872525dfff5c2ae,50e3135ae4098c88564339ba6e5897ebee871c3972ec043e3872525dfff5c2ae,"[""D:\\pybullet_test\\.venv\\Scripts\\python.exe"", ""run_unified_experiments.py"", ""--formal"", ""--resume"", ""--instances"", ""w30"", ""--solvers"", ""paper_aligned_hga"", ""--seeds"", ""71"", ""--selected-evaluation-budget"", ""<USER_SELECTED_A_OR_B_BUDGET>"", ""--selected-timeout"", ""21600"", ""--output-root"", ""unified_experiments/formal_protocol_5fb8fec80189731e702186e13567ea8cb1d16c707b06446f9ab1e705c76291dc/formal/w30/paper_aligned_hga/seed_71""]"
61,formal__w30__abma__seed_42,2fab0e3e566477294710c7f5296eae3f19fffdaf771928347daa371758bb2a62,abma,42,11000,16000,,21600,21600,5fb8fec80189731e702186e13567ea8cb1d16c707b06446f9ab1e705c76291dc,e9e221a5db62c86aed76061099db5eaeb9b8c63708fbd05e33328b1811a38df4,631b2d675e7531d04a3c019cc8013158223944074da3e42d489a5745addee1d3,separate_postprocess_after_successful_raw_run,unified_experiments/formal_protocol_5fb8fec80189731e702186e13567ea8cb1d16c707b06446f9ab1e705c76291dc/formal/w30/abma/seed_42,5fb8fec80189731e702186e13567ea8cb1d16c707b06446f9ab1e705c76291dc:2fab0e3e566477294710c7f5296eae3f19fffdaf771928347daa371758bb2a62:abma:42:ec8faf5783776fe968fa7077e27edc1393798e5c92c198a75c1bc1d16e5a1fa2,ec8faf5783776fe968fa7077e27edc1393798e5c92c198a75c1bc1d16e5a1fa2,"[""D:\\pybullet_test\\.venv\\Scripts\\python.exe"", ""run_unified_experiments.py"", ""--formal"", ""--resume"", ""--instances"", ""w30"", ""--solvers"", ""abma"", ""--seeds"", ""42"", ""--selected-evaluation-budget"", ""<USER_SELECTED_A_OR_B_BUDGET>"", ""--selected-timeout"", ""21600"", ""--output-root"", ""unified_experiments/formal_protocol_5fb8fec80189731e702186e13567ea8cb1d16c707b06446f9ab1e705c76291dc/formal/w30/abma/seed_42""]"
62,formal__w30__abma__seed_43,2fab0e3e566477294710c7f5296eae3f19fffdaf771928347daa371758bb2a62,abma,43,11000,16000,,21600,21600,5fb8fec80189731e702186e13567ea8cb1d16c707b06446f9ab1e705c76291dc,e9e221a5db62c86aed76061099db5eaeb9b8c63708fbd05e33328b1811a38df4,631b2d675e7531d04a3c019cc8013158223944074da3e42d489a5745addee1d3,separate_postprocess_after_successful_raw_run,unified_experiments/formal_protocol_5fb8fec80189731e702186e13567ea8cb1d16c707b06446f9ab1e705c76291dc/formal/w30/abma/seed_43,5fb8fec80189731e702186e13567ea8cb1d16c707b06446f9ab1e705c76291dc:2fab0e3e566477294710c7f5296eae3f19fffdaf771928347daa371758bb2a62:abma:43:e0620eab40e8004d7a883de44005247e2bfbfe4e20de374ae7e67e9a74380072,e0620eab40e8004d7a883de44005247e2bfbfe4e20de374ae7e67e9a74380072,"[""D:\\pybullet_test\\.venv\\Scripts\\python.exe"", ""run_unified_experiments.py"", ""--formal"", ""--resume"", ""--instances"", ""w30"", ""--solvers"", ""abma"", ""--seeds"", ""43"", ""--selected-evaluation-budget"", ""<USER_SELECTED_A_OR_B_BUDGET>"", ""--selected-timeout"", ""21600"", ""--output-root"", ""unified_experiments/formal_protocol_5fb8fec80189731e702186e13567ea8cb1d16c707b06446f9ab1e705c76291dc/formal/w30/abma/seed_43""]"
63,formal__w30__abma__seed_44,2fab0e3e566477294710c7f5296eae3f19fffdaf771928347daa371758bb2a62,abma,44,11000,16000,,21600,21600,5fb8fec80189731e702186e13567ea8cb1d16c707b06446f9ab1e705c76291dc,e9e221a5db62c86aed76061099db5eaeb9b8c63708fbd05e33328b1811a38df4,631b2d675e7531d04a3c019cc8013158223944074da3e42d489a5745addee1d3,separate_postprocess_after_successful_raw_run,unified_experiments/formal_protocol_5fb8fec80189731e702186e13567ea8cb1d16c707b06446f9ab1e705c76291dc/formal/w30/abma/seed_44,5fb8fec80189731e702186e13567ea8cb1d16c707b06446f9ab1e705c76291dc:2fab0e3e566477294710c7f5296eae3f19fffdaf771928347daa371758bb2a62:abma:44:6e2aafb9e78e191c45ab039367be9e832b1ec670d92acc7c17d059977ae27858,6e2aafb9e78e191c45ab039367be9e832b1ec670d92acc7c17d059977ae27858,"[""D:\\pybullet_test\\.venv\\Scripts\\python.exe"", ""run_unified_experiments.py"", ""--formal"", ""--resume"", ""--instances"", ""w30"", ""--solvers"", ""abma"", ""--seeds"", ""44"", ""--selected-evaluation-budget"", ""<USER_SELECTED_A_OR_B_BUDGET>"", ""--selected-timeout"", ""21600"", ""--output-root"", ""unified_experiments/formal_protocol_5fb8fec80189731e702186e13567ea8cb1d16c707b06446f9ab1e705c76291dc/formal/w30/abma/seed_44""]"
64,formal__w30__abma__seed_45,2fab0e3e566477294710c7f5296eae3f19fffdaf771928347daa371758bb2a62,abma,45,11000,16000,,21600,21600,5fb8fec80189731e702186e13567ea8cb1d16c707b06446f9ab1e705c76291dc,e9e221a5db62c86aed76061099db5eaeb9b8c63708fbd05e33328b1811a38df4,631b2d675e7531d04a3c019cc8013158223944074da3e42d489a5745addee1d3,separate_postprocess_after_successful_raw_run,unified_experiments/formal_protocol_5fb8fec80189731e702186e13567ea8cb1d16c707b06446f9ab1e705c76291dc/formal/w30/abma/seed_45,5fb8fec80189731e702186e13567ea8cb1d16c707b06446f9ab1e705c76291dc:2fab0e3e566477294710c7f5296eae3f19fffdaf771928347daa371758bb2a62:abma:45:81247c24cad877f7176bb95285230638b0a22671c5fe3aec9b551a60b2fe88b7,81247c24cad877f7176bb95285230638b0a22671c5fe3aec9b551a60b2fe88b7,"[""D:\\pybullet_test\\.venv\\Scripts\\python.exe"", ""run_unified_experiments.py"", ""--formal"", ""--resume"", ""--instances"", ""w30"", ""--solvers"", ""abma"", ""--seeds"", ""45"", ""--selected-evaluation-budget"", ""<USER_SELECTED_A_OR_B_BUDGET>"", ""--selected-timeout"", ""21600"", ""--output-root"", ""unified_experiments/formal_protocol_5fb8fec80189731e702186e13567ea8cb1d16c707b06446f9ab1e705c76291dc/formal/w30/abma/seed_45""]"
65,formal__w30__abma__seed_46,2fab0e3e566477294710c7f5296eae3f19fffdaf771928347daa371758bb2a62,abma,46,11000,16000,,21600,21600,5fb8fec80189731e702186e13567ea8cb1d16c707b06446f9ab1e705c76291dc,e9e221a5db62c86aed76061099db5eaeb9b8c63708fbd05e33328b1811a38df4,631b2d675e7531d04a3c019cc8013158223944074da3e42d489a5745addee1d3,separate_postprocess_after_successful_raw_run,unified_experiments/formal_protocol_5fb8fec80189731e702186e13567ea8cb1d16c707b06446f9ab1e705c76291dc/formal/w30/abma/seed_46,5fb8fec80189731e702186e13567ea8cb1d16c707b06446f9ab1e705c76291dc:2fab0e3e566477294710c7f5296eae3f19fffdaf771928347daa371758bb2a62:abma:46:3df5aab5075c54730379ba42cbfbb1cc68bc528580bb2faf402f62313a6cb3cc,3df5aab5075c54730379ba42cbfbb1cc68bc528580bb2faf402f62313a6cb3cc,"[""D:\\pybullet_test\\.venv\\Scripts\\python.exe"", ""run_unified_experiments.py"", ""--formal"", ""--resume"", ""--instances"", ""w30"", ""--solvers"", ""abma"", ""--seeds"", ""46"", ""--selected-evaluation-budget"", ""<USER_SELECTED_A_OR_B_BUDGET>"", ""--selected-timeout"", ""21600"", ""--output-root"", ""unified_experiments/formal_protocol_5fb8fec80189731e702186e13567ea8cb1d16c707b06446f9ab1e705c76291dc/formal/w30/abma/seed_46""]"
66,formal__w30__abma__seed_47,2fab0e3e566477294710c7f5296eae3f19fffdaf771928347daa371758bb2a62,abma,47,11000,16000,,21600,21600,5fb8fec80189731e702186e13567ea8cb1d16c707b06446f9ab1e705c76291dc,e9e221a5db62c86aed76061099db5eaeb9b8c63708fbd05e33328b1811a38df4,631b2d675e7531d04a3c019cc8013158223944074da3e42d489a5745addee1d3,separate_postprocess_after_successful_raw_run,unified_experiments/formal_protocol_5fb8fec80189731e702186e13567ea8cb1d16c707b06446f9ab1e705c76291dc/formal/w30/abma/seed_47,5fb8fec80189731e702186e13567ea8cb1d16c707b06446f9ab1e705c76291dc:2fab0e3e566477294710c7f5296eae3f19fffdaf771928347daa371758bb2a62:abma:47:e3093bd47af54cd7adc3046b3d1268557335eebaccf17fbaa06e137b7c5a7f7a,e3093bd47af54cd7adc3046b3d1268557335eebaccf17fbaa06e137b7c5a7f7a,"[""D:\\pybullet_test\\.venv\\Scripts\\python.exe"", ""run_unified_experiments.py"", ""--formal"", ""--resume"", ""--instances"", ""w30"", ""--solvers"", ""abma"", ""--seeds"", ""47"", ""--selected-evaluation-budget"", ""<USER_SELECTED_A_OR_B_BUDGET>"", ""--selected-timeout"", ""21600"", ""--output-root"", ""unified_experiments/formal_protocol_5fb8fec80189731e702186e13567ea8cb1d16c707b06446f9ab1e705c76291dc/formal/w30/abma/seed_47""]"
67,formal__w30__abma__seed_48,2fab0e3e566477294710c7f5296eae3f19fffdaf771928347daa371758bb2a62,abma,48,11000,16000,,21600,21600,5fb8fec80189731e702186e13567ea8cb1d16c707b06446f9ab1e705c76291dc,e9e221a5db62c86aed76061099db5eaeb9b8c63708fbd05e33328b1811a38df4,631b2d675e7531d04a3c019cc8013158223944074da3e42d489a5745addee1d3,separate_postprocess_after_successful_raw_run,unified_experiments/formal_protocol_5fb8fec80189731e702186e13567ea8cb1d16c707b06446f9ab1e705c76291dc/formal/w30/abma/seed_48,5fb8fec80189731e702186e13567ea8cb1d16c707b06446f9ab1e705c76291dc:2fab0e3e566477294710c7f5296eae3f19fffdaf771928347daa371758bb2a62:abma:48:9516ccab9c7f8cf0851f49772054e209368f3deb6abf8c707b96aab0dec79267,9516ccab9c7f8cf0851f49772054e209368f3deb6abf8c707b96aab0dec79267,"[""D:\\pybullet_test\\.venv\\Scripts\\python.exe"", ""run_unified_experiments.py"", ""--formal"", ""--resume"", ""--instances"", ""w30"", ""--solvers"", ""abma"", ""--seeds"", ""48"", ""--selected-evaluation-budget"", ""<USER_SELECTED_A_OR_B_BUDGET>"", ""--selected-timeout"", ""21600"", ""--output-root"", ""unified_experiments/formal_protocol_5fb8fec80189731e702186e13567ea8cb1d16c707b06446f9ab1e705c76291dc/formal/w30/abma/seed_48""]"
68,formal__w30__abma__seed_49,2fab0e3e566477294710c7f5296eae3f19fffdaf771928347daa371758bb2a62,abma,49,11000,16000,,21600,21600,5fb8fec80189731e702186e13567ea8cb1d16c707b06446f9ab1e705c76291dc,e9e221a5db62c86aed76061099db5eaeb9b8c63708fbd05e33328b1811a38df4,631b2d675e7531d04a3c019cc8013158223944074da3e42d489a5745addee1d3,separate_postprocess_after_successful_raw_run,unified_experiments/formal_protocol_5fb8fec80189731e702186e13567ea8cb1d16c707b06446f9ab1e705c76291dc/formal/w30/abma/seed_49,5fb8fec80189731e702186e13567ea8cb1d16c707b06446f9ab1e705c76291dc:2fab0e3e566477294710c7f5296eae3f19fffdaf771928347daa371758bb2a62:abma:49:9eeb93de22277f431728e411628869245ea6e680656b316116143d4c2bfc1656,9eeb93de22277f431728e411628869245ea6e680656b316116143d4c2bfc1656,"[""D:\\pybullet_test\\.venv\\Scripts\\python.exe"", ""run_unified_experiments.py"", ""--formal"", ""--resume"", ""--instances"", ""w30"", ""--solvers"", ""abma"", ""--seeds"", ""49"", ""--selected-evaluation-budget"", ""<USER_SELECTED_A_OR_B_BUDGET>"", ""--selected-timeout"", ""21600"", ""--output-root"", ""unified_experiments/formal_protocol_5fb8fec80189731e702186e13567ea8cb1d16c707b06446f9ab1e705c76291dc/formal/w30/abma/seed_49""]"
69,formal__w30__abma__seed_50,2fab0e3e566477294710c7f5296eae3f19fffdaf771928347daa371758bb2a62,abma,50,11000,16000,,21600,21600,5fb8fec80189731e702186e13567ea8cb1d16c707b06446f9ab1e705c76291dc,e9e221a5db62c86aed76061099db5eaeb9b8c63708fbd05e33328b1811a38df4,631b2d675e7531d04a3c019cc8013158223944074da3e42d489a5745addee1d3,separate_postprocess_after_successful_raw_run,unified_experiments/formal_protocol_5fb8fec80189731e702186e13567ea8cb1d16c707b06446f9ab1e705c76291dc/formal/w30/abma/seed_50,5fb8fec80189731e702186e13567ea8cb1d16c707b06446f9ab1e705c76291dc:2fab0e3e566477294710c7f5296eae3f19fffdaf771928347daa371758bb2a62:abma:50:5d87a16a6d24325a3b304255a1eae478750c9138629f8ddc271101b061162a44,5d87a16a6d24325a3b304255a1eae478750c9138629f8ddc271101b061162a44,"[""D:\\pybullet_test\\.venv\\Scripts\\python.exe"", ""run_unified_experiments.py"", ""--formal"", ""--resume"", ""--instances"", ""w30"", ""--solvers"", ""abma"", ""--seeds"", ""50"", ""--selected-evaluation-budget"", ""<USER_SELECTED_A_OR_B_BUDGET>"", ""--selected-timeout"", ""21600"", ""--output-root"", ""unified_experiments/formal_protocol_5fb8fec80189731e702186e13567ea8cb1d16c707b06446f9ab1e705c76291dc/formal/w30/abma/seed_50""]"
70,formal__w30__abma__seed_51,2fab0e3e566477294710c7f5296eae3f19fffdaf771928347daa371758bb2a62,abma,51,11000,16000,,21600,21600,5fb8fec80189731e702186e13567ea8cb1d16c707b06446f9ab1e705c76291dc,e9e221a5db62c86aed76061099db5eaeb9b8c63708fbd05e33328b1811a38df4,631b2d675e7531d04a3c019cc8013158223944074da3e42d489a5745addee1d3,separate_postprocess_after_successful_raw_run,unified_experiments/formal_protocol_5fb8fec80189731e702186e13567ea8cb1d16c707b06446f9ab1e705c76291dc/formal/w30/abma/seed_51,5fb8fec80189731e702186e13567ea8cb1d16c707b06446f9ab1e705c76291dc:2fab0e3e566477294710c7f5296eae3f19fffdaf771928347daa371758bb2a62:abma:51:8aa6f2973795ceb63fd8cfd0da90bcd68513637c60397bee01f88f051710ccd7,8aa6f2973795ceb63fd8cfd0da90bcd68513637c60397bee01f88f051710ccd7,"[""D:\\pybullet_test\\.venv\\Scripts\\python.exe"", ""run_unified_experiments.py"", ""--formal"", ""--resume"", ""--instances"", ""w30"", ""--solvers"", ""abma"", ""--seeds"", ""51"", ""--selected-evaluation-budget"", ""<USER_SELECTED_A_OR_B_BUDGET>"", ""--selected-timeout"", ""21600"", ""--output-root"", ""unified_experiments/formal_protocol_5fb8fec80189731e702186e13567ea8cb1d16c707b06446f9ab1e705c76291dc/formal/w30/abma/seed_51""]"
71,formal__w30__abma__seed_52,2fab0e3e566477294710c7f5296eae3f19fffdaf771928347daa371758bb2a62,abma,52,11000,16000,,21600,21600,5fb8fec80189731e702186e13567ea8cb1d16c707b06446f9ab1e705c76291dc,e9e221a5db62c86aed76061099db5eaeb9b8c63708fbd05e33328b1811a38df4,631b2d675e7531d04a3c019cc8013158223944074da3e42d489a5745addee1d3,separate_postprocess_after_successful_raw_run,unified_experiments/formal_protocol_5fb8fec80189731e702186e13567ea8cb1d16c707b06446f9ab1e705c76291dc/formal/w30/abma/seed_52,5fb8fec80189731e702186e13567ea8cb1d16c707b06446f9ab1e705c76291dc:2fab0e3e566477294710c7f5296eae3f19fffdaf771928347daa371758bb2a62:abma:52:9386fa829a621ca2c543986b45f752466ce55758cdfe7ca45238de78d4b0ebae,9386fa829a621ca2c543986b45f752466ce55758cdfe7ca45238de78d4b0ebae,"[""D:\\pybullet_test\\.venv\\Scripts\\python.exe"", ""run_unified_experiments.py"", ""--formal"", ""--resume"", ""--instances"", ""w30"", ""--solvers"", ""abma"", ""--seeds"", ""52"", ""--selected-evaluation-budget"", ""<USER_SELECTED_A_OR_B_BUDGET>"", ""--selected-timeout"", ""21600"", ""--output-root"", ""unified_experiments/formal_protocol_5fb8fec80189731e702186e13567ea8cb1d16c707b06446f9ab1e705c76291dc/formal/w30/abma/seed_52""]"
72,formal__w30__abma__seed_53,2fab0e3e566477294710c7f5296eae3f19fffdaf771928347daa371758bb2a62,abma,53,11000,16000,,21600,21600,5fb8fec80189731e702186e13567ea8cb1d16c707b06446f9ab1e705c76291dc,e9e221a5db62c86aed76061099db5eaeb9b8c63708fbd05e33328b1811a38df4,631b2d675e7531d04a3c019cc8013158223944074da3e42d489a5745addee1d3,separate_postprocess_after_successful_raw_run,unified_experiments/formal_protocol_5fb8fec80189731e702186e13567ea8cb1d16c707b06446f9ab1e705c76291dc/formal/w30/abma/seed_53,5fb8fec80189731e702186e13567ea8cb1d16c707b06446f9ab1e705c76291dc:2fab0e3e566477294710c7f5296eae3f19fffdaf771928347daa371758bb2a62:abma:53:52c4d43561e00abefd690ff8ed64d0570830dd31c0798dac5cf646f8b45ed98f,52c4d43561e00abefd690ff8ed64d0570830dd31c0798dac5cf646f8b45ed98f,"[""D:\\pybullet_test\\.venv\\Scripts\\python.exe"", ""run_unified_experiments.py"", ""--formal"", ""--resume"", ""--instances"", ""w30"", ""--solvers"", ""abma"", ""--seeds"", ""53"", ""--selected-evaluation-budget"", ""<USER_SELECTED_A_OR_B_BUDGET>"", ""--selected-timeout"", ""21600"", ""--output-root"", ""unified_experiments/formal_protocol_5fb8fec80189731e702186e13567ea8cb1d16c707b06446f9ab1e705c76291dc/formal/w30/abma/seed_53""]"
73,formal__w30__abma__seed_54,2fab0e3e566477294710c7f5296eae3f19fffdaf771928347daa371758bb2a62,abma,54,11000,16000,,21600,21600,5fb8fec80189731e702186e13567ea8cb1d16c707b06446f9ab1e705c76291dc,e9e221a5db62c86aed76061099db5eaeb9b8c63708fbd05e33328b1811a38df4,631b2d675e7531d04a3c019cc8013158223944074da3e42d489a5745addee1d3,separate_postprocess_after_successful_raw_run,unified_experiments/formal_protocol_5fb8fec80189731e702186e13567ea8cb1d16c707b06446f9ab1e705c76291dc/formal/w30/abma/seed_54,5fb8fec80189731e702186e13567ea8cb1d16c707b06446f9ab1e705c76291dc:2fab0e3e566477294710c7f5296eae3f19fffdaf771928347daa371758bb2a62:abma:54:0c78b1197784e291efdac5213d7e57b9a5f34725edf9d0955fe8849f1476fb02,0c78b1197784e291efdac5213d7e57b9a5f34725edf9d0955fe8849f1476fb02,"[""D:\\pybullet_test\\.venv\\Scripts\\python.exe"", ""run_unified_experiments.py"", ""--formal"", ""--resume"", ""--instances"", ""w30"", ""--solvers"", ""abma"", ""--seeds"", ""54"", ""--selected-evaluation-budget"", ""<USER_SELECTED_A_OR_B_BUDGET>"", ""--selected-timeout"", ""21600"", ""--output-root"", ""unified_experiments/formal_protocol_5fb8fec80189731e702186e13567ea8cb1d16c707b06446f9ab1e705c76291dc/formal/w30/abma/seed_54""]"
74,formal__w30__abma__seed_55,2fab0e3e566477294710c7f5296eae3f19fffdaf771928347daa371758bb2a62,abma,55,11000,16000,,21600,21600,5fb8fec80189731e702186e13567ea8cb1d16c707b06446f9ab1e705c76291dc,e9e221a5db62c86aed76061099db5eaeb9b8c63708fbd05e33328b1811a38df4,631b2d675e7531d04a3c019cc8013158223944074da3e42d489a5745addee1d3,separate_postprocess_after_successful_raw_run,unified_experiments/formal_protocol_5fb8fec80189731e702186e13567ea8cb1d16c707b06446f9ab1e705c76291dc/formal/w30/abma/seed_55,5fb8fec80189731e702186e13567ea8cb1d16c707b06446f9ab1e705c76291dc:2fab0e3e566477294710c7f5296eae3f19fffdaf771928347daa371758bb2a62:abma:55:cdd3caa0ddbd73cb01cf2fa566b1cf5ef91a577d91b9f98f598d5873513f4e05,cdd3caa0ddbd73cb01cf2fa566b1cf5ef91a577d91b9f98f598d5873513f4e05,"[""D:\\pybullet_test\\.venv\\Scripts\\python.exe"", ""run_unified_experiments.py"", ""--formal"", ""--resume"", ""--instances"", ""w30"", ""--solvers"", ""abma"", ""--seeds"", ""55"", ""--selected-evaluation-budget"", ""<USER_SELECTED_A_OR_B_BUDGET>"", ""--selected-timeout"", ""21600"", ""--output-root"", ""unified_experiments/formal_protocol_5fb8fec80189731e702186e13567ea8cb1d16c707b06446f9ab1e705c76291dc/formal/w30/abma/seed_55""]"
75,formal__w30__abma__seed_56,2fab0e3e566477294710c7f5296eae3f19fffdaf771928347daa371758bb2a62,abma,56,11000,16000,,21600,21600,5fb8fec80189731e702186e13567ea8cb1d16c707b06446f9ab1e705c76291dc,e9e221a5db62c86aed76061099db5eaeb9b8c63708fbd05e33328b1811a38df4,631b2d675e7531d04a3c019cc8013158223944074da3e42d489a5745addee1d3,separate_postprocess_after_successful_raw_run,unified_experiments/formal_protocol_5fb8fec80189731e702186e13567ea8cb1d16c707b06446f9ab1e705c76291dc/formal/w30/abma/seed_56,5fb8fec80189731e702186e13567ea8cb1d16c707b06446f9ab1e705c76291dc:2fab0e3e566477294710c7f5296eae3f19fffdaf771928347daa371758bb2a62:abma:56:dd598cd5f2d1ae78a3aef4de5db8267d3431860890bb3a964884805608e488ef,dd598cd5f2d1ae78a3aef4de5db8267d3431860890bb3a964884805608e488ef,"[""D:\\pybullet_test\\.venv\\Scripts\\python.exe"", ""run_unified_experiments.py"", ""--formal"", ""--resume"", ""--instances"", ""w30"", ""--solvers"", ""abma"", ""--seeds"", ""56"", ""--selected-evaluation-budget"", ""<USER_SELECTED_A_OR_B_BUDGET>"", ""--selected-timeout"", ""21600"", ""--output-root"", ""unified_experiments/formal_protocol_5fb8fec80189731e702186e13567ea8cb1d16c707b06446f9ab1e705c76291dc/formal/w30/abma/seed_56""]"
76,formal__w30__abma__seed_57,2fab0e3e566477294710c7f5296eae3f19fffdaf771928347daa371758bb2a62,abma,57,11000,16000,,21600,21600,5fb8fec80189731e702186e13567ea8cb1d16c707b06446f9ab1e705c76291dc,e9e221a5db62c86aed76061099db5eaeb9b8c63708fbd05e33328b1811a38df4,631b2d675e7531d04a3c019cc8013158223944074da3e42d489a5745addee1d3,separate_postprocess_after_successful_raw_run,unified_experiments/formal_protocol_5fb8fec80189731e702186e13567ea8cb1d16c707b06446f9ab1e705c76291dc/formal/w30/abma/seed_57,5fb8fec80189731e702186e13567ea8cb1d16c707b06446f9ab1e705c76291dc:2fab0e3e566477294710c7f5296eae3f19fffdaf771928347daa371758bb2a62:abma:57:aef7c840406e808882c220fa59b4a1c126e069641648b99e2165b82a617ea7b9,aef7c840406e808882c220fa59b4a1c126e069641648b99e2165b82a617ea7b9,"[""D:\\pybullet_test\\.venv\\Scripts\\python.exe"", ""run_unified_experiments.py"", ""--formal"", ""--resume"", ""--instances"", ""w30"", ""--solvers"", ""abma"", ""--seeds"", ""57"", ""--selected-evaluation-budget"", ""<USER_SELECTED_A_OR_B_BUDGET>"", ""--selected-timeout"", ""21600"", ""--output-root"", ""unified_experiments/formal_protocol_5fb8fec80189731e702186e13567ea8cb1d16c707b06446f9ab1e705c76291dc/formal/w30/abma/seed_57""]"
77,formal__w30__abma__seed_58,2fab0e3e566477294710c7f5296eae3f19fffdaf771928347daa371758bb2a62,abma,58,11000,16000,,21600,21600,5fb8fec80189731e702186e13567ea8cb1d16c707b06446f9ab1e705c76291dc,e9e221a5db62c86aed76061099db5eaeb9b8c63708fbd05e33328b1811a38df4,631b2d675e7531d04a3c019cc8013158223944074da3e42d489a5745addee1d3,separate_postprocess_after_successful_raw_run,unified_experiments/formal_protocol_5fb8fec80189731e702186e13567ea8cb1d16c707b06446f9ab1e705c76291dc/formal/w30/abma/seed_58,5fb8fec80189731e702186e13567ea8cb1d16c707b06446f9ab1e705c76291dc:2fab0e3e566477294710c7f5296eae3f19fffdaf771928347daa371758bb2a62:abma:58:da19108cdbcf3d18e2ba4cfcb6d6e71430051d9610090454caa23faf97e7c150,da19108cdbcf3d18e2ba4cfcb6d6e71430051d9610090454caa23faf97e7c150,"[""D:\\pybullet_test\\.venv\\Scripts\\python.exe"", ""run_unified_experiments.py"", ""--formal"", ""--resume"", ""--instances"", ""w30"", ""--solvers"", ""abma"", ""--seeds"", ""58"", ""--selected-evaluation-budget"", ""<USER_SELECTED_A_OR_B_BUDGET>"", ""--selected-timeout"", ""21600"", ""--output-root"", ""unified_experiments/formal_protocol_5fb8fec80189731e702186e13567ea8cb1d16c707b06446f9ab1e705c76291dc/formal/w30/abma/seed_58""]"
78,formal__w30__abma__seed_59,2fab0e3e566477294710c7f5296eae3f19fffdaf771928347daa371758bb2a62,abma,59,11000,16000,,21600,21600,5fb8fec80189731e702186e13567ea8cb1d16c707b06446f9ab1e705c76291dc,e9e221a5db62c86aed76061099db5eaeb9b8c63708fbd05e33328b1811a38df4,631b2d675e7531d04a3c019cc8013158223944074da3e42d489a5745addee1d3,separate_postprocess_after_successful_raw_run,unified_experiments/formal_protocol_5fb8fec80189731e702186e13567ea8cb1d16c707b06446f9ab1e705c76291dc/formal/w30/abma/seed_59,5fb8fec80189731e702186e13567ea8cb1d16c707b06446f9ab1e705c76291dc:2fab0e3e566477294710c7f5296eae3f19fffdaf771928347daa371758bb2a62:abma:59:905fe134962834556b92c8830fb0d3dd9773d9edd0eca031300a9d16b7fb232b,905fe134962834556b92c8830fb0d3dd9773d9edd0eca031300a9d16b7fb232b,"[""D:\\pybullet_test\\.venv\\Scripts\\python.exe"", ""run_unified_experiments.py"", ""--formal"", ""--resume"", ""--instances"", ""w30"", ""--solvers"", ""abma"", ""--seeds"", ""59"", ""--selected-evaluation-budget"", ""<USER_SELECTED_A_OR_B_BUDGET>"", ""--selected-timeout"", ""21600"", ""--output-root"", ""unified_experiments/formal_protocol_5fb8fec80189731e702186e13567ea8cb1d16c707b06446f9ab1e705c76291dc/formal/w30/abma/seed_59""]"
79,formal__w30__abma__seed_60,2fab0e3e566477294710c7f5296eae3f19fffdaf771928347daa371758bb2a62,abma,60,11000,16000,,21600,21600,5fb8fec80189731e702186e13567ea8cb1d16c707b06446f9ab1e705c76291dc,e9e221a5db62c86aed76061099db5eaeb9b8c63708fbd05e33328b1811a38df4,631b2d675e7531d04a3c019cc8013158223944074da3e42d489a5745addee1d3,separate_postprocess_after_successful_raw_run,unified_experiments/formal_protocol_5fb8fec80189731e702186e13567ea8cb1d16c707b06446f9ab1e705c76291dc/formal/w30/abma/seed_60,5fb8fec80189731e702186e13567ea8cb1d16c707b06446f9ab1e705c76291dc:2fab0e3e566477294710c7f5296eae3f19fffdaf771928347daa371758bb2a62:abma:60:cdc29ec0ffe6bab69ff334f84e577ce2e9ae5f7d5e30bc923a00c9ce39087757,cdc29ec0ffe6bab69ff334f84e577ce2e9ae5f7d5e30bc923a00c9ce39087757,"[""D:\\pybullet_test\\.venv\\Scripts\\python.exe"", ""run_unified_experiments.py"", ""--formal"", ""--resume"", ""--instances"", ""w30"", ""--solvers"", ""abma"", ""--seeds"", ""60"", ""--selected-evaluation-budget"", ""<USER_SELECTED_A_OR_B_BUDGET>"", ""--selected-timeout"", ""21600"", ""--output-root"", ""unified_experiments/formal_protocol_5fb8fec80189731e702186e13567ea8cb1d16c707b06446f9ab1e705c76291dc/formal/w30/abma/seed_60""]"
80,formal__w30__abma__seed_61,2fab0e3e566477294710c7f5296eae3f19fffdaf771928347daa371758bb2a62,abma,61,11000,16000,,21600,21600,5fb8fec80189731e702186e13567ea8cb1d16c707b06446f9ab1e705c76291dc,e9e221a5db62c86aed76061099db5eaeb9b8c63708fbd05e33328b1811a38df4,631b2d675e7531d04a3c019cc8013158223944074da3e42d489a5745addee1d3,separate_postprocess_after_successful_raw_run,unified_experiments/formal_protocol_5fb8fec80189731e702186e13567ea8cb1d16c707b06446f9ab1e705c76291dc/formal/w30/abma/seed_61,5fb8fec80189731e702186e13567ea8cb1d16c707b06446f9ab1e705c76291dc:2fab0e3e566477294710c7f5296eae3f19fffdaf771928347daa371758bb2a62:abma:61:cfda432daf2a63e2853f13ed7801215375858966ec68186b33c005882ab98bcf,cfda432daf2a63e2853f13ed7801215375858966ec68186b33c005882ab98bcf,"[""D:\\pybullet_test\\.venv\\Scripts\\python.exe"", ""run_unified_experiments.py"", ""--formal"", ""--resume"", ""--instances"", ""w30"", ""--solvers"", ""abma"", ""--seeds"", ""61"", ""--selected-evaluation-budget"", ""<USER_SELECTED_A_OR_B_BUDGET>"", ""--selected-timeout"", ""21600"", ""--output-root"", ""unified_experiments/formal_protocol_5fb8fec80189731e702186e13567ea8cb1d16c707b06446f9ab1e705c76291dc/formal/w30/abma/seed_61""]"
81,formal__w30__abma__seed_62,2fab0e3e566477294710c7f5296eae3f19fffdaf771928347daa371758bb2a62,abma,62,11000,16000,,21600,21600,5fb8fec80189731e702186e13567ea8cb1d16c707b06446f9ab1e705c76291dc,e9e221a5db62c86aed76061099db5eaeb9b8c63708fbd05e33328b1811a38df4,631b2d675e7531d04a3c019cc8013158223944074da3e42d489a5745addee1d3,separate_postprocess_after_successful_raw_run,unified_experiments/formal_protocol_5fb8fec80189731e702186e13567ea8cb1d16c707b06446f9ab1e705c76291dc/formal/w30/abma/seed_62,5fb8fec80189731e702186e13567ea8cb1d16c707b06446f9ab1e705c76291dc:2fab0e3e566477294710c7f5296eae3f19fffdaf771928347daa371758bb2a62:abma:62:4a31900a98752ca83585b5ab93b46d5f98103bf375cffcd1bbeeaef91afa88bd,4a31900a98752ca83585b5ab93b46d5f98103bf375cffcd1bbeeaef91afa88bd,"[""D:\\pybullet_test\\.venv\\Scripts\\python.exe"", ""run_unified_experiments.py"", ""--formal"", ""--resume"", ""--instances"", ""w30"", ""--solvers"", ""abma"", ""--seeds"", ""62"", ""--selected-evaluation-budget"", ""<USER_SELECTED_A_OR_B_BUDGET>"", ""--selected-timeout"", ""21600"", ""--output-root"", ""unified_experiments/formal_protocol_5fb8fec80189731e702186e13567ea8cb1d16c707b06446f9ab1e705c76291dc/formal/w30/abma/seed_62""]"
82,formal__w30__abma__seed_63,2fab0e3e566477294710c7f5296eae3f19fffdaf771928347daa371758bb2a62,abma,63,11000,16000,,21600,21600,5fb8fec80189731e702186e13567ea8cb1d16c707b06446f9ab1e705c76291dc,e9e221a5db62c86aed76061099db5eaeb9b8c63708fbd05e33328b1811a38df4,631b2d675e7531d04a3c019cc8013158223944074da3e42d489a5745addee1d3,separate_postprocess_after_successful_raw_run,unified_experiments/formal_protocol_5fb8fec80189731e702186e13567ea8cb1d16c707b06446f9ab1e705c76291dc/formal/w30/abma/seed_63,5fb8fec80189731e702186e13567ea8cb1d16c707b06446f9ab1e705c76291dc:2fab0e3e566477294710c7f5296eae3f19fffdaf771928347daa371758bb2a62:abma:63:e49d4d12f200593d6a51a6d7f5af7f08c9c852b5d70797d132aa1a1666fc2f46,e49d4d12f200593d6a51a6d7f5af7f08c9c852b5d70797d132aa1a1666fc2f46,"[""D:\\pybullet_test\\.venv\\Scripts\\python.exe"", ""run_unified_experiments.py"", ""--formal"", ""--resume"", ""--instances"", ""w30"", ""--solvers"", ""abma"", ""--seeds"", ""63"", ""--selected-evaluation-budget"", ""<USER_SELECTED_A_OR_B_BUDGET>"", ""--selected-timeout"", ""21600"", ""--output-root"", ""unified_experiments/formal_protocol_5fb8fec80189731e702186e13567ea8cb1d16c707b06446f9ab1e705c76291dc/formal/w30/abma/seed_63""]"
83,formal__w30__abma__seed_64,2fab0e3e566477294710c7f5296eae3f19fffdaf771928347daa371758bb2a62,abma,64,11000,16000,,21600,21600,5fb8fec80189731e702186e13567ea8cb1d16c707b06446f9ab1e705c76291dc,e9e221a5db62c86aed76061099db5eaeb9b8c63708fbd05e33328b1811a38df4,631b2d675e7531d04a3c019cc8013158223944074da3e42d489a5745addee1d3,separate_postprocess_after_successful_raw_run,unified_experiments/formal_protocol_5fb8fec80189731e702186e13567ea8cb1d16c707b06446f9ab1e705c76291dc/formal/w30/abma/seed_64,5fb8fec80189731e702186e13567ea8cb1d16c707b06446f9ab1e705c76291dc:2fab0e3e566477294710c7f5296eae3f19fffdaf771928347daa371758bb2a62:abma:64:133996f45362d3b5e65618a89775f2bc2e2d6ef4b9f8f1f9e3e61a9fc0478f6c,133996f45362d3b5e65618a89775f2bc2e2d6ef4b9f8f1f9e3e61a9fc0478f6c,"[""D:\\pybullet_test\\.venv\\Scripts\\python.exe"", ""run_unified_experiments.py"", ""--formal"", ""--resume"", ""--instances"", ""w30"", ""--solvers"", ""abma"", ""--seeds"", ""64"", ""--selected-evaluation-budget"", ""<USER_SELECTED_A_OR_B_BUDGET>"", ""--selected-timeout"", ""21600"", ""--output-root"", ""unified_experiments/formal_protocol_5fb8fec80189731e702186e13567ea8cb1d16c707b06446f9ab1e705c76291dc/formal/w30/abma/seed_64""]"
84,formal__w30__abma__seed_65,2fab0e3e566477294710c7f5296eae3f19fffdaf771928347daa371758bb2a62,abma,65,11000,16000,,21600,21600,5fb8fec80189731e702186e13567ea8cb1d16c707b06446f9ab1e705c76291dc,e9e221a5db62c86aed76061099db5eaeb9b8c63708fbd05e33328b1811a38df4,631b2d675e7531d04a3c019cc8013158223944074da3e42d489a5745addee1d3,separate_postprocess_after_successful_raw_run,unified_experiments/formal_protocol_5fb8fec80189731e702186e13567ea8cb1d16c707b06446f9ab1e705c76291dc/formal/w30/abma/seed_65,5fb8fec80189731e702186e13567ea8cb1d16c707b06446f9ab1e705c76291dc:2fab0e3e566477294710c7f5296eae3f19fffdaf771928347daa371758bb2a62:abma:65:8839ab75af1779631ef2e4f09a21b6b1eddd5335758aab79c81c1384505bc037,8839ab75af1779631ef2e4f09a21b6b1eddd5335758aab79c81c1384505bc037,"[""D:\\pybullet_test\\.venv\\Scripts\\python.exe"", ""run_unified_experiments.py"", ""--formal"", ""--resume"", ""--instances"", ""w30"", ""--solvers"", ""abma"", ""--seeds"", ""65"", ""--selected-evaluation-budget"", ""<USER_SELECTED_A_OR_B_BUDGET>"", ""--selected-timeout"", ""21600"", ""--output-root"", ""unified_experiments/formal_protocol_5fb8fec80189731e702186e13567ea8cb1d16c707b06446f9ab1e705c76291dc/formal/w30/abma/seed_65""]"
85,formal__w30__abma__seed_66,2fab0e3e566477294710c7f5296eae3f19fffdaf771928347daa371758bb2a62,abma,66,11000,16000,,21600,21600,5fb8fec80189731e702186e13567ea8cb1d16c707b06446f9ab1e705c76291dc,e9e221a5db62c86aed76061099db5eaeb9b8c63708fbd05e33328b1811a38df4,631b2d675e7531d04a3c019cc8013158223944074da3e42d489a5745addee1d3,separate_postprocess_after_successful_raw_run,unified_experiments/formal_protocol_5fb8fec80189731e702186e13567ea8cb1d16c707b06446f9ab1e705c76291dc/formal/w30/abma/seed_66,5fb8fec80189731e702186e13567ea8cb1d16c707b06446f9ab1e705c76291dc:2fab0e3e566477294710c7f5296eae3f19fffdaf771928347daa371758bb2a62:abma:66:09948f458175848e97a2fbd0f6e0710306537820a2babc222ce986f31ee36cbe,09948f458175848e97a2fbd0f6e0710306537820a2babc222ce986f31ee36cbe,"[""D:\\pybullet_test\\.venv\\Scripts\\python.exe"", ""run_unified_experiments.py"", ""--formal"", ""--resume"", ""--instances"", ""w30"", ""--solvers"", ""abma"", ""--seeds"", ""66"", ""--selected-evaluation-budget"", ""<USER_SELECTED_A_OR_B_BUDGET>"", ""--selected-timeout"", ""21600"", ""--output-root"", ""unified_experiments/formal_protocol_5fb8fec80189731e702186e13567ea8cb1d16c707b06446f9ab1e705c76291dc/formal/w30/abma/seed_66""]"
86,formal__w30__abma__seed_67,2fab0e3e566477294710c7f5296eae3f19fffdaf771928347daa371758bb2a62,abma,67,11000,16000,,21600,21600,5fb8fec80189731e702186e13567ea8cb1d16c707b06446f9ab1e705c76291dc,e9e221a5db62c86aed76061099db5eaeb9b8c63708fbd05e33328b1811a38df4,631b2d675e7531d04a3c019cc8013158223944074da3e42d489a5745addee1d3,separate_postprocess_after_successful_raw_run,unified_experiments/formal_protocol_5fb8fec80189731e702186e13567ea8cb1d16c707b06446f9ab1e705c76291dc/formal/w30/abma/seed_67,5fb8fec80189731e702186e13567ea8cb1d16c707b06446f9ab1e705c76291dc:2fab0e3e566477294710c7f5296eae3f19fffdaf771928347daa371758bb2a62:abma:67:2ae36715168a29c3d119fb367bb04d71c8af01d7b3efe64edb3256560d588be5,2ae36715168a29c3d119fb367bb04d71c8af01d7b3efe64edb3256560d588be5,"[""D:\\pybullet_test\\.venv\\Scripts\\python.exe"", ""run_unified_experiments.py"", ""--formal"", ""--resume"", ""--instances"", ""w30"", ""--solvers"", ""abma"", ""--seeds"", ""67"", ""--selected-evaluation-budget"", ""<USER_SELECTED_A_OR_B_BUDGET>"", ""--selected-timeout"", ""21600"", ""--output-root"", ""unified_experiments/formal_protocol_5fb8fec80189731e702186e13567ea8cb1d16c707b06446f9ab1e705c76291dc/formal/w30/abma/seed_67""]"
87,formal__w30__abma__seed_68,2fab0e3e566477294710c7f5296eae3f19fffdaf771928347daa371758bb2a62,abma,68,11000,16000,,21600,21600,5fb8fec80189731e702186e13567ea8cb1d16c707b06446f9ab1e705c76291dc,e9e221a5db62c86aed76061099db5eaeb9b8c63708fbd05e33328b1811a38df4,631b2d675e7531d04a3c019cc8013158223944074da3e42d489a5745addee1d3,separate_postprocess_after_successful_raw_run,unified_experiments/formal_protocol_5fb8fec80189731e702186e13567ea8cb1d16c707b06446f9ab1e705c76291dc/formal/w30/abma/seed_68,5fb8fec80189731e702186e13567ea8cb1d16c707b06446f9ab1e705c76291dc:2fab0e3e566477294710c7f5296eae3f19fffdaf771928347daa371758bb2a62:abma:68:03de44e58ba8e2846d12bd5e038d957356e0d19565718160a238a8be19e6ac18,03de44e58ba8e2846d12bd5e038d957356e0d19565718160a238a8be19e6ac18,"[""D:\\pybullet_test\\.venv\\Scripts\\python.exe"", ""run_unified_experiments.py"", ""--formal"", ""--resume"", ""--instances"", ""w30"", ""--solvers"", ""abma"", ""--seeds"", ""68"", ""--selected-evaluation-budget"", ""<USER_SELECTED_A_OR_B_BUDGET>"", ""--selected-timeout"", ""21600"", ""--output-root"", ""unified_experiments/formal_protocol_5fb8fec80189731e702186e13567ea8cb1d16c707b06446f9ab1e705c76291dc/formal/w30/abma/seed_68""]"
88,formal__w30__abma__seed_69,2fab0e3e566477294710c7f5296eae3f19fffdaf771928347daa371758bb2a62,abma,69,11000,16000,,21600,21600,5fb8fec80189731e702186e13567ea8cb1d16c707b06446f9ab1e705c76291dc,e9e221a5db62c86aed76061099db5eaeb9b8c63708fbd05e33328b1811a38df4,631b2d675e7531d04a3c019cc8013158223944074da3e42d489a5745addee1d3,separate_postprocess_after_successful_raw_run,unified_experiments/formal_protocol_5fb8fec80189731e702186e13567ea8cb1d16c707b06446f9ab1e705c76291dc/formal/w30/abma/seed_69,5fb8fec80189731e702186e13567ea8cb1d16c707b06446f9ab1e705c76291dc:2fab0e3e566477294710c7f5296eae3f19fffdaf771928347daa371758bb2a62:abma:69:17d48da155cb885aa38b24e95a4182414e1a8ac3dff0301dccb535314a475b53,17d48da155cb885aa38b24e95a4182414e1a8ac3dff0301dccb535314a475b53,"[""D:\\pybullet_test\\.venv\\Scripts\\python.exe"", ""run_unified_experiments.py"", ""--formal"", ""--resume"", ""--instances"", ""w30"", ""--solvers"", ""abma"", ""--seeds"", ""69"", ""--selected-evaluation-budget"", ""<USER_SELECTED_A_OR_B_BUDGET>"", ""--selected-timeout"", ""21600"", ""--output-root"", ""unified_experiments/formal_protocol_5fb8fec80189731e702186e13567ea8cb1d16c707b06446f9ab1e705c76291dc/formal/w30/abma/seed_69""]"
89,formal__w30__abma__seed_70,2fab0e3e566477294710c7f5296eae3f19fffdaf771928347daa371758bb2a62,abma,70,11000,16000,,21600,21600,5fb8fec80189731e702186e13567ea8cb1d16c707b06446f9ab1e705c76291dc,e9e221a5db62c86aed76061099db5eaeb9b8c63708fbd05e33328b1811a38df4,631b2d675e7531d04a3c019cc8013158223944074da3e42d489a5745addee1d3,separate_postprocess_after_successful_raw_run,unified_experiments/formal_protocol_5fb8fec80189731e702186e13567ea8cb1d16c707b06446f9ab1e705c76291dc/formal/w30/abma/seed_70,5fb8fec80189731e702186e13567ea8cb1d16c707b06446f9ab1e705c76291dc:2fab0e3e566477294710c7f5296eae3f19fffdaf771928347daa371758bb2a62:abma:70:18caf84eb2336a42c96f6daa8dc17a33c71a23dee8d0c8a9742b072385ccebd3,18caf84eb2336a42c96f6daa8dc17a33c71a23dee8d0c8a9742b072385ccebd3,"[""D:\\pybullet_test\\.venv\\Scripts\\python.exe"", ""run_unified_experiments.py"", ""--formal"", ""--resume"", ""--instances"", ""w30"", ""--solvers"", ""abma"", ""--seeds"", ""70"", ""--selected-evaluation-budget"", ""<USER_SELECTED_A_OR_B_BUDGET>"", ""--selected-timeout"", ""21600"", ""--output-root"", ""unified_experiments/formal_protocol_5fb8fec80189731e702186e13567ea8cb1d16c707b06446f9ab1e705c76291dc/formal/w30/abma/seed_70""]"
90,formal__w30__abma__seed_71,2fab0e3e566477294710c7f5296eae3f19fffdaf771928347daa371758bb2a62,abma,71,11000,16000,,21600,21600,5fb8fec80189731e702186e13567ea8cb1d16c707b06446f9ab1e705c76291dc,e9e221a5db62c86aed76061099db5eaeb9b8c63708fbd05e33328b1811a38df4,631b2d675e7531d04a3c019cc8013158223944074da3e42d489a5745addee1d3,separate_postprocess_after_successful_raw_run,unified_experiments/formal_protocol_5fb8fec80189731e702186e13567ea8cb1d16c707b06446f9ab1e705c76291dc/formal/w30/abma/seed_71,5fb8fec80189731e702186e13567ea8cb1d16c707b06446f9ab1e705c76291dc:2fab0e3e566477294710c7f5296eae3f19fffdaf771928347daa371758bb2a62:abma:71:6707f4dc4bcf592d5d120ab2e5e03eeb5a6db50f863c4976b60ceac230d39fa2,6707f4dc4bcf592d5d120ab2e5e03eeb5a6db50f863c4976b60ceac230d39fa2,"[""D:\\pybullet_test\\.venv\\Scripts\\python.exe"", ""run_unified_experiments.py"", ""--formal"", ""--resume"", ""--instances"", ""w30"", ""--solvers"", ""abma"", ""--seeds"", ""71"", ""--selected-evaluation-budget"", ""<USER_SELECTED_A_OR_B_BUDGET>"", ""--selected-timeout"", ""21600"", ""--output-root"", ""unified_experiments/formal_protocol_5fb8fec80189731e702186e13567ea8cb1d16c707b06446f9ab1e705c76291dc/formal/w30/abma/seed_71""]"
91,formal__w45__ga_aco__seed_42,3b50059c27eb07cf6d40c8c36c0507257890c74fc956278aeedb8318f04e3c38,ga_aco,42,11000,16000,,21600,21600,5fb8fec80189731e702186e13567ea8cb1d16c707b06446f9ab1e705c76291dc,aaa71d5ade10b8e0312112f8c3bf00aa189c8283c0c92760a58443974d8ff017,,separate_postprocess_after_successful_raw_run,unified_experiments/formal_protocol_5fb8fec80189731e702186e13567ea8cb1d16c707b06446f9ab1e705c76291dc/formal/w45/ga_aco/seed_42,5fb8fec80189731e702186e13567ea8cb1d16c707b06446f9ab1e705c76291dc:3b50059c27eb07cf6d40c8c36c0507257890c74fc956278aeedb8318f04e3c38:ga_aco:42:c8dfdc6d3dfe11d25cbc62b6be3a3d7a14b7a7b9c52791dc470285e8a1391664,c8dfdc6d3dfe11d25cbc62b6be3a3d7a14b7a7b9c52791dc470285e8a1391664,"[""D:\\pybullet_test\\.venv\\Scripts\\python.exe"", ""run_unified_experiments.py"", ""--formal"", ""--resume"", ""--instances"", ""w45"", ""--solvers"", ""ga_aco"", ""--seeds"", ""42"", ""--selected-evaluation-budget"", ""<USER_SELECTED_A_OR_B_BUDGET>"", ""--selected-timeout"", ""21600"", ""--output-root"", ""unified_experiments/formal_protocol_5fb8fec80189731e702186e13567ea8cb1d16c707b06446f9ab1e705c76291dc/formal/w45/ga_aco/seed_42""]"
92,formal__w45__ga_aco__seed_43,3b50059c27eb07cf6d40c8c36c0507257890c74fc956278aeedb8318f04e3c38,ga_aco,43,11000,16000,,21600,21600,5fb8fec80189731e702186e13567ea8cb1d16c707b06446f9ab1e705c76291dc,aaa71d5ade10b8e0312112f8c3bf00aa189c8283c0c92760a58443974d8ff017,,separate_postprocess_after_successful_raw_run,unified_experiments/formal_protocol_5fb8fec80189731e702186e13567ea8cb1d16c707b06446f9ab1e705c76291dc/formal/w45/ga_aco/seed_43,5fb8fec80189731e702186e13567ea8cb1d16c707b06446f9ab1e705c76291dc:3b50059c27eb07cf6d40c8c36c0507257890c74fc956278aeedb8318f04e3c38:ga_aco:43:96146c825aefc1cb98c4b9a38a57a06eb72eeeea35a5564043d53aea95becda8,96146c825aefc1cb98c4b9a38a57a06eb72eeeea35a5564043d53aea95becda8,"[""D:\\pybullet_test\\.venv\\Scripts\\python.exe"", ""run_unified_experiments.py"", ""--formal"", ""--resume"", ""--instances"", ""w45"", ""--solvers"", ""ga_aco"", ""--seeds"", ""43"", ""--selected-evaluation-budget"", ""<USER_SELECTED_A_OR_B_BUDGET>"", ""--selected-timeout"", ""21600"", ""--output-root"", ""unified_experiments/formal_protocol_5fb8fec80189731e702186e13567ea8cb1d16c707b06446f9ab1e705c76291dc/formal/w45/ga_aco/seed_43""]"
93,formal__w45__ga_aco__seed_44,3b50059c27eb07cf6d40c8c36c0507257890c74fc956278aeedb8318f04e3c38,ga_aco,44,11000,16000,,21600,21600,5fb8fec80189731e702186e13567ea8cb1d16c707b06446f9ab1e705c76291dc,aaa71d5ade10b8e0312112f8c3bf00aa189c8283c0c92760a58443974d8ff017,,separate_postprocess_after_successful_raw_run,unified_experiments/formal_protocol_5fb8fec80189731e702186e13567ea8cb1d16c707b06446f9ab1e705c76291dc/formal/w45/ga_aco/seed_44,5fb8fec80189731e702186e13567ea8cb1d16c707b06446f9ab1e705c76291dc:3b50059c27eb07cf6d40c8c36c0507257890c74fc956278aeedb8318f04e3c38:ga_aco:44:ac4a25d34348629f3be28c8ee3bae286ae9416002c94bdc5b8cd333a0c82f836,ac4a25d34348629f3be28c8ee3bae286ae9416002c94bdc5b8cd333a0c82f836,"[""D:\\pybullet_test\\.venv\\Scripts\\python.exe"", ""run_unified_experiments.py"", ""--formal"", ""--resume"", ""--instances"", ""w45"", ""--solvers"", ""ga_aco"", ""--seeds"", ""44"", ""--selected-evaluation-budget"", ""<USER_SELECTED_A_OR_B_BUDGET>"", ""--selected-timeout"", ""21600"", ""--output-root"", ""unified_experiments/formal_protocol_5fb8fec80189731e702186e13567ea8cb1d16c707b06446f9ab1e705c76291dc/formal/w45/ga_aco/seed_44""]"
94,formal__w45__ga_aco__seed_45,3b50059c27eb07cf6d40c8c36c0507257890c74fc956278aeedb8318f04e3c38,ga_aco,45,11000,16000,,21600,21600,5fb8fec80189731e702186e13567ea8cb1d16c707b06446f9ab1e705c76291dc,aaa71d5ade10b8e0312112f8c3bf00aa189c8283c0c92760a58443974d8ff017,,separate_postprocess_after_successful_raw_run,unified_experiments/formal_protocol_5fb8fec80189731e702186e13567ea8cb1d16c707b06446f9ab1e705c76291dc/formal/w45/ga_aco/seed_45,5fb8fec80189731e702186e13567ea8cb1d16c707b06446f9ab1e705c76291dc:3b50059c27eb07cf6d40c8c36c0507257890c74fc956278aeedb8318f04e3c38:ga_aco:45:362275595651dac614953c0cc519b840de17152892d99a961b1fac6c406ee240,362275595651dac614953c0cc519b840de17152892d99a961b1fac6c406ee240,"[""D:\\pybullet_test\\.venv\\Scripts\\python.exe"", ""run_unified_experiments.py"", ""--formal"", ""--resume"", ""--instances"", ""w45"", ""--solvers"", ""ga_aco"", ""--seeds"", ""45"", ""--selected-evaluation-budget"", ""<USER_SELECTED_A_OR_B_BUDGET>"", ""--selected-timeout"", ""21600"", ""--output-root"", ""unified_experiments/formal_protocol_5fb8fec80189731e702186e13567ea8cb1d16c707b06446f9ab1e705c76291dc/formal/w45/ga_aco/seed_45""]"
95,formal__w45__ga_aco__seed_46,3b50059c27eb07cf6d40c8c36c0507257890c74fc956278aeedb8318f04e3c38,ga_aco,46,11000,16000,,21600,21600,5fb8fec80189731e702186e13567ea8cb1d16c707b06446f9ab1e705c76291dc,aaa71d5ade10b8e0312112f8c3bf00aa189c8283c0c92760a58443974d8ff017,,separate_postprocess_after_successful_raw_run,unified_experiments/formal_protocol_5fb8fec80189731e702186e13567ea8cb1d16c707b06446f9ab1e705c76291dc/formal/w45/ga_aco/seed_46,5fb8fec80189731e702186e13567ea8cb1d16c707b06446f9ab1e705c76291dc:3b50059c27eb07cf6d40c8c36c0507257890c74fc956278aeedb8318f04e3c38:ga_aco:46:ed32672dd11d2111e855343ce65a892ff70d43f90dc3bc88c1fdb5db54874695,ed32672dd11d2111e855343ce65a892ff70d43f90dc3bc88c1fdb5db54874695,"[""D:\\pybullet_test\\.venv\\Scripts\\python.exe"", ""run_unified_experiments.py"", ""--formal"", ""--resume"", ""--instances"", ""w45"", ""--solvers"", ""ga_aco"", ""--seeds"", ""46"", ""--selected-evaluation-budget"", ""<USER_SELECTED_A_OR_B_BUDGET>"", ""--selected-timeout"", ""21600"", ""--output-root"", ""unified_experiments/formal_protocol_5fb8fec80189731e702186e13567ea8cb1d16c707b06446f9ab1e705c76291dc/formal/w45/ga_aco/seed_46""]"
96,formal__w45__ga_aco__seed_47,3b50059c27eb07cf6d40c8c36c0507257890c74fc956278aeedb8318f04e3c38,ga_aco,47,11000,16000,,21600,21600,5fb8fec80189731e702186e13567ea8cb1d16c707b06446f9ab1e705c76291dc,aaa71d5ade10b8e0312112f8c3bf00aa189c8283c0c92760a58443974d8ff017,,separate_postprocess_after_successful_raw_run,unified_experiments/formal_protocol_5fb8fec80189731e702186e13567ea8cb1d16c707b06446f9ab1e705c76291dc/formal/w45/ga_aco/seed_47,5fb8fec80189731e702186e13567ea8cb1d16c707b06446f9ab1e705c76291dc:3b50059c27eb07cf6d40c8c36c0507257890c74fc956278aeedb8318f04e3c38:ga_aco:47:02323187e37808e6bcca9087870f395bceee31fe8b8d5fe42c08e272301ea201,02323187e37808e6bcca9087870f395bceee31fe8b8d5fe42c08e272301ea201,"[""D:\\pybullet_test\\.venv\\Scripts\\python.exe"", ""run_unified_experiments.py"", ""--formal"", ""--resume"", ""--instances"", ""w45"", ""--solvers"", ""ga_aco"", ""--seeds"", ""47"", ""--selected-evaluation-budget"", ""<USER_SELECTED_A_OR_B_BUDGET>"", ""--selected-timeout"", ""21600"", ""--output-root"", ""unified_experiments/formal_protocol_5fb8fec80189731e702186e13567ea8cb1d16c707b06446f9ab1e705c76291dc/formal/w45/ga_aco/seed_47""]"
97,formal__w45__ga_aco__seed_48,3b50059c27eb07cf6d40c8c36c0507257890c74fc956278aeedb8318f04e3c38,ga_aco,48,11000,16000,,21600,21600,5fb8fec80189731e702186e13567ea8cb1d16c707b06446f9ab1e705c76291dc,aaa71d5ade10b8e0312112f8c3bf00aa189c8283c0c92760a58443974d8ff017,,separate_postprocess_after_successful_raw_run,unified_experiments/formal_protocol_5fb8fec80189731e702186e13567ea8cb1d16c707b06446f9ab1e705c76291dc/formal/w45/ga_aco/seed_48,5fb8fec80189731e702186e13567ea8cb1d16c707b06446f9ab1e705c76291dc:3b50059c27eb07cf6d40c8c36c0507257890c74fc956278aeedb8318f04e3c38:ga_aco:48:fa5730b3a86689044fb1c8acf25d25ac4a28269601604d0031c9f8d392e770d0,fa5730b3a86689044fb1c8acf25d25ac4a28269601604d0031c9f8d392e770d0,"[""D:\\pybullet_test\\.venv\\Scripts\\python.exe"", ""run_unified_experiments.py"", ""--formal"", ""--resume"", ""--instances"", ""w45"", ""--solvers"", ""ga_aco"", ""--seeds"", ""48"", ""--selected-evaluation-budget"", ""<USER_SELECTED_A_OR_B_BUDGET>"", ""--selected-timeout"", ""21600"", ""--output-root"", ""unified_experiments/formal_protocol_5fb8fec80189731e702186e13567ea8cb1d16c707b06446f9ab1e705c76291dc/formal/w45/ga_aco/seed_48""]"
98,formal__w45__ga_aco__seed_49,3b50059c27eb07cf6d40c8c36c0507257890c74fc956278aeedb8318f04e3c38,ga_aco,49,11000,16000,,21600,21600,5fb8fec80189731e702186e13567ea8cb1d16c707b06446f9ab1e705c76291dc,aaa71d5ade10b8e0312112f8c3bf00aa189c8283c0c92760a58443974d8ff017,,separate_postprocess_after_successful_raw_run,unified_experiments/formal_protocol_5fb8fec80189731e702186e13567ea8cb1d16c707b06446f9ab1e705c76291dc/formal/w45/ga_aco/seed_49,5fb8fec80189731e702186e13567ea8cb1d16c707b06446f9ab1e705c76291dc:3b50059c27eb07cf6d40c8c36c0507257890c74fc956278aeedb8318f04e3c38:ga_aco:49:9deb6c420f831f6ac8218889ee588d70c77ca0048c06a3e977a10ed7c91669dc,9deb6c420f831f6ac8218889ee588d70c77ca0048c06a3e977a10ed7c91669dc,"[""D:\\pybullet_test\\.venv\\Scripts\\python.exe"", ""run_unified_experiments.py"", ""--formal"", ""--resume"", ""--instances"", ""w45"", ""--solvers"", ""ga_aco"", ""--seeds"", ""49"", ""--selected-evaluation-budget"", ""<USER_SELECTED_A_OR_B_BUDGET>"", ""--selected-timeout"", ""21600"", ""--output-root"", ""unified_experiments/formal_protocol_5fb8fec80189731e702186e13567ea8cb1d16c707b06446f9ab1e705c76291dc/formal/w45/ga_aco/seed_49""]"
99,formal__w45__ga_aco__seed_50,3b50059c27eb07cf6d40c8c36c0507257890c74fc956278aeedb8318f04e3c38,ga_aco,50,11000,16000,,21600,21600,5fb8fec80189731e702186e13567ea8cb1d16c707b06446f9ab1e705c76291dc,aaa71d5ade10b8e0312112f8c3bf00aa189c8283c0c92760a58443974d8ff017,,separate_postprocess_after_successful_raw_run,unified_experiments/formal_protocol_5fb8fec80189731e702186e13567ea8cb1d16c707b06446f9ab1e705c76291dc/formal/w45/ga_aco/seed_50,5fb8fec80189731e702186e13567ea8cb1d16c707b06446f9ab1e705c76291dc:3b50059c27eb07cf6d40c8c36c0507257890c74fc956278aeedb8318f04e3c38:ga_aco:50:5957ed75dfca310100b5ed77c10eed248dba3b1185037238af7ead3ce25cfb0b,5957ed75dfca310100b5ed77c10eed248dba3b1185037238af7ead3ce25cfb0b,"[""D:\\pybullet_test\\.venv\\Scripts\\python.exe"", ""run_unified_experiments.py"", ""--formal"", ""--resume"", ""--instances"", ""w45"", ""--solvers"", ""ga_aco"", ""--seeds"", ""50"", ""--selected-evaluation-budget"", ""<USER_SELECTED_A_OR_B_BUDGET>"", ""--selected-timeout"", ""21600"", ""--output-root"", ""unified_experiments/formal_protocol_5fb8fec80189731e702186e13567ea8cb1d16c707b06446f9ab1e705c76291dc/formal/w45/ga_aco/seed_50""]"
100,formal__w45__ga_aco__seed_51,3b50059c27eb07cf6d40c8c36c0507257890c74fc956278aeedb8318f04e3c38,ga_aco,51,11000,16000,,21600,21600,5fb8fec80189731e702186e13567ea8cb1d16c707b06446f9ab1e705c76291dc,aaa71d5ade10b8e0312112f8c3bf00aa189c8283c0c92760a58443974d8ff017,,separate_postprocess_after_successful_raw_run,unified_experiments/formal_protocol_5fb8fec80189731e702186e13567ea8cb1d16c707b06446f9ab1e705c76291dc/formal/w45/ga_aco/seed_51,5fb8fec80189731e702186e13567ea8cb1d16c707b06446f9ab1e705c76291dc:3b50059c27eb07cf6d40c8c36c0507257890c74fc956278aeedb8318f04e3c38:ga_aco:51:46f37a9efc61fede949ac2d1ab672c8ef48001550c5cbe15d0402f71cc1cfdc9,46f37a9efc61fede949ac2d1ab672c8ef48001550c5cbe15d0402f71cc1cfdc9,"[""D:\\pybullet_test\\.venv\\Scripts\\python.exe"", ""run_unified_experiments.py"", ""--formal"", ""--resume"", ""--instances"", ""w45"", ""--solvers"", ""ga_aco"", ""--seeds"", ""51"", ""--selected-evaluation-budget"", ""<USER_SELECTED_A_OR_B_BUDGET>"", ""--selected-timeout"", ""21600"", ""--output-root"", ""unified_experiments/formal_protocol_5fb8fec80189731e702186e13567ea8cb1d16c707b06446f9ab1e705c76291dc/formal/w45/ga_aco/seed_51""]"
101,formal__w45__ga_aco__seed_52,3b50059c27eb07cf6d40c8c36c0507257890c74fc956278aeedb8318f04e3c38,ga_aco,52,11000,16000,,21600,21600,5fb8fec80189731e702186e13567ea8cb1d16c707b06446f9ab1e705c76291dc,aaa71d5ade10b8e0312112f8c3bf00aa189c8283c0c92760a58443974d8ff017,,separate_postprocess_after_successful_raw_run,unified_experiments/formal_protocol_5fb8fec80189731e702186e13567ea8cb1d16c707b06446f9ab1e705c76291dc/formal/w45/ga_aco/seed_52,5fb8fec80189731e702186e13567ea8cb1d16c707b06446f9ab1e705c76291dc:3b50059c27eb07cf6d40c8c36c0507257890c74fc956278aeedb8318f04e3c38:ga_aco:52:eb98450ba9a39744d0fd93c99b4580a77c10ad19423dbaf82d3eefa07212e560,eb98450ba9a39744d0fd93c99b4580a77c10ad19423dbaf82d3eefa07212e560,"[""D:\\pybullet_test\\.venv\\Scripts\\python.exe"", ""run_unified_experiments.py"", ""--formal"", ""--resume"", ""--instances"", ""w45"", ""--solvers"", ""ga_aco"", ""--seeds"", ""52"", ""--selected-evaluation-budget"", ""<USER_SELECTED_A_OR_B_BUDGET>"", ""--selected-timeout"", ""21600"", ""--output-root"", ""unified_experiments/formal_protocol_5fb8fec80189731e702186e13567ea8cb1d16c707b06446f9ab1e705c76291dc/formal/w45/ga_aco/seed_52""]"
102,formal__w45__ga_aco__seed_53,3b50059c27eb07cf6d40c8c36c0507257890c74fc956278aeedb8318f04e3c38,ga_aco,53,11000,16000,,21600,21600,5fb8fec80189731e702186e13567ea8cb1d16c707b06446f9ab1e705c76291dc,aaa71d5ade10b8e0312112f8c3bf00aa189c8283c0c92760a58443974d8ff017,,separate_postprocess_after_successful_raw_run,unified_experiments/formal_protocol_5fb8fec80189731e702186e13567ea8cb1d16c707b06446f9ab1e705c76291dc/formal/w45/ga_aco/seed_53,5fb8fec80189731e702186e13567ea8cb1d16c707b06446f9ab1e705c76291dc:3b50059c27eb07cf6d40c8c36c0507257890c74fc956278aeedb8318f04e3c38:ga_aco:53:df6ebf5967e0c39eab7a3e28e94a9ea8de4ccee5f96672930c355730fbf75940,df6ebf5967e0c39eab7a3e28e94a9ea8de4ccee5f96672930c355730fbf75940,"[""D:\\pybullet_test\\.venv\\Scripts\\python.exe"", ""run_unified_experiments.py"", ""--formal"", ""--resume"", ""--instances"", ""w45"", ""--solvers"", ""ga_aco"", ""--seeds"", ""53"", ""--selected-evaluation-budget"", ""<USER_SELECTED_A_OR_B_BUDGET>"", ""--selected-timeout"", ""21600"", ""--output-root"", ""unified_experiments/formal_protocol_5fb8fec80189731e702186e13567ea8cb1d16c707b06446f9ab1e705c76291dc/formal/w45/ga_aco/seed_53""]"
103,formal__w45__ga_aco__seed_54,3b50059c27eb07cf6d40c8c36c0507257890c74fc956278aeedb8318f04e3c38,ga_aco,54,11000,16000,,21600,21600,5fb8fec80189731e702186e13567ea8cb1d16c707b06446f9ab1e705c76291dc,aaa71d5ade10b8e0312112f8c3bf00aa189c8283c0c92760a58443974d8ff017,,separate_postprocess_after_successful_raw_run,unified_experiments/formal_protocol_5fb8fec80189731e702186e13567ea8cb1d16c707b06446f9ab1e705c76291dc/formal/w45/ga_aco/seed_54,5fb8fec80189731e702186e13567ea8cb1d16c707b06446f9ab1e705c76291dc:3b50059c27eb07cf6d40c8c36c0507257890c74fc956278aeedb8318f04e3c38:ga_aco:54:6e913d8c88492b76af8f04876b05d48a3c5041fdbca8515d8ad0311eac6e86a2,6e913d8c88492b76af8f04876b05d48a3c5041fdbca8515d8ad0311eac6e86a2,"[""D:\\pybullet_test\\.venv\\Scripts\\python.exe"", ""run_unified_experiments.py"", ""--formal"", ""--resume"", ""--instances"", ""w45"", ""--solvers"", ""ga_aco"", ""--seeds"", ""54"", ""--selected-evaluation-budget"", ""<USER_SELECTED_A_OR_B_BUDGET>"", ""--selected-timeout"", ""21600"", ""--output-root"", ""unified_experiments/formal_protocol_5fb8fec80189731e702186e13567ea8cb1d16c707b06446f9ab1e705c76291dc/formal/w45/ga_aco/seed_54""]"
104,formal__w45__ga_aco__seed_55,3b50059c27eb07cf6d40c8c36c0507257890c74fc956278aeedb8318f04e3c38,ga_aco,55,11000,16000,,21600,21600,5fb8fec80189731e702186e13567ea8cb1d16c707b06446f9ab1e705c76291dc,aaa71d5ade10b8e0312112f8c3bf00aa189c8283c0c92760a58443974d8ff017,,separate_postprocess_after_successful_raw_run,unified_experiments/formal_protocol_5fb8fec80189731e702186e13567ea8cb1d16c707b06446f9ab1e705c76291dc/formal/w45/ga_aco/seed_55,5fb8fec80189731e702186e13567ea8cb1d16c707b06446f9ab1e705c76291dc:3b50059c27eb07cf6d40c8c36c0507257890c74fc956278aeedb8318f04e3c38:ga_aco:55:3c82542975ee0b9fa34ae2ea3fb5b5a404b64e2cf4e9f5478dbe2bc5e0a459b3,3c82542975ee0b9fa34ae2ea3fb5b5a404b64e2cf4e9f5478dbe2bc5e0a459b3,"[""D:\\pybullet_test\\.venv\\Scripts\\python.exe"", ""run_unified_experiments.py"", ""--formal"", ""--resume"", ""--instances"", ""w45"", ""--solvers"", ""ga_aco"", ""--seeds"", ""55"", ""--selected-evaluation-budget"", ""<USER_SELECTED_A_OR_B_BUDGET>"", ""--selected-timeout"", ""21600"", ""--output-root"", ""unified_experiments/formal_protocol_5fb8fec80189731e702186e13567ea8cb1d16c707b06446f9ab1e705c76291dc/formal/w45/ga_aco/seed_55""]"
105,formal__w45__ga_aco__seed_56,3b50059c27eb07cf6d40c8c36c0507257890c74fc956278aeedb8318f04e3c38,ga_aco,56,11000,16000,,21600,21600,5fb8fec80189731e702186e13567ea8cb1d16c707b06446f9ab1e705c76291dc,aaa71d5ade10b8e0312112f8c3bf00aa189c8283c0c92760a58443974d8ff017,,separate_postprocess_after_successful_raw_run,unified_experiments/formal_protocol_5fb8fec80189731e702186e13567ea8cb1d16c707b06446f9ab1e705c76291dc/formal/w45/ga_aco/seed_56,5fb8fec80189731e702186e13567ea8cb1d16c707b06446f9ab1e705c76291dc:3b50059c27eb07cf6d40c8c36c0507257890c74fc956278aeedb8318f04e3c38:ga_aco:56:e982b971327ec8596c719e16676c451ccfe90933c9948925bba671949c566427,e982b971327ec8596c719e16676c451ccfe90933c9948925bba671949c566427,"[""D:\\pybullet_test\\.venv\\Scripts\\python.exe"", ""run_unified_experiments.py"", ""--formal"", ""--resume"", ""--instances"", ""w45"", ""--solvers"", ""ga_aco"", ""--seeds"", ""56"", ""--selected-evaluation-budget"", ""<USER_SELECTED_A_OR_B_BUDGET>"", ""--selected-timeout"", ""21600"", ""--output-root"", ""unified_experiments/formal_protocol_5fb8fec80189731e702186e13567ea8cb1d16c707b06446f9ab1e705c76291dc/formal/w45/ga_aco/seed_56""]"
106,formal__w45__ga_aco__seed_57,3b50059c27eb07cf6d40c8c36c0507257890c74fc956278aeedb8318f04e3c38,ga_aco,57,11000,16000,,21600,21600,5fb8fec80189731e702186e13567ea8cb1d16c707b06446f9ab1e705c76291dc,aaa71d5ade10b8e0312112f8c3bf00aa189c8283c0c92760a58443974d8ff017,,separate_postprocess_after_successful_raw_run,unified_experiments/formal_protocol_5fb8fec80189731e702186e13567ea8cb1d16c707b06446f9ab1e705c76291dc/formal/w45/ga_aco/seed_57,5fb8fec80189731e702186e13567ea8cb1d16c707b06446f9ab1e705c76291dc:3b50059c27eb07cf6d40c8c36c0507257890c74fc956278aeedb8318f04e3c38:ga_aco:57:c96109fd3d515e88f53b191db7ffe83f8c116aaec9f3e3fbe90d4ed0cccee7b0,c96109fd3d515e88f53b191db7ffe83f8c116aaec9f3e3fbe90d4ed0cccee7b0,"[""D:\\pybullet_test\\.venv\\Scripts\\python.exe"", ""run_unified_experiments.py"", ""--formal"", ""--resume"", ""--instances"", ""w45"", ""--solvers"", ""ga_aco"", ""--seeds"", ""57"", ""--selected-evaluation-budget"", ""<USER_SELECTED_A_OR_B_BUDGET>"", ""--selected-timeout"", ""21600"", ""--output-root"", ""unified_experiments/formal_protocol_5fb8fec80189731e702186e13567ea8cb1d16c707b06446f9ab1e705c76291dc/formal/w45/ga_aco/seed_57""]"
107,formal__w45__ga_aco__seed_58,3b50059c27eb07cf6d40c8c36c0507257890c74fc956278aeedb8318f04e3c38,ga_aco,58,11000,16000,,21600,21600,5fb8fec80189731e702186e13567ea8cb1d16c707b06446f9ab1e705c76291dc,aaa71d5ade10b8e0312112f8c3bf00aa189c8283c0c92760a58443974d8ff017,,separate_postprocess_after_successful_raw_run,unified_experiments/formal_protocol_5fb8fec80189731e702186e13567ea8cb1d16c707b06446f9ab1e705c76291dc/formal/w45/ga_aco/seed_58,5fb8fec80189731e702186e13567ea8cb1d16c707b06446f9ab1e705c76291dc:3b50059c27eb07cf6d40c8c36c0507257890c74fc956278aeedb8318f04e3c38:ga_aco:58:22238ec8349de254612d15708e12001c4abd02e7ed685f2de858da72db2ad12e,22238ec8349de254612d15708e12001c4abd02e7ed685f2de858da72db2ad12e,"[""D:\\pybullet_test\\.venv\\Scripts\\python.exe"", ""run_unified_experiments.py"", ""--formal"", ""--resume"", ""--instances"", ""w45"", ""--solvers"", ""ga_aco"", ""--seeds"", ""58"", ""--selected-evaluation-budget"", ""<USER_SELECTED_A_OR_B_BUDGET>"", ""--selected-timeout"", ""21600"", ""--output-root"", ""unified_experiments/formal_protocol_5fb8fec80189731e702186e13567ea8cb1d16c707b06446f9ab1e705c76291dc/formal/w45/ga_aco/seed_58""]"
108,formal__w45__ga_aco__seed_59,3b50059c27eb07cf6d40c8c36c0507257890c74fc956278aeedb8318f04e3c38,ga_aco,59,11000,16000,,21600,21600,5fb8fec80189731e702186e13567ea8cb1d16c707b06446f9ab1e705c76291dc,aaa71d5ade10b8e0312112f8c3bf00aa189c8283c0c92760a58443974d8ff017,,separate_postprocess_after_successful_raw_run,unified_experiments/formal_protocol_5fb8fec80189731e702186e13567ea8cb1d16c707b06446f9ab1e705c76291dc/formal/w45/ga_aco/seed_59,5fb8fec80189731e702186e13567ea8cb1d16c707b06446f9ab1e705c76291dc:3b50059c27eb07cf6d40c8c36c0507257890c74fc956278aeedb8318f04e3c38:ga_aco:59:b1d59755b4a428f158f471b33f7ceeaf2b25af9ceee94ced358f125557b48d52,b1d59755b4a428f158f471b33f7ceeaf2b25af9ceee94ced358f125557b48d52,"[""D:\\pybullet_test\\.venv\\Scripts\\python.exe"", ""run_unified_experiments.py"", ""--formal"", ""--resume"", ""--instances"", ""w45"", ""--solvers"", ""ga_aco"", ""--seeds"", ""59"", ""--selected-evaluation-budget"", ""<USER_SELECTED_A_OR_B_BUDGET>"", ""--selected-timeout"", ""21600"", ""--output-root"", ""unified_experiments/formal_protocol_5fb8fec80189731e702186e13567ea8cb1d16c707b06446f9ab1e705c76291dc/formal/w45/ga_aco/seed_59""]"
109,formal__w45__ga_aco__seed_60,3b50059c27eb07cf6d40c8c36c0507257890c74fc956278aeedb8318f04e3c38,ga_aco,60,11000,16000,,21600,21600,5fb8fec80189731e702186e13567ea8cb1d16c707b06446f9ab1e705c76291dc,aaa71d5ade10b8e0312112f8c3bf00aa189c8283c0c92760a58443974d8ff017,,separate_postprocess_after_successful_raw_run,unified_experiments/formal_protocol_5fb8fec80189731e702186e13567ea8cb1d16c707b06446f9ab1e705c76291dc/formal/w45/ga_aco/seed_60,5fb8fec80189731e702186e13567ea8cb1d16c707b06446f9ab1e705c76291dc:3b50059c27eb07cf6d40c8c36c0507257890c74fc956278aeedb8318f04e3c38:ga_aco:60:46d6eafaf9d566ada8a90d776e7bd348548f71f7c4098e78786a2a6528ae5a7c,46d6eafaf9d566ada8a90d776e7bd348548f71f7c4098e78786a2a6528ae5a7c,"[""D:\\pybullet_test\\.venv\\Scripts\\python.exe"", ""run_unified_experiments.py"", ""--formal"", ""--resume"", ""--instances"", ""w45"", ""--solvers"", ""ga_aco"", ""--seeds"", ""60"", ""--selected-evaluation-budget"", ""<USER_SELECTED_A_OR_B_BUDGET>"", ""--selected-timeout"", ""21600"", ""--output-root"", ""unified_experiments/formal_protocol_5fb8fec80189731e702186e13567ea8cb1d16c707b06446f9ab1e705c76291dc/formal/w45/ga_aco/seed_60""]"
110,formal__w45__ga_aco__seed_61,3b50059c27eb07cf6d40c8c36c0507257890c74fc956278aeedb8318f04e3c38,ga_aco,61,11000,16000,,21600,21600,5fb8fec80189731e702186e13567ea8cb1d16c707b06446f9ab1e705c76291dc,aaa71d5ade10b8e0312112f8c3bf00aa189c8283c0c92760a58443974d8ff017,,separate_postprocess_after_successful_raw_run,unified_experiments/formal_protocol_5fb8fec80189731e702186e13567ea8cb1d16c707b06446f9ab1e705c76291dc/formal/w45/ga_aco/seed_61,5fb8fec80189731e702186e13567ea8cb1d16c707b06446f9ab1e705c76291dc:3b50059c27eb07cf6d40c8c36c0507257890c74fc956278aeedb8318f04e3c38:ga_aco:61:a82188d8469a458e72a7277ba648a0aff9031f9d798d27e328e0b93a251858b6,a82188d8469a458e72a7277ba648a0aff9031f9d798d27e328e0b93a251858b6,"[""D:\\pybullet_test\\.venv\\Scripts\\python.exe"", ""run_unified_experiments.py"", ""--formal"", ""--resume"", ""--instances"", ""w45"", ""--solvers"", ""ga_aco"", ""--seeds"", ""61"", ""--selected-evaluation-budget"", ""<USER_SELECTED_A_OR_B_BUDGET>"", ""--selected-timeout"", ""21600"", ""--output-root"", ""unified_experiments/formal_protocol_5fb8fec80189731e702186e13567ea8cb1d16c707b06446f9ab1e705c76291dc/formal/w45/ga_aco/seed_61""]"
111,formal__w45__ga_aco__seed_62,3b50059c27eb07cf6d40c8c36c0507257890c74fc956278aeedb8318f04e3c38,ga_aco,62,11000,16000,,21600,21600,5fb8fec80189731e702186e13567ea8cb1d16c707b06446f9ab1e705c76291dc,aaa71d5ade10b8e0312112f8c3bf00aa189c8283c0c92760a58443974d8ff017,,separate_postprocess_after_successful_raw_run,unified_experiments/formal_protocol_5fb8fec80189731e702186e13567ea8cb1d16c707b06446f9ab1e705c76291dc/formal/w45/ga_aco/seed_62,5fb8fec80189731e702186e13567ea8cb1d16c707b06446f9ab1e705c76291dc:3b50059c27eb07cf6d40c8c36c0507257890c74fc956278aeedb8318f04e3c38:ga_aco:62:438db6bc23e6fbcf49c7f94759231a050000cbf754ae489a5cacb753d2c52ef7,438db6bc23e6fbcf49c7f94759231a050000cbf754ae489a5cacb753d2c52ef7,"[""D:\\pybullet_test\\.venv\\Scripts\\python.exe"", ""run_unified_experiments.py"", ""--formal"", ""--resume"", ""--instances"", ""w45"", ""--solvers"", ""ga_aco"", ""--seeds"", ""62"", ""--selected-evaluation-budget"", ""<USER_SELECTED_A_OR_B_BUDGET>"", ""--selected-timeout"", ""21600"", ""--output-root"", ""unified_experiments/formal_protocol_5fb8fec80189731e702186e13567ea8cb1d16c707b06446f9ab1e705c76291dc/formal/w45/ga_aco/seed_62""]"
112,formal__w45__ga_aco__seed_63,3b50059c27eb07cf6d40c8c36c0507257890c74fc956278aeedb8318f04e3c38,ga_aco,63,11000,16000,,21600,21600,5fb8fec80189731e702186e13567ea8cb1d16c707b06446f9ab1e705c76291dc,aaa71d5ade10b8e0312112f8c3bf00aa189c8283c0c92760a58443974d8ff017,,separate_postprocess_after_successful_raw_run,unified_experiments/formal_protocol_5fb8fec80189731e702186e13567ea8cb1d16c707b06446f9ab1e705c76291dc/formal/w45/ga_aco/seed_63,5fb8fec80189731e702186e13567ea8cb1d16c707b06446f9ab1e705c76291dc:3b50059c27eb07cf6d40c8c36c0507257890c74fc956278aeedb8318f04e3c38:ga_aco:63:c843be775b0ad9ca8b319bfa2ddc1c5a0f58a2f35c0106c64b8e1e0738558c9b,c843be775b0ad9ca8b319bfa2ddc1c5a0f58a2f35c0106c64b8e1e0738558c9b,"[""D:\\pybullet_test\\.venv\\Scripts\\python.exe"", ""run_unified_experiments.py"", ""--formal"", ""--resume"", ""--instances"", ""w45"", ""--solvers"", ""ga_aco"", ""--seeds"", ""63"", ""--selected-evaluation-budget"", ""<USER_SELECTED_A_OR_B_BUDGET>"", ""--selected-timeout"", ""21600"", ""--output-root"", ""unified_experiments/formal_protocol_5fb8fec80189731e702186e13567ea8cb1d16c707b06446f9ab1e705c76291dc/formal/w45/ga_aco/seed_63""]"
113,formal__w45__ga_aco__seed_64,3b50059c27eb07cf6d40c8c36c0507257890c74fc956278aeedb8318f04e3c38,ga_aco,64,11000,16000,,21600,21600,5fb8fec80189731e702186e13567ea8cb1d16c707b06446f9ab1e705c76291dc,aaa71d5ade10b8e0312112f8c3bf00aa189c8283c0c92760a58443974d8ff017,,separate_postprocess_after_successful_raw_run,unified_experiments/formal_protocol_5fb8fec80189731e702186e13567ea8cb1d16c707b06446f9ab1e705c76291dc/formal/w45/ga_aco/seed_64,5fb8fec80189731e702186e13567ea8cb1d16c707b06446f9ab1e705c76291dc:3b50059c27eb07cf6d40c8c36c0507257890c74fc956278aeedb8318f04e3c38:ga_aco:64:9e4a2cc6394705dfd4a344a31f1ca7cdd620f7d2bb9f1676b69d1a403f9166f2,9e4a2cc6394705dfd4a344a31f1ca7cdd620f7d2bb9f1676b69d1a403f9166f2,"[""D:\\pybullet_test\\.venv\\Scripts\\python.exe"", ""run_unified_experiments.py"", ""--formal"", ""--resume"", ""--instances"", ""w45"", ""--solvers"", ""ga_aco"", ""--seeds"", ""64"", ""--selected-evaluation-budget"", ""<USER_SELECTED_A_OR_B_BUDGET>"", ""--selected-timeout"", ""21600"", ""--output-root"", ""unified_experiments/formal_protocol_5fb8fec80189731e702186e13567ea8cb1d16c707b06446f9ab1e705c76291dc/formal/w45/ga_aco/seed_64""]"
114,formal__w45__ga_aco__seed_65,3b50059c27eb07cf6d40c8c36c0507257890c74fc956278aeedb8318f04e3c38,ga_aco,65,11000,16000,,21600,21600,5fb8fec80189731e702186e13567ea8cb1d16c707b06446f9ab1e705c76291dc,aaa71d5ade10b8e0312112f8c3bf00aa189c8283c0c92760a58443974d8ff017,,separate_postprocess_after_successful_raw_run,unified_experiments/formal_protocol_5fb8fec80189731e702186e13567ea8cb1d16c707b06446f9ab1e705c76291dc/formal/w45/ga_aco/seed_65,5fb8fec80189731e702186e13567ea8cb1d16c707b06446f9ab1e705c76291dc:3b50059c27eb07cf6d40c8c36c0507257890c74fc956278aeedb8318f04e3c38:ga_aco:65:df781336cc70cb6cb8fb2ca5e516a32edce6af353ad21b884ef9a834d62a0472,df781336cc70cb6cb8fb2ca5e516a32edce6af353ad21b884ef9a834d62a0472,"[""D:\\pybullet_test\\.venv\\Scripts\\python.exe"", ""run_unified_experiments.py"", ""--formal"", ""--resume"", ""--instances"", ""w45"", ""--solvers"", ""ga_aco"", ""--seeds"", ""65"", ""--selected-evaluation-budget"", ""<USER_SELECTED_A_OR_B_BUDGET>"", ""--selected-timeout"", ""21600"", ""--output-root"", ""unified_experiments/formal_protocol_5fb8fec80189731e702186e13567ea8cb1d16c707b06446f9ab1e705c76291dc/formal/w45/ga_aco/seed_65""]"
115,formal__w45__ga_aco__seed_66,3b50059c27eb07cf6d40c8c36c0507257890c74fc956278aeedb8318f04e3c38,ga_aco,66,11000,16000,,21600,21600,5fb8fec80189731e702186e13567ea8cb1d16c707b06446f9ab1e705c76291dc,aaa71d5ade10b8e0312112f8c3bf00aa189c8283c0c92760a58443974d8ff017,,separate_postprocess_after_successful_raw_run,unified_experiments/formal_protocol_5fb8fec80189731e702186e13567ea8cb1d16c707b06446f9ab1e705c76291dc/formal/w45/ga_aco/seed_66,5fb8fec80189731e702186e13567ea8cb1d16c707b06446f9ab1e705c76291dc:3b50059c27eb07cf6d40c8c36c0507257890c74fc956278aeedb8318f04e3c38:ga_aco:66:b0ffc6de6719de111d7ebb447dbf8013d8a94b3764428aaba1e7849c37cee682,b0ffc6de6719de111d7ebb447dbf8013d8a94b3764428aaba1e7849c37cee682,"[""D:\\pybullet_test\\.venv\\Scripts\\python.exe"", ""run_unified_experiments.py"", ""--formal"", ""--resume"", ""--instances"", ""w45"", ""--solvers"", ""ga_aco"", ""--seeds"", ""66"", ""--selected-evaluation-budget"", ""<USER_SELECTED_A_OR_B_BUDGET>"", ""--selected-timeout"", ""21600"", ""--output-root"", ""unified_experiments/formal_protocol_5fb8fec80189731e702186e13567ea8cb1d16c707b06446f9ab1e705c76291dc/formal/w45/ga_aco/seed_66""]"
116,formal__w45__ga_aco__seed_67,3b50059c27eb07cf6d40c8c36c0507257890c74fc956278aeedb8318f04e3c38,ga_aco,67,11000,16000,,21600,21600,5fb8fec80189731e702186e13567ea8cb1d16c707b06446f9ab1e705c76291dc,aaa71d5ade10b8e0312112f8c3bf00aa189c8283c0c92760a58443974d8ff017,,separate_postprocess_after_successful_raw_run,unified_experiments/formal_protocol_5fb8fec80189731e702186e13567ea8cb1d16c707b06446f9ab1e705c76291dc/formal/w45/ga_aco/seed_67,5fb8fec80189731e702186e13567ea8cb1d16c707b06446f9ab1e705c76291dc:3b50059c27eb07cf6d40c8c36c0507257890c74fc956278aeedb8318f04e3c38:ga_aco:67:c57e5e4eb16b1d5285cd349be5294eb33d22641fc05713ba5854d16a53156233,c57e5e4eb16b1d5285cd349be5294eb33d22641fc05713ba5854d16a53156233,"[""D:\\pybullet_test\\.venv\\Scripts\\python.exe"", ""run_unified_experiments.py"", ""--formal"", ""--resume"", ""--instances"", ""w45"", ""--solvers"", ""ga_aco"", ""--seeds"", ""67"", ""--selected-evaluation-budget"", ""<USER_SELECTED_A_OR_B_BUDGET>"", ""--selected-timeout"", ""21600"", ""--output-root"", ""unified_experiments/formal_protocol_5fb8fec80189731e702186e13567ea8cb1d16c707b06446f9ab1e705c76291dc/formal/w45/ga_aco/seed_67""]"
117,formal__w45__ga_aco__seed_68,3b50059c27eb07cf6d40c8c36c0507257890c74fc956278aeedb8318f04e3c38,ga_aco,68,11000,16000,,21600,21600,5fb8fec80189731e702186e13567ea8cb1d16c707b06446f9ab1e705c76291dc,aaa71d5ade10b8e0312112f8c3bf00aa189c8283c0c92760a58443974d8ff017,,separate_postprocess_after_successful_raw_run,unified_experiments/formal_protocol_5fb8fec80189731e702186e13567ea8cb1d16c707b06446f9ab1e705c76291dc/formal/w45/ga_aco/seed_68,5fb8fec80189731e702186e13567ea8cb1d16c707b06446f9ab1e705c76291dc:3b50059c27eb07cf6d40c8c36c0507257890c74fc956278aeedb8318f04e3c38:ga_aco:68:2431bf2de4a7f65cd7abfb75532dc9a0e69d2e457fdbf7624a14e8cecc3cbebe,2431bf2de4a7f65cd7abfb75532dc9a0e69d2e457fdbf7624a14e8cecc3cbebe,"[""D:\\pybullet_test\\.venv\\Scripts\\python.exe"", ""run_unified_experiments.py"", ""--formal"", ""--resume"", ""--instances"", ""w45"", ""--solvers"", ""ga_aco"", ""--seeds"", ""68"", ""--selected-evaluation-budget"", ""<USER_SELECTED_A_OR_B_BUDGET>"", ""--selected-timeout"", ""21600"", ""--output-root"", ""unified_experiments/formal_protocol_5fb8fec80189731e702186e13567ea8cb1d16c707b06446f9ab1e705c76291dc/formal/w45/ga_aco/seed_68""]"
118,formal__w45__ga_aco__seed_69,3b50059c27eb07cf6d40c8c36c0507257890c74fc956278aeedb8318f04e3c38,ga_aco,69,11000,16000,,21600,21600,5fb8fec80189731e702186e13567ea8cb1d16c707b06446f9ab1e705c76291dc,aaa71d5ade10b8e0312112f8c3bf00aa189c8283c0c92760a58443974d8ff017,,separate_postprocess_after_successful_raw_run,unified_experiments/formal_protocol_5fb8fec80189731e702186e13567ea8cb1d16c707b06446f9ab1e705c76291dc/formal/w45/ga_aco/seed_69,5fb8fec80189731e702186e13567ea8cb1d16c707b06446f9ab1e705c76291dc:3b50059c27eb07cf6d40c8c36c0507257890c74fc956278aeedb8318f04e3c38:ga_aco:69:645bdc915bbb4154403eed9af21f8b0cfc23ea66f81feb32054d5fd0a1800ebe,645bdc915bbb4154403eed9af21f8b0cfc23ea66f81feb32054d5fd0a1800ebe,"[""D:\\pybullet_test\\.venv\\Scripts\\python.exe"", ""run_unified_experiments.py"", ""--formal"", ""--resume"", ""--instances"", ""w45"", ""--solvers"", ""ga_aco"", ""--seeds"", ""69"", ""--selected-evaluation-budget"", ""<USER_SELECTED_A_OR_B_BUDGET>"", ""--selected-timeout"", ""21600"", ""--output-root"", ""unified_experiments/formal_protocol_5fb8fec80189731e702186e13567ea8cb1d16c707b06446f9ab1e705c76291dc/formal/w45/ga_aco/seed_69""]"
119,formal__w45__ga_aco__seed_70,3b50059c27eb07cf6d40c8c36c0507257890c74fc956278aeedb8318f04e3c38,ga_aco,70,11000,16000,,21600,21600,5fb8fec80189731e702186e13567ea8cb1d16c707b06446f9ab1e705c76291dc,aaa71d5ade10b8e0312112f8c3bf00aa189c8283c0c92760a58443974d8ff017,,separate_postprocess_after_successful_raw_run,unified_experiments/formal_protocol_5fb8fec80189731e702186e13567ea8cb1d16c707b06446f9ab1e705c76291dc/formal/w45/ga_aco/seed_70,5fb8fec80189731e702186e13567ea8cb1d16c707b06446f9ab1e705c76291dc:3b50059c27eb07cf6d40c8c36c0507257890c74fc956278aeedb8318f04e3c38:ga_aco:70:e20165aa50cf9ff68635f0706ccb301edd8087d2f00576eee13efcaa9cb1a7b6,e20165aa50cf9ff68635f0706ccb301edd8087d2f00576eee13efcaa9cb1a7b6,"[""D:\\pybullet_test\\.venv\\Scripts\\python.exe"", ""run_unified_experiments.py"", ""--formal"", ""--resume"", ""--instances"", ""w45"", ""--solvers"", ""ga_aco"", ""--seeds"", ""70"", ""--selected-evaluation-budget"", ""<USER_SELECTED_A_OR_B_BUDGET>"", ""--selected-timeout"", ""21600"", ""--output-root"", ""unified_experiments/formal_protocol_5fb8fec80189731e702186e13567ea8cb1d16c707b06446f9ab1e705c76291dc/formal/w45/ga_aco/seed_70""]"
120,formal__w45__ga_aco__seed_71,3b50059c27eb07cf6d40c8c36c0507257890c74fc956278aeedb8318f04e3c38,ga_aco,71,11000,16000,,21600,21600,5fb8fec80189731e702186e13567ea8cb1d16c707b06446f9ab1e705c76291dc,aaa71d5ade10b8e0312112f8c3bf00aa189c8283c0c92760a58443974d8ff017,,separate_postprocess_after_successful_raw_run,unified_experiments/formal_protocol_5fb8fec80189731e702186e13567ea8cb1d16c707b06446f9ab1e705c76291dc/formal/w45/ga_aco/seed_71,5fb8fec80189731e702186e13567ea8cb1d16c707b06446f9ab1e705c76291dc:3b50059c27eb07cf6d40c8c36c0507257890c74fc956278aeedb8318f04e3c38:ga_aco:71:d513d066e0fdcae47d4b927b5eb3885d770922dd994462ff1691ad8d9c4d737f,d513d066e0fdcae47d4b927b5eb3885d770922dd994462ff1691ad8d9c4d737f,"[""D:\\pybullet_test\\.venv\\Scripts\\python.exe"", ""run_unified_experiments.py"", ""--formal"", ""--resume"", ""--instances"", ""w45"", ""--solvers"", ""ga_aco"", ""--seeds"", ""71"", ""--selected-evaluation-budget"", ""<USER_SELECTED_A_OR_B_BUDGET>"", ""--selected-timeout"", ""21600"", ""--output-root"", ""unified_experiments/formal_protocol_5fb8fec80189731e702186e13567ea8cb1d16c707b06446f9ab1e705c76291dc/formal/w45/ga_aco/seed_71""]"
121,formal__w45__paper_aligned_hga__seed_42,3b50059c27eb07cf6d40c8c36c0507257890c74fc956278aeedb8318f04e3c38,paper_aligned_hga,42,11000,16000,,21600,21600,5fb8fec80189731e702186e13567ea8cb1d16c707b06446f9ab1e705c76291dc,aaa71d5ade10b8e0312112f8c3bf00aa189c8283c0c92760a58443974d8ff017,,separate_postprocess_after_successful_raw_run,unified_experiments/formal_protocol_5fb8fec80189731e702186e13567ea8cb1d16c707b06446f9ab1e705c76291dc/formal/w45/paper_aligned_hga/seed_42,5fb8fec80189731e702186e13567ea8cb1d16c707b06446f9ab1e705c76291dc:3b50059c27eb07cf6d40c8c36c0507257890c74fc956278aeedb8318f04e3c38:paper_aligned_hga:42:895470b56e85ed47b73771506c14b527f4e53105579f5e3015f4cf429939ac68,895470b56e85ed47b73771506c14b527f4e53105579f5e3015f4cf429939ac68,"[""D:\\pybullet_test\\.venv\\Scripts\\python.exe"", ""run_unified_experiments.py"", ""--formal"", ""--resume"", ""--instances"", ""w45"", ""--solvers"", ""paper_aligned_hga"", ""--seeds"", ""42"", ""--selected-evaluation-budget"", ""<USER_SELECTED_A_OR_B_BUDGET>"", ""--selected-timeout"", ""21600"", ""--output-root"", ""unified_experiments/formal_protocol_5fb8fec80189731e702186e13567ea8cb1d16c707b06446f9ab1e705c76291dc/formal/w45/paper_aligned_hga/seed_42""]"
122,formal__w45__paper_aligned_hga__seed_43,3b50059c27eb07cf6d40c8c36c0507257890c74fc956278aeedb8318f04e3c38,paper_aligned_hga,43,11000,16000,,21600,21600,5fb8fec80189731e702186e13567ea8cb1d16c707b06446f9ab1e705c76291dc,aaa71d5ade10b8e0312112f8c3bf00aa189c8283c0c92760a58443974d8ff017,,separate_postprocess_after_successful_raw_run,unified_experiments/formal_protocol_5fb8fec80189731e702186e13567ea8cb1d16c707b06446f9ab1e705c76291dc/formal/w45/paper_aligned_hga/seed_43,5fb8fec80189731e702186e13567ea8cb1d16c707b06446f9ab1e705c76291dc:3b50059c27eb07cf6d40c8c36c0507257890c74fc956278aeedb8318f04e3c38:paper_aligned_hga:43:fbb3cb8cb164520e0dd3e7e8260cc13098e6dd143156010f3cf73af308e29e2c,fbb3cb8cb164520e0dd3e7e8260cc13098e6dd143156010f3cf73af308e29e2c,"[""D:\\pybullet_test\\.venv\\Scripts\\python.exe"", ""run_unified_experiments.py"", ""--formal"", ""--resume"", ""--instances"", ""w45"", ""--solvers"", ""paper_aligned_hga"", ""--seeds"", ""43"", ""--selected-evaluation-budget"", ""<USER_SELECTED_A_OR_B_BUDGET>"", ""--selected-timeout"", ""21600"", ""--output-root"", ""unified_experiments/formal_protocol_5fb8fec80189731e702186e13567ea8cb1d16c707b06446f9ab1e705c76291dc/formal/w45/paper_aligned_hga/seed_43""]"
123,formal__w45__paper_aligned_hga__seed_44,3b50059c27eb07cf6d40c8c36c0507257890c74fc956278aeedb8318f04e3c38,paper_aligned_hga,44,11000,16000,,21600,21600,5fb8fec80189731e702186e13567ea8cb1d16c707b06446f9ab1e705c76291dc,aaa71d5ade10b8e0312112f8c3bf00aa189c8283c0c92760a58443974d8ff017,,separate_postprocess_after_successful_raw_run,unified_experiments/formal_protocol_5fb8fec80189731e702186e13567ea8cb1d16c707b06446f9ab1e705c76291dc/formal/w45/paper_aligned_hga/seed_44,5fb8fec80189731e702186e13567ea8cb1d16c707b06446f9ab1e705c76291dc:3b50059c27eb07cf6d40c8c36c0507257890c74fc956278aeedb8318f04e3c38:paper_aligned_hga:44:9a0d9be996a016966178205f45e3fb1c8d62ee6f649e1d3e50b4e1c08aa098a0,9a0d9be996a016966178205f45e3fb1c8d62ee6f649e1d3e50b4e1c08aa098a0,"[""D:\\pybullet_test\\.venv\\Scripts\\python.exe"", ""run_unified_experiments.py"", ""--formal"", ""--resume"", ""--instances"", ""w45"", ""--solvers"", ""paper_aligned_hga"", ""--seeds"", ""44"", ""--selected-evaluation-budget"", ""<USER_SELECTED_A_OR_B_BUDGET>"", ""--selected-timeout"", ""21600"", ""--output-root"", ""unified_experiments/formal_protocol_5fb8fec80189731e702186e13567ea8cb1d16c707b06446f9ab1e705c76291dc/formal/w45/paper_aligned_hga/seed_44""]"
124,formal__w45__paper_aligned_hga__seed_45,3b50059c27eb07cf6d40c8c36c0507257890c74fc956278aeedb8318f04e3c38,paper_aligned_hga,45,11000,16000,,21600,21600,5fb8fec80189731e702186e13567ea8cb1d16c707b06446f9ab1e705c76291dc,aaa71d5ade10b8e0312112f8c3bf00aa189c8283c0c92760a58443974d8ff017,,separate_postprocess_after_successful_raw_run,unified_experiments/formal_protocol_5fb8fec80189731e702186e13567ea8cb1d16c707b06446f9ab1e705c76291dc/formal/w45/paper_aligned_hga/seed_45,5fb8fec80189731e702186e13567ea8cb1d16c707b06446f9ab1e705c76291dc:3b50059c27eb07cf6d40c8c36c0507257890c74fc956278aeedb8318f04e3c38:paper_aligned_hga:45:c10638057a8f1115e39fce57c8de341e26a5f34bceb5d9f98a67d3fda6f490fe,c10638057a8f1115e39fce57c8de341e26a5f34bceb5d9f98a67d3fda6f490fe,"[""D:\\pybullet_test\\.venv\\Scripts\\python.exe"", ""run_unified_experiments.py"", ""--formal"", ""--resume"", ""--instances"", ""w45"", ""--solvers"", ""paper_aligned_hga"", ""--seeds"", ""45"", ""--selected-evaluation-budget"", ""<USER_SELECTED_A_OR_B_BUDGET>"", ""--selected-timeout"", ""21600"", ""--output-root"", ""unified_experiments/formal_protocol_5fb8fec80189731e702186e13567ea8cb1d16c707b06446f9ab1e705c76291dc/formal/w45/paper_aligned_hga/seed_45""]"
125,formal__w45__paper_aligned_hga__seed_46,3b50059c27eb07cf6d40c8c36c0507257890c74fc956278aeedb8318f04e3c38,paper_aligned_hga,46,11000,16000,,21600,21600,5fb8fec80189731e702186e13567ea8cb1d16c707b06446f9ab1e705c76291dc,aaa71d5ade10b8e0312112f8c3bf00aa189c8283c0c92760a58443974d8ff017,,separate_postprocess_after_successful_raw_run,unified_experiments/formal_protocol_5fb8fec80189731e702186e13567ea8cb1d16c707b06446f9ab1e705c76291dc/formal/w45/paper_aligned_hga/seed_46,5fb8fec80189731e702186e13567ea8cb1d16c707b06446f9ab1e705c76291dc:3b50059c27eb07cf6d40c8c36c0507257890c74fc956278aeedb8318f04e3c38:paper_aligned_hga:46:be7cbb5afe7bd541b23fd19610715e5688762f2742497fe52d30b70407801931,be7cbb5afe7bd541b23fd19610715e5688762f2742497fe52d30b70407801931,"[""D:\\pybullet_test\\.venv\\Scripts\\python.exe"", ""run_unified_experiments.py"", ""--formal"", ""--resume"", ""--instances"", ""w45"", ""--solvers"", ""paper_aligned_hga"", ""--seeds"", ""46"", ""--selected-evaluation-budget"", ""<USER_SELECTED_A_OR_B_BUDGET>"", ""--selected-timeout"", ""21600"", ""--output-root"", ""unified_experiments/formal_protocol_5fb8fec80189731e702186e13567ea8cb1d16c707b06446f9ab1e705c76291dc/formal/w45/paper_aligned_hga/seed_46""]"
126,formal__w45__paper_aligned_hga__seed_47,3b50059c27eb07cf6d40c8c36c0507257890c74fc956278aeedb8318f04e3c38,paper_aligned_hga,47,11000,16000,,21600,21600,5fb8fec80189731e702186e13567ea8cb1d16c707b06446f9ab1e705c76291dc,aaa71d5ade10b8e0312112f8c3bf00aa189c8283c0c92760a58443974d8ff017,,separate_postprocess_after_successful_raw_run,unified_experiments/formal_protocol_5fb8fec80189731e702186e13567ea8cb1d16c707b06446f9ab1e705c76291dc/formal/w45/paper_aligned_hga/seed_47,5fb8fec80189731e702186e13567ea8cb1d16c707b06446f9ab1e705c76291dc:3b50059c27eb07cf6d40c8c36c0507257890c74fc956278aeedb8318f04e3c38:paper_aligned_hga:47:14b6d0faeab69f284a1fe8e778ef9ed1cc725e98a6fbb6b0d74e50c96756a700,14b6d0faeab69f284a1fe8e778ef9ed1cc725e98a6fbb6b0d74e50c96756a700,"[""D:\\pybullet_test\\.venv\\Scripts\\python.exe"", ""run_unified_experiments.py"", ""--formal"", ""--resume"", ""--instances"", ""w45"", ""--solvers"", ""paper_aligned_hga"", ""--seeds"", ""47"", ""--selected-evaluation-budget"", ""<USER_SELECTED_A_OR_B_BUDGET>"", ""--selected-timeout"", ""21600"", ""--output-root"", ""unified_experiments/formal_protocol_5fb8fec80189731e702186e13567ea8cb1d16c707b06446f9ab1e705c76291dc/formal/w45/paper_aligned_hga/seed_47""]"
127,formal__w45__paper_aligned_hga__seed_48,3b50059c27eb07cf6d40c8c36c0507257890c74fc956278aeedb8318f04e3c38,paper_aligned_hga,48,11000,16000,,21600,21600,5fb8fec80189731e702186e13567ea8cb1d16c707b06446f9ab1e705c76291dc,aaa71d5ade10b8e0312112f8c3bf00aa189c8283c0c92760a58443974d8ff017,,separate_postprocess_after_successful_raw_run,unified_experiments/formal_protocol_5fb8fec80189731e702186e13567ea8cb1d16c707b06446f9ab1e705c76291dc/formal/w45/paper_aligned_hga/seed_48,5fb8fec80189731e702186e13567ea8cb1d16c707b06446f9ab1e705c76291dc:3b50059c27eb07cf6d40c8c36c0507257890c74fc956278aeedb8318f04e3c38:paper_aligned_hga:48:f128ff7e6a4080d7bac3eafb89c7d9532de2371960b6fc13537b0bc886f8b340,f128ff7e6a4080d7bac3eafb89c7d9532de2371960b6fc13537b0bc886f8b340,"[""D:\\pybullet_test\\.venv\\Scripts\\python.exe"", ""run_unified_experiments.py"", ""--formal"", ""--resume"", ""--instances"", ""w45"", ""--solvers"", ""paper_aligned_hga"", ""--seeds"", ""48"", ""--selected-evaluation-budget"", ""<USER_SELECTED_A_OR_B_BUDGET>"", ""--selected-timeout"", ""21600"", ""--output-root"", ""unified_experiments/formal_protocol_5fb8fec80189731e702186e13567ea8cb1d16c707b06446f9ab1e705c76291dc/formal/w45/paper_aligned_hga/seed_48""]"
128,formal__w45__paper_aligned_hga__seed_49,3b50059c27eb07cf6d40c8c36c0507257890c74fc956278aeedb8318f04e3c38,paper_aligned_hga,49,11000,16000,,21600,21600,5fb8fec80189731e702186e13567ea8cb1d16c707b06446f9ab1e705c76291dc,aaa71d5ade10b8e0312112f8c3bf00aa189c8283c0c92760a58443974d8ff017,,separate_postprocess_after_successful_raw_run,unified_experiments/formal_protocol_5fb8fec80189731e702186e13567ea8cb1d16c707b06446f9ab1e705c76291dc/formal/w45/paper_aligned_hga/seed_49,5fb8fec80189731e702186e13567ea8cb1d16c707b06446f9ab1e705c76291dc:3b50059c27eb07cf6d40c8c36c0507257890c74fc956278aeedb8318f04e3c38:paper_aligned_hga:49:f559263f3887f5f9c6b29979f443518450f2f509c4ef13bcd7e59b35154efc1e,f559263f3887f5f9c6b29979f443518450f2f509c4ef13bcd7e59b35154efc1e,"[""D:\\pybullet_test\\.venv\\Scripts\\python.exe"", ""run_unified_experiments.py"", ""--formal"", ""--resume"", ""--instances"", ""w45"", ""--solvers"", ""paper_aligned_hga"", ""--seeds"", ""49"", ""--selected-evaluation-budget"", ""<USER_SELECTED_A_OR_B_BUDGET>"", ""--selected-timeout"", ""21600"", ""--output-root"", ""unified_experiments/formal_protocol_5fb8fec80189731e702186e13567ea8cb1d16c707b06446f9ab1e705c76291dc/formal/w45/paper_aligned_hga/seed_49""]"
129,formal__w45__paper_aligned_hga__seed_50,3b50059c27eb07cf6d40c8c36c0507257890c74fc956278aeedb8318f04e3c38,paper_aligned_hga,50,11000,16000,,21600,21600,5fb8fec80189731e702186e13567ea8cb1d16c707b06446f9ab1e705c76291dc,aaa71d5ade10b8e0312112f8c3bf00aa189c8283c0c92760a58443974d8ff017,,separate_postprocess_after_successful_raw_run,unified_experiments/formal_protocol_5fb8fec80189731e702186e13567ea8cb1d16c707b06446f9ab1e705c76291dc/formal/w45/paper_aligned_hga/seed_50,5fb8fec80189731e702186e13567ea8cb1d16c707b06446f9ab1e705c76291dc:3b50059c27eb07cf6d40c8c36c0507257890c74fc956278aeedb8318f04e3c38:paper_aligned_hga:50:0219204748742e3b813ecc9af825f72048b7937e925dfa186c7893084187bd50,0219204748742e3b813ecc9af825f72048b7937e925dfa186c7893084187bd50,"[""D:\\pybullet_test\\.venv\\Scripts\\python.exe"", ""run_unified_experiments.py"", ""--formal"", ""--resume"", ""--instances"", ""w45"", ""--solvers"", ""paper_aligned_hga"", ""--seeds"", ""50"", ""--selected-evaluation-budget"", ""<USER_SELECTED_A_OR_B_BUDGET>"", ""--selected-timeout"", ""21600"", ""--output-root"", ""unified_experiments/formal_protocol_5fb8fec80189731e702186e13567ea8cb1d16c707b06446f9ab1e705c76291dc/formal/w45/paper_aligned_hga/seed_50""]"
130,formal__w45__paper_aligned_hga__seed_51,3b50059c27eb07cf6d40c8c36c0507257890c74fc956278aeedb8318f04e3c38,paper_aligned_hga,51,11000,16000,,21600,21600,5fb8fec80189731e702186e13567ea8cb1d16c707b06446f9ab1e705c76291dc,aaa71d5ade10b8e0312112f8c3bf00aa189c8283c0c92760a58443974d8ff017,,separate_postprocess_after_successful_raw_run,unified_experiments/formal_protocol_5fb8fec80189731e702186e13567ea8cb1d16c707b06446f9ab1e705c76291dc/formal/w45/paper_aligned_hga/seed_51,5fb8fec80189731e702186e13567ea8cb1d16c707b06446f9ab1e705c76291dc:3b50059c27eb07cf6d40c8c36c0507257890c74fc956278aeedb8318f04e3c38:paper_aligned_hga:51:c58e53652b1238e700b609c124961ff517ba24e578c967a252439fc46629e54b,c58e53652b1238e700b609c124961ff517ba24e578c967a252439fc46629e54b,"[""D:\\pybullet_test\\.venv\\Scripts\\python.exe"", ""run_unified_experiments.py"", ""--formal"", ""--resume"", ""--instances"", ""w45"", ""--solvers"", ""paper_aligned_hga"", ""--seeds"", ""51"", ""--selected-evaluation-budget"", ""<USER_SELECTED_A_OR_B_BUDGET>"", ""--selected-timeout"", ""21600"", ""--output-root"", ""unified_experiments/formal_protocol_5fb8fec80189731e702186e13567ea8cb1d16c707b06446f9ab1e705c76291dc/formal/w45/paper_aligned_hga/seed_51""]"
131,formal__w45__paper_aligned_hga__seed_52,3b50059c27eb07cf6d40c8c36c0507257890c74fc956278aeedb8318f04e3c38,paper_aligned_hga,52,11000,16000,,21600,21600,5fb8fec80189731e702186e13567ea8cb1d16c707b06446f9ab1e705c76291dc,aaa71d5ade10b8e0312112f8c3bf00aa189c8283c0c92760a58443974d8ff017,,separate_postprocess_after_successful_raw_run,unified_experiments/formal_protocol_5fb8fec80189731e702186e13567ea8cb1d16c707b06446f9ab1e705c76291dc/formal/w45/paper_aligned_hga/seed_52,5fb8fec80189731e702186e13567ea8cb1d16c707b06446f9ab1e705c76291dc:3b50059c27eb07cf6d40c8c36c0507257890c74fc956278aeedb8318f04e3c38:paper_aligned_hga:52:509f8e529bdef8fc9ff81dbd92c005c039b868ad1bdaa26a4e10432b86ef7825,509f8e529bdef8fc9ff81dbd92c005c039b868ad1bdaa26a4e10432b86ef7825,"[""D:\\pybullet_test\\.venv\\Scripts\\python.exe"", ""run_unified_experiments.py"", ""--formal"", ""--resume"", ""--instances"", ""w45"", ""--solvers"", ""paper_aligned_hga"", ""--seeds"", ""52"", ""--selected-evaluation-budget"", ""<USER_SELECTED_A_OR_B_BUDGET>"", ""--selected-timeout"", ""21600"", ""--output-root"", ""unified_experiments/formal_protocol_5fb8fec80189731e702186e13567ea8cb1d16c707b06446f9ab1e705c76291dc/formal/w45/paper_aligned_hga/seed_52""]"
132,formal__w45__paper_aligned_hga__seed_53,3b50059c27eb07cf6d40c8c36c0507257890c74fc956278aeedb8318f04e3c38,paper_aligned_hga,53,11000,16000,,21600,21600,5fb8fec80189731e702186e13567ea8cb1d16c707b06446f9ab1e705c76291dc,aaa71d5ade10b8e0312112f8c3bf00aa189c8283c0c92760a58443974d8ff017,,separate_postprocess_after_successful_raw_run,unified_experiments/formal_protocol_5fb8fec80189731e702186e13567ea8cb1d16c707b06446f9ab1e705c76291dc/formal/w45/paper_aligned_hga/seed_53,5fb8fec80189731e702186e13567ea8cb1d16c707b06446f9ab1e705c76291dc:3b50059c27eb07cf6d40c8c36c0507257890c74fc956278aeedb8318f04e3c38:paper_aligned_hga:53:91922b308f68853957617e8b478e87642947193a7d981990673d806068acd0ff,91922b308f68853957617e8b478e87642947193a7d981990673d806068acd0ff,"[""D:\\pybullet_test\\.venv\\Scripts\\python.exe"", ""run_unified_experiments.py"", ""--formal"", ""--resume"", ""--instances"", ""w45"", ""--solvers"", ""paper_aligned_hga"", ""--seeds"", ""53"", ""--selected-evaluation-budget"", ""<USER_SELECTED_A_OR_B_BUDGET>"", ""--selected-timeout"", ""21600"", ""--output-root"", ""unified_experiments/formal_protocol_5fb8fec80189731e702186e13567ea8cb1d16c707b06446f9ab1e705c76291dc/formal/w45/paper_aligned_hga/seed_53""]"
133,formal__w45__paper_aligned_hga__seed_54,3b50059c27eb07cf6d40c8c36c0507257890c74fc956278aeedb8318f04e3c38,paper_aligned_hga,54,11000,16000,,21600,21600,5fb8fec80189731e702186e13567ea8cb1d16c707b06446f9ab1e705c76291dc,aaa71d5ade10b8e0312112f8c3bf00aa189c8283c0c92760a58443974d8ff017,,separate_postprocess_after_successful_raw_run,unified_experiments/formal_protocol_5fb8fec80189731e702186e13567ea8cb1d16c707b06446f9ab1e705c76291dc/formal/w45/paper_aligned_hga/seed_54,5fb8fec80189731e702186e13567ea8cb1d16c707b06446f9ab1e705c76291dc:3b50059c27eb07cf6d40c8c36c0507257890c74fc956278aeedb8318f04e3c38:paper_aligned_hga:54:5ca1b226b6b0c675ecb6f03992ad73c0f231c49fcd61f7aad43c90d539e60574,5ca1b226b6b0c675ecb6f03992ad73c0f231c49fcd61f7aad43c90d539e60574,"[""D:\\pybullet_test\\.venv\\Scripts\\python.exe"", ""run_unified_experiments.py"", ""--formal"", ""--resume"", ""--instances"", ""w45"", ""--solvers"", ""paper_aligned_hga"", ""--seeds"", ""54"", ""--selected-evaluation-budget"", ""<USER_SELECTED_A_OR_B_BUDGET>"", ""--selected-timeout"", ""21600"", ""--output-root"", ""unified_experiments/formal_protocol_5fb8fec80189731e702186e13567ea8cb1d16c707b06446f9ab1e705c76291dc/formal/w45/paper_aligned_hga/seed_54""]"
134,formal__w45__paper_aligned_hga__seed_55,3b50059c27eb07cf6d40c8c36c0507257890c74fc956278aeedb8318f04e3c38,paper_aligned_hga,55,11000,16000,,21600,21600,5fb8fec80189731e702186e13567ea8cb1d16c707b06446f9ab1e705c76291dc,aaa71d5ade10b8e0312112f8c3bf00aa189c8283c0c92760a58443974d8ff017,,separate_postprocess_after_successful_raw_run,unified_experiments/formal_protocol_5fb8fec80189731e702186e13567ea8cb1d16c707b06446f9ab1e705c76291dc/formal/w45/paper_aligned_hga/seed_55,5fb8fec80189731e702186e13567ea8cb1d16c707b06446f9ab1e705c76291dc:3b50059c27eb07cf6d40c8c36c0507257890c74fc956278aeedb8318f04e3c38:paper_aligned_hga:55:0d3575241b6c359db803eec941c6c5e51a6c5b21d775263de5ef1c1ed7c6948c,0d3575241b6c359db803eec941c6c5e51a6c5b21d775263de5ef1c1ed7c6948c,"[""D:\\pybullet_test\\.venv\\Scripts\\python.exe"", ""run_unified_experiments.py"", ""--formal"", ""--resume"", ""--instances"", ""w45"", ""--solvers"", ""paper_aligned_hga"", ""--seeds"", ""55"", ""--selected-evaluation-budget"", ""<USER_SELECTED_A_OR_B_BUDGET>"", ""--selected-timeout"", ""21600"", ""--output-root"", ""unified_experiments/formal_protocol_5fb8fec80189731e702186e13567ea8cb1d16c707b06446f9ab1e705c76291dc/formal/w45/paper_aligned_hga/seed_55""]"
135,formal__w45__paper_aligned_hga__seed_56,3b50059c27eb07cf6d40c8c36c0507257890c74fc956278aeedb8318f04e3c38,paper_aligned_hga,56,11000,16000,,21600,21600,5fb8fec80189731e702186e13567ea8cb1d16c707b06446f9ab1e705c76291dc,aaa71d5ade10b8e0312112f8c3bf00aa189c8283c0c92760a58443974d8ff017,,separate_postprocess_after_successful_raw_run,unified_experiments/formal_protocol_5fb8fec80189731e702186e13567ea8cb1d16c707b06446f9ab1e705c76291dc/formal/w45/paper_aligned_hga/seed_56,5fb8fec80189731e702186e13567ea8cb1d16c707b06446f9ab1e705c76291dc:3b50059c27eb07cf6d40c8c36c0507257890c74fc956278aeedb8318f04e3c38:paper_aligned_hga:56:247337c29fe22ebb63af2b317e65c5f63ccb0312f9663ed89d40410367bab134,247337c29fe22ebb63af2b317e65c5f63ccb0312f9663ed89d40410367bab134,"[""D:\\pybullet_test\\.venv\\Scripts\\python.exe"", ""run_unified_experiments.py"", ""--formal"", ""--resume"", ""--instances"", ""w45"", ""--solvers"", ""paper_aligned_hga"", ""--seeds"", ""56"", ""--selected-evaluation-budget"", ""<USER_SELECTED_A_OR_B_BUDGET>"", ""--selected-timeout"", ""21600"", ""--output-root"", ""unified_experiments/formal_protocol_5fb8fec80189731e702186e13567ea8cb1d16c707b06446f9ab1e705c76291dc/formal/w45/paper_aligned_hga/seed_56""]"
136,formal__w45__paper_aligned_hga__seed_57,3b50059c27eb07cf6d40c8c36c0507257890c74fc956278aeedb8318f04e3c38,paper_aligned_hga,57,11000,16000,,21600,21600,5fb8fec80189731e702186e13567ea8cb1d16c707b06446f9ab1e705c76291dc,aaa71d5ade10b8e0312112f8c3bf00aa189c8283c0c92760a58443974d8ff017,,separate_postprocess_after_successful_raw_run,unified_experiments/formal_protocol_5fb8fec80189731e702186e13567ea8cb1d16c707b06446f9ab1e705c76291dc/formal/w45/paper_aligned_hga/seed_57,5fb8fec80189731e702186e13567ea8cb1d16c707b06446f9ab1e705c76291dc:3b50059c27eb07cf6d40c8c36c0507257890c74fc956278aeedb8318f04e3c38:paper_aligned_hga:57:205db51e30053e8e50633c2884cff46e14cfced684ca908d11bcc1e399dca36f,205db51e30053e8e50633c2884cff46e14cfced684ca908d11bcc1e399dca36f,"[""D:\\pybullet_test\\.venv\\Scripts\\python.exe"", ""run_unified_experiments.py"", ""--formal"", ""--resume"", ""--instances"", ""w45"", ""--solvers"", ""paper_aligned_hga"", ""--seeds"", ""57"", ""--selected-evaluation-budget"", ""<USER_SELECTED_A_OR_B_BUDGET>"", ""--selected-timeout"", ""21600"", ""--output-root"", ""unified_experiments/formal_protocol_5fb8fec80189731e702186e13567ea8cb1d16c707b06446f9ab1e705c76291dc/formal/w45/paper_aligned_hga/seed_57""]"
137,formal__w45__paper_aligned_hga__seed_58,3b50059c27eb07cf6d40c8c36c0507257890c74fc956278aeedb8318f04e3c38,paper_aligned_hga,58,11000,16000,,21600,21600,5fb8fec80189731e702186e13567ea8cb1d16c707b06446f9ab1e705c76291dc,aaa71d5ade10b8e0312112f8c3bf00aa189c8283c0c92760a58443974d8ff017,,separate_postprocess_after_successful_raw_run,unified_experiments/formal_protocol_5fb8fec80189731e702186e13567ea8cb1d16c707b06446f9ab1e705c76291dc/formal/w45/paper_aligned_hga/seed_58,5fb8fec80189731e702186e13567ea8cb1d16c707b06446f9ab1e705c76291dc:3b50059c27eb07cf6d40c8c36c0507257890c74fc956278aeedb8318f04e3c38:paper_aligned_hga:58:9c0217fb42da3c999cd923e72b877c61ac2f5171314a8cda532687fdb4c07c62,9c0217fb42da3c999cd923e72b877c61ac2f5171314a8cda532687fdb4c07c62,"[""D:\\pybullet_test\\.venv\\Scripts\\python.exe"", ""run_unified_experiments.py"", ""--formal"", ""--resume"", ""--instances"", ""w45"", ""--solvers"", ""paper_aligned_hga"", ""--seeds"", ""58"", ""--selected-evaluation-budget"", ""<USER_SELECTED_A_OR_B_BUDGET>"", ""--selected-timeout"", ""21600"", ""--output-root"", ""unified_experiments/formal_protocol_5fb8fec80189731e702186e13567ea8cb1d16c707b06446f9ab1e705c76291dc/formal/w45/paper_aligned_hga/seed_58""]"
138,formal__w45__paper_aligned_hga__seed_59,3b50059c27eb07cf6d40c8c36c0507257890c74fc956278aeedb8318f04e3c38,paper_aligned_hga,59,11000,16000,,21600,21600,5fb8fec80189731e702186e13567ea8cb1d16c707b06446f9ab1e705c76291dc,aaa71d5ade10b8e0312112f8c3bf00aa189c8283c0c92760a58443974d8ff017,,separate_postprocess_after_successful_raw_run,unified_experiments/formal_protocol_5fb8fec80189731e702186e13567ea8cb1d16c707b06446f9ab1e705c76291dc/formal/w45/paper_aligned_hga/seed_59,5fb8fec80189731e702186e13567ea8cb1d16c707b06446f9ab1e705c76291dc:3b50059c27eb07cf6d40c8c36c0507257890c74fc956278aeedb8318f04e3c38:paper_aligned_hga:59:b919ea2ee610246fdcb95fc579c0907550eb8ec8a5c735f092716af25ed69edb,b919ea2ee610246fdcb95fc579c0907550eb8ec8a5c735f092716af25ed69edb,"[""D:\\pybullet_test\\.venv\\Scripts\\python.exe"", ""run_unified_experiments.py"", ""--formal"", ""--resume"", ""--instances"", ""w45"", ""--solvers"", ""paper_aligned_hga"", ""--seeds"", ""59"", ""--selected-evaluation-budget"", ""<USER_SELECTED_A_OR_B_BUDGET>"", ""--selected-timeout"", ""21600"", ""--output-root"", ""unified_experiments/formal_protocol_5fb8fec80189731e702186e13567ea8cb1d16c707b06446f9ab1e705c76291dc/formal/w45/paper_aligned_hga/seed_59""]"
139,formal__w45__paper_aligned_hga__seed_60,3b50059c27eb07cf6d40c8c36c0507257890c74fc956278aeedb8318f04e3c38,paper_aligned_hga,60,11000,16000,,21600,21600,5fb8fec80189731e702186e13567ea8cb1d16c707b06446f9ab1e705c76291dc,aaa71d5ade10b8e0312112f8c3bf00aa189c8283c0c92760a58443974d8ff017,,separate_postprocess_after_successful_raw_run,unified_experiments/formal_protocol_5fb8fec80189731e702186e13567ea8cb1d16c707b06446f9ab1e705c76291dc/formal/w45/paper_aligned_hga/seed_60,5fb8fec80189731e702186e13567ea8cb1d16c707b06446f9ab1e705c76291dc:3b50059c27eb07cf6d40c8c36c0507257890c74fc956278aeedb8318f04e3c38:paper_aligned_hga:60:ef08ba2fad059de661305a0efc07cd45f7d3d6a57a24db843523f4e52c5cce04,ef08ba2fad059de661305a0efc07cd45f7d3d6a57a24db843523f4e52c5cce04,"[""D:\\pybullet_test\\.venv\\Scripts\\python.exe"", ""run_unified_experiments.py"", ""--formal"", ""--resume"", ""--instances"", ""w45"", ""--solvers"", ""paper_aligned_hga"", ""--seeds"", ""60"", ""--selected-evaluation-budget"", ""<USER_SELECTED_A_OR_B_BUDGET>"", ""--selected-timeout"", ""21600"", ""--output-root"", ""unified_experiments/formal_protocol_5fb8fec80189731e702186e13567ea8cb1d16c707b06446f9ab1e705c76291dc/formal/w45/paper_aligned_hga/seed_60""]"
140,formal__w45__paper_aligned_hga__seed_61,3b50059c27eb07cf6d40c8c36c0507257890c74fc956278aeedb8318f04e3c38,paper_aligned_hga,61,11000,16000,,21600,21600,5fb8fec80189731e702186e13567ea8cb1d16c707b06446f9ab1e705c76291dc,aaa71d5ade10b8e0312112f8c3bf00aa189c8283c0c92760a58443974d8ff017,,separate_postprocess_after_successful_raw_run,unified_experiments/formal_protocol_5fb8fec80189731e702186e13567ea8cb1d16c707b06446f9ab1e705c76291dc/formal/w45/paper_aligned_hga/seed_61,5fb8fec80189731e702186e13567ea8cb1d16c707b06446f9ab1e705c76291dc:3b50059c27eb07cf6d40c8c36c0507257890c74fc956278aeedb8318f04e3c38:paper_aligned_hga:61:53728c76ef04746cc1b34d85c923a72029d757fef6ed5d2337c1e44468d9d9ca,53728c76ef04746cc1b34d85c923a72029d757fef6ed5d2337c1e44468d9d9ca,"[""D:\\pybullet_test\\.venv\\Scripts\\python.exe"", ""run_unified_experiments.py"", ""--formal"", ""--resume"", ""--instances"", ""w45"", ""--solvers"", ""paper_aligned_hga"", ""--seeds"", ""61"", ""--selected-evaluation-budget"", ""<USER_SELECTED_A_OR_B_BUDGET>"", ""--selected-timeout"", ""21600"", ""--output-root"", ""unified_experiments/formal_protocol_5fb8fec80189731e702186e13567ea8cb1d16c707b06446f9ab1e705c76291dc/formal/w45/paper_aligned_hga/seed_61""]"
141,formal__w45__paper_aligned_hga__seed_62,3b50059c27eb07cf6d40c8c36c0507257890c74fc956278aeedb8318f04e3c38,paper_aligned_hga,62,11000,16000,,21600,21600,5fb8fec80189731e702186e13567ea8cb1d16c707b06446f9ab1e705c76291dc,aaa71d5ade10b8e0312112f8c3bf00aa189c8283c0c92760a58443974d8ff017,,separate_postprocess_after_successful_raw_run,unified_experiments/formal_protocol_5fb8fec80189731e702186e13567ea8cb1d16c707b06446f9ab1e705c76291dc/formal/w45/paper_aligned_hga/seed_62,5fb8fec80189731e702186e13567ea8cb1d16c707b06446f9ab1e705c76291dc:3b50059c27eb07cf6d40c8c36c0507257890c74fc956278aeedb8318f04e3c38:paper_aligned_hga:62:aa47d923c6464ebbb31e15dfee1bfbd9eecbbf4853aae0b365ddec83f1585921,aa47d923c6464ebbb31e15dfee1bfbd9eecbbf4853aae0b365ddec83f1585921,"[""D:\\pybullet_test\\.venv\\Scripts\\python.exe"", ""run_unified_experiments.py"", ""--formal"", ""--resume"", ""--instances"", ""w45"", ""--solvers"", ""paper_aligned_hga"", ""--seeds"", ""62"", ""--selected-evaluation-budget"", ""<USER_SELECTED_A_OR_B_BUDGET>"", ""--selected-timeout"", ""21600"", ""--output-root"", ""unified_experiments/formal_protocol_5fb8fec80189731e702186e13567ea8cb1d16c707b06446f9ab1e705c76291dc/formal/w45/paper_aligned_hga/seed_62""]"
142,formal__w45__paper_aligned_hga__seed_63,3b50059c27eb07cf6d40c8c36c0507257890c74fc956278aeedb8318f04e3c38,paper_aligned_hga,63,11000,16000,,21600,21600,5fb8fec80189731e702186e13567ea8cb1d16c707b06446f9ab1e705c76291dc,aaa71d5ade10b8e0312112f8c3bf00aa189c8283c0c92760a58443974d8ff017,,separate_postprocess_after_successful_raw_run,unified_experiments/formal_protocol_5fb8fec80189731e702186e13567ea8cb1d16c707b06446f9ab1e705c76291dc/formal/w45/paper_aligned_hga/seed_63,5fb8fec80189731e702186e13567ea8cb1d16c707b06446f9ab1e705c76291dc:3b50059c27eb07cf6d40c8c36c0507257890c74fc956278aeedb8318f04e3c38:paper_aligned_hga:63:a606dc7f4c79781167096470234e0cd091dd6d92b7a9a7c906af64e8af122b53,a606dc7f4c79781167096470234e0cd091dd6d92b7a9a7c906af64e8af122b53,"[""D:\\pybullet_test\\.venv\\Scripts\\python.exe"", ""run_unified_experiments.py"", ""--formal"", ""--resume"", ""--instances"", ""w45"", ""--solvers"", ""paper_aligned_hga"", ""--seeds"", ""63"", ""--selected-evaluation-budget"", ""<USER_SELECTED_A_OR_B_BUDGET>"", ""--selected-timeout"", ""21600"", ""--output-root"", ""unified_experiments/formal_protocol_5fb8fec80189731e702186e13567ea8cb1d16c707b06446f9ab1e705c76291dc/formal/w45/paper_aligned_hga/seed_63""]"
143,formal__w45__paper_aligned_hga__seed_64,3b50059c27eb07cf6d40c8c36c0507257890c74fc956278aeedb8318f04e3c38,paper_aligned_hga,64,11000,16000,,21600,21600,5fb8fec80189731e702186e13567ea8cb1d16c707b06446f9ab1e705c76291dc,aaa71d5ade10b8e0312112f8c3bf00aa189c8283c0c92760a58443974d8ff017,,separate_postprocess_after_successful_raw_run,unified_experiments/formal_protocol_5fb8fec80189731e702186e13567ea8cb1d16c707b06446f9ab1e705c76291dc/formal/w45/paper_aligned_hga/seed_64,5fb8fec80189731e702186e13567ea8cb1d16c707b06446f9ab1e705c76291dc:3b50059c27eb07cf6d40c8c36c0507257890c74fc956278aeedb8318f04e3c38:paper_aligned_hga:64:1186c5d8a638f13a173ae037802801c4a81743d73e06b0d5d85aaa0af0155e0c,1186c5d8a638f13a173ae037802801c4a81743d73e06b0d5d85aaa0af0155e0c,"[""D:\\pybullet_test\\.venv\\Scripts\\python.exe"", ""run_unified_experiments.py"", ""--formal"", ""--resume"", ""--instances"", ""w45"", ""--solvers"", ""paper_aligned_hga"", ""--seeds"", ""64"", ""--selected-evaluation-budget"", ""<USER_SELECTED_A_OR_B_BUDGET>"", ""--selected-timeout"", ""21600"", ""--output-root"", ""unified_experiments/formal_protocol_5fb8fec80189731e702186e13567ea8cb1d16c707b06446f9ab1e705c76291dc/formal/w45/paper_aligned_hga/seed_64""]"
144,formal__w45__paper_aligned_hga__seed_65,3b50059c27eb07cf6d40c8c36c0507257890c74fc956278aeedb8318f04e3c38,paper_aligned_hga,65,11000,16000,,21600,21600,5fb8fec80189731e702186e13567ea8cb1d16c707b06446f9ab1e705c76291dc,aaa71d5ade10b8e0312112f8c3bf00aa189c8283c0c92760a58443974d8ff017,,separate_postprocess_after_successful_raw_run,unified_experiments/formal_protocol_5fb8fec80189731e702186e13567ea8cb1d16c707b06446f9ab1e705c76291dc/formal/w45/paper_aligned_hga/seed_65,5fb8fec80189731e702186e13567ea8cb1d16c707b06446f9ab1e705c76291dc:3b50059c27eb07cf6d40c8c36c0507257890c74fc956278aeedb8318f04e3c38:paper_aligned_hga:65:b6aacfe503d47fdb9130265ae003ba61ad61ecf7b40d17d290630a720526d0df,b6aacfe503d47fdb9130265ae003ba61ad61ecf7b40d17d290630a720526d0df,"[""D:\\pybullet_test\\.venv\\Scripts\\python.exe"", ""run_unified_experiments.py"", ""--formal"", ""--resume"", ""--instances"", ""w45"", ""--solvers"", ""paper_aligned_hga"", ""--seeds"", ""65"", ""--selected-evaluation-budget"", ""<USER_SELECTED_A_OR_B_BUDGET>"", ""--selected-timeout"", ""21600"", ""--output-root"", ""unified_experiments/formal_protocol_5fb8fec80189731e702186e13567ea8cb1d16c707b06446f9ab1e705c76291dc/formal/w45/paper_aligned_hga/seed_65""]"
145,formal__w45__paper_aligned_hga__seed_66,3b50059c27eb07cf6d40c8c36c0507257890c74fc956278aeedb8318f04e3c38,paper_aligned_hga,66,11000,16000,,21600,21600,5fb8fec80189731e702186e13567ea8cb1d16c707b06446f9ab1e705c76291dc,aaa71d5ade10b8e0312112f8c3bf00aa189c8283c0c92760a58443974d8ff017,,separate_postprocess_after_successful_raw_run,unified_experiments/formal_protocol_5fb8fec80189731e702186e13567ea8cb1d16c707b06446f9ab1e705c76291dc/formal/w45/paper_aligned_hga/seed_66,5fb8fec80189731e702186e13567ea8cb1d16c707b06446f9ab1e705c76291dc:3b50059c27eb07cf6d40c8c36c0507257890c74fc956278aeedb8318f04e3c38:paper_aligned_hga:66:31d60310424224324776f116c1729109d235fa272d66b7d424c33a6b4c84aacc,31d60310424224324776f116c1729109d235fa272d66b7d424c33a6b4c84aacc,"[""D:\\pybullet_test\\.venv\\Scripts\\python.exe"", ""run_unified_experiments.py"", ""--formal"", ""--resume"", ""--instances"", ""w45"", ""--solvers"", ""paper_aligned_hga"", ""--seeds"", ""66"", ""--selected-evaluation-budget"", ""<USER_SELECTED_A_OR_B_BUDGET>"", ""--selected-timeout"", ""21600"", ""--output-root"", ""unified_experiments/formal_protocol_5fb8fec80189731e702186e13567ea8cb1d16c707b06446f9ab1e705c76291dc/formal/w45/paper_aligned_hga/seed_66""]"
146,formal__w45__paper_aligned_hga__seed_67,3b50059c27eb07cf6d40c8c36c0507257890c74fc956278aeedb8318f04e3c38,paper_aligned_hga,67,11000,16000,,21600,21600,5fb8fec80189731e702186e13567ea8cb1d16c707b06446f9ab1e705c76291dc,aaa71d5ade10b8e0312112f8c3bf00aa189c8283c0c92760a58443974d8ff017,,separate_postprocess_after_successful_raw_run,unified_experiments/formal_protocol_5fb8fec80189731e702186e13567ea8cb1d16c707b06446f9ab1e705c76291dc/formal/w45/paper_aligned_hga/seed_67,5fb8fec80189731e702186e13567ea8cb1d16c707b06446f9ab1e705c76291dc:3b50059c27eb07cf6d40c8c36c0507257890c74fc956278aeedb8318f04e3c38:paper_aligned_hga:67:738639695a109132f1e2d3661ddd7b5ab4a3f4d51bc0f97f56d5eb87ae01cafb,738639695a109132f1e2d3661ddd7b5ab4a3f4d51bc0f97f56d5eb87ae01cafb,"[""D:\\pybullet_test\\.venv\\Scripts\\python.exe"", ""run_unified_experiments.py"", ""--formal"", ""--resume"", ""--instances"", ""w45"", ""--solvers"", ""paper_aligned_hga"", ""--seeds"", ""67"", ""--selected-evaluation-budget"", ""<USER_SELECTED_A_OR_B_BUDGET>"", ""--selected-timeout"", ""21600"", ""--output-root"", ""unified_experiments/formal_protocol_5fb8fec80189731e702186e13567ea8cb1d16c707b06446f9ab1e705c76291dc/formal/w45/paper_aligned_hga/seed_67""]"
147,formal__w45__paper_aligned_hga__seed_68,3b50059c27eb07cf6d40c8c36c0507257890c74fc956278aeedb8318f04e3c38,paper_aligned_hga,68,11000,16000,,21600,21600,5fb8fec80189731e702186e13567ea8cb1d16c707b06446f9ab1e705c76291dc,aaa71d5ade10b8e0312112f8c3bf00aa189c8283c0c92760a58443974d8ff017,,separate_postprocess_after_successful_raw_run,unified_experiments/formal_protocol_5fb8fec80189731e702186e13567ea8cb1d16c707b06446f9ab1e705c76291dc/formal/w45/paper_aligned_hga/seed_68,5fb8fec80189731e702186e13567ea8cb1d16c707b06446f9ab1e705c76291dc:3b50059c27eb07cf6d40c8c36c0507257890c74fc956278aeedb8318f04e3c38:paper_aligned_hga:68:14cbc5e461c61a8b83b369a2285d81969e5b73e80792e4857120bf0ce98d389e,14cbc5e461c61a8b83b369a2285d81969e5b73e80792e4857120bf0ce98d389e,"[""D:\\pybullet_test\\.venv\\Scripts\\python.exe"", ""run_unified_experiments.py"", ""--formal"", ""--resume"", ""--instances"", ""w45"", ""--solvers"", ""paper_aligned_hga"", ""--seeds"", ""68"", ""--selected-evaluation-budget"", ""<USER_SELECTED_A_OR_B_BUDGET>"", ""--selected-timeout"", ""21600"", ""--output-root"", ""unified_experiments/formal_protocol_5fb8fec80189731e702186e13567ea8cb1d16c707b06446f9ab1e705c76291dc/formal/w45/paper_aligned_hga/seed_68""]"
148,formal__w45__paper_aligned_hga__seed_69,3b50059c27eb07cf6d40c8c36c0507257890c74fc956278aeedb8318f04e3c38,paper_aligned_hga,69,11000,16000,,21600,21600,5fb8fec80189731e702186e13567ea8cb1d16c707b06446f9ab1e705c76291dc,aaa71d5ade10b8e0312112f8c3bf00aa189c8283c0c92760a58443974d8ff017,,separate_postprocess_after_successful_raw_run,unified_experiments/formal_protocol_5fb8fec80189731e702186e13567ea8cb1d16c707b06446f9ab1e705c76291dc/formal/w45/paper_aligned_hga/seed_69,5fb8fec80189731e702186e13567ea8cb1d16c707b06446f9ab1e705c76291dc:3b50059c27eb07cf6d40c8c36c0507257890c74fc956278aeedb8318f04e3c38:paper_aligned_hga:69:99152591297beef8a0f713a5a5178b54fc553f1f782a39fff5a1a52d0e7938e0,99152591297beef8a0f713a5a5178b54fc553f1f782a39fff5a1a52d0e7938e0,"[""D:\\pybullet_test\\.venv\\Scripts\\python.exe"", ""run_unified_experiments.py"", ""--formal"", ""--resume"", ""--instances"", ""w45"", ""--solvers"", ""paper_aligned_hga"", ""--seeds"", ""69"", ""--selected-evaluation-budget"", ""<USER_SELECTED_A_OR_B_BUDGET>"", ""--selected-timeout"", ""21600"", ""--output-root"", ""unified_experiments/formal_protocol_5fb8fec80189731e702186e13567ea8cb1d16c707b06446f9ab1e705c76291dc/formal/w45/paper_aligned_hga/seed_69""]"
149,formal__w45__paper_aligned_hga__seed_70,3b50059c27eb07cf6d40c8c36c0507257890c74fc956278aeedb8318f04e3c38,paper_aligned_hga,70,11000,16000,,21600,21600,5fb8fec80189731e702186e13567ea8cb1d16c707b06446f9ab1e705c76291dc,aaa71d5ade10b8e0312112f8c3bf00aa189c8283c0c92760a58443974d8ff017,,separate_postprocess_after_successful_raw_run,unified_experiments/formal_protocol_5fb8fec80189731e702186e13567ea8cb1d16c707b06446f9ab1e705c76291dc/formal/w45/paper_aligned_hga/seed_70,5fb8fec80189731e702186e13567ea8cb1d16c707b06446f9ab1e705c76291dc:3b50059c27eb07cf6d40c8c36c0507257890c74fc956278aeedb8318f04e3c38:paper_aligned_hga:70:f058966d1e052e275964ab80d22473cb8b7381c385dd27480e43e71a84d85224,f058966d1e052e275964ab80d22473cb8b7381c385dd27480e43e71a84d85224,"[""D:\\pybullet_test\\.venv\\Scripts\\python.exe"", ""run_unified_experiments.py"", ""--formal"", ""--resume"", ""--instances"", ""w45"", ""--solvers"", ""paper_aligned_hga"", ""--seeds"", ""70"", ""--selected-evaluation-budget"", ""<USER_SELECTED_A_OR_B_BUDGET>"", ""--selected-timeout"", ""21600"", ""--output-root"", ""unified_experiments/formal_protocol_5fb8fec80189731e702186e13567ea8cb1d16c707b06446f9ab1e705c76291dc/formal/w45/paper_aligned_hga/seed_70""]"
150,formal__w45__paper_aligned_hga__seed_71,3b50059c27eb07cf6d40c8c36c0507257890c74fc956278aeedb8318f04e3c38,paper_aligned_hga,71,11000,16000,,21600,21600,5fb8fec80189731e702186e13567ea8cb1d16c707b06446f9ab1e705c76291dc,aaa71d5ade10b8e0312112f8c3bf00aa189c8283c0c92760a58443974d8ff017,,separate_postprocess_after_successful_raw_run,unified_experiments/formal_protocol_5fb8fec80189731e702186e13567ea8cb1d16c707b06446f9ab1e705c76291dc/formal/w45/paper_aligned_hga/seed_71,5fb8fec80189731e702186e13567ea8cb1d16c707b06446f9ab1e705c76291dc:3b50059c27eb07cf6d40c8c36c0507257890c74fc956278aeedb8318f04e3c38:paper_aligned_hga:71:66f999b0bdd4368980121e9aa2062f54c9a4a02aa4b7722be48978f2f424d335,66f999b0bdd4368980121e9aa2062f54c9a4a02aa4b7722be48978f2f424d335,"[""D:\\pybullet_test\\.venv\\Scripts\\python.exe"", ""run_unified_experiments.py"", ""--formal"", ""--resume"", ""--instances"", ""w45"", ""--solvers"", ""paper_aligned_hga"", ""--seeds"", ""71"", ""--selected-evaluation-budget"", ""<USER_SELECTED_A_OR_B_BUDGET>"", ""--selected-timeout"", ""21600"", ""--output-root"", ""unified_experiments/formal_protocol_5fb8fec80189731e702186e13567ea8cb1d16c707b06446f9ab1e705c76291dc/formal/w45/paper_aligned_hga/seed_71""]"
151,formal__w45__abma__seed_42,3b50059c27eb07cf6d40c8c36c0507257890c74fc956278aeedb8318f04e3c38,abma,42,11000,16000,,21600,21600,5fb8fec80189731e702186e13567ea8cb1d16c707b06446f9ab1e705c76291dc,aaa71d5ade10b8e0312112f8c3bf00aa189c8283c0c92760a58443974d8ff017,631b2d675e7531d04a3c019cc8013158223944074da3e42d489a5745addee1d3,separate_postprocess_after_successful_raw_run,unified_experiments/formal_protocol_5fb8fec80189731e702186e13567ea8cb1d16c707b06446f9ab1e705c76291dc/formal/w45/abma/seed_42,5fb8fec80189731e702186e13567ea8cb1d16c707b06446f9ab1e705c76291dc:3b50059c27eb07cf6d40c8c36c0507257890c74fc956278aeedb8318f04e3c38:abma:42:d4f05d7e955c9713cbd6d10ee6c6e764af32cf59e9e0a13a7a38e0623867779f,d4f05d7e955c9713cbd6d10ee6c6e764af32cf59e9e0a13a7a38e0623867779f,"[""D:\\pybullet_test\\.venv\\Scripts\\python.exe"", ""run_unified_experiments.py"", ""--formal"", ""--resume"", ""--instances"", ""w45"", ""--solvers"", ""abma"", ""--seeds"", ""42"", ""--selected-evaluation-budget"", ""<USER_SELECTED_A_OR_B_BUDGET>"", ""--selected-timeout"", ""21600"", ""--output-root"", ""unified_experiments/formal_protocol_5fb8fec80189731e702186e13567ea8cb1d16c707b06446f9ab1e705c76291dc/formal/w45/abma/seed_42""]"
152,formal__w45__abma__seed_43,3b50059c27eb07cf6d40c8c36c0507257890c74fc956278aeedb8318f04e3c38,abma,43,11000,16000,,21600,21600,5fb8fec80189731e702186e13567ea8cb1d16c707b06446f9ab1e705c76291dc,aaa71d5ade10b8e0312112f8c3bf00aa189c8283c0c92760a58443974d8ff017,631b2d675e7531d04a3c019cc8013158223944074da3e42d489a5745addee1d3,separate_postprocess_after_successful_raw_run,unified_experiments/formal_protocol_5fb8fec80189731e702186e13567ea8cb1d16c707b06446f9ab1e705c76291dc/formal/w45/abma/seed_43,5fb8fec80189731e702186e13567ea8cb1d16c707b06446f9ab1e705c76291dc:3b50059c27eb07cf6d40c8c36c0507257890c74fc956278aeedb8318f04e3c38:abma:43:e47d4ee7549125fa083b13bc9c2b91ae44bd972587ce1bc46e77eb4291c99e3a,e47d4ee7549125fa083b13bc9c2b91ae44bd972587ce1bc46e77eb4291c99e3a,"[""D:\\pybullet_test\\.venv\\Scripts\\python.exe"", ""run_unified_experiments.py"", ""--formal"", ""--resume"", ""--instances"", ""w45"", ""--solvers"", ""abma"", ""--seeds"", ""43"", ""--selected-evaluation-budget"", ""<USER_SELECTED_A_OR_B_BUDGET>"", ""--selected-timeout"", ""21600"", ""--output-root"", ""unified_experiments/formal_protocol_5fb8fec80189731e702186e13567ea8cb1d16c707b06446f9ab1e705c76291dc/formal/w45/abma/seed_43""]"
153,formal__w45__abma__seed_44,3b50059c27eb07cf6d40c8c36c0507257890c74fc956278aeedb8318f04e3c38,abma,44,11000,16000,,21600,21600,5fb8fec80189731e702186e13567ea8cb1d16c707b06446f9ab1e705c76291dc,aaa71d5ade10b8e0312112f8c3bf00aa189c8283c0c92760a58443974d8ff017,631b2d675e7531d04a3c019cc8013158223944074da3e42d489a5745addee1d3,separate_postprocess_after_successful_raw_run,unified_experiments/formal_protocol_5fb8fec80189731e702186e13567ea8cb1d16c707b06446f9ab1e705c76291dc/formal/w45/abma/seed_44,5fb8fec80189731e702186e13567ea8cb1d16c707b06446f9ab1e705c76291dc:3b50059c27eb07cf6d40c8c36c0507257890c74fc956278aeedb8318f04e3c38:abma:44:23dac1aecbfa4fe1b509085811733bf605339d2603b52832669bbb5e3875e0f4,23dac1aecbfa4fe1b509085811733bf605339d2603b52832669bbb5e3875e0f4,"[""D:\\pybullet_test\\.venv\\Scripts\\python.exe"", ""run_unified_experiments.py"", ""--formal"", ""--resume"", ""--instances"", ""w45"", ""--solvers"", ""abma"", ""--seeds"", ""44"", ""--selected-evaluation-budget"", ""<USER_SELECTED_A_OR_B_BUDGET>"", ""--selected-timeout"", ""21600"", ""--output-root"", ""unified_experiments/formal_protocol_5fb8fec80189731e702186e13567ea8cb1d16c707b06446f9ab1e705c76291dc/formal/w45/abma/seed_44""]"
154,formal__w45__abma__seed_45,3b50059c27eb07cf6d40c8c36c0507257890c74fc956278aeedb8318f04e3c38,abma,45,11000,16000,,21600,21600,5fb8fec80189731e702186e13567ea8cb1d16c707b06446f9ab1e705c76291dc,aaa71d5ade10b8e0312112f8c3bf00aa189c8283c0c92760a58443974d8ff017,631b2d675e7531d04a3c019cc8013158223944074da3e42d489a5745addee1d3,separate_postprocess_after_successful_raw_run,unified_experiments/formal_protocol_5fb8fec80189731e702186e13567ea8cb1d16c707b06446f9ab1e705c76291dc/formal/w45/abma/seed_45,5fb8fec80189731e702186e13567ea8cb1d16c707b06446f9ab1e705c76291dc:3b50059c27eb07cf6d40c8c36c0507257890c74fc956278aeedb8318f04e3c38:abma:45:8d4f1f812ff8d6ed110412fab2960eb2ac44556c6bf0f3a9532bd67f90d2e00d,8d4f1f812ff8d6ed110412fab2960eb2ac44556c6bf0f3a9532bd67f90d2e00d,"[""D:\\pybullet_test\\.venv\\Scripts\\python.exe"", ""run_unified_experiments.py"", ""--formal"", ""--resume"", ""--instances"", ""w45"", ""--solvers"", ""abma"", ""--seeds"", ""45"", ""--selected-evaluation-budget"", ""<USER_SELECTED_A_OR_B_BUDGET>"", ""--selected-timeout"", ""21600"", ""--output-root"", ""unified_experiments/formal_protocol_5fb8fec80189731e702186e13567ea8cb1d16c707b06446f9ab1e705c76291dc/formal/w45/abma/seed_45""]"
155,formal__w45__abma__seed_46,3b50059c27eb07cf6d40c8c36c0507257890c74fc956278aeedb8318f04e3c38,abma,46,11000,16000,,21600,21600,5fb8fec80189731e702186e13567ea8cb1d16c707b06446f9ab1e705c76291dc,aaa71d5ade10b8e0312112f8c3bf00aa189c8283c0c92760a58443974d8ff017,631b2d675e7531d04a3c019cc8013158223944074da3e42d489a5745addee1d3,separate_postprocess_after_successful_raw_run,unified_experiments/formal_protocol_5fb8fec80189731e702186e13567ea8cb1d16c707b06446f9ab1e705c76291dc/formal/w45/abma/seed_46,5fb8fec80189731e702186e13567ea8cb1d16c707b06446f9ab1e705c76291dc:3b50059c27eb07cf6d40c8c36c0507257890c74fc956278aeedb8318f04e3c38:abma:46:b116ddf2dcd8a8bf84b5352f0be0487c6bc44d1b04bfb04c07b5333c7ee4113c,b116ddf2dcd8a8bf84b5352f0be0487c6bc44d1b04bfb04c07b5333c7ee4113c,"[""D:\\pybullet_test\\.venv\\Scripts\\python.exe"", ""run_unified_experiments.py"", ""--formal"", ""--resume"", ""--instances"", ""w45"", ""--solvers"", ""abma"", ""--seeds"", ""46"", ""--selected-evaluation-budget"", ""<USER_SELECTED_A_OR_B_BUDGET>"", ""--selected-timeout"", ""21600"", ""--output-root"", ""unified_experiments/formal_protocol_5fb8fec80189731e702186e13567ea8cb1d16c707b06446f9ab1e705c76291dc/formal/w45/abma/seed_46""]"
156,formal__w45__abma__seed_47,3b50059c27eb07cf6d40c8c36c0507257890c74fc956278aeedb8318f04e3c38,abma,47,11000,16000,,21600,21600,5fb8fec80189731e702186e13567ea8cb1d16c707b06446f9ab1e705c76291dc,aaa71d5ade10b8e0312112f8c3bf00aa189c8283c0c92760a58443974d8ff017,631b2d675e7531d04a3c019cc8013158223944074da3e42d489a5745addee1d3,separate_postprocess_after_successful_raw_run,unified_experiments/formal_protocol_5fb8fec80189731e702186e13567ea8cb1d16c707b06446f9ab1e705c76291dc/formal/w45/abma/seed_47,5fb8fec80189731e702186e13567ea8cb1d16c707b06446f9ab1e705c76291dc:3b50059c27eb07cf6d40c8c36c0507257890c74fc956278aeedb8318f04e3c38:abma:47:a28bf54fd3df0722ee8db758d59c43244ad466e1b080aadcd5016c9339208a23,a28bf54fd3df0722ee8db758d59c43244ad466e1b080aadcd5016c9339208a23,"[""D:\\pybullet_test\\.venv\\Scripts\\python.exe"", ""run_unified_experiments.py"", ""--formal"", ""--resume"", ""--instances"", ""w45"", ""--solvers"", ""abma"", ""--seeds"", ""47"", ""--selected-evaluation-budget"", ""<USER_SELECTED_A_OR_B_BUDGET>"", ""--selected-timeout"", ""21600"", ""--output-root"", ""unified_experiments/formal_protocol_5fb8fec80189731e702186e13567ea8cb1d16c707b06446f9ab1e705c76291dc/formal/w45/abma/seed_47""]"
157,formal__w45__abma__seed_48,3b50059c27eb07cf6d40c8c36c0507257890c74fc956278aeedb8318f04e3c38,abma,48,11000,16000,,21600,21600,5fb8fec80189731e702186e13567ea8cb1d16c707b06446f9ab1e705c76291dc,aaa71d5ade10b8e0312112f8c3bf00aa189c8283c0c92760a58443974d8ff017,631b2d675e7531d04a3c019cc8013158223944074da3e42d489a5745addee1d3,separate_postprocess_after_successful_raw_run,unified_experiments/formal_protocol_5fb8fec80189731e702186e13567ea8cb1d16c707b06446f9ab1e705c76291dc/formal/w45/abma/seed_48,5fb8fec80189731e702186e13567ea8cb1d16c707b06446f9ab1e705c76291dc:3b50059c27eb07cf6d40c8c36c0507257890c74fc956278aeedb8318f04e3c38:abma:48:ac9fa3aac2f3eb19c22c7466bd7d87f6374367cb80b0ed81d0e6457f86849641,ac9fa3aac2f3eb19c22c7466bd7d87f6374367cb80b0ed81d0e6457f86849641,"[""D:\\pybullet_test\\.venv\\Scripts\\python.exe"", ""run_unified_experiments.py"", ""--formal"", ""--resume"", ""--instances"", ""w45"", ""--solvers"", ""abma"", ""--seeds"", ""48"", ""--selected-evaluation-budget"", ""<USER_SELECTED_A_OR_B_BUDGET>"", ""--selected-timeout"", ""21600"", ""--output-root"", ""unified_experiments/formal_protocol_5fb8fec80189731e702186e13567ea8cb1d16c707b06446f9ab1e705c76291dc/formal/w45/abma/seed_48""]"
158,formal__w45__abma__seed_49,3b50059c27eb07cf6d40c8c36c0507257890c74fc956278aeedb8318f04e3c38,abma,49,11000,16000,,21600,21600,5fb8fec80189731e702186e13567ea8cb1d16c707b06446f9ab1e705c76291dc,aaa71d5ade10b8e0312112f8c3bf00aa189c8283c0c92760a58443974d8ff017,631b2d675e7531d04a3c019cc8013158223944074da3e42d489a5745addee1d3,separate_postprocess_after_successful_raw_run,unified_experiments/formal_protocol_5fb8fec80189731e702186e13567ea8cb1d16c707b06446f9ab1e705c76291dc/formal/w45/abma/seed_49,5fb8fec80189731e702186e13567ea8cb1d16c707b06446f9ab1e705c76291dc:3b50059c27eb07cf6d40c8c36c0507257890c74fc956278aeedb8318f04e3c38:abma:49:81de5710c718b6c7bd6b626c7cb625182d88e7b330fbcdc01e69a51aff72a1fd,81de5710c718b6c7bd6b626c7cb625182d88e7b330fbcdc01e69a51aff72a1fd,"[""D:\\pybullet_test\\.venv\\Scripts\\python.exe"", ""run_unified_experiments.py"", ""--formal"", ""--resume"", ""--instances"", ""w45"", ""--solvers"", ""abma"", ""--seeds"", ""49"", ""--selected-evaluation-budget"", ""<USER_SELECTED_A_OR_B_BUDGET>"", ""--selected-timeout"", ""21600"", ""--output-root"", ""unified_experiments/formal_protocol_5fb8fec80189731e702186e13567ea8cb1d16c707b06446f9ab1e705c76291dc/formal/w45/abma/seed_49""]"
159,formal__w45__abma__seed_50,3b50059c27eb07cf6d40c8c36c0507257890c74fc956278aeedb8318f04e3c38,abma,50,11000,16000,,21600,21600,5fb8fec80189731e702186e13567ea8cb1d16c707b06446f9ab1e705c76291dc,aaa71d5ade10b8e0312112f8c3bf00aa189c8283c0c92760a58443974d8ff017,631b2d675e7531d04a3c019cc8013158223944074da3e42d489a5745addee1d3,separate_postprocess_after_successful_raw_run,unified_experiments/formal_protocol_5fb8fec80189731e702186e13567ea8cb1d16c707b06446f9ab1e705c76291dc/formal/w45/abma/seed_50,5fb8fec80189731e702186e13567ea8cb1d16c707b06446f9ab1e705c76291dc:3b50059c27eb07cf6d40c8c36c0507257890c74fc956278aeedb8318f04e3c38:abma:50:956d2b2872e55fa9468136a7bfeace1c3f9c0fa2015c3e070ef46aab1a94c650,956d2b2872e55fa9468136a7bfeace1c3f9c0fa2015c3e070ef46aab1a94c650,"[""D:\\pybullet_test\\.venv\\Scripts\\python.exe"", ""run_unified_experiments.py"", ""--formal"", ""--resume"", ""--instances"", ""w45"", ""--solvers"", ""abma"", ""--seeds"", ""50"", ""--selected-evaluation-budget"", ""<USER_SELECTED_A_OR_B_BUDGET>"", ""--selected-timeout"", ""21600"", ""--output-root"", ""unified_experiments/formal_protocol_5fb8fec80189731e702186e13567ea8cb1d16c707b06446f9ab1e705c76291dc/formal/w45/abma/seed_50""]"
160,formal__w45__abma__seed_51,3b50059c27eb07cf6d40c8c36c0507257890c74fc956278aeedb8318f04e3c38,abma,51,11000,16000,,21600,21600,5fb8fec80189731e702186e13567ea8cb1d16c707b06446f9ab1e705c76291dc,aaa71d5ade10b8e0312112f8c3bf00aa189c8283c0c92760a58443974d8ff017,631b2d675e7531d04a3c019cc8013158223944074da3e42d489a5745addee1d3,separate_postprocess_after_successful_raw_run,unified_experiments/formal_protocol_5fb8fec80189731e702186e13567ea8cb1d16c707b06446f9ab1e705c76291dc/formal/w45/abma/seed_51,5fb8fec80189731e702186e13567ea8cb1d16c707b06446f9ab1e705c76291dc:3b50059c27eb07cf6d40c8c36c0507257890c74fc956278aeedb8318f04e3c38:abma:51:c4c864c74a405ccaf64eff6a47668b1fbcb3c367167e7465acb75a9ac48b8e3a,c4c864c74a405ccaf64eff6a47668b1fbcb3c367167e7465acb75a9ac48b8e3a,"[""D:\\pybullet_test\\.venv\\Scripts\\python.exe"", ""run_unified_experiments.py"", ""--formal"", ""--resume"", ""--instances"", ""w45"", ""--solvers"", ""abma"", ""--seeds"", ""51"", ""--selected-evaluation-budget"", ""<USER_SELECTED_A_OR_B_BUDGET>"", ""--selected-timeout"", ""21600"", ""--output-root"", ""unified_experiments/formal_protocol_5fb8fec80189731e702186e13567ea8cb1d16c707b06446f9ab1e705c76291dc/formal/w45/abma/seed_51""]"
161,formal__w45__abma__seed_52,3b50059c27eb07cf6d40c8c36c0507257890c74fc956278aeedb8318f04e3c38,abma,52,11000,16000,,21600,21600,5fb8fec80189731e702186e13567ea8cb1d16c707b06446f9ab1e705c76291dc,aaa71d5ade10b8e0312112f8c3bf00aa189c8283c0c92760a58443974d8ff017,631b2d675e7531d04a3c019cc8013158223944074da3e42d489a5745addee1d3,separate_postprocess_after_successful_raw_run,unified_experiments/formal_protocol_5fb8fec80189731e702186e13567ea8cb1d16c707b06446f9ab1e705c76291dc/formal/w45/abma/seed_52,5fb8fec80189731e702186e13567ea8cb1d16c707b06446f9ab1e705c76291dc:3b50059c27eb07cf6d40c8c36c0507257890c74fc956278aeedb8318f04e3c38:abma:52:cc165dc6ece4823d5e689b97d67237d8bc8121ec7b0155a98e2bd24cf22f9170,cc165dc6ece4823d5e689b97d67237d8bc8121ec7b0155a98e2bd24cf22f9170,"[""D:\\pybullet_test\\.venv\\Scripts\\python.exe"", ""run_unified_experiments.py"", ""--formal"", ""--resume"", ""--instances"", ""w45"", ""--solvers"", ""abma"", ""--seeds"", ""52"", ""--selected-evaluation-budget"", ""<USER_SELECTED_A_OR_B_BUDGET>"", ""--selected-timeout"", ""21600"", ""--output-root"", ""unified_experiments/formal_protocol_5fb8fec80189731e702186e13567ea8cb1d16c707b06446f9ab1e705c76291dc/formal/w45/abma/seed_52""]"
162,formal__w45__abma__seed_53,3b50059c27eb07cf6d40c8c36c0507257890c74fc956278aeedb8318f04e3c38,abma,53,11000,16000,,21600,21600,5fb8fec80189731e702186e13567ea8cb1d16c707b06446f9ab1e705c76291dc,aaa71d5ade10b8e0312112f8c3bf00aa189c8283c0c92760a58443974d8ff017,631b2d675e7531d04a3c019cc8013158223944074da3e42d489a5745addee1d3,separate_postprocess_after_successful_raw_run,unified_experiments/formal_protocol_5fb8fec80189731e702186e13567ea8cb1d16c707b06446f9ab1e705c76291dc/formal/w45/abma/seed_53,5fb8fec80189731e702186e13567ea8cb1d16c707b06446f9ab1e705c76291dc:3b50059c27eb07cf6d40c8c36c0507257890c74fc956278aeedb8318f04e3c38:abma:53:77544e13f61bd2ede8e09628550ba8e0d5b479d3ad4d6c07e0cea0b1200190ec,77544e13f61bd2ede8e09628550ba8e0d5b479d3ad4d6c07e0cea0b1200190ec,"[""D:\\pybullet_test\\.venv\\Scripts\\python.exe"", ""run_unified_experiments.py"", ""--formal"", ""--resume"", ""--instances"", ""w45"", ""--solvers"", ""abma"", ""--seeds"", ""53"", ""--selected-evaluation-budget"", ""<USER_SELECTED_A_OR_B_BUDGET>"", ""--selected-timeout"", ""21600"", ""--output-root"", ""unified_experiments/formal_protocol_5fb8fec80189731e702186e13567ea8cb1d16c707b06446f9ab1e705c76291dc/formal/w45/abma/seed_53""]"
163,formal__w45__abma__seed_54,3b50059c27eb07cf6d40c8c36c0507257890c74fc956278aeedb8318f04e3c38,abma,54,11000,16000,,21600,21600,5fb8fec80189731e702186e13567ea8cb1d16c707b06446f9ab1e705c76291dc,aaa71d5ade10b8e0312112f8c3bf00aa189c8283c0c92760a58443974d8ff017,631b2d675e7531d04a3c019cc8013158223944074da3e42d489a5745addee1d3,separate_postprocess_after_successful_raw_run,unified_experiments/formal_protocol_5fb8fec80189731e702186e13567ea8cb1d16c707b06446f9ab1e705c76291dc/formal/w45/abma/seed_54,5fb8fec80189731e702186e13567ea8cb1d16c707b06446f9ab1e705c76291dc:3b50059c27eb07cf6d40c8c36c0507257890c74fc956278aeedb8318f04e3c38:abma:54:7af07476340abdab3423133cc6fe9895ba944e5240460447053a4f426688a8d9,7af07476340abdab3423133cc6fe9895ba944e5240460447053a4f426688a8d9,"[""D:\\pybullet_test\\.venv\\Scripts\\python.exe"", ""run_unified_experiments.py"", ""--formal"", ""--resume"", ""--instances"", ""w45"", ""--solvers"", ""abma"", ""--seeds"", ""54"", ""--selected-evaluation-budget"", ""<USER_SELECTED_A_OR_B_BUDGET>"", ""--selected-timeout"", ""21600"", ""--output-root"", ""unified_experiments/formal_protocol_5fb8fec80189731e702186e13567ea8cb1d16c707b06446f9ab1e705c76291dc/formal/w45/abma/seed_54""]"
164,formal__w45__abma__seed_55,3b50059c27eb07cf6d40c8c36c0507257890c74fc956278aeedb8318f04e3c38,abma,55,11000,16000,,21600,21600,5fb8fec80189731e702186e13567ea8cb1d16c707b06446f9ab1e705c76291dc,aaa71d5ade10b8e0312112f8c3bf00aa189c8283c0c92760a58443974d8ff017,631b2d675e7531d04a3c019cc8013158223944074da3e42d489a5745addee1d3,separate_postprocess_after_successful_raw_run,unified_experiments/formal_protocol_5fb8fec80189731e702186e13567ea8cb1d16c707b06446f9ab1e705c76291dc/formal/w45/abma/seed_55,5fb8fec80189731e702186e13567ea8cb1d16c707b06446f9ab1e705c76291dc:3b50059c27eb07cf6d40c8c36c0507257890c74fc956278aeedb8318f04e3c38:abma:55:113efb2c081c06ffef6ae4ba387b2696f295d885b79d24675c59f4db1ffaa7bc,113efb2c081c06ffef6ae4ba387b2696f295d885b79d24675c59f4db1ffaa7bc,"[""D:\\pybullet_test\\.venv\\Scripts\\python.exe"", ""run_unified_experiments.py"", ""--formal"", ""--resume"", ""--instances"", ""w45"", ""--solvers"", ""abma"", ""--seeds"", ""55"", ""--selected-evaluation-budget"", ""<USER_SELECTED_A_OR_B_BUDGET>"", ""--selected-timeout"", ""21600"", ""--output-root"", ""unified_experiments/formal_protocol_5fb8fec80189731e702186e13567ea8cb1d16c707b06446f9ab1e705c76291dc/formal/w45/abma/seed_55""]"
165,formal__w45__abma__seed_56,3b50059c27eb07cf6d40c8c36c0507257890c74fc956278aeedb8318f04e3c38,abma,56,11000,16000,,21600,21600,5fb8fec80189731e702186e13567ea8cb1d16c707b06446f9ab1e705c76291dc,aaa71d5ade10b8e0312112f8c3bf00aa189c8283c0c92760a58443974d8ff017,631b2d675e7531d04a3c019cc8013158223944074da3e42d489a5745addee1d3,separate_postprocess_after_successful_raw_run,unified_experiments/formal_protocol_5fb8fec80189731e702186e13567ea8cb1d16c707b06446f9ab1e705c76291dc/formal/w45/abma/seed_56,5fb8fec80189731e702186e13567ea8cb1d16c707b06446f9ab1e705c76291dc:3b50059c27eb07cf6d40c8c36c0507257890c74fc956278aeedb8318f04e3c38:abma:56:06a68739c31f0b7cc0bb4713cddc654e2c6d26f3e02a93c01082ae96f427d829,06a68739c31f0b7cc0bb4713cddc654e2c6d26f3e02a93c01082ae96f427d829,"[""D:\\pybullet_test\\.venv\\Scripts\\python.exe"", ""run_unified_experiments.py"", ""--formal"", ""--resume"", ""--instances"", ""w45"", ""--solvers"", ""abma"", ""--seeds"", ""56"", ""--selected-evaluation-budget"", ""<USER_SELECTED_A_OR_B_BUDGET>"", ""--selected-timeout"", ""21600"", ""--output-root"", ""unified_experiments/formal_protocol_5fb8fec80189731e702186e13567ea8cb1d16c707b06446f9ab1e705c76291dc/formal/w45/abma/seed_56""]"
166,formal__w45__abma__seed_57,3b50059c27eb07cf6d40c8c36c0507257890c74fc956278aeedb8318f04e3c38,abma,57,11000,16000,,21600,21600,5fb8fec80189731e702186e13567ea8cb1d16c707b06446f9ab1e705c76291dc,aaa71d5ade10b8e0312112f8c3bf00aa189c8283c0c92760a58443974d8ff017,631b2d675e7531d04a3c019cc8013158223944074da3e42d489a5745addee1d3,separate_postprocess_after_successful_raw_run,unified_experiments/formal_protocol_5fb8fec80189731e702186e13567ea8cb1d16c707b06446f9ab1e705c76291dc/formal/w45/abma/seed_57,5fb8fec80189731e702186e13567ea8cb1d16c707b06446f9ab1e705c76291dc:3b50059c27eb07cf6d40c8c36c0507257890c74fc956278aeedb8318f04e3c38:abma:57:1604baefb5ab0c77d38dceaf55e1620bc7526fa21d46c56807a6b36d94da9287,1604baefb5ab0c77d38dceaf55e1620bc7526fa21d46c56807a6b36d94da9287,"[""D:\\pybullet_test\\.venv\\Scripts\\python.exe"", ""run_unified_experiments.py"", ""--formal"", ""--resume"", ""--instances"", ""w45"", ""--solvers"", ""abma"", ""--seeds"", ""57"", ""--selected-evaluation-budget"", ""<USER_SELECTED_A_OR_B_BUDGET>"", ""--selected-timeout"", ""21600"", ""--output-root"", ""unified_experiments/formal_protocol_5fb8fec80189731e702186e13567ea8cb1d16c707b06446f9ab1e705c76291dc/formal/w45/abma/seed_57""]"
167,formal__w45__abma__seed_58,3b50059c27eb07cf6d40c8c36c0507257890c74fc956278aeedb8318f04e3c38,abma,58,11000,16000,,21600,21600,5fb8fec80189731e702186e13567ea8cb1d16c707b06446f9ab1e705c76291dc,aaa71d5ade10b8e0312112f8c3bf00aa189c8283c0c92760a58443974d8ff017,631b2d675e7531d04a3c019cc8013158223944074da3e42d489a5745addee1d3,separate_postprocess_after_successful_raw_run,unified_experiments/formal_protocol_5fb8fec80189731e702186e13567ea8cb1d16c707b06446f9ab1e705c76291dc/formal/w45/abma/seed_58,5fb8fec80189731e702186e13567ea8cb1d16c707b06446f9ab1e705c76291dc:3b50059c27eb07cf6d40c8c36c0507257890c74fc956278aeedb8318f04e3c38:abma:58:1d49875cc8cac321b683e3f81ae47e039894fad93c8cc2b9f1850abd6bd1865b,1d49875cc8cac321b683e3f81ae47e039894fad93c8cc2b9f1850abd6bd1865b,"[""D:\\pybullet_test\\.venv\\Scripts\\python.exe"", ""run_unified_experiments.py"", ""--formal"", ""--resume"", ""--instances"", ""w45"", ""--solvers"", ""abma"", ""--seeds"", ""58"", ""--selected-evaluation-budget"", ""<USER_SELECTED_A_OR_B_BUDGET>"", ""--selected-timeout"", ""21600"", ""--output-root"", ""unified_experiments/formal_protocol_5fb8fec80189731e702186e13567ea8cb1d16c707b06446f9ab1e705c76291dc/formal/w45/abma/seed_58""]"
168,formal__w45__abma__seed_59,3b50059c27eb07cf6d40c8c36c0507257890c74fc956278aeedb8318f04e3c38,abma,59,11000,16000,,21600,21600,5fb8fec80189731e702186e13567ea8cb1d16c707b06446f9ab1e705c76291dc,aaa71d5ade10b8e0312112f8c3bf00aa189c8283c0c92760a58443974d8ff017,631b2d675e7531d04a3c019cc8013158223944074da3e42d489a5745addee1d3,separate_postprocess_after_successful_raw_run,unified_experiments/formal_protocol_5fb8fec80189731e702186e13567ea8cb1d16c707b06446f9ab1e705c76291dc/formal/w45/abma/seed_59,5fb8fec80189731e702186e13567ea8cb1d16c707b06446f9ab1e705c76291dc:3b50059c27eb07cf6d40c8c36c0507257890c74fc956278aeedb8318f04e3c38:abma:59:0ded330f1c70d1de281d6dc09a5abd1d051216e2672b59a20022f0de3a0e268e,0ded330f1c70d1de281d6dc09a5abd1d051216e2672b59a20022f0de3a0e268e,"[""D:\\pybullet_test\\.venv\\Scripts\\python.exe"", ""run_unified_experiments.py"", ""--formal"", ""--resume"", ""--instances"", ""w45"", ""--solvers"", ""abma"", ""--seeds"", ""59"", ""--selected-evaluation-budget"", ""<USER_SELECTED_A_OR_B_BUDGET>"", ""--selected-timeout"", ""21600"", ""--output-root"", ""unified_experiments/formal_protocol_5fb8fec80189731e702186e13567ea8cb1d16c707b06446f9ab1e705c76291dc/formal/w45/abma/seed_59""]"
169,formal__w45__abma__seed_60,3b50059c27eb07cf6d40c8c36c0507257890c74fc956278aeedb8318f04e3c38,abma,60,11000,16000,,21600,21600,5fb8fec80189731e702186e13567ea8cb1d16c707b06446f9ab1e705c76291dc,aaa71d5ade10b8e0312112f8c3bf00aa189c8283c0c92760a58443974d8ff017,631b2d675e7531d04a3c019cc8013158223944074da3e42d489a5745addee1d3,separate_postprocess_after_successful_raw_run,unified_experiments/formal_protocol_5fb8fec80189731e702186e13567ea8cb1d16c707b06446f9ab1e705c76291dc/formal/w45/abma/seed_60,5fb8fec80189731e702186e13567ea8cb1d16c707b06446f9ab1e705c76291dc:3b50059c27eb07cf6d40c8c36c0507257890c74fc956278aeedb8318f04e3c38:abma:60:00bb9b3d12b3cf7bac8da236e3d7a306119c3390deed9b453b71990b294c4ca5,00bb9b3d12b3cf7bac8da236e3d7a306119c3390deed9b453b71990b294c4ca5,"[""D:\\pybullet_test\\.venv\\Scripts\\python.exe"", ""run_unified_experiments.py"", ""--formal"", ""--resume"", ""--instances"", ""w45"", ""--solvers"", ""abma"", ""--seeds"", ""60"", ""--selected-evaluation-budget"", ""<USER_SELECTED_A_OR_B_BUDGET>"", ""--selected-timeout"", ""21600"", ""--output-root"", ""unified_experiments/formal_protocol_5fb8fec80189731e702186e13567ea8cb1d16c707b06446f9ab1e705c76291dc/formal/w45/abma/seed_60""]"
170,formal__w45__abma__seed_61,3b50059c27eb07cf6d40c8c36c0507257890c74fc956278aeedb8318f04e3c38,abma,61,11000,16000,,21600,21600,5fb8fec80189731e702186e13567ea8cb1d16c707b06446f9ab1e705c76291dc,aaa71d5ade10b8e0312112f8c3bf00aa189c8283c0c92760a58443974d8ff017,631b2d675e7531d04a3c019cc8013158223944074da3e42d489a5745addee1d3,separate_postprocess_after_successful_raw_run,unified_experiments/formal_protocol_5fb8fec80189731e702186e13567ea8cb1d16c707b06446f9ab1e705c76291dc/formal/w45/abma/seed_61,5fb8fec80189731e702186e13567ea8cb1d16c707b06446f9ab1e705c76291dc:3b50059c27eb07cf6d40c8c36c0507257890c74fc956278aeedb8318f04e3c38:abma:61:9adb637d092f59cbf90fc0653ff3f5acd8af96d810470e91c11afbe5a6d51fa3,9adb637d092f59cbf90fc0653ff3f5acd8af96d810470e91c11afbe5a6d51fa3,"[""D:\\pybullet_test\\.venv\\Scripts\\python.exe"", ""run_unified_experiments.py"", ""--formal"", ""--resume"", ""--instances"", ""w45"", ""--solvers"", ""abma"", ""--seeds"", ""61"", ""--selected-evaluation-budget"", ""<USER_SELECTED_A_OR_B_BUDGET>"", ""--selected-timeout"", ""21600"", ""--output-root"", ""unified_experiments/formal_protocol_5fb8fec80189731e702186e13567ea8cb1d16c707b06446f9ab1e705c76291dc/formal/w45/abma/seed_61""]"
171,formal__w45__abma__seed_62,3b50059c27eb07cf6d40c8c36c0507257890c74fc956278aeedb8318f04e3c38,abma,62,11000,16000,,21600,21600,5fb8fec80189731e702186e13567ea8cb1d16c707b06446f9ab1e705c76291dc,aaa71d5ade10b8e0312112f8c3bf00aa189c8283c0c92760a58443974d8ff017,631b2d675e7531d04a3c019cc8013158223944074da3e42d489a5745addee1d3,separate_postprocess_after_successful_raw_run,unified_experiments/formal_protocol_5fb8fec80189731e702186e13567ea8cb1d16c707b06446f9ab1e705c76291dc/formal/w45/abma/seed_62,5fb8fec80189731e702186e13567ea8cb1d16c707b06446f9ab1e705c76291dc:3b50059c27eb07cf6d40c8c36c0507257890c74fc956278aeedb8318f04e3c38:abma:62:179af4ab865f14915d8d5dbbdf7392d139d6f87ff75d18df0f3427bb0c6f9e19,179af4ab865f14915d8d5dbbdf7392d139d6f87ff75d18df0f3427bb0c6f9e19,"[""D:\\pybullet_test\\.venv\\Scripts\\python.exe"", ""run_unified_experiments.py"", ""--formal"", ""--resume"", ""--instances"", ""w45"", ""--solvers"", ""abma"", ""--seeds"", ""62"", ""--selected-evaluation-budget"", ""<USER_SELECTED_A_OR_B_BUDGET>"", ""--selected-timeout"", ""21600"", ""--output-root"", ""unified_experiments/formal_protocol_5fb8fec80189731e702186e13567ea8cb1d16c707b06446f9ab1e705c76291dc/formal/w45/abma/seed_62""]"
172,formal__w45__abma__seed_63,3b50059c27eb07cf6d40c8c36c0507257890c74fc956278aeedb8318f04e3c38,abma,63,11000,16000,,21600,21600,5fb8fec80189731e702186e13567ea8cb1d16c707b06446f9ab1e705c76291dc,aaa71d5ade10b8e0312112f8c3bf00aa189c8283c0c92760a58443974d8ff017,631b2d675e7531d04a3c019cc8013158223944074da3e42d489a5745addee1d3,separate_postprocess_after_successful_raw_run,unified_experiments/formal_protocol_5fb8fec80189731e702186e13567ea8cb1d16c707b06446f9ab1e705c76291dc/formal/w45/abma/seed_63,5fb8fec80189731e702186e13567ea8cb1d16c707b06446f9ab1e705c76291dc:3b50059c27eb07cf6d40c8c36c0507257890c74fc956278aeedb8318f04e3c38:abma:63:df67dfa35a2df64f540485db1e77e8ace76f05962bfaef4bc30b5424ff7341c6,df67dfa35a2df64f540485db1e77e8ace76f05962bfaef4bc30b5424ff7341c6,"[""D:\\pybullet_test\\.venv\\Scripts\\python.exe"", ""run_unified_experiments.py"", ""--formal"", ""--resume"", ""--instances"", ""w45"", ""--solvers"", ""abma"", ""--seeds"", ""63"", ""--selected-evaluation-budget"", ""<USER_SELECTED_A_OR_B_BUDGET>"", ""--selected-timeout"", ""21600"", ""--output-root"", ""unified_experiments/formal_protocol_5fb8fec80189731e702186e13567ea8cb1d16c707b06446f9ab1e705c76291dc/formal/w45/abma/seed_63""]"
173,formal__w45__abma__seed_64,3b50059c27eb07cf6d40c8c36c0507257890c74fc956278aeedb8318f04e3c38,abma,64,11000,16000,,21600,21600,5fb8fec80189731e702186e13567ea8cb1d16c707b06446f9ab1e705c76291dc,aaa71d5ade10b8e0312112f8c3bf00aa189c8283c0c92760a58443974d8ff017,631b2d675e7531d04a3c019cc8013158223944074da3e42d489a5745addee1d3,separate_postprocess_after_successful_raw_run,unified_experiments/formal_protocol_5fb8fec80189731e702186e13567ea8cb1d16c707b06446f9ab1e705c76291dc/formal/w45/abma/seed_64,5fb8fec80189731e702186e13567ea8cb1d16c707b06446f9ab1e705c76291dc:3b50059c27eb07cf6d40c8c36c0507257890c74fc956278aeedb8318f04e3c38:abma:64:e10760ee1c90eae162d384f86f96965c5a8bed054a12119c7706cb21c57b9a57,e10760ee1c90eae162d384f86f96965c5a8bed054a12119c7706cb21c57b9a57,"[""D:\\pybullet_test\\.venv\\Scripts\\python.exe"", ""run_unified_experiments.py"", ""--formal"", ""--resume"", ""--instances"", ""w45"", ""--solvers"", ""abma"", ""--seeds"", ""64"", ""--selected-evaluation-budget"", ""<USER_SELECTED_A_OR_B_BUDGET>"", ""--selected-timeout"", ""21600"", ""--output-root"", ""unified_experiments/formal_protocol_5fb8fec80189731e702186e13567ea8cb1d16c707b06446f9ab1e705c76291dc/formal/w45/abma/seed_64""]"
174,formal__w45__abma__seed_65,3b50059c27eb07cf6d40c8c36c0507257890c74fc956278aeedb8318f04e3c38,abma,65,11000,16000,,21600,21600,5fb8fec80189731e702186e13567ea8cb1d16c707b06446f9ab1e705c76291dc,aaa71d5ade10b8e0312112f8c3bf00aa189c8283c0c92760a58443974d8ff017,631b2d675e7531d04a3c019cc8013158223944074da3e42d489a5745addee1d3,separate_postprocess_after_successful_raw_run,unified_experiments/formal_protocol_5fb8fec80189731e702186e13567ea8cb1d16c707b06446f9ab1e705c76291dc/formal/w45/abma/seed_65,5fb8fec80189731e702186e13567ea8cb1d16c707b06446f9ab1e705c76291dc:3b50059c27eb07cf6d40c8c36c0507257890c74fc956278aeedb8318f04e3c38:abma:65:ed44d33e9a2f03bce4b6f2e466789ecbac128171d64f0565d599a996cb60c1fb,ed44d33e9a2f03bce4b6f2e466789ecbac128171d64f0565d599a996cb60c1fb,"[""D:\\pybullet_test\\.venv\\Scripts\\python.exe"", ""run_unified_experiments.py"", ""--formal"", ""--resume"", ""--instances"", ""w45"", ""--solvers"", ""abma"", ""--seeds"", ""65"", ""--selected-evaluation-budget"", ""<USER_SELECTED_A_OR_B_BUDGET>"", ""--selected-timeout"", ""21600"", ""--output-root"", ""unified_experiments/formal_protocol_5fb8fec80189731e702186e13567ea8cb1d16c707b06446f9ab1e705c76291dc/formal/w45/abma/seed_65""]"
175,formal__w45__abma__seed_66,3b50059c27eb07cf6d40c8c36c0507257890c74fc956278aeedb8318f04e3c38,abma,66,11000,16000,,21600,21600,5fb8fec80189731e702186e13567ea8cb1d16c707b06446f9ab1e705c76291dc,aaa71d5ade10b8e0312112f8c3bf00aa189c8283c0c92760a58443974d8ff017,631b2d675e7531d04a3c019cc8013158223944074da3e42d489a5745addee1d3,separate_postprocess_after_successful_raw_run,unified_experiments/formal_protocol_5fb8fec80189731e702186e13567ea8cb1d16c707b06446f9ab1e705c76291dc/formal/w45/abma/seed_66,5fb8fec80189731e702186e13567ea8cb1d16c707b06446f9ab1e705c76291dc:3b50059c27eb07cf6d40c8c36c0507257890c74fc956278aeedb8318f04e3c38:abma:66:9a4d17368f84db59506f8886580ff0c2d3ced6f146a72728f5998aab778cced2,9a4d17368f84db59506f8886580ff0c2d3ced6f146a72728f5998aab778cced2,"[""D:\\pybullet_test\\.venv\\Scripts\\python.exe"", ""run_unified_experiments.py"", ""--formal"", ""--resume"", ""--instances"", ""w45"", ""--solvers"", ""abma"", ""--seeds"", ""66"", ""--selected-evaluation-budget"", ""<USER_SELECTED_A_OR_B_BUDGET>"", ""--selected-timeout"", ""21600"", ""--output-root"", ""unified_experiments/formal_protocol_5fb8fec80189731e702186e13567ea8cb1d16c707b06446f9ab1e705c76291dc/formal/w45/abma/seed_66""]"
176,formal__w45__abma__seed_67,3b50059c27eb07cf6d40c8c36c0507257890c74fc956278aeedb8318f04e3c38,abma,67,11000,16000,,21600,21600,5fb8fec80189731e702186e13567ea8cb1d16c707b06446f9ab1e705c76291dc,aaa71d5ade10b8e0312112f8c3bf00aa189c8283c0c92760a58443974d8ff017,631b2d675e7531d04a3c019cc8013158223944074da3e42d489a5745addee1d3,separate_postprocess_after_successful_raw_run,unified_experiments/formal_protocol_5fb8fec80189731e702186e13567ea8cb1d16c707b06446f9ab1e705c76291dc/formal/w45/abma/seed_67,5fb8fec80189731e702186e13567ea8cb1d16c707b06446f9ab1e705c76291dc:3b50059c27eb07cf6d40c8c36c0507257890c74fc956278aeedb8318f04e3c38:abma:67:86927cc868f2b6e8d072d24e009dbf585d796e75b9205d09d052619760799a19,86927cc868f2b6e8d072d24e009dbf585d796e75b9205d09d052619760799a19,"[""D:\\pybullet_test\\.venv\\Scripts\\python.exe"", ""run_unified_experiments.py"", ""--formal"", ""--resume"", ""--instances"", ""w45"", ""--solvers"", ""abma"", ""--seeds"", ""67"", ""--selected-evaluation-budget"", ""<USER_SELECTED_A_OR_B_BUDGET>"", ""--selected-timeout"", ""21600"", ""--output-root"", ""unified_experiments/formal_protocol_5fb8fec80189731e702186e13567ea8cb1d16c707b06446f9ab1e705c76291dc/formal/w45/abma/seed_67""]"
177,formal__w45__abma__seed_68,3b50059c27eb07cf6d40c8c36c0507257890c74fc956278aeedb8318f04e3c38,abma,68,11000,16000,,21600,21600,5fb8fec80189731e702186e13567ea8cb1d16c707b06446f9ab1e705c76291dc,aaa71d5ade10b8e0312112f8c3bf00aa189c8283c0c92760a58443974d8ff017,631b2d675e7531d04a3c019cc8013158223944074da3e42d489a5745addee1d3,separate_postprocess_after_successful_raw_run,unified_experiments/formal_protocol_5fb8fec80189731e702186e13567ea8cb1d16c707b06446f9ab1e705c76291dc/formal/w45/abma/seed_68,5fb8fec80189731e702186e13567ea8cb1d16c707b06446f9ab1e705c76291dc:3b50059c27eb07cf6d40c8c36c0507257890c74fc956278aeedb8318f04e3c38:abma:68:959785c76a4816a0e9c9ac5fb40f02a16621710f666f3b98359328242cd829b8,959785c76a4816a0e9c9ac5fb40f02a16621710f666f3b98359328242cd829b8,"[""D:\\pybullet_test\\.venv\\Scripts\\python.exe"", ""run_unified_experiments.py"", ""--formal"", ""--resume"", ""--instances"", ""w45"", ""--solvers"", ""abma"", ""--seeds"", ""68"", ""--selected-evaluation-budget"", ""<USER_SELECTED_A_OR_B_BUDGET>"", ""--selected-timeout"", ""21600"", ""--output-root"", ""unified_experiments/formal_protocol_5fb8fec80189731e702186e13567ea8cb1d16c707b06446f9ab1e705c76291dc/formal/w45/abma/seed_68""]"
178,formal__w45__abma__seed_69,3b50059c27eb07cf6d40c8c36c0507257890c74fc956278aeedb8318f04e3c38,abma,69,11000,16000,,21600,21600,5fb8fec80189731e702186e13567ea8cb1d16c707b06446f9ab1e705c76291dc,aaa71d5ade10b8e0312112f8c3bf00aa189c8283c0c92760a58443974d8ff017,631b2d675e7531d04a3c019cc8013158223944074da3e42d489a5745addee1d3,separate_postprocess_after_successful_raw_run,unified_experiments/formal_protocol_5fb8fec80189731e702186e13567ea8cb1d16c707b06446f9ab1e705c76291dc/formal/w45/abma/seed_69,5fb8fec80189731e702186e13567ea8cb1d16c707b06446f9ab1e705c76291dc:3b50059c27eb07cf6d40c8c36c0507257890c74fc956278aeedb8318f04e3c38:abma:69:99ff7101598b5e12ba1a60d0058b9e0dc87fa73905361eaf3ad148ccf2df1def,99ff7101598b5e12ba1a60d0058b9e0dc87fa73905361eaf3ad148ccf2df1def,"[""D:\\pybullet_test\\.venv\\Scripts\\python.exe"", ""run_unified_experiments.py"", ""--formal"", ""--resume"", ""--instances"", ""w45"", ""--solvers"", ""abma"", ""--seeds"", ""69"", ""--selected-evaluation-budget"", ""<USER_SELECTED_A_OR_B_BUDGET>"", ""--selected-timeout"", ""21600"", ""--output-root"", ""unified_experiments/formal_protocol_5fb8fec80189731e702186e13567ea8cb1d16c707b06446f9ab1e705c76291dc/formal/w45/abma/seed_69""]"
179,formal__w45__abma__seed_70,3b50059c27eb07cf6d40c8c36c0507257890c74fc956278aeedb8318f04e3c38,abma,70,11000,16000,,21600,21600,5fb8fec80189731e702186e13567ea8cb1d16c707b06446f9ab1e705c76291dc,aaa71d5ade10b8e0312112f8c3bf00aa189c8283c0c92760a58443974d8ff017,631b2d675e7531d04a3c019cc8013158223944074da3e42d489a5745addee1d3,separate_postprocess_after_successful_raw_run,unified_experiments/formal_protocol_5fb8fec80189731e702186e13567ea8cb1d16c707b06446f9ab1e705c76291dc/formal/w45/abma/seed_70,5fb8fec80189731e702186e13567ea8cb1d16c707b06446f9ab1e705c76291dc:3b50059c27eb07cf6d40c8c36c0507257890c74fc956278aeedb8318f04e3c38:abma:70:214340b73305b58e630a05a2d6ac91bff78744f4a3fbff73c695ff1ef3d7e1ab,214340b73305b58e630a05a2d6ac91bff78744f4a3fbff73c695ff1ef3d7e1ab,"[""D:\\pybullet_test\\.venv\\Scripts\\python.exe"", ""run_unified_experiments.py"", ""--formal"", ""--resume"", ""--instances"", ""w45"", ""--solvers"", ""abma"", ""--seeds"", ""70"", ""--selected-evaluation-budget"", ""<USER_SELECTED_A_OR_B_BUDGET>"", ""--selected-timeout"", ""21600"", ""--output-root"", ""unified_experiments/formal_protocol_5fb8fec80189731e702186e13567ea8cb1d16c707b06446f9ab1e705c76291dc/formal/w45/abma/seed_70""]"
180,formal__w45__abma__seed_71,3b50059c27eb07cf6d40c8c36c0507257890c74fc956278aeedb8318f04e3c38,abma,71,11000,16000,,21600,21600,5fb8fec80189731e702186e13567ea8cb1d16c707b06446f9ab1e705c76291dc,aaa71d5ade10b8e0312112f8c3bf00aa189c8283c0c92760a58443974d8ff017,631b2d675e7531d04a3c019cc8013158223944074da3e42d489a5745addee1d3,separate_postprocess_after_successful_raw_run,unified_experiments/formal_protocol_5fb8fec80189731e702186e13567ea8cb1d16c707b06446f9ab1e705c76291dc/formal/w45/abma/seed_71,5fb8fec80189731e702186e13567ea8cb1d16c707b06446f9ab1e705c76291dc:3b50059c27eb07cf6d40c8c36c0507257890c74fc956278aeedb8318f04e3c38:abma:71:c87a23422b17914b9c7489318ad67cee8a606dcc9f4d811f6b64b9121fa06c6d,c87a23422b17914b9c7489318ad67cee8a606dcc9f4d811f6b64b9121fa06c6d,"[""D:\\pybullet_test\\.venv\\Scripts\\python.exe"", ""run_unified_experiments.py"", ""--formal"", ""--resume"", ""--instances"", ""w45"", ""--solvers"", ""abma"", ""--seeds"", ""71"", ""--selected-evaluation-budget"", ""<USER_SELECTED_A_OR_B_BUDGET>"", ""--selected-timeout"", ""21600"", ""--output-root"", ""unified_experiments/formal_protocol_5fb8fec80189731e702186e13567ea8cb1d16c707b06446f9ab1e705c76291dc/formal/w45/abma/seed_71""]"
181,formal__w60__ga_aco__seed_42,e7b7409b555e581a0ceea770b7e2c511bacdced8f3172021729319bd352f76d2,ga_aco,42,11000,11000,11000,21600,21600,5fb8fec80189731e702186e13567ea8cb1d16c707b06446f9ab1e705c76291dc,2c969355974b9b9ca210a0a87655fdd5a442787654bfbbde0be740237b302940,,separate_postprocess_after_successful_raw_run,unified_experiments/formal_protocol_5fb8fec80189731e702186e13567ea8cb1d16c707b06446f9ab1e705c76291dc/formal/w60/ga_aco/seed_42,5fb8fec80189731e702186e13567ea8cb1d16c707b06446f9ab1e705c76291dc:e7b7409b555e581a0ceea770b7e2c511bacdced8f3172021729319bd352f76d2:ga_aco:42:626dab2d5741e129656f25bba8870470556f61ee5eca4469c2c7f7319f7509fe,626dab2d5741e129656f25bba8870470556f61ee5eca4469c2c7f7319f7509fe,"[""D:\\pybullet_test\\.venv\\Scripts\\python.exe"", ""run_unified_experiments.py"", ""--formal"", ""--resume"", ""--instances"", ""w60"", ""--solvers"", ""ga_aco"", ""--seeds"", ""42"", ""--selected-evaluation-budget"", ""11000"", ""--selected-timeout"", ""21600"", ""--output-root"", ""unified_experiments/formal_protocol_5fb8fec80189731e702186e13567ea8cb1d16c707b06446f9ab1e705c76291dc/formal/w60/ga_aco/seed_42""]"
182,formal__w60__ga_aco__seed_43,e7b7409b555e581a0ceea770b7e2c511bacdced8f3172021729319bd352f76d2,ga_aco,43,11000,11000,11000,21600,21600,5fb8fec80189731e702186e13567ea8cb1d16c707b06446f9ab1e705c76291dc,2c969355974b9b9ca210a0a87655fdd5a442787654bfbbde0be740237b302940,,separate_postprocess_after_successful_raw_run,unified_experiments/formal_protocol_5fb8fec80189731e702186e13567ea8cb1d16c707b06446f9ab1e705c76291dc/formal/w60/ga_aco/seed_43,5fb8fec80189731e702186e13567ea8cb1d16c707b06446f9ab1e705c76291dc:e7b7409b555e581a0ceea770b7e2c511bacdced8f3172021729319bd352f76d2:ga_aco:43:b20c0bac9ec62e95bacd8a8b8b4a81b0bb4a1123d906c03ca3477c16e655045d,b20c0bac9ec62e95bacd8a8b8b4a81b0bb4a1123d906c03ca3477c16e655045d,"[""D:\\pybullet_test\\.venv\\Scripts\\python.exe"", ""run_unified_experiments.py"", ""--formal"", ""--resume"", ""--instances"", ""w60"", ""--solvers"", ""ga_aco"", ""--seeds"", ""43"", ""--selected-evaluation-budget"", ""11000"", ""--selected-timeout"", ""21600"", ""--output-root"", ""unified_experiments/formal_protocol_5fb8fec80189731e702186e13567ea8cb1d16c707b06446f9ab1e705c76291dc/formal/w60/ga_aco/seed_43""]"
183,formal__w60__ga_aco__seed_44,e7b7409b555e581a0ceea770b7e2c511bacdced8f3172021729319bd352f76d2,ga_aco,44,11000,11000,11000,21600,21600,5fb8fec80189731e702186e13567ea8cb1d16c707b06446f9ab1e705c76291dc,2c969355974b9b9ca210a0a87655fdd5a442787654bfbbde0be740237b302940,,separate_postprocess_after_successful_raw_run,unified_experiments/formal_protocol_5fb8fec80189731e702186e13567ea8cb1d16c707b06446f9ab1e705c76291dc/formal/w60/ga_aco/seed_44,5fb8fec80189731e702186e13567ea8cb1d16c707b06446f9ab1e705c76291dc:e7b7409b555e581a0ceea770b7e2c511bacdced8f3172021729319bd352f76d2:ga_aco:44:dea625aa9d493ab06986fb78c4b3e855bda5079bb56016c12276a86f3cef731b,dea625aa9d493ab06986fb78c4b3e855bda5079bb56016c12276a86f3cef731b,"[""D:\\pybullet_test\\.venv\\Scripts\\python.exe"", ""run_unified_experiments.py"", ""--formal"", ""--resume"", ""--instances"", ""w60"", ""--solvers"", ""ga_aco"", ""--seeds"", ""44"", ""--selected-evaluation-budget"", ""11000"", ""--selected-timeout"", ""21600"", ""--output-root"", ""unified_experiments/formal_protocol_5fb8fec80189731e702186e13567ea8cb1d16c707b06446f9ab1e705c76291dc/formal/w60/ga_aco/seed_44""]"
184,formal__w60__ga_aco__seed_45,e7b7409b555e581a0ceea770b7e2c511bacdced8f3172021729319bd352f76d2,ga_aco,45,11000,11000,11000,21600,21600,5fb8fec80189731e702186e13567ea8cb1d16c707b06446f9ab1e705c76291dc,2c969355974b9b9ca210a0a87655fdd5a442787654bfbbde0be740237b302940,,separate_postprocess_after_successful_raw_run,unified_experiments/formal_protocol_5fb8fec80189731e702186e13567ea8cb1d16c707b06446f9ab1e705c76291dc/formal/w60/ga_aco/seed_45,5fb8fec80189731e702186e13567ea8cb1d16c707b06446f9ab1e705c76291dc:e7b7409b555e581a0ceea770b7e2c511bacdced8f3172021729319bd352f76d2:ga_aco:45:c1fd4dd9573f3e1bf7180318b2e288e55bbb6af78dd264e9f87e83db3e4f2fc7,c1fd4dd9573f3e1bf7180318b2e288e55bbb6af78dd264e9f87e83db3e4f2fc7,"[""D:\\pybullet_test\\.venv\\Scripts\\python.exe"", ""run_unified_experiments.py"", ""--formal"", ""--resume"", ""--instances"", ""w60"", ""--solvers"", ""ga_aco"", ""--seeds"", ""45"", ""--selected-evaluation-budget"", ""11000"", ""--selected-timeout"", ""21600"", ""--output-root"", ""unified_experiments/formal_protocol_5fb8fec80189731e702186e13567ea8cb1d16c707b06446f9ab1e705c76291dc/formal/w60/ga_aco/seed_45""]"
185,formal__w60__ga_aco__seed_46,e7b7409b555e581a0ceea770b7e2c511bacdced8f3172021729319bd352f76d2,ga_aco,46,11000,11000,11000,21600,21600,5fb8fec80189731e702186e13567ea8cb1d16c707b06446f9ab1e705c76291dc,2c969355974b9b9ca210a0a87655fdd5a442787654bfbbde0be740237b302940,,separate_postprocess_after_successful_raw_run,unified_experiments/formal_protocol_5fb8fec80189731e702186e13567ea8cb1d16c707b06446f9ab1e705c76291dc/formal/w60/ga_aco/seed_46,5fb8fec80189731e702186e13567ea8cb1d16c707b06446f9ab1e705c76291dc:e7b7409b555e581a0ceea770b7e2c511bacdced8f3172021729319bd352f76d2:ga_aco:46:ae5fc8c1b7a977cf1376a7061698f56689fa5733d1e105eee6da5cc4696b6888,ae5fc8c1b7a977cf1376a7061698f56689fa5733d1e105eee6da5cc4696b6888,"[""D:\\pybullet_test\\.venv\\Scripts\\python.exe"", ""run_unified_experiments.py"", ""--formal"", ""--resume"", ""--instances"", ""w60"", ""--solvers"", ""ga_aco"", ""--seeds"", ""46"", ""--selected-evaluation-budget"", ""11000"", ""--selected-timeout"", ""21600"", ""--output-root"", ""unified_experiments/formal_protocol_5fb8fec80189731e702186e13567ea8cb1d16c707b06446f9ab1e705c76291dc/formal/w60/ga_aco/seed_46""]"
186,formal__w60__ga_aco__seed_47,e7b7409b555e581a0ceea770b7e2c511bacdced8f3172021729319bd352f76d2,ga_aco,47,11000,11000,11000,21600,21600,5fb8fec80189731e702186e13567ea8cb1d16c707b06446f9ab1e705c76291dc,2c969355974b9b9ca210a0a87655fdd5a442787654bfbbde0be740237b302940,,separate_postprocess_after_successful_raw_run,unified_experiments/formal_protocol_5fb8fec80189731e702186e13567ea8cb1d16c707b06446f9ab1e705c76291dc/formal/w60/ga_aco/seed_47,5fb8fec80189731e702186e13567ea8cb1d16c707b06446f9ab1e705c76291dc:e7b7409b555e581a0ceea770b7e2c511bacdced8f3172021729319bd352f76d2:ga_aco:47:b4265f2821c653aa7f42e37bcedefe3b6303073ba8f0fe2cac571dcd3a972a2d,b4265f2821c653aa7f42e37bcedefe3b6303073ba8f0fe2cac571dcd3a972a2d,"[""D:\\pybullet_test\\.venv\\Scripts\\python.exe"", ""run_unified_experiments.py"", ""--formal"", ""--resume"", ""--instances"", ""w60"", ""--solvers"", ""ga_aco"", ""--seeds"", ""47"", ""--selected-evaluation-budget"", ""11000"", ""--selected-timeout"", ""21600"", ""--output-root"", ""unified_experiments/formal_protocol_5fb8fec80189731e702186e13567ea8cb1d16c707b06446f9ab1e705c76291dc/formal/w60/ga_aco/seed_47""]"
187,formal__w60__ga_aco__seed_48,e7b7409b555e581a0ceea770b7e2c511bacdced8f3172021729319bd352f76d2,ga_aco,48,11000,11000,11000,21600,21600,5fb8fec80189731e702186e13567ea8cb1d16c707b06446f9ab1e705c76291dc,2c969355974b9b9ca210a0a87655fdd5a442787654bfbbde0be740237b302940,,separate_postprocess_after_successful_raw_run,unified_experiments/formal_protocol_5fb8fec80189731e702186e13567ea8cb1d16c707b06446f9ab1e705c76291dc/formal/w60/ga_aco/seed_48,5fb8fec80189731e702186e13567ea8cb1d16c707b06446f9ab1e705c76291dc:e7b7409b555e581a0ceea770b7e2c511bacdced8f3172021729319bd352f76d2:ga_aco:48:74c1eda7eeab5944d0f409d5e3f522f755304e34b3899d13f814c76d9baed5e7,74c1eda7eeab5944d0f409d5e3f522f755304e34b3899d13f814c76d9baed5e7,"[""D:\\pybullet_test\\.venv\\Scripts\\python.exe"", ""run_unified_experiments.py"", ""--formal"", ""--resume"", ""--instances"", ""w60"", ""--solvers"", ""ga_aco"", ""--seeds"", ""48"", ""--selected-evaluation-budget"", ""11000"", ""--selected-timeout"", ""21600"", ""--output-root"", ""unified_experiments/formal_protocol_5fb8fec80189731e702186e13567ea8cb1d16c707b06446f9ab1e705c76291dc/formal/w60/ga_aco/seed_48""]"
188,formal__w60__ga_aco__seed_49,e7b7409b555e581a0ceea770b7e2c511bacdced8f3172021729319bd352f76d2,ga_aco,49,11000,11000,11000,21600,21600,5fb8fec80189731e702186e13567ea8cb1d16c707b06446f9ab1e705c76291dc,2c969355974b9b9ca210a0a87655fdd5a442787654bfbbde0be740237b302940,,separate_postprocess_after_successful_raw_run,unified_experiments/formal_protocol_5fb8fec80189731e702186e13567ea8cb1d16c707b06446f9ab1e705c76291dc/formal/w60/ga_aco/seed_49,5fb8fec80189731e702186e13567ea8cb1d16c707b06446f9ab1e705c76291dc:e7b7409b555e581a0ceea770b7e2c511bacdced8f3172021729319bd352f76d2:ga_aco:49:5acb678cf3a40bfa23d3a3b8529d7e529d2aafd297f31940f63d22042b6a8f60,5acb678cf3a40bfa23d3a3b8529d7e529d2aafd297f31940f63d22042b6a8f60,"[""D:\\pybullet_test\\.venv\\Scripts\\python.exe"", ""run_unified_experiments.py"", ""--formal"", ""--resume"", ""--instances"", ""w60"", ""--solvers"", ""ga_aco"", ""--seeds"", ""49"", ""--selected-evaluation-budget"", ""11000"", ""--selected-timeout"", ""21600"", ""--output-root"", ""unified_experiments/formal_protocol_5fb8fec80189731e702186e13567ea8cb1d16c707b06446f9ab1e705c76291dc/formal/w60/ga_aco/seed_49""]"
189,formal__w60__ga_aco__seed_50,e7b7409b555e581a0ceea770b7e2c511bacdced8f3172021729319bd352f76d2,ga_aco,50,11000,11000,11000,21600,21600,5fb8fec80189731e702186e13567ea8cb1d16c707b06446f9ab1e705c76291dc,2c969355974b9b9ca210a0a87655fdd5a442787654bfbbde0be740237b302940,,separate_postprocess_after_successful_raw_run,unified_experiments/formal_protocol_5fb8fec80189731e702186e13567ea8cb1d16c707b06446f9ab1e705c76291dc/formal/w60/ga_aco/seed_50,5fb8fec80189731e702186e13567ea8cb1d16c707b06446f9ab1e705c76291dc:e7b7409b555e581a0ceea770b7e2c511bacdced8f3172021729319bd352f76d2:ga_aco:50:24cc9d6424af73253f45605c011f3f27cc9d368c65a6cb2578fd596cb2dfd33b,24cc9d6424af73253f45605c011f3f27cc9d368c65a6cb2578fd596cb2dfd33b,"[""D:\\pybullet_test\\.venv\\Scripts\\python.exe"", ""run_unified_experiments.py"", ""--formal"", ""--resume"", ""--instances"", ""w60"", ""--solvers"", ""ga_aco"", ""--seeds"", ""50"", ""--selected-evaluation-budget"", ""11000"", ""--selected-timeout"", ""21600"", ""--output-root"", ""unified_experiments/formal_protocol_5fb8fec80189731e702186e13567ea8cb1d16c707b06446f9ab1e705c76291dc/formal/w60/ga_aco/seed_50""]"
190,formal__w60__ga_aco__seed_51,e7b7409b555e581a0ceea770b7e2c511bacdced8f3172021729319bd352f76d2,ga_aco,51,11000,11000,11000,21600,21600,5fb8fec80189731e702186e13567ea8cb1d16c707b06446f9ab1e705c76291dc,2c969355974b9b9ca210a0a87655fdd5a442787654bfbbde0be740237b302940,,separate_postprocess_after_successful_raw_run,unified_experiments/formal_protocol_5fb8fec80189731e702186e13567ea8cb1d16c707b06446f9ab1e705c76291dc/formal/w60/ga_aco/seed_51,5fb8fec80189731e702186e13567ea8cb1d16c707b06446f9ab1e705c76291dc:e7b7409b555e581a0ceea770b7e2c511bacdced8f3172021729319bd352f76d2:ga_aco:51:724c150c1b3f39d6268424c16a43ee4fcee04e1ed96f5d2cc1793006f13ccf9c,724c150c1b3f39d6268424c16a43ee4fcee04e1ed96f5d2cc1793006f13ccf9c,"[""D:\\pybullet_test\\.venv\\Scripts\\python.exe"", ""run_unified_experiments.py"", ""--formal"", ""--resume"", ""--instances"", ""w60"", ""--solvers"", ""ga_aco"", ""--seeds"", ""51"", ""--selected-evaluation-budget"", ""11000"", ""--selected-timeout"", ""21600"", ""--output-root"", ""unified_experiments/formal_protocol_5fb8fec80189731e702186e13567ea8cb1d16c707b06446f9ab1e705c76291dc/formal/w60/ga_aco/seed_51""]"
191,formal__w60__ga_aco__seed_52,e7b7409b555e581a0ceea770b7e2c511bacdced8f3172021729319bd352f76d2,ga_aco,52,11000,11000,11000,21600,21600,5fb8fec80189731e702186e13567ea8cb1d16c707b06446f9ab1e705c76291dc,2c969355974b9b9ca210a0a87655fdd5a442787654bfbbde0be740237b302940,,separate_postprocess_after_successful_raw_run,unified_experiments/formal_protocol_5fb8fec80189731e702186e13567ea8cb1d16c707b06446f9ab1e705c76291dc/formal/w60/ga_aco/seed_52,5fb8fec80189731e702186e13567ea8cb1d16c707b06446f9ab1e705c76291dc:e7b7409b555e581a0ceea770b7e2c511bacdced8f3172021729319bd352f76d2:ga_aco:52:3bb7879b26351c128df37ea23a017ea3c05e1853d5198a1f323d10114f1c4f6c,3bb7879b26351c128df37ea23a017ea3c05e1853d5198a1f323d10114f1c4f6c,"[""D:\\pybullet_test\\.venv\\Scripts\\python.exe"", ""run_unified_experiments.py"", ""--formal"", ""--resume"", ""--instances"", ""w60"", ""--solvers"", ""ga_aco"", ""--seeds"", ""52"", ""--selected-evaluation-budget"", ""11000"", ""--selected-timeout"", ""21600"", ""--output-root"", ""unified_experiments/formal_protocol_5fb8fec80189731e702186e13567ea8cb1d16c707b06446f9ab1e705c76291dc/formal/w60/ga_aco/seed_52""]"
192,formal__w60__ga_aco__seed_53,e7b7409b555e581a0ceea770b7e2c511bacdced8f3172021729319bd352f76d2,ga_aco,53,11000,11000,11000,21600,21600,5fb8fec80189731e702186e13567ea8cb1d16c707b06446f9ab1e705c76291dc,2c969355974b9b9ca210a0a87655fdd5a442787654bfbbde0be740237b302940,,separate_postprocess_after_successful_raw_run,unified_experiments/formal_protocol_5fb8fec80189731e702186e13567ea8cb1d16c707b06446f9ab1e705c76291dc/formal/w60/ga_aco/seed_53,5fb8fec80189731e702186e13567ea8cb1d16c707b06446f9ab1e705c76291dc:e7b7409b555e581a0ceea770b7e2c511bacdced8f3172021729319bd352f76d2:ga_aco:53:3f90505e5d03e3840dd47284c962d47c3298f297e3ab1dcd81ab78a57543d07c,3f90505e5d03e3840dd47284c962d47c3298f297e3ab1dcd81ab78a57543d07c,"[""D:\\pybullet_test\\.venv\\Scripts\\python.exe"", ""run_unified_experiments.py"", ""--formal"", ""--resume"", ""--instances"", ""w60"", ""--solvers"", ""ga_aco"", ""--seeds"", ""53"", ""--selected-evaluation-budget"", ""11000"", ""--selected-timeout"", ""21600"", ""--output-root"", ""unified_experiments/formal_protocol_5fb8fec80189731e702186e13567ea8cb1d16c707b06446f9ab1e705c76291dc/formal/w60/ga_aco/seed_53""]"
193,formal__w60__ga_aco__seed_54,e7b7409b555e581a0ceea770b7e2c511bacdced8f3172021729319bd352f76d2,ga_aco,54,11000,11000,11000,21600,21600,5fb8fec80189731e702186e13567ea8cb1d16c707b06446f9ab1e705c76291dc,2c969355974b9b9ca210a0a87655fdd5a442787654bfbbde0be740237b302940,,separate_postprocess_after_successful_raw_run,unified_experiments/formal_protocol_5fb8fec80189731e702186e13567ea8cb1d16c707b06446f9ab1e705c76291dc/formal/w60/ga_aco/seed_54,5fb8fec80189731e702186e13567ea8cb1d16c707b06446f9ab1e705c76291dc:e7b7409b555e581a0ceea770b7e2c511bacdced8f3172021729319bd352f76d2:ga_aco:54:2cecfcaed43d94808720643a7d2bb2330fe02afa748fa2789124c61497afb1de,2cecfcaed43d94808720643a7d2bb2330fe02afa748fa2789124c61497afb1de,"[""D:\\pybullet_test\\.venv\\Scripts\\python.exe"", ""run_unified_experiments.py"", ""--formal"", ""--resume"", ""--instances"", ""w60"", ""--solvers"", ""ga_aco"", ""--seeds"", ""54"", ""--selected-evaluation-budget"", ""11000"", ""--selected-timeout"", ""21600"", ""--output-root"", ""unified_experiments/formal_protocol_5fb8fec80189731e702186e13567ea8cb1d16c707b06446f9ab1e705c76291dc/formal/w60/ga_aco/seed_54""]"
194,formal__w60__ga_aco__seed_55,e7b7409b555e581a0ceea770b7e2c511bacdced8f3172021729319bd352f76d2,ga_aco,55,11000,11000,11000,21600,21600,5fb8fec80189731e702186e13567ea8cb1d16c707b06446f9ab1e705c76291dc,2c969355974b9b9ca210a0a87655fdd5a442787654bfbbde0be740237b302940,,separate_postprocess_after_successful_raw_run,unified_experiments/formal_protocol_5fb8fec80189731e702186e13567ea8cb1d16c707b06446f9ab1e705c76291dc/formal/w60/ga_aco/seed_55,5fb8fec80189731e702186e13567ea8cb1d16c707b06446f9ab1e705c76291dc:e7b7409b555e581a0ceea770b7e2c511bacdced8f3172021729319bd352f76d2:ga_aco:55:f0f8721f7faa02cda33fe72ba9d10b78b07964e53abe886e7b056bbf00111f0c,f0f8721f7faa02cda33fe72ba9d10b78b07964e53abe886e7b056bbf00111f0c,"[""D:\\pybullet_test\\.venv\\Scripts\\python.exe"", ""run_unified_experiments.py"", ""--formal"", ""--resume"", ""--instances"", ""w60"", ""--solvers"", ""ga_aco"", ""--seeds"", ""55"", ""--selected-evaluation-budget"", ""11000"", ""--selected-timeout"", ""21600"", ""--output-root"", ""unified_experiments/formal_protocol_5fb8fec80189731e702186e13567ea8cb1d16c707b06446f9ab1e705c76291dc/formal/w60/ga_aco/seed_55""]"
195,formal__w60__ga_aco__seed_56,e7b7409b555e581a0ceea770b7e2c511bacdced8f3172021729319bd352f76d2,ga_aco,56,11000,11000,11000,21600,21600,5fb8fec80189731e702186e13567ea8cb1d16c707b06446f9ab1e705c76291dc,2c969355974b9b9ca210a0a87655fdd5a442787654bfbbde0be740237b302940,,separate_postprocess_after_successful_raw_run,unified_experiments/formal_protocol_5fb8fec80189731e702186e13567ea8cb1d16c707b06446f9ab1e705c76291dc/formal/w60/ga_aco/seed_56,5fb8fec80189731e702186e13567ea8cb1d16c707b06446f9ab1e705c76291dc:e7b7409b555e581a0ceea770b7e2c511bacdced8f3172021729319bd352f76d2:ga_aco:56:14ca2f68e24995e976ee8fff0a366d7e1fd28ecffa06dcf8b14100eaa904aec4,14ca2f68e24995e976ee8fff0a366d7e1fd28ecffa06dcf8b14100eaa904aec4,"[""D:\\pybullet_test\\.venv\\Scripts\\python.exe"", ""run_unified_experiments.py"", ""--formal"", ""--resume"", ""--instances"", ""w60"", ""--solvers"", ""ga_aco"", ""--seeds"", ""56"", ""--selected-evaluation-budget"", ""11000"", ""--selected-timeout"", ""21600"", ""--output-root"", ""unified_experiments/formal_protocol_5fb8fec80189731e702186e13567ea8cb1d16c707b06446f9ab1e705c76291dc/formal/w60/ga_aco/seed_56""]"
196,formal__w60__ga_aco__seed_57,e7b7409b555e581a0ceea770b7e2c511bacdced8f3172021729319bd352f76d2,ga_aco,57,11000,11000,11000,21600,21600,5fb8fec80189731e702186e13567ea8cb1d16c707b06446f9ab1e705c76291dc,2c969355974b9b9ca210a0a87655fdd5a442787654bfbbde0be740237b302940,,separate_postprocess_after_successful_raw_run,unified_experiments/formal_protocol_5fb8fec80189731e702186e13567ea8cb1d16c707b06446f9ab1e705c76291dc/formal/w60/ga_aco/seed_57,5fb8fec80189731e702186e13567ea8cb1d16c707b06446f9ab1e705c76291dc:e7b7409b555e581a0ceea770b7e2c511bacdced8f3172021729319bd352f76d2:ga_aco:57:6a46542e48171c7260ef34cadf88263a6cdf64b1499b926c131291d0325c4f38,6a46542e48171c7260ef34cadf88263a6cdf64b1499b926c131291d0325c4f38,"[""D:\\pybullet_test\\.venv\\Scripts\\python.exe"", ""run_unified_experiments.py"", ""--formal"", ""--resume"", ""--instances"", ""w60"", ""--solvers"", ""ga_aco"", ""--seeds"", ""57"", ""--selected-evaluation-budget"", ""11000"", ""--selected-timeout"", ""21600"", ""--output-root"", ""unified_experiments/formal_protocol_5fb8fec80189731e702186e13567ea8cb1d16c707b06446f9ab1e705c76291dc/formal/w60/ga_aco/seed_57""]"
197,formal__w60__ga_aco__seed_58,e7b7409b555e581a0ceea770b7e2c511bacdced8f3172021729319bd352f76d2,ga_aco,58,11000,11000,11000,21600,21600,5fb8fec80189731e702186e13567ea8cb1d16c707b06446f9ab1e705c76291dc,2c969355974b9b9ca210a0a87655fdd5a442787654bfbbde0be740237b302940,,separate_postprocess_after_successful_raw_run,unified_experiments/formal_protocol_5fb8fec80189731e702186e13567ea8cb1d16c707b06446f9ab1e705c76291dc/formal/w60/ga_aco/seed_58,5fb8fec80189731e702186e13567ea8cb1d16c707b06446f9ab1e705c76291dc:e7b7409b555e581a0ceea770b7e2c511bacdced8f3172021729319bd352f76d2:ga_aco:58:006c1a278d0d1d85510f7400e718c6f9599dc6e2ebe70af53be5b0a659ae217b,006c1a278d0d1d85510f7400e718c6f9599dc6e2ebe70af53be5b0a659ae217b,"[""D:\\pybullet_test\\.venv\\Scripts\\python.exe"", ""run_unified_experiments.py"", ""--formal"", ""--resume"", ""--instances"", ""w60"", ""--solvers"", ""ga_aco"", ""--seeds"", ""58"", ""--selected-evaluation-budget"", ""11000"", ""--selected-timeout"", ""21600"", ""--output-root"", ""unified_experiments/formal_protocol_5fb8fec80189731e702186e13567ea8cb1d16c707b06446f9ab1e705c76291dc/formal/w60/ga_aco/seed_58""]"
198,formal__w60__ga_aco__seed_59,e7b7409b555e581a0ceea770b7e2c511bacdced8f3172021729319bd352f76d2,ga_aco,59,11000,11000,11000,21600,21600,5fb8fec80189731e702186e13567ea8cb1d16c707b06446f9ab1e705c76291dc,2c969355974b9b9ca210a0a87655fdd5a442787654bfbbde0be740237b302940,,separate_postprocess_after_successful_raw_run,unified_experiments/formal_protocol_5fb8fec80189731e702186e13567ea8cb1d16c707b06446f9ab1e705c76291dc/formal/w60/ga_aco/seed_59,5fb8fec80189731e702186e13567ea8cb1d16c707b06446f9ab1e705c76291dc:e7b7409b555e581a0ceea770b7e2c511bacdced8f3172021729319bd352f76d2:ga_aco:59:11e64740fe19aad99f1bd7e6d02f476d88c4f46307e024900293b65288ad29b3,11e64740fe19aad99f1bd7e6d02f476d88c4f46307e024900293b65288ad29b3,"[""D:\\pybullet_test\\.venv\\Scripts\\python.exe"", ""run_unified_experiments.py"", ""--formal"", ""--resume"", ""--instances"", ""w60"", ""--solvers"", ""ga_aco"", ""--seeds"", ""59"", ""--selected-evaluation-budget"", ""11000"", ""--selected-timeout"", ""21600"", ""--output-root"", ""unified_experiments/formal_protocol_5fb8fec80189731e702186e13567ea8cb1d16c707b06446f9ab1e705c76291dc/formal/w60/ga_aco/seed_59""]"
199,formal__w60__ga_aco__seed_60,e7b7409b555e581a0ceea770b7e2c511bacdced8f3172021729319bd352f76d2,ga_aco,60,11000,11000,11000,21600,21600,5fb8fec80189731e702186e13567ea8cb1d16c707b06446f9ab1e705c76291dc,2c969355974b9b9ca210a0a87655fdd5a442787654bfbbde0be740237b302940,,separate_postprocess_after_successful_raw_run,unified_experiments/formal_protocol_5fb8fec80189731e702186e13567ea8cb1d16c707b06446f9ab1e705c76291dc/formal/w60/ga_aco/seed_60,5fb8fec80189731e702186e13567ea8cb1d16c707b06446f9ab1e705c76291dc:e7b7409b555e581a0ceea770b7e2c511bacdced8f3172021729319bd352f76d2:ga_aco:60:eaef1e48d216926ecb1abc7e349f15cfe075f759be4a33d5af64e3aec82b2aba,eaef1e48d216926ecb1abc7e349f15cfe075f759be4a33d5af64e3aec82b2aba,"[""D:\\pybullet_test\\.venv\\Scripts\\python.exe"", ""run_unified_experiments.py"", ""--formal"", ""--resume"", ""--instances"", ""w60"", ""--solvers"", ""ga_aco"", ""--seeds"", ""60"", ""--selected-evaluation-budget"", ""11000"", ""--selected-timeout"", ""21600"", ""--output-root"", ""unified_experiments/formal_protocol_5fb8fec80189731e702186e13567ea8cb1d16c707b06446f9ab1e705c76291dc/formal/w60/ga_aco/seed_60""]"
200,formal__w60__ga_aco__seed_61,e7b7409b555e581a0ceea770b7e2c511bacdced8f3172021729319bd352f76d2,ga_aco,61,11000,11000,11000,21600,21600,5fb8fec80189731e702186e13567ea8cb1d16c707b06446f9ab1e705c76291dc,2c969355974b9b9ca210a0a87655fdd5a442787654bfbbde0be740237b302940,,separate_postprocess_after_successful_raw_run,unified_experiments/formal_protocol_5fb8fec80189731e702186e13567ea8cb1d16c707b06446f9ab1e705c76291dc/formal/w60/ga_aco/seed_61,5fb8fec80189731e702186e13567ea8cb1d16c707b06446f9ab1e705c76291dc:e7b7409b555e581a0ceea770b7e2c511bacdced8f3172021729319bd352f76d2:ga_aco:61:ddafb719f29027d8da6ac6e9c8fed7e1af98815a4571b5ae6eab06c28cd7d9b9,ddafb719f29027d8da6ac6e9c8fed7e1af98815a4571b5ae6eab06c28cd7d9b9,"[""D:\\pybullet_test\\.venv\\Scripts\\python.exe"", ""run_unified_experiments.py"", ""--formal"", ""--resume"", ""--instances"", ""w60"", ""--solvers"", ""ga_aco"", ""--seeds"", ""61"", ""--selected-evaluation-budget"", ""11000"", ""--selected-timeout"", ""21600"", ""--output-root"", ""unified_experiments/formal_protocol_5fb8fec80189731e702186e13567ea8cb1d16c707b06446f9ab1e705c76291dc/formal/w60/ga_aco/seed_61""]"
201,formal__w60__ga_aco__seed_62,e7b7409b555e581a0ceea770b7e2c511bacdced8f3172021729319bd352f76d2,ga_aco,62,11000,11000,11000,21600,21600,5fb8fec80189731e702186e13567ea8cb1d16c707b06446f9ab1e705c76291dc,2c969355974b9b9ca210a0a87655fdd5a442787654bfbbde0be740237b302940,,separate_postprocess_after_successful_raw_run,unified_experiments/formal_protocol_5fb8fec80189731e702186e13567ea8cb1d16c707b06446f9ab1e705c76291dc/formal/w60/ga_aco/seed_62,5fb8fec80189731e702186e13567ea8cb1d16c707b06446f9ab1e705c76291dc:e7b7409b555e581a0ceea770b7e2c511bacdced8f3172021729319bd352f76d2:ga_aco:62:ba19dabdff11139b3ed309b48cda0465ca3a1ba16cba04509b7b69ea394576b0,ba19dabdff11139b3ed309b48cda0465ca3a1ba16cba04509b7b69ea394576b0,"[""D:\\pybullet_test\\.venv\\Scripts\\python.exe"", ""run_unified_experiments.py"", ""--formal"", ""--resume"", ""--instances"", ""w60"", ""--solvers"", ""ga_aco"", ""--seeds"", ""62"", ""--selected-evaluation-budget"", ""11000"", ""--selected-timeout"", ""21600"", ""--output-root"", ""unified_experiments/formal_protocol_5fb8fec80189731e702186e13567ea8cb1d16c707b06446f9ab1e705c76291dc/formal/w60/ga_aco/seed_62""]"
202,formal__w60__ga_aco__seed_63,e7b7409b555e581a0ceea770b7e2c511bacdced8f3172021729319bd352f76d2,ga_aco,63,11000,11000,11000,21600,21600,5fb8fec80189731e702186e13567ea8cb1d16c707b06446f9ab1e705c76291dc,2c969355974b9b9ca210a0a87655fdd5a442787654bfbbde0be740237b302940,,separate_postprocess_after_successful_raw_run,unified_experiments/formal_protocol_5fb8fec80189731e702186e13567ea8cb1d16c707b06446f9ab1e705c76291dc/formal/w60/ga_aco/seed_63,5fb8fec80189731e702186e13567ea8cb1d16c707b06446f9ab1e705c76291dc:e7b7409b555e581a0ceea770b7e2c511bacdced8f3172021729319bd352f76d2:ga_aco:63:be52559c678a7bb7932e01fe7fb389171d05c29563650fa898382a2b90739b90,be52559c678a7bb7932e01fe7fb389171d05c29563650fa898382a2b90739b90,"[""D:\\pybullet_test\\.venv\\Scripts\\python.exe"", ""run_unified_experiments.py"", ""--formal"", ""--resume"", ""--instances"", ""w60"", ""--solvers"", ""ga_aco"", ""--seeds"", ""63"", ""--selected-evaluation-budget"", ""11000"", ""--selected-timeout"", ""21600"", ""--output-root"", ""unified_experiments/formal_protocol_5fb8fec80189731e702186e13567ea8cb1d16c707b06446f9ab1e705c76291dc/formal/w60/ga_aco/seed_63""]"
203,formal__w60__ga_aco__seed_64,e7b7409b555e581a0ceea770b7e2c511bacdced8f3172021729319bd352f76d2,ga_aco,64,11000,11000,11000,21600,21600,5fb8fec80189731e702186e13567ea8cb1d16c707b06446f9ab1e705c76291dc,2c969355974b9b9ca210a0a87655fdd5a442787654bfbbde0be740237b302940,,separate_postprocess_after_successful_raw_run,unified_experiments/formal_protocol_5fb8fec80189731e702186e13567ea8cb1d16c707b06446f9ab1e705c76291dc/formal/w60/ga_aco/seed_64,5fb8fec80189731e702186e13567ea8cb1d16c707b06446f9ab1e705c76291dc:e7b7409b555e581a0ceea770b7e2c511bacdced8f3172021729319bd352f76d2:ga_aco:64:560c5e7516f27a1aab3b186016336b3769b452893fa1f85aee0144e1b3dde094,560c5e7516f27a1aab3b186016336b3769b452893fa1f85aee0144e1b3dde094,"[""D:\\pybullet_test\\.venv\\Scripts\\python.exe"", ""run_unified_experiments.py"", ""--formal"", ""--resume"", ""--instances"", ""w60"", ""--solvers"", ""ga_aco"", ""--seeds"", ""64"", ""--selected-evaluation-budget"", ""11000"", ""--selected-timeout"", ""21600"", ""--output-root"", ""unified_experiments/formal_protocol_5fb8fec80189731e702186e13567ea8cb1d16c707b06446f9ab1e705c76291dc/formal/w60/ga_aco/seed_64""]"
204,formal__w60__ga_aco__seed_65,e7b7409b555e581a0ceea770b7e2c511bacdced8f3172021729319bd352f76d2,ga_aco,65,11000,11000,11000,21600,21600,5fb8fec80189731e702186e13567ea8cb1d16c707b06446f9ab1e705c76291dc,2c969355974b9b9ca210a0a87655fdd5a442787654bfbbde0be740237b302940,,separate_postprocess_after_successful_raw_run,unified_experiments/formal_protocol_5fb8fec80189731e702186e13567ea8cb1d16c707b06446f9ab1e705c76291dc/formal/w60/ga_aco/seed_65,5fb8fec80189731e702186e13567ea8cb1d16c707b06446f9ab1e705c76291dc:e7b7409b555e581a0ceea770b7e2c511bacdced8f3172021729319bd352f76d2:ga_aco:65:8afbd35f3340ca4a19c41e4cb6489ae29a1dded8f609fcbbeb3c1f3d660f9be5,8afbd35f3340ca4a19c41e4cb6489ae29a1dded8f609fcbbeb3c1f3d660f9be5,"[""D:\\pybullet_test\\.venv\\Scripts\\python.exe"", ""run_unified_experiments.py"", ""--formal"", ""--resume"", ""--instances"", ""w60"", ""--solvers"", ""ga_aco"", ""--seeds"", ""65"", ""--selected-evaluation-budget"", ""11000"", ""--selected-timeout"", ""21600"", ""--output-root"", ""unified_experiments/formal_protocol_5fb8fec80189731e702186e13567ea8cb1d16c707b06446f9ab1e705c76291dc/formal/w60/ga_aco/seed_65""]"
205,formal__w60__ga_aco__seed_66,e7b7409b555e581a0ceea770b7e2c511bacdced8f3172021729319bd352f76d2,ga_aco,66,11000,11000,11000,21600,21600,5fb8fec80189731e702186e13567ea8cb1d16c707b06446f9ab1e705c76291dc,2c969355974b9b9ca210a0a87655fdd5a442787654bfbbde0be740237b302940,,separate_postprocess_after_successful_raw_run,unified_experiments/formal_protocol_5fb8fec80189731e702186e13567ea8cb1d16c707b06446f9ab1e705c76291dc/formal/w60/ga_aco/seed_66,5fb8fec80189731e702186e13567ea8cb1d16c707b06446f9ab1e705c76291dc:e7b7409b555e581a0ceea770b7e2c511bacdced8f3172021729319bd352f76d2:ga_aco:66:bd883da18dfb1065067f94928245283ad8f1b40144fc7cbfd7ff2cab3a1f456f,bd883da18dfb1065067f94928245283ad8f1b40144fc7cbfd7ff2cab3a1f456f,"[""D:\\pybullet_test\\.venv\\Scripts\\python.exe"", ""run_unified_experiments.py"", ""--formal"", ""--resume"", ""--instances"", ""w60"", ""--solvers"", ""ga_aco"", ""--seeds"", ""66"", ""--selected-evaluation-budget"", ""11000"", ""--selected-timeout"", ""21600"", ""--output-root"", ""unified_experiments/formal_protocol_5fb8fec80189731e702186e13567ea8cb1d16c707b06446f9ab1e705c76291dc/formal/w60/ga_aco/seed_66""]"
206,formal__w60__ga_aco__seed_67,e7b7409b555e581a0ceea770b7e2c511bacdced8f3172021729319bd352f76d2,ga_aco,67,11000,11000,11000,21600,21600,5fb8fec80189731e702186e13567ea8cb1d16c707b06446f9ab1e705c76291dc,2c969355974b9b9ca210a0a87655fdd5a442787654bfbbde0be740237b302940,,separate_postprocess_after_successful_raw_run,unified_experiments/formal_protocol_5fb8fec80189731e702186e13567ea8cb1d16c707b06446f9ab1e705c76291dc/formal/w60/ga_aco/seed_67,5fb8fec80189731e702186e13567ea8cb1d16c707b06446f9ab1e705c76291dc:e7b7409b555e581a0ceea770b7e2c511bacdced8f3172021729319bd352f76d2:ga_aco:67:3b7d86b12d0d54d0c9dd91ee38fb2b4c4edb9a32254e65bcff9c6c5a85a67d00,3b7d86b12d0d54d0c9dd91ee38fb2b4c4edb9a32254e65bcff9c6c5a85a67d00,"[""D:\\pybullet_test\\.venv\\Scripts\\python.exe"", ""run_unified_experiments.py"", ""--formal"", ""--resume"", ""--instances"", ""w60"", ""--solvers"", ""ga_aco"", ""--seeds"", ""67"", ""--selected-evaluation-budget"", ""11000"", ""--selected-timeout"", ""21600"", ""--output-root"", ""unified_experiments/formal_protocol_5fb8fec80189731e702186e13567ea8cb1d16c707b06446f9ab1e705c76291dc/formal/w60/ga_aco/seed_67""]"
207,formal__w60__ga_aco__seed_68,e7b7409b555e581a0ceea770b7e2c511bacdced8f3172021729319bd352f76d2,ga_aco,68,11000,11000,11000,21600,21600,5fb8fec80189731e702186e13567ea8cb1d16c707b06446f9ab1e705c76291dc,2c969355974b9b9ca210a0a87655fdd5a442787654bfbbde0be740237b302940,,separate_postprocess_after_successful_raw_run,unified_experiments/formal_protocol_5fb8fec80189731e702186e13567ea8cb1d16c707b06446f9ab1e705c76291dc/formal/w60/ga_aco/seed_68,5fb8fec80189731e702186e13567ea8cb1d16c707b06446f9ab1e705c76291dc:e7b7409b555e581a0ceea770b7e2c511bacdced8f3172021729319bd352f76d2:ga_aco:68:d227156523c5da9c60555e07e74d4d1a77254defba310877b499d2af7146388b,d227156523c5da9c60555e07e74d4d1a77254defba310877b499d2af7146388b,"[""D:\\pybullet_test\\.venv\\Scripts\\python.exe"", ""run_unified_experiments.py"", ""--formal"", ""--resume"", ""--instances"", ""w60"", ""--solvers"", ""ga_aco"", ""--seeds"", ""68"", ""--selected-evaluation-budget"", ""11000"", ""--selected-timeout"", ""21600"", ""--output-root"", ""unified_experiments/formal_protocol_5fb8fec80189731e702186e13567ea8cb1d16c707b06446f9ab1e705c76291dc/formal/w60/ga_aco/seed_68""]"
208,formal__w60__ga_aco__seed_69,e7b7409b555e581a0ceea770b7e2c511bacdced8f3172021729319bd352f76d2,ga_aco,69,11000,11000,11000,21600,21600,5fb8fec80189731e702186e13567ea8cb1d16c707b06446f9ab1e705c76291dc,2c969355974b9b9ca210a0a87655fdd5a442787654bfbbde0be740237b302940,,separate_postprocess_after_successful_raw_run,unified_experiments/formal_protocol_5fb8fec80189731e702186e13567ea8cb1d16c707b06446f9ab1e705c76291dc/formal/w60/ga_aco/seed_69,5fb8fec80189731e702186e13567ea8cb1d16c707b06446f9ab1e705c76291dc:e7b7409b555e581a0ceea770b7e2c511bacdced8f3172021729319bd352f76d2:ga_aco:69:29bbf4d2b075c6f842fac21978de7bb0c4509e68552db0781aac3a89ae15aabd,29bbf4d2b075c6f842fac21978de7bb0c4509e68552db0781aac3a89ae15aabd,"[""D:\\pybullet_test\\.venv\\Scripts\\python.exe"", ""run_unified_experiments.py"", ""--formal"", ""--resume"", ""--instances"", ""w60"", ""--solvers"", ""ga_aco"", ""--seeds"", ""69"", ""--selected-evaluation-budget"", ""11000"", ""--selected-timeout"", ""21600"", ""--output-root"", ""unified_experiments/formal_protocol_5fb8fec80189731e702186e13567ea8cb1d16c707b06446f9ab1e705c76291dc/formal/w60/ga_aco/seed_69""]"
209,formal__w60__ga_aco__seed_70,e7b7409b555e581a0ceea770b7e2c511bacdced8f3172021729319bd352f76d2,ga_aco,70,11000,11000,11000,21600,21600,5fb8fec80189731e702186e13567ea8cb1d16c707b06446f9ab1e705c76291dc,2c969355974b9b9ca210a0a87655fdd5a442787654bfbbde0be740237b302940,,separate_postprocess_after_successful_raw_run,unified_experiments/formal_protocol_5fb8fec80189731e702186e13567ea8cb1d16c707b06446f9ab1e705c76291dc/formal/w60/ga_aco/seed_70,5fb8fec80189731e702186e13567ea8cb1d16c707b06446f9ab1e705c76291dc:e7b7409b555e581a0ceea770b7e2c511bacdced8f3172021729319bd352f76d2:ga_aco:70:99f984249f76b197b4c24c3fb73c4afbfd089f15df76827b2c41718910e6dc83,99f984249f76b197b4c24c3fb73c4afbfd089f15df76827b2c41718910e6dc83,"[""D:\\pybullet_test\\.venv\\Scripts\\python.exe"", ""run_unified_experiments.py"", ""--formal"", ""--resume"", ""--instances"", ""w60"", ""--solvers"", ""ga_aco"", ""--seeds"", ""70"", ""--selected-evaluation-budget"", ""11000"", ""--selected-timeout"", ""21600"", ""--output-root"", ""unified_experiments/formal_protocol_5fb8fec80189731e702186e13567ea8cb1d16c707b06446f9ab1e705c76291dc/formal/w60/ga_aco/seed_70""]"
210,formal__w60__ga_aco__seed_71,e7b7409b555e581a0ceea770b7e2c511bacdced8f3172021729319bd352f76d2,ga_aco,71,11000,11000,11000,21600,21600,5fb8fec80189731e702186e13567ea8cb1d16c707b06446f9ab1e705c76291dc,2c969355974b9b9ca210a0a87655fdd5a442787654bfbbde0be740237b302940,,separate_postprocess_after_successful_raw_run,unified_experiments/formal_protocol_5fb8fec80189731e702186e13567ea8cb1d16c707b06446f9ab1e705c76291dc/formal/w60/ga_aco/seed_71,5fb8fec80189731e702186e13567ea8cb1d16c707b06446f9ab1e705c76291dc:e7b7409b555e581a0ceea770b7e2c511bacdced8f3172021729319bd352f76d2:ga_aco:71:92689a9766eb509e0fd5f6d5e2bc96fc0426d304da37792b1c3be56a5b8123a5,92689a9766eb509e0fd5f6d5e2bc96fc0426d304da37792b1c3be56a5b8123a5,"[""D:\\pybullet_test\\.venv\\Scripts\\python.exe"", ""run_unified_experiments.py"", ""--formal"", ""--resume"", ""--instances"", ""w60"", ""--solvers"", ""ga_aco"", ""--seeds"", ""71"", ""--selected-evaluation-budget"", ""11000"", ""--selected-timeout"", ""21600"", ""--output-root"", ""unified_experiments/formal_protocol_5fb8fec80189731e702186e13567ea8cb1d16c707b06446f9ab1e705c76291dc/formal/w60/ga_aco/seed_71""]"
211,formal__w60__paper_aligned_hga__seed_42,e7b7409b555e581a0ceea770b7e2c511bacdced8f3172021729319bd352f76d2,paper_aligned_hga,42,11000,11000,11000,21600,21600,5fb8fec80189731e702186e13567ea8cb1d16c707b06446f9ab1e705c76291dc,2c969355974b9b9ca210a0a87655fdd5a442787654bfbbde0be740237b302940,,separate_postprocess_after_successful_raw_run,unified_experiments/formal_protocol_5fb8fec80189731e702186e13567ea8cb1d16c707b06446f9ab1e705c76291dc/formal/w60/paper_aligned_hga/seed_42,5fb8fec80189731e702186e13567ea8cb1d16c707b06446f9ab1e705c76291dc:e7b7409b555e581a0ceea770b7e2c511bacdced8f3172021729319bd352f76d2:paper_aligned_hga:42:41db551cd5678a276b8296a59f66eabc178265d7e53ed16b7f9907c784b19815,41db551cd5678a276b8296a59f66eabc178265d7e53ed16b7f9907c784b19815,"[""D:\\pybullet_test\\.venv\\Scripts\\python.exe"", ""run_unified_experiments.py"", ""--formal"", ""--resume"", ""--instances"", ""w60"", ""--solvers"", ""paper_aligned_hga"", ""--seeds"", ""42"", ""--selected-evaluation-budget"", ""11000"", ""--selected-timeout"", ""21600"", ""--output-root"", ""unified_experiments/formal_protocol_5fb8fec80189731e702186e13567ea8cb1d16c707b06446f9ab1e705c76291dc/formal/w60/paper_aligned_hga/seed_42""]"
212,formal__w60__paper_aligned_hga__seed_43,e7b7409b555e581a0ceea770b7e2c511bacdced8f3172021729319bd352f76d2,paper_aligned_hga,43,11000,11000,11000,21600,21600,5fb8fec80189731e702186e13567ea8cb1d16c707b06446f9ab1e705c76291dc,2c969355974b9b9ca210a0a87655fdd5a442787654bfbbde0be740237b302940,,separate_postprocess_after_successful_raw_run,unified_experiments/formal_protocol_5fb8fec80189731e702186e13567ea8cb1d16c707b06446f9ab1e705c76291dc/formal/w60/paper_aligned_hga/seed_43,5fb8fec80189731e702186e13567ea8cb1d16c707b06446f9ab1e705c76291dc:e7b7409b555e581a0ceea770b7e2c511bacdced8f3172021729319bd352f76d2:paper_aligned_hga:43:a9a75e19087008441fffbc74b8c6667f0e205202a1b67d28e60ad96e9dee46e1,a9a75e19087008441fffbc74b8c6667f0e205202a1b67d28e60ad96e9dee46e1,"[""D:\\pybullet_test\\.venv\\Scripts\\python.exe"", ""run_unified_experiments.py"", ""--formal"", ""--resume"", ""--instances"", ""w60"", ""--solvers"", ""paper_aligned_hga"", ""--seeds"", ""43"", ""--selected-evaluation-budget"", ""11000"", ""--selected-timeout"", ""21600"", ""--output-root"", ""unified_experiments/formal_protocol_5fb8fec80189731e702186e13567ea8cb1d16c707b06446f9ab1e705c76291dc/formal/w60/paper_aligned_hga/seed_43""]"
213,formal__w60__paper_aligned_hga__seed_44,e7b7409b555e581a0ceea770b7e2c511bacdced8f3172021729319bd352f76d2,paper_aligned_hga,44,11000,11000,11000,21600,21600,5fb8fec80189731e702186e13567ea8cb1d16c707b06446f9ab1e705c76291dc,2c969355974b9b9ca210a0a87655fdd5a442787654bfbbde0be740237b302940,,separate_postprocess_after_successful_raw_run,unified_experiments/formal_protocol_5fb8fec80189731e702186e13567ea8cb1d16c707b06446f9ab1e705c76291dc/formal/w60/paper_aligned_hga/seed_44,5fb8fec80189731e702186e13567ea8cb1d16c707b06446f9ab1e705c76291dc:e7b7409b555e581a0ceea770b7e2c511bacdced8f3172021729319bd352f76d2:paper_aligned_hga:44:8162fbc33f5377991b261832d6db4949ef2edd784d7cd91062a1a1c61fb47ee0,8162fbc33f5377991b261832d6db4949ef2edd784d7cd91062a1a1c61fb47ee0,"[""D:\\pybullet_test\\.venv\\Scripts\\python.exe"", ""run_unified_experiments.py"", ""--formal"", ""--resume"", ""--instances"", ""w60"", ""--solvers"", ""paper_aligned_hga"", ""--seeds"", ""44"", ""--selected-evaluation-budget"", ""11000"", ""--selected-timeout"", ""21600"", ""--output-root"", ""unified_experiments/formal_protocol_5fb8fec80189731e702186e13567ea8cb1d16c707b06446f9ab1e705c76291dc/formal/w60/paper_aligned_hga/seed_44""]"
214,formal__w60__paper_aligned_hga__seed_45,e7b7409b555e581a0ceea770b7e2c511bacdced8f3172021729319bd352f76d2,paper_aligned_hga,45,11000,11000,11000,21600,21600,5fb8fec80189731e702186e13567ea8cb1d16c707b06446f9ab1e705c76291dc,2c969355974b9b9ca210a0a87655fdd5a442787654bfbbde0be740237b302940,,separate_postprocess_after_successful_raw_run,unified_experiments/formal_protocol_5fb8fec80189731e702186e13567ea8cb1d16c707b06446f9ab1e705c76291dc/formal/w60/paper_aligned_hga/seed_45,5fb8fec80189731e702186e13567ea8cb1d16c707b06446f9ab1e705c76291dc:e7b7409b555e581a0ceea770b7e2c511bacdced8f3172021729319bd352f76d2:paper_aligned_hga:45:ab8b69a7ef171379c6040b612585a2309b2578e244bde6bd3378b0d4422d534e,ab8b69a7ef171379c6040b612585a2309b2578e244bde6bd3378b0d4422d534e,"[""D:\\pybullet_test\\.venv\\Scripts\\python.exe"", ""run_unified_experiments.py"", ""--formal"", ""--resume"", ""--instances"", ""w60"", ""--solvers"", ""paper_aligned_hga"", ""--seeds"", ""45"", ""--selected-evaluation-budget"", ""11000"", ""--selected-timeout"", ""21600"", ""--output-root"", ""unified_experiments/formal_protocol_5fb8fec80189731e702186e13567ea8cb1d16c707b06446f9ab1e705c76291dc/formal/w60/paper_aligned_hga/seed_45""]"
215,formal__w60__paper_aligned_hga__seed_46,e7b7409b555e581a0ceea770b7e2c511bacdced8f3172021729319bd352f76d2,paper_aligned_hga,46,11000,11000,11000,21600,21600,5fb8fec80189731e702186e13567ea8cb1d16c707b06446f9ab1e705c76291dc,2c969355974b9b9ca210a0a87655fdd5a442787654bfbbde0be740237b302940,,separate_postprocess_after_successful_raw_run,unified_experiments/formal_protocol_5fb8fec80189731e702186e13567ea8cb1d16c707b06446f9ab1e705c76291dc/formal/w60/paper_aligned_hga/seed_46,5fb8fec80189731e702186e13567ea8cb1d16c707b06446f9ab1e705c76291dc:e7b7409b555e581a0ceea770b7e2c511bacdced8f3172021729319bd352f76d2:paper_aligned_hga:46:3edc53cafd83347ac5a566cb1a0625061e4940c353005b4943221199beb4836c,3edc53cafd83347ac5a566cb1a0625061e4940c353005b4943221199beb4836c,"[""D:\\pybullet_test\\.venv\\Scripts\\python.exe"", ""run_unified_experiments.py"", ""--formal"", ""--resume"", ""--instances"", ""w60"", ""--solvers"", ""paper_aligned_hga"", ""--seeds"", ""46"", ""--selected-evaluation-budget"", ""11000"", ""--selected-timeout"", ""21600"", ""--output-root"", ""unified_experiments/formal_protocol_5fb8fec80189731e702186e13567ea8cb1d16c707b06446f9ab1e705c76291dc/formal/w60/paper_aligned_hga/seed_46""]"
216,formal__w60__paper_aligned_hga__seed_47,e7b7409b555e581a0ceea770b7e2c511bacdced8f3172021729319bd352f76d2,paper_aligned_hga,47,11000,11000,11000,21600,21600,5fb8fec80189731e702186e13567ea8cb1d16c707b06446f9ab1e705c76291dc,2c969355974b9b9ca210a0a87655fdd5a442787654bfbbde0be740237b302940,,separate_postprocess_after_successful_raw_run,unified_experiments/formal_protocol_5fb8fec80189731e702186e13567ea8cb1d16c707b06446f9ab1e705c76291dc/formal/w60/paper_aligned_hga/seed_47,5fb8fec80189731e702186e13567ea8cb1d16c707b06446f9ab1e705c76291dc:e7b7409b555e581a0ceea770b7e2c511bacdced8f3172021729319bd352f76d2:paper_aligned_hga:47:3c97f86cc7a1b1e5976b225eac77647b6850c54ca63ade2da4d679d852ccca91,3c97f86cc7a1b1e5976b225eac77647b6850c54ca63ade2da4d679d852ccca91,"[""D:\\pybullet_test\\.venv\\Scripts\\python.exe"", ""run_unified_experiments.py"", ""--formal"", ""--resume"", ""--instances"", ""w60"", ""--solvers"", ""paper_aligned_hga"", ""--seeds"", ""47"", ""--selected-evaluation-budget"", ""11000"", ""--selected-timeout"", ""21600"", ""--output-root"", ""unified_experiments/formal_protocol_5fb8fec80189731e702186e13567ea8cb1d16c707b06446f9ab1e705c76291dc/formal/w60/paper_aligned_hga/seed_47""]"
217,formal__w60__paper_aligned_hga__seed_48,e7b7409b555e581a0ceea770b7e2c511bacdced8f3172021729319bd352f76d2,paper_aligned_hga,48,11000,11000,11000,21600,21600,5fb8fec80189731e702186e13567ea8cb1d16c707b06446f9ab1e705c76291dc,2c969355974b9b9ca210a0a87655fdd5a442787654bfbbde0be740237b302940,,separate_postprocess_after_successful_raw_run,unified_experiments/formal_protocol_5fb8fec80189731e702186e13567ea8cb1d16c707b06446f9ab1e705c76291dc/formal/w60/paper_aligned_hga/seed_48,5fb8fec80189731e702186e13567ea8cb1d16c707b06446f9ab1e705c76291dc:e7b7409b555e581a0ceea770b7e2c511bacdced8f3172021729319bd352f76d2:paper_aligned_hga:48:fa2d6483b8a233f4a3dfdb41ac939d67ce4fa3cab81ee2531e9e2236a7c1c271,fa2d6483b8a233f4a3dfdb41ac939d67ce4fa3cab81ee2531e9e2236a7c1c271,"[""D:\\pybullet_test\\.venv\\Scripts\\python.exe"", ""run_unified_experiments.py"", ""--formal"", ""--resume"", ""--instances"", ""w60"", ""--solvers"", ""paper_aligned_hga"", ""--seeds"", ""48"", ""--selected-evaluation-budget"", ""11000"", ""--selected-timeout"", ""21600"", ""--output-root"", ""unified_experiments/formal_protocol_5fb8fec80189731e702186e13567ea8cb1d16c707b06446f9ab1e705c76291dc/formal/w60/paper_aligned_hga/seed_48""]"
218,formal__w60__paper_aligned_hga__seed_49,e7b7409b555e581a0ceea770b7e2c511bacdced8f3172021729319bd352f76d2,paper_aligned_hga,49,11000,11000,11000,21600,21600,5fb8fec80189731e702186e13567ea8cb1d16c707b06446f9ab1e705c76291dc,2c969355974b9b9ca210a0a87655fdd5a442787654bfbbde0be740237b302940,,separate_postprocess_after_successful_raw_run,unified_experiments/formal_protocol_5fb8fec80189731e702186e13567ea8cb1d16c707b06446f9ab1e705c76291dc/formal/w60/paper_aligned_hga/seed_49,5fb8fec80189731e702186e13567ea8cb1d16c707b06446f9ab1e705c76291dc:e7b7409b555e581a0ceea770b7e2c511bacdced8f3172021729319bd352f76d2:paper_aligned_hga:49:728aa010df35d29005d2238cdd96446c7f8d5c9d8df3d904b4739b4570138e4d,728aa010df35d29005d2238cdd96446c7f8d5c9d8df3d904b4739b4570138e4d,"[""D:\\pybullet_test\\.venv\\Scripts\\python.exe"", ""run_unified_experiments.py"", ""--formal"", ""--resume"", ""--instances"", ""w60"", ""--solvers"", ""paper_aligned_hga"", ""--seeds"", ""49"", ""--selected-evaluation-budget"", ""11000"", ""--selected-timeout"", ""21600"", ""--output-root"", ""unified_experiments/formal_protocol_5fb8fec80189731e702186e13567ea8cb1d16c707b06446f9ab1e705c76291dc/formal/w60/paper_aligned_hga/seed_49""]"
219,formal__w60__paper_aligned_hga__seed_50,e7b7409b555e581a0ceea770b7e2c511bacdced8f3172021729319bd352f76d2,paper_aligned_hga,50,11000,11000,11000,21600,21600,5fb8fec80189731e702186e13567ea8cb1d16c707b06446f9ab1e705c76291dc,2c969355974b9b9ca210a0a87655fdd5a442787654bfbbde0be740237b302940,,separate_postprocess_after_successful_raw_run,unified_experiments/formal_protocol_5fb8fec80189731e702186e13567ea8cb1d16c707b06446f9ab1e705c76291dc/formal/w60/paper_aligned_hga/seed_50,5fb8fec80189731e702186e13567ea8cb1d16c707b06446f9ab1e705c76291dc:e7b7409b555e581a0ceea770b7e2c511bacdced8f3172021729319bd352f76d2:paper_aligned_hga:50:7ecc61b2e67269bfe2db870471383ee7a5f9903cb7e0d30e342be40d7fa57ffd,7ecc61b2e67269bfe2db870471383ee7a5f9903cb7e0d30e342be40d7fa57ffd,"[""D:\\pybullet_test\\.venv\\Scripts\\python.exe"", ""run_unified_experiments.py"", ""--formal"", ""--resume"", ""--instances"", ""w60"", ""--solvers"", ""paper_aligned_hga"", ""--seeds"", ""50"", ""--selected-evaluation-budget"", ""11000"", ""--selected-timeout"", ""21600"", ""--output-root"", ""unified_experiments/formal_protocol_5fb8fec80189731e702186e13567ea8cb1d16c707b06446f9ab1e705c76291dc/formal/w60/paper_aligned_hga/seed_50""]"
220,formal__w60__paper_aligned_hga__seed_51,e7b7409b555e581a0ceea770b7e2c511bacdced8f3172021729319bd352f76d2,paper_aligned_hga,51,11000,11000,11000,21600,21600,5fb8fec80189731e702186e13567ea8cb1d16c707b06446f9ab1e705c76291dc,2c969355974b9b9ca210a0a87655fdd5a442787654bfbbde0be740237b302940,,separate_postprocess_after_successful_raw_run,unified_experiments/formal_protocol_5fb8fec80189731e702186e13567ea8cb1d16c707b06446f9ab1e705c76291dc/formal/w60/paper_aligned_hga/seed_51,5fb8fec80189731e702186e13567ea8cb1d16c707b06446f9ab1e705c76291dc:e7b7409b555e581a0ceea770b7e2c511bacdced8f3172021729319bd352f76d2:paper_aligned_hga:51:e765cbe804de062333903f32fe20767214038d42c8468bf4be8eebf90ae8ae49,e765cbe804de062333903f32fe20767214038d42c8468bf4be8eebf90ae8ae49,"[""D:\\pybullet_test\\.venv\\Scripts\\python.exe"", ""run_unified_experiments.py"", ""--formal"", ""--resume"", ""--instances"", ""w60"", ""--solvers"", ""paper_aligned_hga"", ""--seeds"", ""51"", ""--selected-evaluation-budget"", ""11000"", ""--selected-timeout"", ""21600"", ""--output-root"", ""unified_experiments/formal_protocol_5fb8fec80189731e702186e13567ea8cb1d16c707b06446f9ab1e705c76291dc/formal/w60/paper_aligned_hga/seed_51""]"
221,formal__w60__paper_aligned_hga__seed_52,e7b7409b555e581a0ceea770b7e2c511bacdced8f3172021729319bd352f76d2,paper_aligned_hga,52,11000,11000,11000,21600,21600,5fb8fec80189731e702186e13567ea8cb1d16c707b06446f9ab1e705c76291dc,2c969355974b9b9ca210a0a87655fdd5a442787654bfbbde0be740237b302940,,separate_postprocess_after_successful_raw_run,unified_experiments/formal_protocol_5fb8fec80189731e702186e13567ea8cb1d16c707b06446f9ab1e705c76291dc/formal/w60/paper_aligned_hga/seed_52,5fb8fec80189731e702186e13567ea8cb1d16c707b06446f9ab1e705c76291dc:e7b7409b555e581a0ceea770b7e2c511bacdced8f3172021729319bd352f76d2:paper_aligned_hga:52:302d86d17751d0f2e836ab3f41d4a63ef46ac2a5f6bd61ea0b0f4b01193c2f1c,302d86d17751d0f2e836ab3f41d4a63ef46ac2a5f6bd61ea0b0f4b01193c2f1c,"[""D:\\pybullet_test\\.venv\\Scripts\\python.exe"", ""run_unified_experiments.py"", ""--formal"", ""--resume"", ""--instances"", ""w60"", ""--solvers"", ""paper_aligned_hga"", ""--seeds"", ""52"", ""--selected-evaluation-budget"", ""11000"", ""--selected-timeout"", ""21600"", ""--output-root"", ""unified_experiments/formal_protocol_5fb8fec80189731e702186e13567ea8cb1d16c707b06446f9ab1e705c76291dc/formal/w60/paper_aligned_hga/seed_52""]"
222,formal__w60__paper_aligned_hga__seed_53,e7b7409b555e581a0ceea770b7e2c511bacdced8f3172021729319bd352f76d2,paper_aligned_hga,53,11000,11000,11000,21600,21600,5fb8fec80189731e702186e13567ea8cb1d16c707b06446f9ab1e705c76291dc,2c969355974b9b9ca210a0a87655fdd5a442787654bfbbde0be740237b302940,,separate_postprocess_after_successful_raw_run,unified_experiments/formal_protocol_5fb8fec80189731e702186e13567ea8cb1d16c707b06446f9ab1e705c76291dc/formal/w60/paper_aligned_hga/seed_53,5fb8fec80189731e702186e13567ea8cb1d16c707b06446f9ab1e705c76291dc:e7b7409b555e581a0ceea770b7e2c511bacdced8f3172021729319bd352f76d2:paper_aligned_hga:53:d1a2e5d0779b205f8cfe2c72c486178f9a02256f54e37023cf216227ac28a8e8,d1a2e5d0779b205f8cfe2c72c486178f9a02256f54e37023cf216227ac28a8e8,"[""D:\\pybullet_test\\.venv\\Scripts\\python.exe"", ""run_unified_experiments.py"", ""--formal"", ""--resume"", ""--instances"", ""w60"", ""--solvers"", ""paper_aligned_hga"", ""--seeds"", ""53"", ""--selected-evaluation-budget"", ""11000"", ""--selected-timeout"", ""21600"", ""--output-root"", ""unified_experiments/formal_protocol_5fb8fec80189731e702186e13567ea8cb1d16c707b06446f9ab1e705c76291dc/formal/w60/paper_aligned_hga/seed_53""]"
223,formal__w60__paper_aligned_hga__seed_54,e7b7409b555e581a0ceea770b7e2c511bacdced8f3172021729319bd352f76d2,paper_aligned_hga,54,11000,11000,11000,21600,21600,5fb8fec80189731e702186e13567ea8cb1d16c707b06446f9ab1e705c76291dc,2c969355974b9b9ca210a0a87655fdd5a442787654bfbbde0be740237b302940,,separate_postprocess_after_successful_raw_run,unified_experiments/formal_protocol_5fb8fec80189731e702186e13567ea8cb1d16c707b06446f9ab1e705c76291dc/formal/w60/paper_aligned_hga/seed_54,5fb8fec80189731e702186e13567ea8cb1d16c707b06446f9ab1e705c76291dc:e7b7409b555e581a0ceea770b7e2c511bacdced8f3172021729319bd352f76d2:paper_aligned_hga:54:1c70c7a96daceec20a1ed7fc2bfd85e280f07e495d0c8a27ee7dec316ffe38f9,1c70c7a96daceec20a1ed7fc2bfd85e280f07e495d0c8a27ee7dec316ffe38f9,"[""D:\\pybullet_test\\.venv\\Scripts\\python.exe"", ""run_unified_experiments.py"", ""--formal"", ""--resume"", ""--instances"", ""w60"", ""--solvers"", ""paper_aligned_hga"", ""--seeds"", ""54"", ""--selected-evaluation-budget"", ""11000"", ""--selected-timeout"", ""21600"", ""--output-root"", ""unified_experiments/formal_protocol_5fb8fec80189731e702186e13567ea8cb1d16c707b06446f9ab1e705c76291dc/formal/w60/paper_aligned_hga/seed_54""]"
224,formal__w60__paper_aligned_hga__seed_55,e7b7409b555e581a0ceea770b7e2c511bacdced8f3172021729319bd352f76d2,paper_aligned_hga,55,11000,11000,11000,21600,21600,5fb8fec80189731e702186e13567ea8cb1d16c707b06446f9ab1e705c76291dc,2c969355974b9b9ca210a0a87655fdd5a442787654bfbbde0be740237b302940,,separate_postprocess_after_successful_raw_run,unified_experiments/formal_protocol_5fb8fec80189731e702186e13567ea8cb1d16c707b06446f9ab1e705c76291dc/formal/w60/paper_aligned_hga/seed_55,5fb8fec80189731e702186e13567ea8cb1d16c707b06446f9ab1e705c76291dc:e7b7409b555e581a0ceea770b7e2c511bacdced8f3172021729319bd352f76d2:paper_aligned_hga:55:0f658395f976dc57bb395d455e3b46eb92a4fe342114121b7f1affdaa9bcffa6,0f658395f976dc57bb395d455e3b46eb92a4fe342114121b7f1affdaa9bcffa6,"[""D:\\pybullet_test\\.venv\\Scripts\\python.exe"", ""run_unified_experiments.py"", ""--formal"", ""--resume"", ""--instances"", ""w60"", ""--solvers"", ""paper_aligned_hga"", ""--seeds"", ""55"", ""--selected-evaluation-budget"", ""11000"", ""--selected-timeout"", ""21600"", ""--output-root"", ""unified_experiments/formal_protocol_5fb8fec80189731e702186e13567ea8cb1d16c707b06446f9ab1e705c76291dc/formal/w60/paper_aligned_hga/seed_55""]"
225,formal__w60__paper_aligned_hga__seed_56,e7b7409b555e581a0ceea770b7e2c511bacdced8f3172021729319bd352f76d2,paper_aligned_hga,56,11000,11000,11000,21600,21600,5fb8fec80189731e702186e13567ea8cb1d16c707b06446f9ab1e705c76291dc,2c969355974b9b9ca210a0a87655fdd5a442787654bfbbde0be740237b302940,,separate_postprocess_after_successful_raw_run,unified_experiments/formal_protocol_5fb8fec80189731e702186e13567ea8cb1d16c707b06446f9ab1e705c76291dc/formal/w60/paper_aligned_hga/seed_56,5fb8fec80189731e702186e13567ea8cb1d16c707b06446f9ab1e705c76291dc:e7b7409b555e581a0ceea770b7e2c511bacdced8f3172021729319bd352f76d2:paper_aligned_hga:56:3dba78065e3725e9f2649c09e38f292dd997d12067e9b7f33587d0d0ee4ada9b,3dba78065e3725e9f2649c09e38f292dd997d12067e9b7f33587d0d0ee4ada9b,"[""D:\\pybullet_test\\.venv\\Scripts\\python.exe"", ""run_unified_experiments.py"", ""--formal"", ""--resume"", ""--instances"", ""w60"", ""--solvers"", ""paper_aligned_hga"", ""--seeds"", ""56"", ""--selected-evaluation-budget"", ""11000"", ""--selected-timeout"", ""21600"", ""--output-root"", ""unified_experiments/formal_protocol_5fb8fec80189731e702186e13567ea8cb1d16c707b06446f9ab1e705c76291dc/formal/w60/paper_aligned_hga/seed_56""]"
226,formal__w60__paper_aligned_hga__seed_57,e7b7409b555e581a0ceea770b7e2c511bacdced8f3172021729319bd352f76d2,paper_aligned_hga,57,11000,11000,11000,21600,21600,5fb8fec80189731e702186e13567ea8cb1d16c707b06446f9ab1e705c76291dc,2c969355974b9b9ca210a0a87655fdd5a442787654bfbbde0be740237b302940,,separate_postprocess_after_successful_raw_run,unified_experiments/formal_protocol_5fb8fec80189731e702186e13567ea8cb1d16c707b06446f9ab1e705c76291dc/formal/w60/paper_aligned_hga/seed_57,5fb8fec80189731e702186e13567ea8cb1d16c707b06446f9ab1e705c76291dc:e7b7409b555e581a0ceea770b7e2c511bacdced8f3172021729319bd352f76d2:paper_aligned_hga:57:b6b6ec8ee02ca6aaa36ce37c1a13fc3b63a118fb799e7901d7b90bc986b7a084,b6b6ec8ee02ca6aaa36ce37c1a13fc3b63a118fb799e7901d7b90bc986b7a084,"[""D:\\pybullet_test\\.venv\\Scripts\\python.exe"", ""run_unified_experiments.py"", ""--formal"", ""--resume"", ""--instances"", ""w60"", ""--solvers"", ""paper_aligned_hga"", ""--seeds"", ""57"", ""--selected-evaluation-budget"", ""11000"", ""--selected-timeout"", ""21600"", ""--output-root"", ""unified_experiments/formal_protocol_5fb8fec80189731e702186e13567ea8cb1d16c707b06446f9ab1e705c76291dc/formal/w60/paper_aligned_hga/seed_57""]"
227,formal__w60__paper_aligned_hga__seed_58,e7b7409b555e581a0ceea770b7e2c511bacdced8f3172021729319bd352f76d2,paper_aligned_hga,58,11000,11000,11000,21600,21600,5fb8fec80189731e702186e13567ea8cb1d16c707b06446f9ab1e705c76291dc,2c969355974b9b9ca210a0a87655fdd5a442787654bfbbde0be740237b302940,,separate_postprocess_after_successful_raw_run,unified_experiments/formal_protocol_5fb8fec80189731e702186e13567ea8cb1d16c707b06446f9ab1e705c76291dc/formal/w60/paper_aligned_hga/seed_58,5fb8fec80189731e702186e13567ea8cb1d16c707b06446f9ab1e705c76291dc:e7b7409b555e581a0ceea770b7e2c511bacdced8f3172021729319bd352f76d2:paper_aligned_hga:58:8d569c712709fdff12e4bf26c9f05a33cfc374784875c6cb435b1ba8d59b6272,8d569c712709fdff12e4bf26c9f05a33cfc374784875c6cb435b1ba8d59b6272,"[""D:\\pybullet_test\\.venv\\Scripts\\python.exe"", ""run_unified_experiments.py"", ""--formal"", ""--resume"", ""--instances"", ""w60"", ""--solvers"", ""paper_aligned_hga"", ""--seeds"", ""58"", ""--selected-evaluation-budget"", ""11000"", ""--selected-timeout"", ""21600"", ""--output-root"", ""unified_experiments/formal_protocol_5fb8fec80189731e702186e13567ea8cb1d16c707b06446f9ab1e705c76291dc/formal/w60/paper_aligned_hga/seed_58""]"
228,formal__w60__paper_aligned_hga__seed_59,e7b7409b555e581a0ceea770b7e2c511bacdced8f3172021729319bd352f76d2,paper_aligned_hga,59,11000,11000,11000,21600,21600,5fb8fec80189731e702186e13567ea8cb1d16c707b06446f9ab1e705c76291dc,2c969355974b9b9ca210a0a87655fdd5a442787654bfbbde0be740237b302940,,separate_postprocess_after_successful_raw_run,unified_experiments/formal_protocol_5fb8fec80189731e702186e13567ea8cb1d16c707b06446f9ab1e705c76291dc/formal/w60/paper_aligned_hga/seed_59,5fb8fec80189731e702186e13567ea8cb1d16c707b06446f9ab1e705c76291dc:e7b7409b555e581a0ceea770b7e2c511bacdced8f3172021729319bd352f76d2:paper_aligned_hga:59:d3555d782c0357d4e89fc921cf36020561f007e5662a66ffeb235360220ba52a,d3555d782c0357d4e89fc921cf36020561f007e5662a66ffeb235360220ba52a,"[""D:\\pybullet_test\\.venv\\Scripts\\python.exe"", ""run_unified_experiments.py"", ""--formal"", ""--resume"", ""--instances"", ""w60"", ""--solvers"", ""paper_aligned_hga"", ""--seeds"", ""59"", ""--selected-evaluation-budget"", ""11000"", ""--selected-timeout"", ""21600"", ""--output-root"", ""unified_experiments/formal_protocol_5fb8fec80189731e702186e13567ea8cb1d16c707b06446f9ab1e705c76291dc/formal/w60/paper_aligned_hga/seed_59""]"
229,formal__w60__paper_aligned_hga__seed_60,e7b7409b555e581a0ceea770b7e2c511bacdced8f3172021729319bd352f76d2,paper_aligned_hga,60,11000,11000,11000,21600,21600,5fb8fec80189731e702186e13567ea8cb1d16c707b06446f9ab1e705c76291dc,2c969355974b9b9ca210a0a87655fdd5a442787654bfbbde0be740237b302940,,separate_postprocess_after_successful_raw_run,unified_experiments/formal_protocol_5fb8fec80189731e702186e13567ea8cb1d16c707b06446f9ab1e705c76291dc/formal/w60/paper_aligned_hga/seed_60,5fb8fec80189731e702186e13567ea8cb1d16c707b06446f9ab1e705c76291dc:e7b7409b555e581a0ceea770b7e2c511bacdced8f3172021729319bd352f76d2:paper_aligned_hga:60:6ce41f061738aeff312383c56037ec6b3b5ed7c313c23e3f4f4515c2e65ece20,6ce41f061738aeff312383c56037ec6b3b5ed7c313c23e3f4f4515c2e65ece20,"[""D:\\pybullet_test\\.venv\\Scripts\\python.exe"", ""run_unified_experiments.py"", ""--formal"", ""--resume"", ""--instances"", ""w60"", ""--solvers"", ""paper_aligned_hga"", ""--seeds"", ""60"", ""--selected-evaluation-budget"", ""11000"", ""--selected-timeout"", ""21600"", ""--output-root"", ""unified_experiments/formal_protocol_5fb8fec80189731e702186e13567ea8cb1d16c707b06446f9ab1e705c76291dc/formal/w60/paper_aligned_hga/seed_60""]"
230,formal__w60__paper_aligned_hga__seed_61,e7b7409b555e581a0ceea770b7e2c511bacdced8f3172021729319bd352f76d2,paper_aligned_hga,61,11000,11000,11000,21600,21600,5fb8fec80189731e702186e13567ea8cb1d16c707b06446f9ab1e705c76291dc,2c969355974b9b9ca210a0a87655fdd5a442787654bfbbde0be740237b302940,,separate_postprocess_after_successful_raw_run,unified_experiments/formal_protocol_5fb8fec80189731e702186e13567ea8cb1d16c707b06446f9ab1e705c76291dc/formal/w60/paper_aligned_hga/seed_61,5fb8fec80189731e702186e13567ea8cb1d16c707b06446f9ab1e705c76291dc:e7b7409b555e581a0ceea770b7e2c511bacdced8f3172021729319bd352f76d2:paper_aligned_hga:61:073b04598052ca7710c32228605cc89698d059ee352ede35b754b8fb61cb103b,073b04598052ca7710c32228605cc89698d059ee352ede35b754b8fb61cb103b,"[""D:\\pybullet_test\\.venv\\Scripts\\python.exe"", ""run_unified_experiments.py"", ""--formal"", ""--resume"", ""--instances"", ""w60"", ""--solvers"", ""paper_aligned_hga"", ""--seeds"", ""61"", ""--selected-evaluation-budget"", ""11000"", ""--selected-timeout"", ""21600"", ""--output-root"", ""unified_experiments/formal_protocol_5fb8fec80189731e702186e13567ea8cb1d16c707b06446f9ab1e705c76291dc/formal/w60/paper_aligned_hga/seed_61""]"
231,formal__w60__paper_aligned_hga__seed_62,e7b7409b555e581a0ceea770b7e2c511bacdced8f3172021729319bd352f76d2,paper_aligned_hga,62,11000,11000,11000,21600,21600,5fb8fec80189731e702186e13567ea8cb1d16c707b06446f9ab1e705c76291dc,2c969355974b9b9ca210a0a87655fdd5a442787654bfbbde0be740237b302940,,separate_postprocess_after_successful_raw_run,unified_experiments/formal_protocol_5fb8fec80189731e702186e13567ea8cb1d16c707b06446f9ab1e705c76291dc/formal/w60/paper_aligned_hga/seed_62,5fb8fec80189731e702186e13567ea8cb1d16c707b06446f9ab1e705c76291dc:e7b7409b555e581a0ceea770b7e2c511bacdced8f3172021729319bd352f76d2:paper_aligned_hga:62:46eff29497a77573cf484c1e129add6e8a0156d2933abf9b680b41a3e0e97bcf,46eff29497a77573cf484c1e129add6e8a0156d2933abf9b680b41a3e0e97bcf,"[""D:\\pybullet_test\\.venv\\Scripts\\python.exe"", ""run_unified_experiments.py"", ""--formal"", ""--resume"", ""--instances"", ""w60"", ""--solvers"", ""paper_aligned_hga"", ""--seeds"", ""62"", ""--selected-evaluation-budget"", ""11000"", ""--selected-timeout"", ""21600"", ""--output-root"", ""unified_experiments/formal_protocol_5fb8fec80189731e702186e13567ea8cb1d16c707b06446f9ab1e705c76291dc/formal/w60/paper_aligned_hga/seed_62""]"
232,formal__w60__paper_aligned_hga__seed_63,e7b7409b555e581a0ceea770b7e2c511bacdced8f3172021729319bd352f76d2,paper_aligned_hga,63,11000,11000,11000,21600,21600,5fb8fec80189731e702186e13567ea8cb1d16c707b06446f9ab1e705c76291dc,2c969355974b9b9ca210a0a87655fdd5a442787654bfbbde0be740237b302940,,separate_postprocess_after_successful_raw_run,unified_experiments/formal_protocol_5fb8fec80189731e702186e13567ea8cb1d16c707b06446f9ab1e705c76291dc/formal/w60/paper_aligned_hga/seed_63,5fb8fec80189731e702186e13567ea8cb1d16c707b06446f9ab1e705c76291dc:e7b7409b555e581a0ceea770b7e2c511bacdced8f3172021729319bd352f76d2:paper_aligned_hga:63:30062d3c875db0d742a8333e51599aac446aa98db8e2d3dbc42cea590fbb39b4,30062d3c875db0d742a8333e51599aac446aa98db8e2d3dbc42cea590fbb39b4,"[""D:\\pybullet_test\\.venv\\Scripts\\python.exe"", ""run_unified_experiments.py"", ""--formal"", ""--resume"", ""--instances"", ""w60"", ""--solvers"", ""paper_aligned_hga"", ""--seeds"", ""63"", ""--selected-evaluation-budget"", ""11000"", ""--selected-timeout"", ""21600"", ""--output-root"", ""unified_experiments/formal_protocol_5fb8fec80189731e702186e13567ea8cb1d16c707b06446f9ab1e705c76291dc/formal/w60/paper_aligned_hga/seed_63""]"
233,formal__w60__paper_aligned_hga__seed_64,e7b7409b555e581a0ceea770b7e2c511bacdced8f3172021729319bd352f76d2,paper_aligned_hga,64,11000,11000,11000,21600,21600,5fb8fec80189731e702186e13567ea8cb1d16c707b06446f9ab1e705c76291dc,2c969355974b9b9ca210a0a87655fdd5a442787654bfbbde0be740237b302940,,separate_postprocess_after_successful_raw_run,unified_experiments/formal_protocol_5fb8fec80189731e702186e13567ea8cb1d16c707b06446f9ab1e705c76291dc/formal/w60/paper_aligned_hga/seed_64,5fb8fec80189731e702186e13567ea8cb1d16c707b06446f9ab1e705c76291dc:e7b7409b555e581a0ceea770b7e2c511bacdced8f3172021729319bd352f76d2:paper_aligned_hga:64:35a0bc96ab88e46f6a200188f5b4def1f01840a52bcc80dd05a61759ad977f7e,35a0bc96ab88e46f6a200188f5b4def1f01840a52bcc80dd05a61759ad977f7e,"[""D:\\pybullet_test\\.venv\\Scripts\\python.exe"", ""run_unified_experiments.py"", ""--formal"", ""--resume"", ""--instances"", ""w60"", ""--solvers"", ""paper_aligned_hga"", ""--seeds"", ""64"", ""--selected-evaluation-budget"", ""11000"", ""--selected-timeout"", ""21600"", ""--output-root"", ""unified_experiments/formal_protocol_5fb8fec80189731e702186e13567ea8cb1d16c707b06446f9ab1e705c76291dc/formal/w60/paper_aligned_hga/seed_64""]"
234,formal__w60__paper_aligned_hga__seed_65,e7b7409b555e581a0ceea770b7e2c511bacdced8f3172021729319bd352f76d2,paper_aligned_hga,65,11000,11000,11000,21600,21600,5fb8fec80189731e702186e13567ea8cb1d16c707b06446f9ab1e705c76291dc,2c969355974b9b9ca210a0a87655fdd5a442787654bfbbde0be740237b302940,,separate_postprocess_after_successful_raw_run,unified_experiments/formal_protocol_5fb8fec80189731e702186e13567ea8cb1d16c707b06446f9ab1e705c76291dc/formal/w60/paper_aligned_hga/seed_65,5fb8fec80189731e702186e13567ea8cb1d16c707b06446f9ab1e705c76291dc:e7b7409b555e581a0ceea770b7e2c511bacdced8f3172021729319bd352f76d2:paper_aligned_hga:65:502dae5a30016ddc15f13c1dee1d6fda94be9524a0b41eca462f1c1a43248c15,502dae5a30016ddc15f13c1dee1d6fda94be9524a0b41eca462f1c1a43248c15,"[""D:\\pybullet_test\\.venv\\Scripts\\python.exe"", ""run_unified_experiments.py"", ""--formal"", ""--resume"", ""--instances"", ""w60"", ""--solvers"", ""paper_aligned_hga"", ""--seeds"", ""65"", ""--selected-evaluation-budget"", ""11000"", ""--selected-timeout"", ""21600"", ""--output-root"", ""unified_experiments/formal_protocol_5fb8fec80189731e702186e13567ea8cb1d16c707b06446f9ab1e705c76291dc/formal/w60/paper_aligned_hga/seed_65""]"
235,formal__w60__paper_aligned_hga__seed_66,e7b7409b555e581a0ceea770b7e2c511bacdced8f3172021729319bd352f76d2,paper_aligned_hga,66,11000,11000,11000,21600,21600,5fb8fec80189731e702186e13567ea8cb1d16c707b06446f9ab1e705c76291dc,2c969355974b9b9ca210a0a87655fdd5a442787654bfbbde0be740237b302940,,separate_postprocess_after_successful_raw_run,unified_experiments/formal_protocol_5fb8fec80189731e702186e13567ea8cb1d16c707b06446f9ab1e705c76291dc/formal/w60/paper_aligned_hga/seed_66,5fb8fec80189731e702186e13567ea8cb1d16c707b06446f9ab1e705c76291dc:e7b7409b555e581a0ceea770b7e2c511bacdced8f3172021729319bd352f76d2:paper_aligned_hga:66:0a2902eefeb37e9b6ce0b916c6facdb740c9a0807808ea21bafd9245fc6fe50a,0a2902eefeb37e9b6ce0b916c6facdb740c9a0807808ea21bafd9245fc6fe50a,"[""D:\\pybullet_test\\.venv\\Scripts\\python.exe"", ""run_unified_experiments.py"", ""--formal"", ""--resume"", ""--instances"", ""w60"", ""--solvers"", ""paper_aligned_hga"", ""--seeds"", ""66"", ""--selected-evaluation-budget"", ""11000"", ""--selected-timeout"", ""21600"", ""--output-root"", ""unified_experiments/formal_protocol_5fb8fec80189731e702186e13567ea8cb1d16c707b06446f9ab1e705c76291dc/formal/w60/paper_aligned_hga/seed_66""]"
236,formal__w60__paper_aligned_hga__seed_67,e7b7409b555e581a0ceea770b7e2c511bacdced8f3172021729319bd352f76d2,paper_aligned_hga,67,11000,11000,11000,21600,21600,5fb8fec80189731e702186e13567ea8cb1d16c707b06446f9ab1e705c76291dc,2c969355974b9b9ca210a0a87655fdd5a442787654bfbbde0be740237b302940,,separate_postprocess_after_successful_raw_run,unified_experiments/formal_protocol_5fb8fec80189731e702186e13567ea8cb1d16c707b06446f9ab1e705c76291dc/formal/w60/paper_aligned_hga/seed_67,5fb8fec80189731e702186e13567ea8cb1d16c707b06446f9ab1e705c76291dc:e7b7409b555e581a0ceea770b7e2c511bacdced8f3172021729319bd352f76d2:paper_aligned_hga:67:07607a86d3ddcd61c97fd04fb82bc5e6531c38f3a1115c4f26c8beaf998235f0,07607a86d3ddcd61c97fd04fb82bc5e6531c38f3a1115c4f26c8beaf998235f0,"[""D:\\pybullet_test\\.venv\\Scripts\\python.exe"", ""run_unified_experiments.py"", ""--formal"", ""--resume"", ""--instances"", ""w60"", ""--solvers"", ""paper_aligned_hga"", ""--seeds"", ""67"", ""--selected-evaluation-budget"", ""11000"", ""--selected-timeout"", ""21600"", ""--output-root"", ""unified_experiments/formal_protocol_5fb8fec80189731e702186e13567ea8cb1d16c707b06446f9ab1e705c76291dc/formal/w60/paper_aligned_hga/seed_67""]"
237,formal__w60__paper_aligned_hga__seed_68,e7b7409b555e581a0ceea770b7e2c511bacdced8f3172021729319bd352f76d2,paper_aligned_hga,68,11000,11000,11000,21600,21600,5fb8fec80189731e702186e13567ea8cb1d16c707b06446f9ab1e705c76291dc,2c969355974b9b9ca210a0a87655fdd5a442787654bfbbde0be740237b302940,,separate_postprocess_after_successful_raw_run,unified_experiments/formal_protocol_5fb8fec80189731e702186e13567ea8cb1d16c707b06446f9ab1e705c76291dc/formal/w60/paper_aligned_hga/seed_68,5fb8fec80189731e702186e13567ea8cb1d16c707b06446f9ab1e705c76291dc:e7b7409b555e581a0ceea770b7e2c511bacdced8f3172021729319bd352f76d2:paper_aligned_hga:68:1376f795b2b37da7f53ca29b78aab1ddbbef324fd5a0924a345f127a9df6dc68,1376f795b2b37da7f53ca29b78aab1ddbbef324fd5a0924a345f127a9df6dc68,"[""D:\\pybullet_test\\.venv\\Scripts\\python.exe"", ""run_unified_experiments.py"", ""--formal"", ""--resume"", ""--instances"", ""w60"", ""--solvers"", ""paper_aligned_hga"", ""--seeds"", ""68"", ""--selected-evaluation-budget"", ""11000"", ""--selected-timeout"", ""21600"", ""--output-root"", ""unified_experiments/formal_protocol_5fb8fec80189731e702186e13567ea8cb1d16c707b06446f9ab1e705c76291dc/formal/w60/paper_aligned_hga/seed_68""]"
238,formal__w60__paper_aligned_hga__seed_69,e7b7409b555e581a0ceea770b7e2c511bacdced8f3172021729319bd352f76d2,paper_aligned_hga,69,11000,11000,11000,21600,21600,5fb8fec80189731e702186e13567ea8cb1d16c707b06446f9ab1e705c76291dc,2c969355974b9b9ca210a0a87655fdd5a442787654bfbbde0be740237b302940,,separate_postprocess_after_successful_raw_run,unified_experiments/formal_protocol_5fb8fec80189731e702186e13567ea8cb1d16c707b06446f9ab1e705c76291dc/formal/w60/paper_aligned_hga/seed_69,5fb8fec80189731e702186e13567ea8cb1d16c707b06446f9ab1e705c76291dc:e7b7409b555e581a0ceea770b7e2c511bacdced8f3172021729319bd352f76d2:paper_aligned_hga:69:c0962fce8a2e20447dff4b2001d1b0c36f5085b2ee536576a997dd58cd947751,c0962fce8a2e20447dff4b2001d1b0c36f5085b2ee536576a997dd58cd947751,"[""D:\\pybullet_test\\.venv\\Scripts\\python.exe"", ""run_unified_experiments.py"", ""--formal"", ""--resume"", ""--instances"", ""w60"", ""--solvers"", ""paper_aligned_hga"", ""--seeds"", ""69"", ""--selected-evaluation-budget"", ""11000"", ""--selected-timeout"", ""21600"", ""--output-root"", ""unified_experiments/formal_protocol_5fb8fec80189731e702186e13567ea8cb1d16c707b06446f9ab1e705c76291dc/formal/w60/paper_aligned_hga/seed_69""]"
239,formal__w60__paper_aligned_hga__seed_70,e7b7409b555e581a0ceea770b7e2c511bacdced8f3172021729319bd352f76d2,paper_aligned_hga,70,11000,11000,11000,21600,21600,5fb8fec80189731e702186e13567ea8cb1d16c707b06446f9ab1e705c76291dc,2c969355974b9b9ca210a0a87655fdd5a442787654bfbbde0be740237b302940,,separate_postprocess_after_successful_raw_run,unified_experiments/formal_protocol_5fb8fec80189731e702186e13567ea8cb1d16c707b06446f9ab1e705c76291dc/formal/w60/paper_aligned_hga/seed_70,5fb8fec80189731e702186e13567ea8cb1d16c707b06446f9ab1e705c76291dc:e7b7409b555e581a0ceea770b7e2c511bacdced8f3172021729319bd352f76d2:paper_aligned_hga:70:3163cb4487390bc70a5db4a66020291f651e65e270068ee68cbc149522958371,3163cb4487390bc70a5db4a66020291f651e65e270068ee68cbc149522958371,"[""D:\\pybullet_test\\.venv\\Scripts\\python.exe"", ""run_unified_experiments.py"", ""--formal"", ""--resume"", ""--instances"", ""w60"", ""--solvers"", ""paper_aligned_hga"", ""--seeds"", ""70"", ""--selected-evaluation-budget"", ""11000"", ""--selected-timeout"", ""21600"", ""--output-root"", ""unified_experiments/formal_protocol_5fb8fec80189731e702186e13567ea8cb1d16c707b06446f9ab1e705c76291dc/formal/w60/paper_aligned_hga/seed_70""]"
240,formal__w60__paper_aligned_hga__seed_71,e7b7409b555e581a0ceea770b7e2c511bacdced8f3172021729319bd352f76d2,paper_aligned_hga,71,11000,11000,11000,21600,21600,5fb8fec80189731e702186e13567ea8cb1d16c707b06446f9ab1e705c76291dc,2c969355974b9b9ca210a0a87655fdd5a442787654bfbbde0be740237b302940,,separate_postprocess_after_successful_raw_run,unified_experiments/formal_protocol_5fb8fec80189731e702186e13567ea8cb1d16c707b06446f9ab1e705c76291dc/formal/w60/paper_aligned_hga/seed_71,5fb8fec80189731e702186e13567ea8cb1d16c707b06446f9ab1e705c76291dc:e7b7409b555e581a0ceea770b7e2c511bacdced8f3172021729319bd352f76d2:paper_aligned_hga:71:1898233863a88a875e738a49f4479a22c02d2efeee712bf37a647016023d2533,1898233863a88a875e738a49f4479a22c02d2efeee712bf37a647016023d2533,"[""D:\\pybullet_test\\.venv\\Scripts\\python.exe"", ""run_unified_experiments.py"", ""--formal"", ""--resume"", ""--instances"", ""w60"", ""--solvers"", ""paper_aligned_hga"", ""--seeds"", ""71"", ""--selected-evaluation-budget"", ""11000"", ""--selected-timeout"", ""21600"", ""--output-root"", ""unified_experiments/formal_protocol_5fb8fec80189731e702186e13567ea8cb1d16c707b06446f9ab1e705c76291dc/formal/w60/paper_aligned_hga/seed_71""]"
241,formal__w60__abma__seed_42,e7b7409b555e581a0ceea770b7e2c511bacdced8f3172021729319bd352f76d2,abma,42,11000,11000,11000,21600,21600,5fb8fec80189731e702186e13567ea8cb1d16c707b06446f9ab1e705c76291dc,2c969355974b9b9ca210a0a87655fdd5a442787654bfbbde0be740237b302940,631b2d675e7531d04a3c019cc8013158223944074da3e42d489a5745addee1d3,separate_postprocess_after_successful_raw_run,unified_experiments/formal_protocol_5fb8fec80189731e702186e13567ea8cb1d16c707b06446f9ab1e705c76291dc/formal/w60/abma/seed_42,5fb8fec80189731e702186e13567ea8cb1d16c707b06446f9ab1e705c76291dc:e7b7409b555e581a0ceea770b7e2c511bacdced8f3172021729319bd352f76d2:abma:42:310348ab6e822c5fe7ae74183adf9b2bb80ced8c26df32aa7c86abb5f7466680,310348ab6e822c5fe7ae74183adf9b2bb80ced8c26df32aa7c86abb5f7466680,"[""D:\\pybullet_test\\.venv\\Scripts\\python.exe"", ""run_unified_experiments.py"", ""--formal"", ""--resume"", ""--instances"", ""w60"", ""--solvers"", ""abma"", ""--seeds"", ""42"", ""--selected-evaluation-budget"", ""11000"", ""--selected-timeout"", ""21600"", ""--output-root"", ""unified_experiments/formal_protocol_5fb8fec80189731e702186e13567ea8cb1d16c707b06446f9ab1e705c76291dc/formal/w60/abma/seed_42""]"
242,formal__w60__abma__seed_43,e7b7409b555e581a0ceea770b7e2c511bacdced8f3172021729319bd352f76d2,abma,43,11000,11000,11000,21600,21600,5fb8fec80189731e702186e13567ea8cb1d16c707b06446f9ab1e705c76291dc,2c969355974b9b9ca210a0a87655fdd5a442787654bfbbde0be740237b302940,631b2d675e7531d04a3c019cc8013158223944074da3e42d489a5745addee1d3,separate_postprocess_after_successful_raw_run,unified_experiments/formal_protocol_5fb8fec80189731e702186e13567ea8cb1d16c707b06446f9ab1e705c76291dc/formal/w60/abma/seed_43,5fb8fec80189731e702186e13567ea8cb1d16c707b06446f9ab1e705c76291dc:e7b7409b555e581a0ceea770b7e2c511bacdced8f3172021729319bd352f76d2:abma:43:10a43dff4ba12c1f98ce1bf78a0661954fd0c1615bf27c32980c21ea7e982870,10a43dff4ba12c1f98ce1bf78a0661954fd0c1615bf27c32980c21ea7e982870,"[""D:\\pybullet_test\\.venv\\Scripts\\python.exe"", ""run_unified_experiments.py"", ""--formal"", ""--resume"", ""--instances"", ""w60"", ""--solvers"", ""abma"", ""--seeds"", ""43"", ""--selected-evaluation-budget"", ""11000"", ""--selected-timeout"", ""21600"", ""--output-root"", ""unified_experiments/formal_protocol_5fb8fec80189731e702186e13567ea8cb1d16c707b06446f9ab1e705c76291dc/formal/w60/abma/seed_43""]"
243,formal__w60__abma__seed_44,e7b7409b555e581a0ceea770b7e2c511bacdced8f3172021729319bd352f76d2,abma,44,11000,11000,11000,21600,21600,5fb8fec80189731e702186e13567ea8cb1d16c707b06446f9ab1e705c76291dc,2c969355974b9b9ca210a0a87655fdd5a442787654bfbbde0be740237b302940,631b2d675e7531d04a3c019cc8013158223944074da3e42d489a5745addee1d3,separate_postprocess_after_successful_raw_run,unified_experiments/formal_protocol_5fb8fec80189731e702186e13567ea8cb1d16c707b06446f9ab1e705c76291dc/formal/w60/abma/seed_44,5fb8fec80189731e702186e13567ea8cb1d16c707b06446f9ab1e705c76291dc:e7b7409b555e581a0ceea770b7e2c511bacdced8f3172021729319bd352f76d2:abma:44:52be52d671269683b9cb0363255cc1e73bef7339e10bbd7b2d2f1c8c17989ca2,52be52d671269683b9cb0363255cc1e73bef7339e10bbd7b2d2f1c8c17989ca2,"[""D:\\pybullet_test\\.venv\\Scripts\\python.exe"", ""run_unified_experiments.py"", ""--formal"", ""--resume"", ""--instances"", ""w60"", ""--solvers"", ""abma"", ""--seeds"", ""44"", ""--selected-evaluation-budget"", ""11000"", ""--selected-timeout"", ""21600"", ""--output-root"", ""unified_experiments/formal_protocol_5fb8fec80189731e702186e13567ea8cb1d16c707b06446f9ab1e705c76291dc/formal/w60/abma/seed_44""]"
244,formal__w60__abma__seed_45,e7b7409b555e581a0ceea770b7e2c511bacdced8f3172021729319bd352f76d2,abma,45,11000,11000,11000,21600,21600,5fb8fec80189731e702186e13567ea8cb1d16c707b06446f9ab1e705c76291dc,2c969355974b9b9ca210a0a87655fdd5a442787654bfbbde0be740237b302940,631b2d675e7531d04a3c019cc8013158223944074da3e42d489a5745addee1d3,separate_postprocess_after_successful_raw_run,unified_experiments/formal_protocol_5fb8fec80189731e702186e13567ea8cb1d16c707b06446f9ab1e705c76291dc/formal/w60/abma/seed_45,5fb8fec80189731e702186e13567ea8cb1d16c707b06446f9ab1e705c76291dc:e7b7409b555e581a0ceea770b7e2c511bacdced8f3172021729319bd352f76d2:abma:45:3c8b72dc8ba4e9240e9f4a8032cc04abaa9001d06087e11ee6b6a78d6abbeefa,3c8b72dc8ba4e9240e9f4a8032cc04abaa9001d06087e11ee6b6a78d6abbeefa,"[""D:\\pybullet_test\\.venv\\Scripts\\python.exe"", ""run_unified_experiments.py"", ""--formal"", ""--resume"", ""--instances"", ""w60"", ""--solvers"", ""abma"", ""--seeds"", ""45"", ""--selected-evaluation-budget"", ""11000"", ""--selected-timeout"", ""21600"", ""--output-root"", ""unified_experiments/formal_protocol_5fb8fec80189731e702186e13567ea8cb1d16c707b06446f9ab1e705c76291dc/formal/w60/abma/seed_45""]"
245,formal__w60__abma__seed_46,e7b7409b555e581a0ceea770b7e2c511bacdced8f3172021729319bd352f76d2,abma,46,11000,11000,11000,21600,21600,5fb8fec80189731e702186e13567ea8cb1d16c707b06446f9ab1e705c76291dc,2c969355974b9b9ca210a0a87655fdd5a442787654bfbbde0be740237b302940,631b2d675e7531d04a3c019cc8013158223944074da3e42d489a5745addee1d3,separate_postprocess_after_successful_raw_run,unified_experiments/formal_protocol_5fb8fec80189731e702186e13567ea8cb1d16c707b06446f9ab1e705c76291dc/formal/w60/abma/seed_46,5fb8fec80189731e702186e13567ea8cb1d16c707b06446f9ab1e705c76291dc:e7b7409b555e581a0ceea770b7e2c511bacdced8f3172021729319bd352f76d2:abma:46:40b7144ab0cd5ad998103bb407e057959e2f520b2c09a3a31e2fffc0d5b56514,40b7144ab0cd5ad998103bb407e057959e2f520b2c09a3a31e2fffc0d5b56514,"[""D:\\pybullet_test\\.venv\\Scripts\\python.exe"", ""run_unified_experiments.py"", ""--formal"", ""--resume"", ""--instances"", ""w60"", ""--solvers"", ""abma"", ""--seeds"", ""46"", ""--selected-evaluation-budget"", ""11000"", ""--selected-timeout"", ""21600"", ""--output-root"", ""unified_experiments/formal_protocol_5fb8fec80189731e702186e13567ea8cb1d16c707b06446f9ab1e705c76291dc/formal/w60/abma/seed_46""]"
246,formal__w60__abma__seed_47,e7b7409b555e581a0ceea770b7e2c511bacdced8f3172021729319bd352f76d2,abma,47,11000,11000,11000,21600,21600,5fb8fec80189731e702186e13567ea8cb1d16c707b06446f9ab1e705c76291dc,2c969355974b9b9ca210a0a87655fdd5a442787654bfbbde0be740237b302940,631b2d675e7531d04a3c019cc8013158223944074da3e42d489a5745addee1d3,separate_postprocess_after_successful_raw_run,unified_experiments/formal_protocol_5fb8fec80189731e702186e13567ea8cb1d16c707b06446f9ab1e705c76291dc/formal/w60/abma/seed_47,5fb8fec80189731e702186e13567ea8cb1d16c707b06446f9ab1e705c76291dc:e7b7409b555e581a0ceea770b7e2c511bacdced8f3172021729319bd352f76d2:abma:47:f937691132b5870e0e7425a86e1f5a732ecd0268b74a4aaa4adc9b87141a212b,f937691132b5870e0e7425a86e1f5a732ecd0268b74a4aaa4adc9b87141a212b,"[""D:\\pybullet_test\\.venv\\Scripts\\python.exe"", ""run_unified_experiments.py"", ""--formal"", ""--resume"", ""--instances"", ""w60"", ""--solvers"", ""abma"", ""--seeds"", ""47"", ""--selected-evaluation-budget"", ""11000"", ""--selected-timeout"", ""21600"", ""--output-root"", ""unified_experiments/formal_protocol_5fb8fec80189731e702186e13567ea8cb1d16c707b06446f9ab1e705c76291dc/formal/w60/abma/seed_47""]"
247,formal__w60__abma__seed_48,e7b7409b555e581a0ceea770b7e2c511bacdced8f3172021729319bd352f76d2,abma,48,11000,11000,11000,21600,21600,5fb8fec80189731e702186e13567ea8cb1d16c707b06446f9ab1e705c76291dc,2c969355974b9b9ca210a0a87655fdd5a442787654bfbbde0be740237b302940,631b2d675e7531d04a3c019cc8013158223944074da3e42d489a5745addee1d3,separate_postprocess_after_successful_raw_run,unified_experiments/formal_protocol_5fb8fec80189731e702186e13567ea8cb1d16c707b06446f9ab1e705c76291dc/formal/w60/abma/seed_48,5fb8fec80189731e702186e13567ea8cb1d16c707b06446f9ab1e705c76291dc:e7b7409b555e581a0ceea770b7e2c511bacdced8f3172021729319bd352f76d2:abma:48:46db088de4ffe83d80b7e7eae278a5bb92592491e9ce4d4c0e9ad952198afd80,46db088de4ffe83d80b7e7eae278a5bb92592491e9ce4d4c0e9ad952198afd80,"[""D:\\pybullet_test\\.venv\\Scripts\\python.exe"", ""run_unified_experiments.py"", ""--formal"", ""--resume"", ""--instances"", ""w60"", ""--solvers"", ""abma"", ""--seeds"", ""48"", ""--selected-evaluation-budget"", ""11000"", ""--selected-timeout"", ""21600"", ""--output-root"", ""unified_experiments/formal_protocol_5fb8fec80189731e702186e13567ea8cb1d16c707b06446f9ab1e705c76291dc/formal/w60/abma/seed_48""]"
248,formal__w60__abma__seed_49,e7b7409b555e581a0ceea770b7e2c511bacdced8f3172021729319bd352f76d2,abma,49,11000,11000,11000,21600,21600,5fb8fec80189731e702186e13567ea8cb1d16c707b06446f9ab1e705c76291dc,2c969355974b9b9ca210a0a87655fdd5a442787654bfbbde0be740237b302940,631b2d675e7531d04a3c019cc8013158223944074da3e42d489a5745addee1d3,separate_postprocess_after_successful_raw_run,unified_experiments/formal_protocol_5fb8fec80189731e702186e13567ea8cb1d16c707b06446f9ab1e705c76291dc/formal/w60/abma/seed_49,5fb8fec80189731e702186e13567ea8cb1d16c707b06446f9ab1e705c76291dc:e7b7409b555e581a0ceea770b7e2c511bacdced8f3172021729319bd352f76d2:abma:49:57e48359dc4fffdcde8c6b75421cab02d10d8311aed23d0bfbc050fba9495b07,57e48359dc4fffdcde8c6b75421cab02d10d8311aed23d0bfbc050fba9495b07,"[""D:\\pybullet_test\\.venv\\Scripts\\python.exe"", ""run_unified_experiments.py"", ""--formal"", ""--resume"", ""--instances"", ""w60"", ""--solvers"", ""abma"", ""--seeds"", ""49"", ""--selected-evaluation-budget"", ""11000"", ""--selected-timeout"", ""21600"", ""--output-root"", ""unified_experiments/formal_protocol_5fb8fec80189731e702186e13567ea8cb1d16c707b06446f9ab1e705c76291dc/formal/w60/abma/seed_49""]"
249,formal__w60__abma__seed_50,e7b7409b555e581a0ceea770b7e2c511bacdced8f3172021729319bd352f76d2,abma,50,11000,11000,11000,21600,21600,5fb8fec80189731e702186e13567ea8cb1d16c707b06446f9ab1e705c76291dc,2c969355974b9b9ca210a0a87655fdd5a442787654bfbbde0be740237b302940,631b2d675e7531d04a3c019cc8013158223944074da3e42d489a5745addee1d3,separate_postprocess_after_successful_raw_run,unified_experiments/formal_protocol_5fb8fec80189731e702186e13567ea8cb1d16c707b06446f9ab1e705c76291dc/formal/w60/abma/seed_50,5fb8fec80189731e702186e13567ea8cb1d16c707b06446f9ab1e705c76291dc:e7b7409b555e581a0ceea770b7e2c511bacdced8f3172021729319bd352f76d2:abma:50:227e2fc3b6943e6282e5fa89dbad8a294869b52bc241c6a4ee38674dba857543,227e2fc3b6943e6282e5fa89dbad8a294869b52bc241c6a4ee38674dba857543,"[""D:\\pybullet_test\\.venv\\Scripts\\python.exe"", ""run_unified_experiments.py"", ""--formal"", ""--resume"", ""--instances"", ""w60"", ""--solvers"", ""abma"", ""--seeds"", ""50"", ""--selected-evaluation-budget"", ""11000"", ""--selected-timeout"", ""21600"", ""--output-root"", ""unified_experiments/formal_protocol_5fb8fec80189731e702186e13567ea8cb1d16c707b06446f9ab1e705c76291dc/formal/w60/abma/seed_50""]"
250,formal__w60__abma__seed_51,e7b7409b555e581a0ceea770b7e2c511bacdced8f3172021729319bd352f76d2,abma,51,11000,11000,11000,21600,21600,5fb8fec80189731e702186e13567ea8cb1d16c707b06446f9ab1e705c76291dc,2c969355974b9b9ca210a0a87655fdd5a442787654bfbbde0be740237b302940,631b2d675e7531d04a3c019cc8013158223944074da3e42d489a5745addee1d3,separate_postprocess_after_successful_raw_run,unified_experiments/formal_protocol_5fb8fec80189731e702186e13567ea8cb1d16c707b06446f9ab1e705c76291dc/formal/w60/abma/seed_51,5fb8fec80189731e702186e13567ea8cb1d16c707b06446f9ab1e705c76291dc:e7b7409b555e581a0ceea770b7e2c511bacdced8f3172021729319bd352f76d2:abma:51:def68a8e846703499aa3d4ce028f384e937d954a607da3021c7026507792ea06,def68a8e846703499aa3d4ce028f384e937d954a607da3021c7026507792ea06,"[""D:\\pybullet_test\\.venv\\Scripts\\python.exe"", ""run_unified_experiments.py"", ""--formal"", ""--resume"", ""--instances"", ""w60"", ""--solvers"", ""abma"", ""--seeds"", ""51"", ""--selected-evaluation-budget"", ""11000"", ""--selected-timeout"", ""21600"", ""--output-root"", ""unified_experiments/formal_protocol_5fb8fec80189731e702186e13567ea8cb1d16c707b06446f9ab1e705c76291dc/formal/w60/abma/seed_51""]"
251,formal__w60__abma__seed_52,e7b7409b555e581a0ceea770b7e2c511bacdced8f3172021729319bd352f76d2,abma,52,11000,11000,11000,21600,21600,5fb8fec80189731e702186e13567ea8cb1d16c707b06446f9ab1e705c76291dc,2c969355974b9b9ca210a0a87655fdd5a442787654bfbbde0be740237b302940,631b2d675e7531d04a3c019cc8013158223944074da3e42d489a5745addee1d3,separate_postprocess_after_successful_raw_run,unified_experiments/formal_protocol_5fb8fec80189731e702186e13567ea8cb1d16c707b06446f9ab1e705c76291dc/formal/w60/abma/seed_52,5fb8fec80189731e702186e13567ea8cb1d16c707b06446f9ab1e705c76291dc:e7b7409b555e581a0ceea770b7e2c511bacdced8f3172021729319bd352f76d2:abma:52:079aa092230eccffe4582a01e6609379bce3d1ab48a88c68acb891c5b0240861,079aa092230eccffe4582a01e6609379bce3d1ab48a88c68acb891c5b0240861,"[""D:\\pybullet_test\\.venv\\Scripts\\python.exe"", ""run_unified_experiments.py"", ""--formal"", ""--resume"", ""--instances"", ""w60"", ""--solvers"", ""abma"", ""--seeds"", ""52"", ""--selected-evaluation-budget"", ""11000"", ""--selected-timeout"", ""21600"", ""--output-root"", ""unified_experiments/formal_protocol_5fb8fec80189731e702186e13567ea8cb1d16c707b06446f9ab1e705c76291dc/formal/w60/abma/seed_52""]"
252,formal__w60__abma__seed_53,e7b7409b555e581a0ceea770b7e2c511bacdced8f3172021729319bd352f76d2,abma,53,11000,11000,11000,21600,21600,5fb8fec80189731e702186e13567ea8cb1d16c707b06446f9ab1e705c76291dc,2c969355974b9b9ca210a0a87655fdd5a442787654bfbbde0be740237b302940,631b2d675e7531d04a3c019cc8013158223944074da3e42d489a5745addee1d3,separate_postprocess_after_successful_raw_run,unified_experiments/formal_protocol_5fb8fec80189731e702186e13567ea8cb1d16c707b06446f9ab1e705c76291dc/formal/w60/abma/seed_53,5fb8fec80189731e702186e13567ea8cb1d16c707b06446f9ab1e705c76291dc:e7b7409b555e581a0ceea770b7e2c511bacdced8f3172021729319bd352f76d2:abma:53:da446dc5e0aed5fc264cd5c497f351b765e8acc499538ae3320ab07f8ce54344,da446dc5e0aed5fc264cd5c497f351b765e8acc499538ae3320ab07f8ce54344,"[""D:\\pybullet_test\\.venv\\Scripts\\python.exe"", ""run_unified_experiments.py"", ""--formal"", ""--resume"", ""--instances"", ""w60"", ""--solvers"", ""abma"", ""--seeds"", ""53"", ""--selected-evaluation-budget"", ""11000"", ""--selected-timeout"", ""21600"", ""--output-root"", ""unified_experiments/formal_protocol_5fb8fec80189731e702186e13567ea8cb1d16c707b06446f9ab1e705c76291dc/formal/w60/abma/seed_53""]"
253,formal__w60__abma__seed_54,e7b7409b555e581a0ceea770b7e2c511bacdced8f3172021729319bd352f76d2,abma,54,11000,11000,11000,21600,21600,5fb8fec80189731e702186e13567ea8cb1d16c707b06446f9ab1e705c76291dc,2c969355974b9b9ca210a0a87655fdd5a442787654bfbbde0be740237b302940,631b2d675e7531d04a3c019cc8013158223944074da3e42d489a5745addee1d3,separate_postprocess_after_successful_raw_run,unified_experiments/formal_protocol_5fb8fec80189731e702186e13567ea8cb1d16c707b06446f9ab1e705c76291dc/formal/w60/abma/seed_54,5fb8fec80189731e702186e13567ea8cb1d16c707b06446f9ab1e705c76291dc:e7b7409b555e581a0ceea770b7e2c511bacdced8f3172021729319bd352f76d2:abma:54:956a9aaeb9be09acd36f706f533f97302faaa4b02acdcaecb4f56ef11318f5f0,956a9aaeb9be09acd36f706f533f97302faaa4b02acdcaecb4f56ef11318f5f0,"[""D:\\pybullet_test\\.venv\\Scripts\\python.exe"", ""run_unified_experiments.py"", ""--formal"", ""--resume"", ""--instances"", ""w60"", ""--solvers"", ""abma"", ""--seeds"", ""54"", ""--selected-evaluation-budget"", ""11000"", ""--selected-timeout"", ""21600"", ""--output-root"", ""unified_experiments/formal_protocol_5fb8fec80189731e702186e13567ea8cb1d16c707b06446f9ab1e705c76291dc/formal/w60/abma/seed_54""]"
254,formal__w60__abma__seed_55,e7b7409b555e581a0ceea770b7e2c511bacdced8f3172021729319bd352f76d2,abma,55,11000,11000,11000,21600,21600,5fb8fec80189731e702186e13567ea8cb1d16c707b06446f9ab1e705c76291dc,2c969355974b9b9ca210a0a87655fdd5a442787654bfbbde0be740237b302940,631b2d675e7531d04a3c019cc8013158223944074da3e42d489a5745addee1d3,separate_postprocess_after_successful_raw_run,unified_experiments/formal_protocol_5fb8fec80189731e702186e13567ea8cb1d16c707b06446f9ab1e705c76291dc/formal/w60/abma/seed_55,5fb8fec80189731e702186e13567ea8cb1d16c707b06446f9ab1e705c76291dc:e7b7409b555e581a0ceea770b7e2c511bacdced8f3172021729319bd352f76d2:abma:55:ee67b4c194c0ea96b2dced107102df68000ed535b480957a02aed88c15b1724a,ee67b4c194c0ea96b2dced107102df68000ed535b480957a02aed88c15b1724a,"[""D:\\pybullet_test\\.venv\\Scripts\\python.exe"", ""run_unified_experiments.py"", ""--formal"", ""--resume"", ""--instances"", ""w60"", ""--solvers"", ""abma"", ""--seeds"", ""55"", ""--selected-evaluation-budget"", ""11000"", ""--selected-timeout"", ""21600"", ""--output-root"", ""unified_experiments/formal_protocol_5fb8fec80189731e702186e13567ea8cb1d16c707b06446f9ab1e705c76291dc/formal/w60/abma/seed_55""]"
255,formal__w60__abma__seed_56,e7b7409b555e581a0ceea770b7e2c511bacdced8f3172021729319bd352f76d2,abma,56,11000,11000,11000,21600,21600,5fb8fec80189731e702186e13567ea8cb1d16c707b06446f9ab1e705c76291dc,2c969355974b9b9ca210a0a87655fdd5a442787654bfbbde0be740237b302940,631b2d675e7531d04a3c019cc8013158223944074da3e42d489a5745addee1d3,separate_postprocess_after_successful_raw_run,unified_experiments/formal_protocol_5fb8fec80189731e702186e13567ea8cb1d16c707b06446f9ab1e705c76291dc/formal/w60/abma/seed_56,5fb8fec80189731e702186e13567ea8cb1d16c707b06446f9ab1e705c76291dc:e7b7409b555e581a0ceea770b7e2c511bacdced8f3172021729319bd352f76d2:abma:56:4e2e4b52eff1d815857fcd870ea7c79f92df3e18dbe3f785d947393891c7a0e3,4e2e4b52eff1d815857fcd870ea7c79f92df3e18dbe3f785d947393891c7a0e3,"[""D:\\pybullet_test\\.venv\\Scripts\\python.exe"", ""run_unified_experiments.py"", ""--formal"", ""--resume"", ""--instances"", ""w60"", ""--solvers"", ""abma"", ""--seeds"", ""56"", ""--selected-evaluation-budget"", ""11000"", ""--selected-timeout"", ""21600"", ""--output-root"", ""unified_experiments/formal_protocol_5fb8fec80189731e702186e13567ea8cb1d16c707b06446f9ab1e705c76291dc/formal/w60/abma/seed_56""]"
256,formal__w60__abma__seed_57,e7b7409b555e581a0ceea770b7e2c511bacdced8f3172021729319bd352f76d2,abma,57,11000,11000,11000,21600,21600,5fb8fec80189731e702186e13567ea8cb1d16c707b06446f9ab1e705c76291dc,2c969355974b9b9ca210a0a87655fdd5a442787654bfbbde0be740237b302940,631b2d675e7531d04a3c019cc8013158223944074da3e42d489a5745addee1d3,separate_postprocess_after_successful_raw_run,unified_experiments/formal_protocol_5fb8fec80189731e702186e13567ea8cb1d16c707b06446f9ab1e705c76291dc/formal/w60/abma/seed_57,5fb8fec80189731e702186e13567ea8cb1d16c707b06446f9ab1e705c76291dc:e7b7409b555e581a0ceea770b7e2c511bacdced8f3172021729319bd352f76d2:abma:57:93bd1659b94a997254f2ca93210b4e6fbcd901f9b43f9c86fe54090c839d77f2,93bd1659b94a997254f2ca93210b4e6fbcd901f9b43f9c86fe54090c839d77f2,"[""D:\\pybullet_test\\.venv\\Scripts\\python.exe"", ""run_unified_experiments.py"", ""--formal"", ""--resume"", ""--instances"", ""w60"", ""--solvers"", ""abma"", ""--seeds"", ""57"", ""--selected-evaluation-budget"", ""11000"", ""--selected-timeout"", ""21600"", ""--output-root"", ""unified_experiments/formal_protocol_5fb8fec80189731e702186e13567ea8cb1d16c707b06446f9ab1e705c76291dc/formal/w60/abma/seed_57""]"
257,formal__w60__abma__seed_58,e7b7409b555e581a0ceea770b7e2c511bacdced8f3172021729319bd352f76d2,abma,58,11000,11000,11000,21600,21600,5fb8fec80189731e702186e13567ea8cb1d16c707b06446f9ab1e705c76291dc,2c969355974b9b9ca210a0a87655fdd5a442787654bfbbde0be740237b302940,631b2d675e7531d04a3c019cc8013158223944074da3e42d489a5745addee1d3,separate_postprocess_after_successful_raw_run,unified_experiments/formal_protocol_5fb8fec80189731e702186e13567ea8cb1d16c707b06446f9ab1e705c76291dc/formal/w60/abma/seed_58,5fb8fec80189731e702186e13567ea8cb1d16c707b06446f9ab1e705c76291dc:e7b7409b555e581a0ceea770b7e2c511bacdced8f3172021729319bd352f76d2:abma:58:8ba961011c869aa8de058a981c522eeee18fe97ea243d91c8203507ef02e13f2,8ba961011c869aa8de058a981c522eeee18fe97ea243d91c8203507ef02e13f2,"[""D:\\pybullet_test\\.venv\\Scripts\\python.exe"", ""run_unified_experiments.py"", ""--formal"", ""--resume"", ""--instances"", ""w60"", ""--solvers"", ""abma"", ""--seeds"", ""58"", ""--selected-evaluation-budget"", ""11000"", ""--selected-timeout"", ""21600"", ""--output-root"", ""unified_experiments/formal_protocol_5fb8fec80189731e702186e13567ea8cb1d16c707b06446f9ab1e705c76291dc/formal/w60/abma/seed_58""]"
258,formal__w60__abma__seed_59,e7b7409b555e581a0ceea770b7e2c511bacdced8f3172021729319bd352f76d2,abma,59,11000,11000,11000,21600,21600,5fb8fec80189731e702186e13567ea8cb1d16c707b06446f9ab1e705c76291dc,2c969355974b9b9ca210a0a87655fdd5a442787654bfbbde0be740237b302940,631b2d675e7531d04a3c019cc8013158223944074da3e42d489a5745addee1d3,separate_postprocess_after_successful_raw_run,unified_experiments/formal_protocol_5fb8fec80189731e702186e13567ea8cb1d16c707b06446f9ab1e705c76291dc/formal/w60/abma/seed_59,5fb8fec80189731e702186e13567ea8cb1d16c707b06446f9ab1e705c76291dc:e7b7409b555e581a0ceea770b7e2c511bacdced8f3172021729319bd352f76d2:abma:59:9aaf3a4cf30923de84a00b865735b78e0d33f1cf9c5a516bdcc6e2b45481bdd4,9aaf3a4cf30923de84a00b865735b78e0d33f1cf9c5a516bdcc6e2b45481bdd4,"[""D:\\pybullet_test\\.venv\\Scripts\\python.exe"", ""run_unified_experiments.py"", ""--formal"", ""--resume"", ""--instances"", ""w60"", ""--solvers"", ""abma"", ""--seeds"", ""59"", ""--selected-evaluation-budget"", ""11000"", ""--selected-timeout"", ""21600"", ""--output-root"", ""unified_experiments/formal_protocol_5fb8fec80189731e702186e13567ea8cb1d16c707b06446f9ab1e705c76291dc/formal/w60/abma/seed_59""]"
259,formal__w60__abma__seed_60,e7b7409b555e581a0ceea770b7e2c511bacdced8f3172021729319bd352f76d2,abma,60,11000,11000,11000,21600,21600,5fb8fec80189731e702186e13567ea8cb1d16c707b06446f9ab1e705c76291dc,2c969355974b9b9ca210a0a87655fdd5a442787654bfbbde0be740237b302940,631b2d675e7531d04a3c019cc8013158223944074da3e42d489a5745addee1d3,separate_postprocess_after_successful_raw_run,unified_experiments/formal_protocol_5fb8fec80189731e702186e13567ea8cb1d16c707b06446f9ab1e705c76291dc/formal/w60/abma/seed_60,5fb8fec80189731e702186e13567ea8cb1d16c707b06446f9ab1e705c76291dc:e7b7409b555e581a0ceea770b7e2c511bacdced8f3172021729319bd352f76d2:abma:60:1146f538b871309011a890251a135377bc5d279d3ebe4044f3c8d31f686f673b,1146f538b871309011a890251a135377bc5d279d3ebe4044f3c8d31f686f673b,"[""D:\\pybullet_test\\.venv\\Scripts\\python.exe"", ""run_unified_experiments.py"", ""--formal"", ""--resume"", ""--instances"", ""w60"", ""--solvers"", ""abma"", ""--seeds"", ""60"", ""--selected-evaluation-budget"", ""11000"", ""--selected-timeout"", ""21600"", ""--output-root"", ""unified_experiments/formal_protocol_5fb8fec80189731e702186e13567ea8cb1d16c707b06446f9ab1e705c76291dc/formal/w60/abma/seed_60""]"
260,formal__w60__abma__seed_61,e7b7409b555e581a0ceea770b7e2c511bacdced8f3172021729319bd352f76d2,abma,61,11000,11000,11000,21600,21600,5fb8fec80189731e702186e13567ea8cb1d16c707b06446f9ab1e705c76291dc,2c969355974b9b9ca210a0a87655fdd5a442787654bfbbde0be740237b302940,631b2d675e7531d04a3c019cc8013158223944074da3e42d489a5745addee1d3,separate_postprocess_after_successful_raw_run,unified_experiments/formal_protocol_5fb8fec80189731e702186e13567ea8cb1d16c707b06446f9ab1e705c76291dc/formal/w60/abma/seed_61,5fb8fec80189731e702186e13567ea8cb1d16c707b06446f9ab1e705c76291dc:e7b7409b555e581a0ceea770b7e2c511bacdced8f3172021729319bd352f76d2:abma:61:f2233430713b77f9e0c8a12bc8fe92a8b9f45beaf1d8f0a4910976723d4f9807,f2233430713b77f9e0c8a12bc8fe92a8b9f45beaf1d8f0a4910976723d4f9807,"[""D:\\pybullet_test\\.venv\\Scripts\\python.exe"", ""run_unified_experiments.py"", ""--formal"", ""--resume"", ""--instances"", ""w60"", ""--solvers"", ""abma"", ""--seeds"", ""61"", ""--selected-evaluation-budget"", ""11000"", ""--selected-timeout"", ""21600"", ""--output-root"", ""unified_experiments/formal_protocol_5fb8fec80189731e702186e13567ea8cb1d16c707b06446f9ab1e705c76291dc/formal/w60/abma/seed_61""]"
261,formal__w60__abma__seed_62,e7b7409b555e581a0ceea770b7e2c511bacdced8f3172021729319bd352f76d2,abma,62,11000,11000,11000,21600,21600,5fb8fec80189731e702186e13567ea8cb1d16c707b06446f9ab1e705c76291dc,2c969355974b9b9ca210a0a87655fdd5a442787654bfbbde0be740237b302940,631b2d675e7531d04a3c019cc8013158223944074da3e42d489a5745addee1d3,separate_postprocess_after_successful_raw_run,unified_experiments/formal_protocol_5fb8fec80189731e702186e13567ea8cb1d16c707b06446f9ab1e705c76291dc/formal/w60/abma/seed_62,5fb8fec80189731e702186e13567ea8cb1d16c707b06446f9ab1e705c76291dc:e7b7409b555e581a0ceea770b7e2c511bacdced8f3172021729319bd352f76d2:abma:62:318ab1365807f0bb939634a62bd23b46f5b267e20a38ebc08163bed9fa89825b,318ab1365807f0bb939634a62bd23b46f5b267e20a38ebc08163bed9fa89825b,"[""D:\\pybullet_test\\.venv\\Scripts\\python.exe"", ""run_unified_experiments.py"", ""--formal"", ""--resume"", ""--instances"", ""w60"", ""--solvers"", ""abma"", ""--seeds"", ""62"", ""--selected-evaluation-budget"", ""11000"", ""--selected-timeout"", ""21600"", ""--output-root"", ""unified_experiments/formal_protocol_5fb8fec80189731e702186e13567ea8cb1d16c707b06446f9ab1e705c76291dc/formal/w60/abma/seed_62""]"
262,formal__w60__abma__seed_63,e7b7409b555e581a0ceea770b7e2c511bacdced8f3172021729319bd352f76d2,abma,63,11000,11000,11000,21600,21600,5fb8fec80189731e702186e13567ea8cb1d16c707b06446f9ab1e705c76291dc,2c969355974b9b9ca210a0a87655fdd5a442787654bfbbde0be740237b302940,631b2d675e7531d04a3c019cc8013158223944074da3e42d489a5745addee1d3,separate_postprocess_after_successful_raw_run,unified_experiments/formal_protocol_5fb8fec80189731e702186e13567ea8cb1d16c707b06446f9ab1e705c76291dc/formal/w60/abma/seed_63,5fb8fec80189731e702186e13567ea8cb1d16c707b06446f9ab1e705c76291dc:e7b7409b555e581a0ceea770b7e2c511bacdced8f3172021729319bd352f76d2:abma:63:d2b142c13dfc434c75f15af571deeb417470b07d876d334bf609fbc4cf273307,d2b142c13dfc434c75f15af571deeb417470b07d876d334bf609fbc4cf273307,"[""D:\\pybullet_test\\.venv\\Scripts\\python.exe"", ""run_unified_experiments.py"", ""--formal"", ""--resume"", ""--instances"", ""w60"", ""--solvers"", ""abma"", ""--seeds"", ""63"", ""--selected-evaluation-budget"", ""11000"", ""--selected-timeout"", ""21600"", ""--output-root"", ""unified_experiments/formal_protocol_5fb8fec80189731e702186e13567ea8cb1d16c707b06446f9ab1e705c76291dc/formal/w60/abma/seed_63""]"
263,formal__w60__abma__seed_64,e7b7409b555e581a0ceea770b7e2c511bacdced8f3172021729319bd352f76d2,abma,64,11000,11000,11000,21600,21600,5fb8fec80189731e702186e13567ea8cb1d16c707b06446f9ab1e705c76291dc,2c969355974b9b9ca210a0a87655fdd5a442787654bfbbde0be740237b302940,631b2d675e7531d04a3c019cc8013158223944074da3e42d489a5745addee1d3,separate_postprocess_after_successful_raw_run,unified_experiments/formal_protocol_5fb8fec80189731e702186e13567ea8cb1d16c707b06446f9ab1e705c76291dc/formal/w60/abma/seed_64,5fb8fec80189731e702186e13567ea8cb1d16c707b06446f9ab1e705c76291dc:e7b7409b555e581a0ceea770b7e2c511bacdced8f3172021729319bd352f76d2:abma:64:2c9406d19190cb38c355c351d841d463bc96a0874a62af160ee7c558f0fd94a2,2c9406d19190cb38c355c351d841d463bc96a0874a62af160ee7c558f0fd94a2,"[""D:\\pybullet_test\\.venv\\Scripts\\python.exe"", ""run_unified_experiments.py"", ""--formal"", ""--resume"", ""--instances"", ""w60"", ""--solvers"", ""abma"", ""--seeds"", ""64"", ""--selected-evaluation-budget"", ""11000"", ""--selected-timeout"", ""21600"", ""--output-root"", ""unified_experiments/formal_protocol_5fb8fec80189731e702186e13567ea8cb1d16c707b06446f9ab1e705c76291dc/formal/w60/abma/seed_64""]"
264,formal__w60__abma__seed_65,e7b7409b555e581a0ceea770b7e2c511bacdced8f3172021729319bd352f76d2,abma,65,11000,11000,11000,21600,21600,5fb8fec80189731e702186e13567ea8cb1d16c707b06446f9ab1e705c76291dc,2c969355974b9b9ca210a0a87655fdd5a442787654bfbbde0be740237b302940,631b2d675e7531d04a3c019cc8013158223944074da3e42d489a5745addee1d3,separate_postprocess_after_successful_raw_run,unified_experiments/formal_protocol_5fb8fec80189731e702186e13567ea8cb1d16c707b06446f9ab1e705c76291dc/formal/w60/abma/seed_65,5fb8fec80189731e702186e13567ea8cb1d16c707b06446f9ab1e705c76291dc:e7b7409b555e581a0ceea770b7e2c511bacdced8f3172021729319bd352f76d2:abma:65:8e916f2ba8683a7ff3f9c95a4f6ed60bde4bc251cb0fae497b320c07d1727cab,8e916f2ba8683a7ff3f9c95a4f6ed60bde4bc251cb0fae497b320c07d1727cab,"[""D:\\pybullet_test\\.venv\\Scripts\\python.exe"", ""run_unified_experiments.py"", ""--formal"", ""--resume"", ""--instances"", ""w60"", ""--solvers"", ""abma"", ""--seeds"", ""65"", ""--selected-evaluation-budget"", ""11000"", ""--selected-timeout"", ""21600"", ""--output-root"", ""unified_experiments/formal_protocol_5fb8fec80189731e702186e13567ea8cb1d16c707b06446f9ab1e705c76291dc/formal/w60/abma/seed_65""]"
265,formal__w60__abma__seed_66,e7b7409b555e581a0ceea770b7e2c511bacdced8f3172021729319bd352f76d2,abma,66,11000,11000,11000,21600,21600,5fb8fec80189731e702186e13567ea8cb1d16c707b06446f9ab1e705c76291dc,2c969355974b9b9ca210a0a87655fdd5a442787654bfbbde0be740237b302940,631b2d675e7531d04a3c019cc8013158223944074da3e42d489a5745addee1d3,separate_postprocess_after_successful_raw_run,unified_experiments/formal_protocol_5fb8fec80189731e702186e13567ea8cb1d16c707b06446f9ab1e705c76291dc/formal/w60/abma/seed_66,5fb8fec80189731e702186e13567ea8cb1d16c707b06446f9ab1e705c76291dc:e7b7409b555e581a0ceea770b7e2c511bacdced8f3172021729319bd352f76d2:abma:66:8021c92ca2cd4b50aa51b72ff0363e7bc8fc935fd73b23f6236e76973f0facbc,8021c92ca2cd4b50aa51b72ff0363e7bc8fc935fd73b23f6236e76973f0facbc,"[""D:\\pybullet_test\\.venv\\Scripts\\python.exe"", ""run_unified_experiments.py"", ""--formal"", ""--resume"", ""--instances"", ""w60"", ""--solvers"", ""abma"", ""--seeds"", ""66"", ""--selected-evaluation-budget"", ""11000"", ""--selected-timeout"", ""21600"", ""--output-root"", ""unified_experiments/formal_protocol_5fb8fec80189731e702186e13567ea8cb1d16c707b06446f9ab1e705c76291dc/formal/w60/abma/seed_66""]"
266,formal__w60__abma__seed_67,e7b7409b555e581a0ceea770b7e2c511bacdced8f3172021729319bd352f76d2,abma,67,11000,11000,11000,21600,21600,5fb8fec80189731e702186e13567ea8cb1d16c707b06446f9ab1e705c76291dc,2c969355974b9b9ca210a0a87655fdd5a442787654bfbbde0be740237b302940,631b2d675e7531d04a3c019cc8013158223944074da3e42d489a5745addee1d3,separate_postprocess_after_successful_raw_run,unified_experiments/formal_protocol_5fb8fec80189731e702186e13567ea8cb1d16c707b06446f9ab1e705c76291dc/formal/w60/abma/seed_67,5fb8fec80189731e702186e13567ea8cb1d16c707b06446f9ab1e705c76291dc:e7b7409b555e581a0ceea770b7e2c511bacdced8f3172021729319bd352f76d2:abma:67:3f6ea09a0208a2c1b6ccbd9611567612042dd0b686e4cbb101ddadcb3c6c3966,3f6ea09a0208a2c1b6ccbd9611567612042dd0b686e4cbb101ddadcb3c6c3966,"[""D:\\pybullet_test\\.venv\\Scripts\\python.exe"", ""run_unified_experiments.py"", ""--formal"", ""--resume"", ""--instances"", ""w60"", ""--solvers"", ""abma"", ""--seeds"", ""67"", ""--selected-evaluation-budget"", ""11000"", ""--selected-timeout"", ""21600"", ""--output-root"", ""unified_experiments/formal_protocol_5fb8fec80189731e702186e13567ea8cb1d16c707b06446f9ab1e705c76291dc/formal/w60/abma/seed_67""]"
267,formal__w60__abma__seed_68,e7b7409b555e581a0ceea770b7e2c511bacdced8f3172021729319bd352f76d2,abma,68,11000,11000,11000,21600,21600,5fb8fec80189731e702186e13567ea8cb1d16c707b06446f9ab1e705c76291dc,2c969355974b9b9ca210a0a87655fdd5a442787654bfbbde0be740237b302940,631b2d675e7531d04a3c019cc8013158223944074da3e42d489a5745addee1d3,separate_postprocess_after_successful_raw_run,unified_experiments/formal_protocol_5fb8fec80189731e702186e13567ea8cb1d16c707b06446f9ab1e705c76291dc/formal/w60/abma/seed_68,5fb8fec80189731e702186e13567ea8cb1d16c707b06446f9ab1e705c76291dc:e7b7409b555e581a0ceea770b7e2c511bacdced8f3172021729319bd352f76d2:abma:68:cdbae0191e642c015a9065ac536d77c1ad6ecbde8f73270d8f2d65b2698a58c8,cdbae0191e642c015a9065ac536d77c1ad6ecbde8f73270d8f2d65b2698a58c8,"[""D:\\pybullet_test\\.venv\\Scripts\\python.exe"", ""run_unified_experiments.py"", ""--formal"", ""--resume"", ""--instances"", ""w60"", ""--solvers"", ""abma"", ""--seeds"", ""68"", ""--selected-evaluation-budget"", ""11000"", ""--selected-timeout"", ""21600"", ""--output-root"", ""unified_experiments/formal_protocol_5fb8fec80189731e702186e13567ea8cb1d16c707b06446f9ab1e705c76291dc/formal/w60/abma/seed_68""]"
268,formal__w60__abma__seed_69,e7b7409b555e581a0ceea770b7e2c511bacdced8f3172021729319bd352f76d2,abma,69,11000,11000,11000,21600,21600,5fb8fec80189731e702186e13567ea8cb1d16c707b06446f9ab1e705c76291dc,2c969355974b9b9ca210a0a87655fdd5a442787654bfbbde0be740237b302940,631b2d675e7531d04a3c019cc8013158223944074da3e42d489a5745addee1d3,separate_postprocess_after_successful_raw_run,unified_experiments/formal_protocol_5fb8fec80189731e702186e13567ea8cb1d16c707b06446f9ab1e705c76291dc/formal/w60/abma/seed_69,5fb8fec80189731e702186e13567ea8cb1d16c707b06446f9ab1e705c76291dc:e7b7409b555e581a0ceea770b7e2c511bacdced8f3172021729319bd352f76d2:abma:69:8a2adf008fd90ec403d3600a25b80ddb27cc595c0ea84f725a3f2426c35b9a55,8a2adf008fd90ec403d3600a25b80ddb27cc595c0ea84f725a3f2426c35b9a55,"[""D:\\pybullet_test\\.venv\\Scripts\\python.exe"", ""run_unified_experiments.py"", ""--formal"", ""--resume"", ""--instances"", ""w60"", ""--solvers"", ""abma"", ""--seeds"", ""69"", ""--selected-evaluation-budget"", ""11000"", ""--selected-timeout"", ""21600"", ""--output-root"", ""unified_experiments/formal_protocol_5fb8fec80189731e702186e13567ea8cb1d16c707b06446f9ab1e705c76291dc/formal/w60/abma/seed_69""]"
269,formal__w60__abma__seed_70,e7b7409b555e581a0ceea770b7e2c511bacdced8f3172021729319bd352f76d2,abma,70,11000,11000,11000,21600,21600,5fb8fec80189731e702186e13567ea8cb1d16c707b06446f9ab1e705c76291dc,2c969355974b9b9ca210a0a87655fdd5a442787654bfbbde0be740237b302940,631b2d675e7531d04a3c019cc8013158223944074da3e42d489a5745addee1d3,separate_postprocess_after_successful_raw_run,unified_experiments/formal_protocol_5fb8fec80189731e702186e13567ea8cb1d16c707b06446f9ab1e705c76291dc/formal/w60/abma/seed_70,5fb8fec80189731e702186e13567ea8cb1d16c707b06446f9ab1e705c76291dc:e7b7409b555e581a0ceea770b7e2c511bacdced8f3172021729319bd352f76d2:abma:70:272ecf5a54dbaea3bb6e9435473b8c67f592e229a7e915b6213e9e954a2772b3,272ecf5a54dbaea3bb6e9435473b8c67f592e229a7e915b6213e9e954a2772b3,"[""D:\\pybullet_test\\.venv\\Scripts\\python.exe"", ""run_unified_experiments.py"", ""--formal"", ""--resume"", ""--instances"", ""w60"", ""--solvers"", ""abma"", ""--seeds"", ""70"", ""--selected-evaluation-budget"", ""11000"", ""--selected-timeout"", ""21600"", ""--output-root"", ""unified_experiments/formal_protocol_5fb8fec80189731e702186e13567ea8cb1d16c707b06446f9ab1e705c76291dc/formal/w60/abma/seed_70""]"
270,formal__w60__abma__seed_71,e7b7409b555e581a0ceea770b7e2c511bacdced8f3172021729319bd352f76d2,abma,71,11000,11000,11000,21600,21600,5fb8fec80189731e702186e13567ea8cb1d16c707b06446f9ab1e705c76291dc,2c969355974b9b9ca210a0a87655fdd5a442787654bfbbde0be740237b302940,631b2d675e7531d04a3c019cc8013158223944074da3e42d489a5745addee1d3,separate_postprocess_after_successful_raw_run,unified_experiments/formal_protocol_5fb8fec80189731e702186e13567ea8cb1d16c707b06446f9ab1e705c76291dc/formal/w60/abma/seed_71,5fb8fec80189731e702186e13567ea8cb1d16c707b06446f9ab1e705c76291dc:e7b7409b555e581a0ceea770b7e2c511bacdced8f3172021729319bd352f76d2:abma:71:d80b85335c7819cd5539b091a8c4a7cdce4f5e39626fef53810dd3d3f859f5f2,d80b85335c7819cd5539b091a8c4a7cdce4f5e39626fef53810dd3d3f859f5f2,"[""D:\\pybullet_test\\.venv\\Scripts\\python.exe"", ""run_unified_experiments.py"", ""--formal"", ""--resume"", ""--instances"", ""w60"", ""--solvers"", ""abma"", ""--seeds"", ""71"", ""--selected-evaluation-budget"", ""11000"", ""--selected-timeout"", ""21600"", ""--output-root"", ""unified_experiments/formal_protocol_5fb8fec80189731e702186e13567ea8cb1d16c707b06446f9ab1e705c76291dc/formal/w60/abma/seed_71""]"
