instance,seed,algorithm,trace_type,objective_evaluation_count,best_fitness,best_makespan,best_load_imbalance,best_total_idle_distance,elapsed_algorithm_time,generation
w30,78,ABMA1,primary_evaluation,1,3.6758256036813,1633.0279843221426,987.717416925673,59.347523554358844,0.1240572000388056,
w30,78,ABMA1,primary_evaluation,2,1.0825546112723927,1269.308863646738,204.9371444267108,66.53904555777832,0.21745360014028847,
w30,78,ABMA1,primary_evaluation,3,1.0825546112723927,1269.308863646738,204.9371444267108,66.53904555777832,0.7903130000922829,
w30,78,ABMA1,primary_evaluation,4,1.0825546112723927,1269.308863646738,204.9371444267108,66.53904555777832,1.3630933000240475,
w30,78,ABMA1,primary_evaluation,5,1.0825546112723927,1269.308863646738,204.9371444267108,66.53904555777832,1.626999800093472,
w30,78,ABMA1,primary_evaluation,6,1.0825546112723927,1269.308863646738,204.9371444267108,66.53904555777832,2.016879400005564,
w30,78,ABMA1,primary_evaluation,7,1.0825546112723927,1269.308863646738,204.9371444267108,66.53904555777832,2.2042929001618177,
w30,78,ABMA1,primary_evaluation,8,1.0825546112723927,1269.308863646738,204.9371444267108,66.53904555777832,2.4147866000421345,
w30,78,ABMA1,primary_evaluation,9,1.0825546112723927,1269.308863646738,204.9371444267108,66.53904555777832,2.666163300164044,
w30,78,ABMA1,primary_evaluation,10,1.0825546112723927,1269.308863646738,204.9371444267108,66.53904555777832,3.1880583001766354,
w30,78,ABMA1,primary_evaluation,11,1.0825546112723927,1269.308863646738,204.9371444267108,66.53904555777832,3.9831555001437664,
w30,78,ABMA1,primary_evaluation,12,1.0825546112723927,1269.308863646738,204.9371444267108,66.53904555777832,4.908870000159368,
w30,78,ABMA1,primary_evaluation,13,1.0825546112723927,1269.308863646738,204.9371444267108,66.53904555777832,5.050818800227717,
w30,78,ABMA1,primary_evaluation,14,1.010605934542888,1269.308863646738,144.15812496997773,71.15430242870491,5.196732900105417,
w30,78,ABMA1,primary_evaluation,15,1.010605934542888,1269.308863646738,144.15812496997773,71.15430242870491,5.365059800213203,
w30,78,ABMA1,primary_evaluation,16,1.010605934542888,1269.308863646738,144.15812496997773,71.15430242870491,5.621250800089911,
w30,78,ABMA1,primary_evaluation,17,1.010605934542888,1269.308863646738,144.15812496997773,71.15430242870491,5.766052200226113,
w30,78,ABMA1,primary_evaluation,18,1.010605934542888,1269.308863646738,144.15812496997773,71.15430242870491,5.980770900147036,
w30,78,ABMA1,primary_evaluation,19,1.010605934542888,1269.308863646738,144.15812496997773,71.15430242870491,6.187416200060397,
w30,78,ABMA1,primary_evaluation,20,1.010605934542888,1269.308863646738,144.15812496997773,71.15430242870491,6.400112600065768,
w30,78,ABMA1,primary_evaluation,21,1.010605934542888,1269.308863646738,144.15812496997773,71.15430242870491,6.667436900082976,
w30,78,ABMA1,primary_evaluation,22,1.010605934542888,1269.308863646738,144.15812496997773,71.15430242870491,6.797014500014484,
w30,78,ABMA1,primary_evaluation,23,1.010605934542888,1269.308863646738,144.15812496997773,71.15430242870491,7.70075700012967,
w30,78,ABMA1,primary_evaluation,24,1.010605934542888,1269.308863646738,144.15812496997773,71.15430242870491,8.647009800188243,
w30,78,ABMA1,primary_evaluation,25,1.010605934542888,1269.308863646738,144.15812496997773,71.15430242870491,8.79936660011299,
w30,78,ABMA1,primary_evaluation,26,1.010605934542888,1269.308863646738,144.15812496997773,71.15430242870491,8.993472900008783,
w30,78,ABMA1,primary_evaluation,27,1.010605934542888,1269.308863646738,144.15812496997773,71.15430242870491,9.627218800131232,
w30,78,ABMA1,primary_evaluation,28,1.010605934542888,1269.308863646738,144.15812496997773,71.15430242870491,9.835760500049219,
w30,78,ABMA1,primary_evaluation,29,1.010605934542888,1269.308863646738,144.15812496997773,71.15430242870491,10.069862900068983,
w30,78,ABMA1,primary_evaluation,30,1.010605934542888,1269.308863646738,144.15812496997773,71.15430242870491,10.306746700080112,
w30,78,ABMA1,primary_evaluation,31,1.010605934542888,1269.308863646738,144.15812496997773,71.15430242870491,10.563597300089896,
w30,78,ABMA1,primary_evaluation,32,1.010605934542888,1269.308863646738,144.15812496997773,71.15430242870491,10.729235600214452,
w30,78,ABMA1,primary_evaluation,33,1.010605934542888,1269.308863646738,144.15812496997773,71.15430242870491,10.985513400053605,
w30,78,ABMA1,primary_evaluation,34,1.010605934542888,1269.308863646738,144.15812496997773,71.15430242870491,11.868915800005198,
w30,78,ABMA1,primary_evaluation,35,1.010605934542888,1269.308863646738,144.15812496997773,71.15430242870491,12.29363020020537,
w30,78,ABMA1,primary_evaluation,36,1.010605934542888,1269.308863646738,144.15812496997773,71.15430242870491,12.898901200154796,
w30,78,ABMA1,primary_evaluation,37,1.010605934542888,1269.308863646738,144.15812496997773,71.15430242870491,13.03041150001809,
w30,78,ABMA1,primary_evaluation,38,1.010605934542888,1269.308863646738,144.15812496997773,71.15430242870491,13.153668700018898,
w30,78,ABMA1,primary_evaluation,39,1.010605934542888,1269.308863646738,144.15812496997773,71.15430242870491,13.444933400023729,
w30,78,ABMA1,primary_evaluation,40,1.010605934542888,1269.308863646738,144.15812496997773,71.15430242870491,13.683110000099987,
w30,78,ABMA1,primary_evaluation,41,1.010605934542888,1269.308863646738,144.15812496997773,71.15430242870491,13.804436500184238,
w30,78,ABMA1,primary_evaluation,42,1.010605934542888,1269.308863646738,144.15812496997773,71.15430242870491,14.050023700110614,
w30,78,ABMA1,primary_evaluation,43,1.010605934542888,1269.308863646738,144.15812496997773,71.15430242870491,14.33743270020932,
w30,78,ABMA1,primary_evaluation,44,1.010605934542888,1269.308863646738,144.15812496997773,71.15430242870491,14.511684000026435,
w30,78,ABMA1,primary_evaluation,45,1.010605934542888,1269.308863646738,144.15812496997773,71.15430242870491,14.770794300129637,
w30,78,ABMA1,primary_evaluation,46,1.010605934542888,1269.308863646738,144.15812496997773,71.15430242870491,15.011586600216106,
w30,78,ABMA1,primary_evaluation,47,1.010605934542888,1269.308863646738,144.15812496997773,71.15430242870491,15.321095700142905,
w30,78,ABMA1,primary_evaluation,48,1.010605934542888,1269.308863646738,144.15812496997773,71.15430242870491,15.40219849999994,
w30,78,ABMA1,primary_evaluation,49,1.010605934542888,1269.308863646738,144.15812496997773,71.15430242870491,15.671217300230637,
w30,78,ABMA1,primary_evaluation,50,1.010605934542888,1269.308863646738,144.15812496997773,71.15430242870491,15.798443300183862,
w30,78,ABMA1,primary_evaluation,51,1.010605934542888,1269.308863646738,144.15812496997773,71.15430242870491,16.085572900017723,
w30,78,ABMA1,primary_evaluation,52,1.010605934542888,1269.308863646738,144.15812496997773,71.15430242870491,16.22795410011895,
w30,78,ABMA1,primary_evaluation,53,1.010605934542888,1269.308863646738,144.15812496997773,71.15430242870491,16.402626200113446,
w30,78,ABMA1,primary_evaluation,54,1.010605934542888,1269.308863646738,144.15812496997773,71.15430242870491,16.82709060003981,
w30,78,ABMA1,primary_evaluation,55,1.010605934542888,1269.308863646738,144.15812496997773,71.15430242870491,17.087673800066113,
w30,78,ABMA1,primary_evaluation,56,1.010605934542888,1269.308863646738,144.15812496997773,71.15430242870491,17.254986900137737,
w30,78,ABMA1,primary_evaluation,57,1.010605934542888,1269.308863646738,144.15812496997773,71.15430242870491,17.466945600230247,
w30,78,ABMA1,primary_evaluation,58,1.010605934542888,1269.308863646738,144.15812496997773,71.15430242870491,17.695460200076923,
w30,78,ABMA1,primary_evaluation,59,1.010605934542888,1269.308863646738,144.15812496997773,71.15430242870491,17.947191200219095,
w30,78,ABMA1,primary_evaluation,60,1.010605934542888,1269.308863646738,144.15812496997773,71.15430242870491,18.196181200211868,
w30,78,ABMA1,primary_evaluation,61,1.010605934542888,1269.308863646738,144.15812496997773,71.15430242870491,18.452678400091827,
w30,78,ABMA1,primary_evaluation,62,1.010605934542888,1269.308863646738,144.15812496997773,71.15430242870491,18.711733000120148,
w30,78,ABMA1,primary_evaluation,63,1.010605934542888,1269.308863646738,144.15812496997773,71.15430242870491,18.933139800094068,
w30,78,ABMA1,primary_evaluation,64,1.010605934542888,1269.308863646738,144.15812496997773,71.15430242870491,19.136749600060284,
w30,78,ABMA1,primary_evaluation,65,1.010605934542888,1269.308863646738,144.15812496997773,71.15430242870491,19.276955200126395,
w30,78,ABMA1,primary_evaluation,66,1.010605934542888,1269.308863646738,144.15812496997773,71.15430242870491,19.55261310003698,
w30,78,ABMA1,primary_evaluation,67,1.010605934542888,1269.308863646738,144.15812496997773,71.15430242870491,19.798384600086138,
w30,78,ABMA1,primary_evaluation,68,1.010605934542888,1269.308863646738,144.15812496997773,71.15430242870491,19.93745780014433,
w30,78,ABMA1,primary_evaluation,69,1.010605934542888,1269.308863646738,144.15812496997773,71.15430242870491,20.147561100078747,
w30,78,ABMA1,primary_evaluation,70,1.010605934542888,1269.308863646738,144.15812496997773,71.15430242870491,20.280050600180402,
w30,78,ABMA1,primary_evaluation,71,1.010605934542888,1269.308863646738,144.15812496997773,71.15430242870491,20.858276500133798,
w30,78,ABMA1,primary_evaluation,72,1.010605934542888,1269.308863646738,144.15812496997773,71.15430242870491,20.997948300093412,
w30,78,ABMA1,generation_boundary,12,1.0825546112723927,,,,,0
w30,78,ABMA1,generation_boundary,24,1.010605934542888,,,,,1
w30,78,ABMA1,generation_boundary,36,1.010605934542888,,,,,2
w30,78,ABMA1,generation_boundary,48,1.010605934542888,,,,,3
w30,78,ABMA1,generation_boundary,60,1.010605934542888,,,,,4
w30,78,ABMA1,generation_boundary,72,1.010605934542888,,,,,5
w30,78,ABMA20,primary_evaluation,1,3.6758256036813,1633.0279843221426,987.717416925673,59.347523554358844,0.09479150013066828,
w30,78,ABMA20,primary_evaluation,2,1.0825546112723927,1269.308863646738,204.9371444267108,66.53904555777832,0.16722219996154308,
w30,78,ABMA20,primary_evaluation,3,1.0825546112723927,1269.308863646738,204.9371444267108,66.53904555777832,0.586123300017789,
w30,78,ABMA20,primary_evaluation,4,1.0825546112723927,1269.308863646738,204.9371444267108,66.53904555777832,0.9224425000138581,
w30,78,ABMA20,primary_evaluation,5,1.0825546112723927,1269.308863646738,204.9371444267108,66.53904555777832,1.0436460000928491,
w30,78,ABMA20,primary_evaluation,6,1.0825546112723927,1269.308863646738,204.9371444267108,66.53904555777832,1.2005338000599295,
w30,78,ABMA20,primary_evaluation,7,1.0825546112723927,1269.308863646738,204.9371444267108,66.53904555777832,1.2829760999884456,
w30,78,ABMA20,primary_evaluation,8,1.0825546112723927,1269.308863646738,204.9371444267108,66.53904555777832,1.381204599980265,
w30,78,ABMA20,primary_evaluation,9,1.0825546112723927,1269.308863646738,204.9371444267108,66.53904555777832,1.5213852000888437,
w30,78,ABMA20,primary_evaluation,10,1.0825546112723927,1269.308863646738,204.9371444267108,66.53904555777832,1.7381053999997675,
w30,78,ABMA20,primary_evaluation,11,1.0825546112723927,1269.308863646738,204.9371444267108,66.53904555777832,2.1489923999179155,
w30,78,ABMA20,primary_evaluation,12,1.0825546112723927,1269.308863646738,204.9371444267108,66.53904555777832,2.607288100058213,
w30,78,ABMA20,primary_evaluation,13,1.0825546112723927,1269.308863646738,204.9371444267108,66.53904555777832,2.6689784000627697,
w30,78,ABMA20,primary_evaluation,14,1.010605934542888,1269.308863646738,144.15812496997773,71.15430242870491,2.732271400047466,
w30,78,ABMA20,primary_evaluation,15,1.010605934542888,1269.308863646738,144.15812496997773,71.15430242870491,2.805562699912116,
w30,78,ABMA20,primary_evaluation,16,1.010605934542888,1269.308863646738,144.15812496997773,71.15430242870491,2.9333756999112666,
w30,78,ABMA20,primary_evaluation,17,1.010605934542888,1269.308863646738,144.15812496997773,71.15430242870491,2.981889799935743,
w30,78,ABMA20,primary_evaluation,18,1.010605934542888,1269.308863646738,144.15812496997773,71.15430242870491,3.060199199942872,
w30,78,ABMA20,primary_evaluation,19,1.010605934542888,1269.308863646738,144.15812496997773,71.15430242870491,3.231243000132963,
w30,78,ABMA20,primary_evaluation,20,1.010605934542888,1269.308863646738,144.15812496997773,71.15430242870491,3.3408983000554144,
w30,78,ABMA20,primary_evaluation,21,1.010605934542888,1269.308863646738,144.15812496997773,71.15430242870491,3.4727648999542,
w30,78,ABMA20,primary_evaluation,22,1.010605934542888,1269.308863646738,144.15812496997773,71.15430242870491,3.548049099976197,
w30,78,ABMA20,primary_evaluation,23,1.010605934542888,1269.308863646738,144.15812496997773,71.15430242870491,3.8668617999646813,
w30,78,ABMA20,primary_evaluation,24,1.010605934542888,1269.308863646738,144.15812496997773,71.15430242870491,4.094300400000066,
w30,78,ABMA20,primary_evaluation,25,1.010605934542888,1269.308863646738,144.15812496997773,71.15430242870491,4.144275200087577,
w30,78,ABMA20,primary_evaluation,26,1.010605934542888,1269.308863646738,144.15812496997773,71.15430242870491,4.227129000006244,
w30,78,ABMA20,primary_evaluation,27,1.010605934542888,1269.308863646738,144.15812496997773,71.15430242870491,4.470085500041023,
w30,78,ABMA20,primary_evaluation,28,1.010605934542888,1269.308863646738,144.15812496997773,71.15430242870491,4.569514800095931,
w30,78,ABMA20,primary_evaluation,29,1.010605934542888,1269.308863646738,144.15812496997773,71.15430242870491,4.659644500119612,
w30,78,ABMA20,primary_evaluation,30,1.010605934542888,1269.308863646738,144.15812496997773,71.15430242870491,4.757383400108665,
w30,78,ABMA20,primary_evaluation,31,1.010605934542888,1269.308863646738,144.15812496997773,71.15430242870491,4.870814600028098,
w30,78,ABMA20,primary_evaluation,32,1.010605934542888,1269.308863646738,144.15812496997773,71.15430242870491,4.946755199925974,
w30,78,ABMA20,primary_evaluation,33,1.010605934542888,1269.308863646738,144.15812496997773,71.15430242870491,5.055471499916166,
w30,78,ABMA20,primary_evaluation,34,1.010605934542888,1269.308863646738,144.15812496997773,71.15430242870491,5.417526599951088,
w30,78,ABMA20,primary_evaluation,35,1.010605934542888,1269.308863646738,144.15812496997773,71.15430242870491,5.546953600132838,
w30,78,ABMA20,primary_evaluation,36,1.010605934542888,1269.308863646738,144.15812496997773,71.15430242870491,5.777018200140446,
w30,78,ABMA20,primary_evaluation,37,1.010605934542888,1269.308863646738,144.15812496997773,71.15430242870491,5.8267198000103235,
w30,78,ABMA20,primary_evaluation,38,1.010605934542888,1269.308863646738,144.15812496997773,71.15430242870491,5.863710700068623,
w30,78,ABMA20,primary_evaluation,39,1.010605934542888,1269.308863646738,144.15812496997773,71.15430242870491,5.959726199973375,
w30,78,ABMA20,primary_evaluation,40,1.010605934542888,1269.308863646738,144.15812496997773,71.15430242870491,6.053602400003001,
w30,78,ABMA20,primary_evaluation,41,1.010605934542888,1269.308863646738,144.15812496997773,71.15430242870491,6.107556100003421,
w30,78,ABMA20,primary_evaluation,42,1.010605934542888,1269.308863646738,144.15812496997773,71.15430242870491,6.218238899949938,
w30,78,ABMA20,primary_evaluation,43,1.010605934542888,1269.308863646738,144.15812496997773,71.15430242870491,6.347706800093874,
w30,78,ABMA20,primary_evaluation,44,1.010605934542888,1269.308863646738,144.15812496997773,71.15430242870491,6.426024199929088,
w30,78,ABMA20,primary_evaluation,45,1.010605934542888,1269.308863646738,144.15812496997773,71.15430242870491,6.61253000004217,
w30,78,ABMA20,primary_evaluation,46,1.010605934542888,1269.308863646738,144.15812496997773,71.15430242870491,6.779743799939752,
w30,78,ABMA20,primary_evaluation,47,1.010605934542888,1269.308863646738,144.15812496997773,71.15430242870491,6.936747000087053,
w30,78,ABMA20,primary_evaluation,48,1.010605934542888,1269.308863646738,144.15812496997773,71.15430242870491,6.996692300075665,
w30,78,ABMA20,primary_evaluation,49,1.010605934542888,1269.308863646738,144.15812496997773,71.15430242870491,7.1265177000314,
w30,78,ABMA20,primary_evaluation,50,1.010605934542888,1269.308863646738,144.15812496997773,71.15430242870491,7.2308628999162465,
w30,78,ABMA20,primary_evaluation,51,1.010605934542888,1269.308863646738,144.15812496997773,71.15430242870491,7.410203899955377,
w30,78,ABMA20,primary_evaluation,52,1.010605934542888,1269.308863646738,144.15812496997773,71.15430242870491,7.5020393000449985,
w30,78,ABMA20,primary_evaluation,53,1.010605934542888,1269.308863646738,144.15812496997773,71.15430242870491,7.588604599935934,
w30,78,ABMA20,primary_evaluation,54,1.010605934542888,1269.308863646738,144.15812496997773,71.15430242870491,7.811616500141099,
w30,78,ABMA20,primary_evaluation,55,1.010605934542888,1269.308863646738,144.15812496997773,71.15430242870491,7.993134000105783,
w30,78,ABMA20,primary_evaluation,56,1.010605934542888,1269.308863646738,144.15812496997773,71.15430242870491,8.121814500074834,
w30,78,ABMA20,primary_evaluation,57,1.010605934542888,1269.308863646738,144.15812496997773,71.15430242870491,8.280559099977836,
w30,78,ABMA20,primary_evaluation,58,1.010605934542888,1269.308863646738,144.15812496997773,71.15430242870491,8.431843600003049,
w30,78,ABMA20,primary_evaluation,59,1.010605934542888,1269.308863646738,144.15812496997773,71.15430242870491,8.62141010002233,
w30,78,ABMA20,primary_evaluation,60,1.010605934542888,1269.308863646738,144.15812496997773,71.15430242870491,8.80328690004535,
w30,78,ABMA20,primary_evaluation,61,1.010605934542888,1269.308863646738,144.15812496997773,71.15430242870491,8.98254180001095,
w30,78,ABMA20,primary_evaluation,62,1.010605934542888,1269.308863646738,144.15812496997773,71.15430242870491,9.155096200061962,
w30,78,ABMA20,primary_evaluation,63,1.010605934542888,1269.308863646738,144.15812496997773,71.15430242870491,9.288267800118774,
w30,78,ABMA20,primary_evaluation,64,1.010605934542888,1269.308863646738,144.15812496997773,71.15430242870491,9.417495300062,
w30,78,ABMA20,primary_evaluation,65,1.010605934542888,1269.308863646738,144.15812496997773,71.15430242870491,9.506817399989814,
w30,78,ABMA20,primary_evaluation,66,1.010605934542888,1269.308863646738,144.15812496997773,71.15430242870491,9.668192300014198,
w30,78,ABMA20,primary_evaluation,67,1.010605934542888,1269.308863646738,144.15812496997773,71.15430242870491,9.871086900122464,
w30,78,ABMA20,primary_evaluation,68,1.010605934542888,1269.308863646738,144.15812496997773,71.15430242870491,10.035257100127637,
w30,78,ABMA20,primary_evaluation,69,1.010605934542888,1269.308863646738,144.15812496997773,71.15430242870491,10.21149959997274,
w30,78,ABMA20,primary_evaluation,70,1.010605934542888,1269.308863646738,144.15812496997773,71.15430242870491,10.342737100087106,
w30,78,ABMA20,primary_evaluation,71,1.010605934542888,1269.308863646738,144.15812496997773,71.15430242870491,10.847313600126654,
w30,78,ABMA20,primary_evaluation,72,1.010605934542888,1269.308863646738,144.15812496997773,71.15430242870491,10.999201100086793,
w30,78,ABMA20,primary_evaluation,73,1.010605934542888,1269.308863646738,144.15812496997773,71.15430242870491,11.111352700041607,
w30,78,ABMA20,primary_evaluation,74,1.010605934542888,1269.308863646738,144.15812496997773,71.15430242870491,11.21674000006169,
w30,78,ABMA20,primary_evaluation,75,1.010605934542888,1269.308863646738,144.15812496997773,71.15430242870491,11.513494099956006,
w30,78,ABMA20,primary_evaluation,76,1.010605934542888,1269.308863646738,144.15812496997773,71.15430242870491,11.621405400102958,
w30,78,ABMA20,primary_evaluation,77,1.010605934542888,1269.308863646738,144.15812496997773,71.15430242870491,11.827176599996164,
w30,78,ABMA20,primary_evaluation,78,1.010605934542888,1269.308863646738,144.15812496997773,71.15430242870491,12.102339700097218,
w30,78,ABMA20,primary_evaluation,79,1.010605934542888,1269.308863646738,144.15812496997773,71.15430242870491,12.417368599912152,
w30,78,ABMA20,primary_evaluation,80,1.010605934542888,1269.308863646738,144.15812496997773,71.15430242870491,12.584658700041473,
w30,78,ABMA20,primary_evaluation,81,1.010605934542888,1269.308863646738,144.15812496997773,71.15430242870491,12.702347500016913,
w30,78,ABMA20,primary_evaluation,82,1.010605934542888,1269.308863646738,144.15812496997773,71.15430242870491,13.001661299960688,
w30,78,ABMA20,primary_evaluation,83,1.010605934542888,1269.308863646738,144.15812496997773,71.15430242870491,13.238779000006616,
w30,78,ABMA20,primary_evaluation,84,1.010605934542888,1269.308863646738,144.15812496997773,71.15430242870491,13.445671299938112,
w30,78,ABMA20,primary_evaluation,85,1.010605934542888,1269.308863646738,144.15812496997773,71.15430242870491,13.654761200072244,
w30,78,ABMA20,primary_evaluation,86,1.010605934542888,1269.308863646738,144.15812496997773,71.15430242870491,13.799880899954587,
w30,78,ABMA20,primary_evaluation,87,1.010605934542888,1269.308863646738,144.15812496997773,71.15430242870491,13.927247199928388,
w30,78,ABMA20,primary_evaluation,88,1.010605934542888,1269.308863646738,144.15812496997773,71.15430242870491,14.217119300039485,
w30,78,ABMA20,primary_evaluation,89,1.010605934542888,1269.308863646738,144.15812496997773,71.15430242870491,14.427789800101891,
w30,78,ABMA20,primary_evaluation,90,1.010605934542888,1269.308863646738,144.15812496997773,71.15430242870491,14.68283940013498,
w30,78,ABMA20,primary_evaluation,91,1.010605934542888,1269.308863646738,144.15812496997773,71.15430242870491,14.89527769992128,
w30,78,ABMA20,primary_evaluation,92,1.010605934542888,1269.308863646738,144.15812496997773,71.15430242870491,15.482719500083476,
w30,78,ABMA20,primary_evaluation,93,1.010605934542888,1269.308863646738,144.15812496997773,71.15430242870491,15.610429299995303,
w30,78,ABMA20,primary_evaluation,94,1.010605934542888,1269.308863646738,144.15812496997773,71.15430242870491,15.705158000113443,
w30,78,ABMA20,primary_evaluation,95,1.010605934542888,1269.308863646738,144.15812496997773,71.15430242870491,15.854238400002941,
w30,78,ABMA20,primary_evaluation,96,1.010605934542888,1269.308863646738,144.15812496997773,71.15430242870491,15.969983899965882,
w30,78,ABMA20,primary_evaluation,97,1.010605934542888,1269.308863646738,144.15812496997773,71.15430242870491,16.31910130009055,
w30,78,ABMA20,primary_evaluation,98,1.010605934542888,1269.308863646738,144.15812496997773,71.15430242870491,16.696420500054955,
w30,78,ABMA20,primary_evaluation,99,1.010605934542888,1269.308863646738,144.15812496997773,71.15430242870491,17.031289800070226,
w30,78,ABMA20,primary_evaluation,100,1.010605934542888,1269.308863646738,144.15812496997773,71.15430242870491,17.249668200034648,
w30,78,ABMA20,primary_evaluation,101,1.010605934542888,1269.308863646738,144.15812496997773,71.15430242870491,17.39273550012149,
w30,78,ABMA20,primary_evaluation,102,1.010605934542888,1269.308863646738,144.15812496997773,71.15430242870491,17.653808299917728,
w30,78,ABMA20,primary_evaluation,103,1.010605934542888,1269.308863646738,144.15812496997773,71.15430242870491,17.787601199932396,
w30,78,ABMA20,primary_evaluation,104,1.010605934542888,1269.308863646738,144.15812496997773,71.15430242870491,18.09541580011137,
w30,78,ABMA20,primary_evaluation,105,1.010605934542888,1269.308863646738,144.15812496997773,71.15430242870491,18.295843600062653,
w30,78,ABMA20,primary_evaluation,106,1.010605934542888,1269.308863646738,144.15812496997773,71.15430242870491,18.51262850011699,
w30,78,ABMA20,primary_evaluation,107,1.010605934542888,1269.308863646738,144.15812496997773,71.15430242870491,18.72194129996933,
w30,78,ABMA20,primary_evaluation,108,1.010605934542888,1269.308863646738,144.15812496997773,71.15430242870491,18.864217200083658,
w30,78,ABMA20,primary_evaluation,109,0.968651586604383,1272.9591054848936,98.82731239126383,71.84866960554191,19.01060890010558,
w30,78,ABMA20,primary_evaluation,110,0.968651586604383,1272.9591054848936,98.82731239126383,71.84866960554191,19.352663200115785,
w30,78,ABMA20,primary_evaluation,111,0.968651586604383,1272.9591054848936,98.82731239126383,71.84866960554191,19.604049100074917,
w30,78,ABMA20,primary_evaluation,112,0.968651586604383,1272.9591054848936,98.82731239126383,71.84866960554191,19.968340799910948,
w30,78,ABMA20,primary_evaluation,113,0.968651586604383,1272.9591054848936,98.82731239126383,71.84866960554191,20.061231900006533,
w30,78,ABMA20,primary_evaluation,114,0.968651586604383,1272.9591054848936,98.82731239126383,71.84866960554191,20.234605200123042,
w30,78,ABMA20,primary_evaluation,115,0.968651586604383,1272.9591054848936,98.82731239126383,71.84866960554191,20.36275289999321,
w30,78,ABMA20,primary_evaluation,116,0.968651586604383,1272.9591054848936,98.82731239126383,71.84866960554191,20.558443299960345,
w30,78,ABMA20,primary_evaluation,117,0.968651586604383,1272.9591054848936,98.82731239126383,71.84866960554191,20.66364170005545,
w30,78,ABMA20,primary_evaluation,118,0.968651586604383,1272.9591054848936,98.82731239126383,71.84866960554191,20.763262199936435,
w30,78,ABMA20,primary_evaluation,119,0.968651586604383,1272.9591054848936,98.82731239126383,71.84866960554191,20.960592299932614,
w30,78,ABMA20,primary_evaluation,120,0.968651586604383,1272.9591054848936,98.82731239126383,71.84866960554191,21.2586451000534,
w30,78,ABMA20,primary_evaluation,121,0.968651586604383,1272.9591054848936,98.82731239126383,71.84866960554191,21.427526300074533,
w30,78,ABMA20,primary_evaluation,122,0.968651586604383,1272.9591054848936,98.82731239126383,71.84866960554191,21.60602860013023,
w30,78,ABMA20,primary_evaluation,123,0.968651586604383,1272.9591054848936,98.82731239126383,71.84866960554191,21.87713379994966,
w30,78,ABMA20,primary_evaluation,124,0.968651586604383,1272.9591054848936,98.82731239126383,71.84866960554191,22.502668699948117,
w30,78,ABMA20,primary_evaluation,125,0.968651586604383,1272.9591054848936,98.82731239126383,71.84866960554191,22.820270699914545,
w30,78,ABMA20,primary_evaluation,126,0.968651586604383,1272.9591054848936,98.82731239126383,71.84866960554191,22.94691739999689,
w30,78,ABMA20,primary_evaluation,127,0.968651586604383,1272.9591054848936,98.82731239126383,71.84866960554191,23.098119999980554,
w30,78,ABMA20,primary_evaluation,128,0.968651586604383,1272.9591054848936,98.82731239126383,71.84866960554191,23.351747900014743,
w30,78,ABMA20,primary_evaluation,129,0.968651586604383,1272.9591054848936,98.82731239126383,71.84866960554191,23.44223270006478,
w30,78,ABMA20,primary_evaluation,130,0.968651586604383,1272.9591054848936,98.82731239126383,71.84866960554191,23.83299500006251,
w30,78,ABMA20,primary_evaluation,131,0.968651586604383,1272.9591054848936,98.82731239126383,71.84866960554191,24.011742300121114,
w30,78,ABMA20,primary_evaluation,132,0.968651586604383,1272.9591054848936,98.82731239126383,71.84866960554191,24.282921500038356,
w30,78,ABMA20,primary_evaluation,133,0.968651586604383,1272.9591054848936,98.82731239126383,71.84866960554191,24.387753000017256,
w30,78,ABMA20,primary_evaluation,134,0.9597706972721313,1251.926831528229,159.13845232932567,74.74314749499675,24.545341700082645,
w30,78,ABMA20,primary_evaluation,135,0.9597706972721313,1251.926831528229,159.13845232932567,74.74314749499675,24.66828540014103,
w30,78,ABMA20,primary_evaluation,136,0.9597706972721313,1251.926831528229,159.13845232932567,74.74314749499675,24.770962100010365,
w30,78,ABMA20,primary_evaluation,137,0.9597706972721313,1251.926831528229,159.13845232932567,74.74314749499675,24.954795100027695,
w30,78,ABMA20,primary_evaluation,138,0.9597706972721313,1251.926831528229,159.13845232932567,74.74314749499675,25.090973699931055,
w30,78,ABMA20,primary_evaluation,139,0.9597706972721313,1251.926831528229,159.13845232932567,74.74314749499675,25.314492400037125,
w30,78,ABMA20,primary_evaluation,140,0.9597706972721313,1251.926831528229,159.13845232932567,74.74314749499675,25.59015029994771,
w30,78,ABMA20,primary_evaluation,141,0.9597706972721313,1251.926831528229,159.13845232932567,74.74314749499675,25.720191499916837,
w30,78,ABMA20,primary_evaluation,142,0.9597706972721313,1251.926831528229,159.13845232932567,74.74314749499675,25.864680300001055,
w30,78,ABMA20,primary_evaluation,143,0.9597706972721313,1251.926831528229,159.13845232932567,74.74314749499675,26.08414710010402,
w30,78,ABMA20,primary_evaluation,144,0.9597706972721313,1251.926831528229,159.13845232932567,74.74314749499675,26.200225899927318,
w30,78,ABMA20,primary_evaluation,145,0.9597706972721313,1251.926831528229,159.13845232932567,74.74314749499675,26.40357180009596,
w30,78,ABMA20,primary_evaluation,146,0.9597706972721313,1251.926831528229,159.13845232932567,74.74314749499675,26.531558000016958,
w30,78,ABMA20,primary_evaluation,147,0.9597706972721313,1251.926831528229,159.13845232932567,74.74314749499675,26.8417907000985,
w30,78,ABMA20,primary_evaluation,148,0.9597706972721313,1251.926831528229,159.13845232932567,74.74314749499675,27.08407080010511,
w30,78,ABMA20,primary_evaluation,149,0.9597706972721313,1251.926831528229,159.13845232932567,74.74314749499675,27.233383200131357,
w30,78,ABMA20,primary_evaluation,150,0.9597706972721313,1251.926831528229,159.13845232932567,74.74314749499675,27.37669280008413,
w30,78,ABMA20,primary_evaluation,151,0.9597706972721313,1251.926831528229,159.13845232932567,74.74314749499675,27.503264300059527,
w30,78,ABMA20,primary_evaluation,152,0.9597706972721313,1251.926831528229,159.13845232932567,74.74314749499675,27.719904799945652,
w30,78,ABMA20,primary_evaluation,153,0.9597706972721313,1251.926831528229,159.13845232932567,74.74314749499675,28.03384210006334,
w30,78,ABMA20,primary_evaluation,154,0.9597706972721313,1251.926831528229,159.13845232932567,74.74314749499675,28.18142560007982,
w30,78,ABMA20,primary_evaluation,155,0.9597706972721313,1251.926831528229,159.13845232932567,74.74314749499675,28.32897110003978,
w30,78,ABMA20,primary_evaluation,156,0.9597706972721313,1251.926831528229,159.13845232932567,74.74314749499675,28.54997460008599,
w30,78,ABMA20,primary_evaluation,157,0.9597706972721313,1251.926831528229,159.13845232932567,74.74314749499675,28.79877240001224,
w30,78,ABMA20,primary_evaluation,158,0.9597706972721313,1251.926831528229,159.13845232932567,74.74314749499675,29.114362000022084,
w30,78,ABMA20,primary_evaluation,159,0.9597706972721313,1251.926831528229,159.13845232932567,74.74314749499675,29.36632729996927,
w30,78,ABMA20,primary_evaluation,160,0.9597706972721313,1251.926831528229,159.13845232932567,74.74314749499675,29.589855399914086,
w30,78,ABMA20,primary_evaluation,161,0.9597706972721313,1251.926831528229,159.13845232932567,74.74314749499675,29.709613600047305,
w30,78,ABMA20,primary_evaluation,162,0.9597706972721313,1251.926831528229,159.13845232932567,74.74314749499675,29.915278600063175,
w30,78,ABMA20,primary_evaluation,163,0.9597706972721313,1251.926831528229,159.13845232932567,74.74314749499675,30.03390990011394,
w30,78,ABMA20,primary_evaluation,164,0.9597706972721313,1251.926831528229,159.13845232932567,74.74314749499675,30.241571299964562,
w30,78,ABMA20,primary_evaluation,165,0.9597706972721313,1251.926831528229,159.13845232932567,74.74314749499675,30.50358649995178,
w30,78,ABMA20,primary_evaluation,166,0.9597706972721313,1251.926831528229,159.13845232932567,74.74314749499675,30.60212770011276,
w30,78,ABMA20,primary_evaluation,167,0.9597706972721313,1251.926831528229,159.13845232932567,74.74314749499675,30.733425500104204,
w30,78,ABMA20,primary_evaluation,168,0.9597706972721313,1251.926831528229,159.13845232932567,74.74314749499675,31.062435399973765,
w30,78,ABMA20,primary_evaluation,169,0.9597706972721313,1251.926831528229,159.13845232932567,74.74314749499675,31.293326399987563,
w30,78,ABMA20,primary_evaluation,170,0.9597706972721313,1251.926831528229,159.13845232932567,74.74314749499675,31.53553649992682,
w30,78,ABMA20,primary_evaluation,171,0.9597706972721313,1251.926831528229,159.13845232932567,74.74314749499675,31.795257300138474,
w30,78,ABMA20,primary_evaluation,172,0.9597706972721313,1251.926831528229,159.13845232932567,74.74314749499675,31.978414800018072,
w30,78,ABMA20,primary_evaluation,173,0.9597706972721313,1251.926831528229,159.13845232932567,74.74314749499675,32.074292100034654,
w30,78,ABMA20,primary_evaluation,174,0.9597706972721313,1251.926831528229,159.13845232932567,74.74314749499675,32.22952970000915,
w30,78,ABMA20,primary_evaluation,175,0.9597706972721313,1251.926831528229,159.13845232932567,74.74314749499675,32.358615200035274,
w30,78,ABMA20,primary_evaluation,176,0.9597706972721313,1251.926831528229,159.13845232932567,74.74314749499675,32.63068130007014,
w30,78,ABMA20,primary_evaluation,177,0.9597706972721313,1251.926831528229,159.13845232932567,74.74314749499675,32.81427969993092,
w30,78,ABMA20,primary_evaluation,178,0.9597706972721313,1251.926831528229,159.13845232932567,74.74314749499675,32.94821340008639,
w30,78,ABMA20,primary_evaluation,179,0.9597706972721313,1251.926831528229,159.13845232932567,74.74314749499675,33.06339109991677,
w30,78,ABMA20,primary_evaluation,180,0.9597706972721313,1251.926831528229,159.13845232932567,74.74314749499675,33.28858699998818,
w30,78,ABMA20,primary_evaluation,181,0.9597706972721313,1251.926831528229,159.13845232932567,74.74314749499675,33.47892990009859,
w30,78,ABMA20,primary_evaluation,182,0.9597706972721313,1251.926831528229,159.13845232932567,74.74314749499675,33.6804452999495,
w30,78,ABMA20,primary_evaluation,183,0.9597706972721313,1251.926831528229,159.13845232932567,74.74314749499675,33.84935749997385,
w30,78,ABMA20,primary_evaluation,184,0.9597706972721313,1251.926831528229,159.13845232932567,74.74314749499675,34.08959290012717,
w30,78,ABMA20,primary_evaluation,185,0.9597706972721313,1251.926831528229,159.13845232932567,74.74314749499675,34.265238099964336,
w30,78,ABMA20,primary_evaluation,186,0.9597706972721313,1251.926831528229,159.13845232932567,74.74314749499675,34.41524629993364,
w30,78,ABMA20,primary_evaluation,187,0.9597706972721313,1251.926831528229,159.13845232932567,74.74314749499675,34.535477800061926,
w30,78,ABMA20,primary_evaluation,188,0.9597706972721313,1251.926831528229,159.13845232932567,74.74314749499675,34.66785229998641,
w30,78,ABMA20,primary_evaluation,189,0.9597706972721313,1251.926831528229,159.13845232932567,74.74314749499675,34.87098819995299,
w30,78,ABMA20,primary_evaluation,190,0.9597706972721313,1251.926831528229,159.13845232932567,74.74314749499675,34.99161659996025,
w30,78,ABMA20,primary_evaluation,191,0.9597706972721313,1251.926831528229,159.13845232932567,74.74314749499675,35.09896390000358,
w30,78,ABMA20,primary_evaluation,192,0.9597706972721313,1251.926831528229,159.13845232932567,74.74314749499675,35.21099049993791,
w30,78,ABMA20,primary_evaluation,193,0.9597706972721313,1251.926831528229,159.13845232932567,74.74314749499675,35.33920260006562,
w30,78,ABMA20,primary_evaluation,194,0.9597706972721313,1251.926831528229,159.13845232932567,74.74314749499675,35.441058499971405,
w30,78,ABMA20,primary_evaluation,195,0.9597706972721313,1251.926831528229,159.13845232932567,74.74314749499675,35.647763800108805,
w30,78,ABMA20,primary_evaluation,196,0.9597706972721313,1251.926831528229,159.13845232932567,74.74314749499675,35.94479739991948,
w30,78,ABMA20,primary_evaluation,197,0.9597706972721313,1251.926831528229,159.13845232932567,74.74314749499675,36.064376099966466,
w30,78,ABMA20,primary_evaluation,198,0.9597706972721313,1251.926831528229,159.13845232932567,74.74314749499675,36.240047600120306,
w30,78,ABMA20,primary_evaluation,199,0.9597706972721313,1251.926831528229,159.13845232932567,74.74314749499675,36.441070900065824,
w30,78,ABMA20,primary_evaluation,200,0.9597706972721313,1251.926831528229,159.13845232932567,74.74314749499675,36.58101200009696,
w30,78,ABMA20,primary_evaluation,201,0.9597706972721313,1251.926831528229,159.13845232932567,74.74314749499675,36.785967000061646,
w30,78,ABMA20,primary_evaluation,202,0.9597706972721313,1251.926831528229,159.13845232932567,74.74314749499675,36.96484509995207,
w30,78,ABMA20,primary_evaluation,203,0.9597706972721313,1251.926831528229,159.13845232932567,74.74314749499675,37.08624209999107,
w30,78,ABMA20,primary_evaluation,204,0.9572376518022433,1270.7906244410729,87.34721957635475,80.30563813547269,37.31424969993532,
w30,78,ABMA20,primary_evaluation,205,0.9572376518022433,1270.7906244410729,87.34721957635475,80.30563813547269,37.58121670014225,
w30,78,ABMA20,primary_evaluation,206,0.9572376518022433,1270.7906244410729,87.34721957635475,80.30563813547269,37.73650599992834,
w30,78,ABMA20,primary_evaluation,207,0.9572376518022433,1270.7906244410729,87.34721957635475,80.30563813547269,37.98388010007329,
w30,78,ABMA20,primary_evaluation,208,0.9572376518022433,1270.7906244410729,87.34721957635475,80.30563813547269,38.16878019995056,
w30,78,ABMA20,primary_evaluation,209,0.9572376518022433,1270.7906244410729,87.34721957635475,80.30563813547269,38.267449599923566,
w30,78,ABMA20,primary_evaluation,210,0.9572376518022433,1270.7906244410729,87.34721957635475,80.30563813547269,38.37824019999243,
w30,78,ABMA20,primary_evaluation,211,0.9572376518022433,1270.7906244410729,87.34721957635475,80.30563813547269,38.4802036001347,
w30,78,ABMA20,primary_evaluation,212,0.9572376518022433,1270.7906244410729,87.34721957635475,80.30563813547269,38.70416419999674,
w30,78,ABMA20,primary_evaluation,213,0.9572376518022433,1270.7906244410729,87.34721957635475,80.30563813547269,38.92781309993006,
w30,78,ABMA20,primary_evaluation,214,0.8996017781915242,1259.5264921212809,86.68076939776711,75.32683315998965,39.01651609991677,
w30,78,ABMA20,primary_evaluation,215,0.8996017781915242,1259.5264921212809,86.68076939776711,75.32683315998965,39.11422590003349,
w30,78,ABMA20,primary_evaluation,216,0.8996017781915242,1259.5264921212809,86.68076939776711,75.32683315998965,39.22157240007073,
w30,78,ABMA20,primary_evaluation,217,0.890181634984765,1258.1093752863615,83.90937519362319,75.5645546699914,39.47999410005286,
w30,78,ABMA20,primary_evaluation,218,0.890181634984765,1258.1093752863615,83.90937519362319,75.5645546699914,39.70225410000421,
w30,78,ABMA20,primary_evaluation,219,0.890181634984765,1258.1093752863615,83.90937519362319,75.5645546699914,39.82603370002471,
w30,78,ABMA20,primary_evaluation,220,0.890181634984765,1258.1093752863615,83.90937519362319,75.5645546699914,40.035951300058514,
w30,78,ABMA20,primary_evaluation,221,0.890181634984765,1258.1093752863615,83.90937519362319,75.5645546699914,40.16377430013381,
w30,78,ABMA20,primary_evaluation,222,0.890181634984765,1258.1093752863615,83.90937519362319,75.5645546699914,40.255957999965176,
w30,78,ABMA20,primary_evaluation,223,0.890181634984765,1258.1093752863615,83.90937519362319,75.5645546699914,40.45010660006665,
w30,78,ABMA20,primary_evaluation,224,0.890181634984765,1258.1093752863615,83.90937519362319,75.5645546699914,40.56993749993853,
w30,78,ABMA20,primary_evaluation,225,0.890181634984765,1258.1093752863615,83.90937519362319,75.5645546699914,40.769247400108725,
w30,78,ABMA20,primary_evaluation,226,0.8892351260239073,1259.5264921212809,67.55864659151734,84.77816034078228,40.86101510003209,
w30,78,ABMA20,primary_evaluation,227,0.8892351260239073,1259.5264921212809,67.55864659151734,84.77816034078228,41.06179970013909,
w30,78,ABMA20,primary_evaluation,228,0.8892351260239073,1259.5264921212809,67.55864659151734,84.77816034078228,41.27574499999173,
w30,78,ABMA20,primary_evaluation,229,0.8755551520970868,1258.1093752863615,60.245280969595115,86.08891004739255,41.4859412999358,
w30,78,ABMA20,primary_evaluation,230,0.8755551520970868,1258.1093752863615,60.245280969595115,86.08891004739255,41.6344143000897,
w30,78,ABMA20,primary_evaluation,231,0.8755551520970868,1258.1093752863615,60.245280969595115,86.08891004739255,41.86014520004392,
w30,78,ABMA20,primary_evaluation,232,0.8755551520970868,1258.1093752863615,60.245280969595115,86.08891004739255,42.045937600079924,
w30,78,ABMA20,primary_evaluation,233,0.8755551520970868,1258.1093752863615,60.245280969595115,86.08891004739255,42.16440979996696,
w30,78,ABMA20,primary_evaluation,234,0.8699137546281621,1247.981379390075,100.73300233801228,76.89076798539294,42.26255420013331,
w30,78,ABMA20,primary_evaluation,235,0.8699137546281621,1247.981379390075,100.73300233801228,76.89076798539294,42.47997649991885,
w30,78,ABMA20,primary_evaluation,236,0.8699137546281621,1247.981379390075,100.73300233801228,76.89076798539294,42.593676400138065,
w30,78,ABMA20,primary_evaluation,237,0.8699137546281621,1247.981379390075,100.73300233801228,76.89076798539294,42.80716309999116,
w30,78,ABMA20,primary_evaluation,238,0.8699137546281621,1247.981379390075,100.73300233801228,76.89076798539294,43.021749899955466,
w30,78,ABMA20,primary_evaluation,239,0.8699137546281621,1247.981379390075,100.73300233801228,76.89076798539294,43.197389299981296,
w30,78,ABMA20,primary_evaluation,240,0.8699137546281621,1247.981379390075,100.73300233801228,76.89076798539294,43.389511400135234,
w30,78,ABMA20,primary_evaluation,241,0.8699137546281621,1247.981379390075,100.73300233801228,76.89076798539294,43.48494859994389,
w30,78,ABMA20,primary_evaluation,242,0.8699137546281621,1247.981379390075,100.73300233801228,76.89076798539294,43.60725070000626,
w30,78,ABMA20,primary_evaluation,243,0.8699137546281621,1247.981379390075,100.73300233801228,76.89076798539294,43.709796600043774,
w30,78,ABMA20,primary_evaluation,244,0.8699137546281621,1247.981379390075,100.73300233801228,76.89076798539294,43.970036500133574,
w30,78,ABMA20,primary_evaluation,245,0.8699137546281621,1247.981379390075,100.73300233801228,76.89076798539294,44.091392300091684,
w30,78,ABMA20,primary_evaluation,246,0.8699137546281621,1247.981379390075,100.73300233801228,76.89076798539294,44.24857629998587,
w30,78,ABMA20,primary_evaluation,247,0.8699137546281621,1247.981379390075,100.73300233801228,76.89076798539294,44.3800951000303,
w30,78,ABMA20,primary_evaluation,248,0.8699137546281621,1247.981379390075,100.73300233801228,76.89076798539294,44.57068290002644,
w30,78,ABMA20,primary_evaluation,249,0.8699137546281621,1247.981379390075,100.73300233801228,76.89076798539294,44.82894459995441,
w30,78,ABMA20,primary_evaluation,250,0.8699137546281621,1247.981379390075,100.73300233801228,76.89076798539294,44.9284366001375,
w30,78,ABMA20,primary_evaluation,251,0.8699137546281621,1247.981379390075,100.73300233801228,76.89076798539294,45.13734530005604,
w30,78,ABMA20,primary_evaluation,252,0.8699137546281621,1247.981379390075,100.73300233801228,76.89076798539294,45.39959440007806,
w30,78,ABMA20,generation_boundary,12,1.0825546112723927,,,,,0
w30,78,ABMA20,generation_boundary,24,1.010605934542888,,,,,1
w30,78,ABMA20,generation_boundary,36,1.010605934542888,,,,,2
w30,78,ABMA20,generation_boundary,48,1.010605934542888,,,,,3
w30,78,ABMA20,generation_boundary,60,1.010605934542888,,,,,4
w30,78,ABMA20,generation_boundary,72,1.010605934542888,,,,,5
w30,78,ABMA20,generation_boundary,84,1.010605934542888,,,,,6
w30,78,ABMA20,generation_boundary,96,1.010605934542888,,,,,7
w30,78,ABMA20,generation_boundary,108,1.010605934542888,,,,,8
w30,78,ABMA20,generation_boundary,120,0.968651586604383,,,,,9
w30,78,ABMA20,generation_boundary,132,0.968651586604383,,,,,10
w30,78,ABMA20,generation_boundary,144,0.9597706972721313,,,,,11
w30,78,ABMA20,generation_boundary,156,0.9597706972721313,,,,,12
w30,78,ABMA20,generation_boundary,168,0.9597706972721313,,,,,13
w30,78,ABMA20,generation_boundary,180,0.9597706972721313,,,,,14
w30,78,ABMA20,generation_boundary,192,0.9597706972721313,,,,,15
w30,78,ABMA20,generation_boundary,204,0.9572376518022433,,,,,16
w30,78,ABMA20,generation_boundary,216,0.8996017781915242,,,,,17
w30,78,ABMA20,generation_boundary,228,0.8892351260239073,,,,,18
w30,78,ABMA20,generation_boundary,240,0.8699137546281621,,,,,19
w30,78,ABMA20,generation_boundary,252,0.8699137546281621,,,,,20
w30,78,HGA-budget72,primary_evaluation,1,3.7167385932436883,1636.3616602950501,1008.1767668988668,59.197398685276966,0.0536440999712795,
w30,78,HGA-budget72,primary_evaluation,2,3.7167385932436883,1636.3616602950501,1008.1767668988668,59.197398685276966,0.06334130000323057,
w30,78,HGA-budget72,primary_evaluation,3,3.7167385932436883,1636.3616602950501,1008.1767668988668,59.197398685276966,0.06379539985209703,
w30,78,HGA-budget72,primary_evaluation,4,3.7167385932436883,1636.3616602950501,1008.1767668988668,59.197398685276966,0.06423909985460341,
w30,78,HGA-budget72,primary_evaluation,5,3.7167385932436883,1636.3616602950501,1008.1767668988668,59.197398685276966,0.06467059999704361,
w30,78,HGA-budget72,primary_evaluation,6,3.7167385932436883,1636.3616602950501,1008.1767668988668,59.197398685276966,0.0650960998609662,
w30,78,HGA-budget72,primary_evaluation,7,3.7167385932436883,1636.3616602950501,1008.1767668988668,59.197398685276966,0.06552050006575882,
w30,78,HGA-budget72,primary_evaluation,8,3.7167385932436883,1636.3616602950501,1008.1767668988668,59.197398685276966,0.06594459991902113,
w30,78,HGA-budget72,primary_evaluation,9,3.7167385932436883,1636.3616602950501,1008.1767668988668,59.197398685276966,0.06637110002338886,
w30,78,HGA-budget72,primary_evaluation,10,3.7167385932436883,1636.3616602950501,1008.1767668988668,59.197398685276966,0.06679779989644885,
w30,78,HGA-budget72,primary_evaluation,11,3.7167385932436883,1636.3616602950501,1008.1767668988668,59.197398685276966,0.06722830003127456,
w30,78,HGA-budget72,primary_evaluation,12,3.7167385932436883,1636.3616602950501,1008.1767668988668,59.197398685276966,0.06810449995100498,
w30,78,HGA-budget72,primary_evaluation,13,3.7167385932436883,1636.3616602950501,1008.1767668988668,59.197398685276966,0.06863519991748035,
w30,78,HGA-budget72,primary_evaluation,14,3.7167385932436883,1636.3616602950501,1008.1767668988668,59.197398685276966,0.06911599985323846,
w30,78,HGA-budget72,primary_evaluation,15,3.7167385932436883,1636.3616602950501,1008.1767668988668,59.197398685276966,0.069589699851349,
w30,78,HGA-budget72,primary_evaluation,16,3.7167385932436883,1636.3616602950501,1008.1767668988668,59.197398685276966,0.07006629998795688,
w30,78,HGA-budget72,primary_evaluation,17,3.7167385932436883,1636.3616602950501,1008.1767668988668,59.197398685276966,0.07050479995086789,
w30,78,HGA-budget72,primary_evaluation,18,3.7167385932436883,1636.3616602950501,1008.1767668988668,59.197398685276966,0.07094460004009306,
w30,78,HGA-budget72,primary_evaluation,19,3.7167385932436883,1636.3616602950501,1008.1767668988668,59.197398685276966,0.07137709995731711,
w30,78,HGA-budget72,primary_evaluation,20,3.7167385932436883,1636.3616602950501,1008.1767668988668,59.197398685276966,0.07180380006320775,
w30,78,HGA-budget72,primary_evaluation,21,3.7167385932436883,1636.3616602950501,1008.1767668988668,59.197398685276966,0.07223809999413788,
w30,78,HGA-budget72,primary_evaluation,22,3.7167385932436883,1636.3616602950501,1008.1767668988668,59.197398685276966,0.07266429997980595,
w30,78,HGA-budget72,primary_evaluation,23,3.7167385932436883,1636.3616602950501,1008.1767668988668,59.197398685276966,0.07308489992283285,
w30,78,HGA-budget72,primary_evaluation,24,3.7167385932436883,1636.3616602950501,1008.1767668988668,59.197398685276966,0.07350659999065101,
w30,78,HGA-budget72,primary_evaluation,25,3.7167385932436883,1636.3616602950501,1008.1767668988668,59.197398685276966,0.07393620000220835,
w30,78,HGA-budget72,primary_evaluation,26,3.7167385932436883,1636.3616602950501,1008.1767668988668,59.197398685276966,0.07444310002028942,
w30,78,HGA-budget72,primary_evaluation,27,3.7167385932436883,1636.3616602950501,1008.1767668988668,59.197398685276966,0.07498859986662865,
w30,78,HGA-budget72,primary_evaluation,28,3.7167385932436883,1636.3616602950501,1008.1767668988668,59.197398685276966,0.07549409987404943,
w30,78,HGA-budget72,primary_evaluation,29,3.7167385932436883,1636.3616602950501,1008.1767668988668,59.197398685276966,0.07592749991454184,
w30,78,HGA-budget72,primary_evaluation,30,3.7167385932436883,1636.3616602950501,1008.1767668988668,59.197398685276966,0.07644389988854527,
w30,78,HGA-budget72,primary_evaluation,31,3.7167385932436883,1636.3616602950501,1008.1767668988668,59.197398685276966,0.07687749993056059,
w30,78,HGA-budget72,primary_evaluation,32,3.7167385932436883,1636.3616602950501,1008.1767668988668,59.197398685276966,0.07731859991326928,
w30,78,HGA-budget72,primary_evaluation,33,3.7167385932436883,1636.3616602950501,1008.1767668988668,59.197398685276966,0.07774129998870194,
w30,78,HGA-budget72,primary_evaluation,34,3.7167385932436883,1636.3616602950501,1008.1767668988668,59.197398685276966,0.07817919994704425,
w30,78,HGA-budget72,primary_evaluation,35,3.7167385932436883,1636.3616602950501,1008.1767668988668,59.197398685276966,0.07860019989311695,
w30,78,HGA-budget72,primary_evaluation,36,3.7167385932436883,1636.3616602950501,1008.1767668988668,59.197398685276966,0.07893590000458062,
w30,78,HGA-budget72,primary_evaluation,37,3.7167385932436883,1636.3616602950501,1008.1767668988668,59.197398685276966,0.07935389992780983,
w30,78,HGA-budget72,primary_evaluation,38,3.7167385932436883,1636.3616602950501,1008.1767668988668,59.197398685276966,0.07977159996517003,
w30,78,HGA-budget72,primary_evaluation,39,3.7167385932436883,1636.3616602950501,1008.1767668988668,59.197398685276966,0.08018899988383055,
w30,78,HGA-budget72,primary_evaluation,40,3.7167385932436883,1636.3616602950501,1008.1767668988668,59.197398685276966,0.08260249998420477,
w30,78,HGA-budget72,primary_evaluation,41,3.7167385932436883,1636.3616602950501,1008.1767668988668,59.197398685276966,0.08313010004349053,
w30,78,HGA-budget72,primary_evaluation,42,3.7167385932436883,1636.3616602950501,1008.1767668988668,59.197398685276966,0.08364970004186034,
w30,78,HGA-budget72,primary_evaluation,43,3.7167385932436883,1636.3616602950501,1008.1767668988668,59.197398685276966,0.0842685999814421,
w30,78,HGA-budget72,primary_evaluation,44,3.7167385932436883,1636.3616602950501,1008.1767668988668,59.197398685276966,0.08507659984752536,
w30,78,HGA-budget72,primary_evaluation,45,3.7167385932436883,1636.3616602950501,1008.1767668988668,59.197398685276966,0.08561359997838736,
w30,78,HGA-budget72,primary_evaluation,46,3.7167385932436883,1636.3616602950501,1008.1767668988668,59.197398685276966,0.08617899985983968,
w30,78,HGA-budget72,primary_evaluation,47,3.7167385932436883,1636.3616602950501,1008.1767668988668,59.197398685276966,0.08668379997834563,
w30,78,HGA-budget72,primary_evaluation,48,3.7167385932436883,1636.3616602950501,1008.1767668988668,59.197398685276966,0.08727520005777478,
w30,78,HGA-budget72,primary_evaluation,49,3.7167385932436883,1636.3616602950501,1008.1767668988668,59.197398685276966,0.08772869990207255,
w30,78,HGA-budget72,primary_evaluation,50,3.7167385932436883,1636.3616602950501,1008.1767668988668,59.197398685276966,0.08816519984975457,
w30,78,HGA-budget72,primary_evaluation,51,3.7167385932436883,1636.3616602950501,1008.1767668988668,59.197398685276966,0.0885930999647826,
w30,78,HGA-budget72,primary_evaluation,52,3.7167385932436883,1636.3616602950501,1008.1767668988668,59.197398685276966,0.08901929995045066,
w30,78,HGA-budget72,primary_evaluation,53,3.7167385932436883,1636.3616602950501,1008.1767668988668,59.197398685276966,0.08945059985853732,
w30,78,HGA-budget72,primary_evaluation,54,3.7167385932436883,1636.3616602950501,1008.1767668988668,59.197398685276966,0.08987649995833635,
w30,78,HGA-budget72,primary_evaluation,55,3.7167385932436883,1636.3616602950501,1008.1767668988668,59.197398685276966,0.0903004000429064,
w30,78,HGA-budget72,primary_evaluation,56,3.7167385932436883,1636.3616602950501,1008.1767668988668,59.197398685276966,0.09072400000877678,
w30,78,HGA-budget72,primary_evaluation,57,3.7167385932436883,1636.3616602950501,1008.1767668988668,59.197398685276966,0.09106520004570484,
w30,78,HGA-budget72,primary_evaluation,58,3.7167385932436883,1636.3616602950501,1008.1767668988668,59.197398685276966,0.09152060002088547,
w30,78,HGA-budget72,primary_evaluation,59,3.7167385932436883,1636.3616602950501,1008.1767668988668,59.197398685276966,0.09210160002112389,
w30,78,HGA-budget72,primary_evaluation,60,3.7167385932436883,1636.3616602950501,1008.1767668988668,59.197398685276966,0.09265340003184974,
w30,78,HGA-budget72,primary_evaluation,61,3.7167385932436883,1636.3616602950501,1008.1767668988668,59.197398685276966,0.0934615998994559,
w30,78,HGA-budget72,primary_evaluation,62,3.7167385932436883,1636.3616602950501,1008.1767668988668,59.197398685276966,0.09402349987067282,
w30,78,HGA-budget72,primary_evaluation,63,3.7167385932436883,1636.3616602950501,1008.1767668988668,59.197398685276966,0.09446069994010031,
w30,78,HGA-budget72,primary_evaluation,64,3.7167385932436883,1636.3616602950501,1008.1767668988668,59.197398685276966,0.09489259985275567,
w30,78,HGA-budget72,primary_evaluation,65,3.7167385932436883,1636.3616602950501,1008.1767668988668,59.197398685276966,0.09532289998605847,
w30,78,HGA-budget72,primary_evaluation,66,3.7167385932436883,1636.3616602950501,1008.1767668988668,59.197398685276966,0.09576339996419847,
w30,78,HGA-budget72,primary_evaluation,67,3.7167385932436883,1636.3616602950501,1008.1767668988668,59.197398685276966,0.09618219989351928,
w30,78,HGA-budget72,primary_evaluation,68,3.7167385932436883,1636.3616602950501,1008.1767668988668,59.197398685276966,0.09661339991725981,
w30,78,HGA-budget72,primary_evaluation,69,3.7167385932436883,1636.3616602950501,1008.1767668988668,59.197398685276966,0.0970308999530971,
w30,78,HGA-budget72,primary_evaluation,70,3.7167385932436883,1636.3616602950501,1008.1767668988668,59.197398685276966,0.09744909987784922,
w30,78,HGA-budget72,primary_evaluation,71,3.7167385932436883,1636.3616602950501,1008.1767668988668,59.197398685276966,0.0978651000186801,
w30,78,HGA-budget72,primary_evaluation,72,3.7167385932436883,1636.3616602950501,1008.1767668988668,59.197398685276966,0.09828240005299449,
w30,78,HGA-budget72,generation_boundary,12,3.7167385932436883,,,,,0
w30,78,HGA-budget252,primary_evaluation,1,3.7167385932436883,1636.3616602950501,1008.1767668988668,59.197398685276966,0.04925889987498522,
w30,78,HGA-budget252,primary_evaluation,2,3.7167385932436883,1636.3616602950501,1008.1767668988668,59.197398685276966,0.05884289997629821,
w30,78,HGA-budget252,primary_evaluation,3,3.7167385932436883,1636.3616602950501,1008.1767668988668,59.197398685276966,0.059452799847349524,
w30,78,HGA-budget252,primary_evaluation,4,3.7167385932436883,1636.3616602950501,1008.1767668988668,59.197398685276966,0.0599826998077333,
w30,78,HGA-budget252,primary_evaluation,5,3.7167385932436883,1636.3616602950501,1008.1767668988668,59.197398685276966,0.06044049980118871,
w30,78,HGA-budget252,primary_evaluation,6,3.7167385932436883,1636.3616602950501,1008.1767668988668,59.197398685276966,0.060870699817314744,
w30,78,HGA-budget252,primary_evaluation,7,3.7167385932436883,1636.3616602950501,1008.1767668988668,59.197398685276966,0.06130509986542165,
w30,78,HGA-budget252,primary_evaluation,8,3.7167385932436883,1636.3616602950501,1008.1767668988668,59.197398685276966,0.0617340998724103,
w30,78,HGA-budget252,primary_evaluation,9,3.7167385932436883,1636.3616602950501,1008.1767668988668,59.197398685276966,0.06217659986577928,
w30,78,HGA-budget252,primary_evaluation,10,3.7167385932436883,1636.3616602950501,1008.1767668988668,59.197398685276966,0.06260699988342822,
w30,78,HGA-budget252,primary_evaluation,11,3.7167385932436883,1636.3616602950501,1008.1767668988668,59.197398685276966,0.06303559988737106,
w30,78,HGA-budget252,primary_evaluation,12,3.7167385932436883,1636.3616602950501,1008.1767668988668,59.197398685276966,0.06346959993243217,
w30,78,HGA-budget252,primary_evaluation,13,3.7167385932436883,1636.3616602950501,1008.1767668988668,59.197398685276966,0.06389399990439415,
w30,78,HGA-budget252,primary_evaluation,14,3.7167385932436883,1636.3616602950501,1008.1767668988668,59.197398685276966,0.06431950000114739,
w30,78,HGA-budget252,primary_evaluation,15,3.7167385932436883,1636.3616602950501,1008.1767668988668,59.197398685276966,0.06474629999138415,
w30,78,HGA-budget252,primary_evaluation,16,3.7167385932436883,1636.3616602950501,1008.1767668988668,59.197398685276966,0.06516769994050264,
w30,78,HGA-budget252,primary_evaluation,17,3.7167385932436883,1636.3616602950501,1008.1767668988668,59.197398685276966,0.06559699983336031,
w30,78,HGA-budget252,primary_evaluation,18,3.7167385932436883,1636.3616602950501,1008.1767668988668,59.197398685276966,0.06601740000769496,
w30,78,HGA-budget252,primary_evaluation,19,3.7167385932436883,1636.3616602950501,1008.1767668988668,59.197398685276966,0.06644179997965693,
w30,78,HGA-budget252,primary_evaluation,20,3.7167385932436883,1636.3616602950501,1008.1767668988668,59.197398685276966,0.06687280000187457,
w30,78,HGA-budget252,primary_evaluation,21,3.7167385932436883,1636.3616602950501,1008.1767668988668,59.197398685276966,0.06729709985665977,
w30,78,HGA-budget252,primary_evaluation,22,3.7167385932436883,1636.3616602950501,1008.1767668988668,59.197398685276966,0.06776149990037084,
w30,78,HGA-budget252,primary_evaluation,23,3.7167385932436883,1636.3616602950501,1008.1767668988668,59.197398685276966,0.06818479998037219,
w30,78,HGA-budget252,primary_evaluation,24,3.7167385932436883,1636.3616602950501,1008.1767668988668,59.197398685276966,0.06861099996604025,
w30,78,HGA-budget252,primary_evaluation,25,3.7167385932436883,1636.3616602950501,1008.1767668988668,59.197398685276966,0.06903629982843995,
w30,78,HGA-budget252,primary_evaluation,26,3.7167385932436883,1636.3616602950501,1008.1767668988668,59.197398685276966,0.06946169980801642,
w30,78,HGA-budget252,primary_evaluation,27,3.7167385932436883,1636.3616602950501,1008.1767668988668,59.197398685276966,0.06988709978759289,
w30,78,HGA-budget252,primary_evaluation,28,3.7167385932436883,1636.3616602950501,1008.1767668988668,59.197398685276966,0.07041969988495111,
w30,78,HGA-budget252,primary_evaluation,29,3.7167385932436883,1636.3616602950501,1008.1767668988668,59.197398685276966,0.07082849997095764,
w30,78,HGA-budget252,primary_evaluation,30,3.7167385932436883,1636.3616602950501,1008.1767668988668,59.197398685276966,0.07127660000696778,
w30,78,HGA-budget252,primary_evaluation,31,3.7167385932436883,1636.3616602950501,1008.1767668988668,59.197398685276966,0.0720525998622179,
w30,78,HGA-budget252,primary_evaluation,32,3.7167385932436883,1636.3616602950501,1008.1767668988668,59.197398685276966,0.0728075997903943,
w30,78,HGA-budget252,primary_evaluation,33,3.7167385932436883,1636.3616602950501,1008.1767668988668,59.197398685276966,0.07358069997280836,
w30,78,HGA-budget252,primary_evaluation,34,3.7167385932436883,1636.3616602950501,1008.1767668988668,59.197398685276966,0.07435149978846312,
w30,78,HGA-budget252,primary_evaluation,35,3.7167385932436883,1636.3616602950501,1008.1767668988668,59.197398685276966,0.07520339987240732,
w30,78,HGA-budget252,primary_evaluation,36,3.7167385932436883,1636.3616602950501,1008.1767668988668,59.197398685276966,0.0758706999476999,
w30,78,HGA-budget252,primary_evaluation,37,3.7167385932436883,1636.3616602950501,1008.1767668988668,59.197398685276966,0.07645519985817373,
w30,78,HGA-budget252,primary_evaluation,38,3.7167385932436883,1636.3616602950501,1008.1767668988668,59.197398685276966,0.07689649984240532,
w30,78,HGA-budget252,primary_evaluation,39,3.7167385932436883,1636.3616602950501,1008.1767668988668,59.197398685276966,0.0773397998418659,
w30,78,HGA-budget252,primary_evaluation,40,3.7167385932436883,1636.3616602950501,1008.1767668988668,59.197398685276966,0.07995259994640946,
w30,78,HGA-budget252,primary_evaluation,41,3.7167385932436883,1636.3616602950501,1008.1767668988668,59.197398685276966,0.0804297998547554,
w30,78,HGA-budget252,primary_evaluation,42,3.7167385932436883,1636.3616602950501,1008.1767668988668,59.197398685276966,0.08088129991665483,
w30,78,HGA-budget252,primary_evaluation,43,3.7167385932436883,1636.3616602950501,1008.1767668988668,59.197398685276966,0.08131689997389913,
w30,78,HGA-budget252,primary_evaluation,44,3.7167385932436883,1636.3616602950501,1008.1767668988668,59.197398685276966,0.0817599999718368,
w30,78,HGA-budget252,primary_evaluation,45,3.7167385932436883,1636.3616602950501,1008.1767668988668,59.197398685276966,0.08219119999557734,
w30,78,HGA-budget252,primary_evaluation,46,3.7167385932436883,1636.3616602950501,1008.1767668988668,59.197398685276966,0.08262159978039563,
w30,78,HGA-budget252,primary_evaluation,47,3.7167385932436883,1636.3616602950501,1008.1767668988668,59.197398685276966,0.08304779999889433,
w30,78,HGA-budget252,primary_evaluation,48,3.7167385932436883,1636.3616602950501,1008.1767668988668,59.197398685276966,0.08348749997094274,
w30,78,HGA-budget252,primary_evaluation,49,3.7167385932436883,1636.3616602950501,1008.1767668988668,59.197398685276966,0.08391139982268214,
w30,78,HGA-budget252,primary_evaluation,50,3.7167385932436883,1636.3616602950501,1008.1767668988668,59.197398685276966,0.08433579979464412,
w30,78,HGA-budget252,primary_evaluation,51,3.7167385932436883,1636.3616602950501,1008.1767668988668,59.197398685276966,0.08475779998116195,
w30,78,HGA-budget252,primary_evaluation,52,3.7167385932436883,1636.3616602950501,1008.1767668988668,59.197398685276966,0.08518389984965324,
w30,78,HGA-budget252,primary_evaluation,53,3.7167385932436883,1636.3616602950501,1008.1767668988668,59.197398685276966,0.08561199996620417,
w30,78,HGA-budget252,primary_evaluation,54,3.7167385932436883,1636.3616602950501,1008.1767668988668,59.197398685276966,0.08603729982860386,
w30,78,HGA-budget252,primary_evaluation,55,3.7167385932436883,1636.3616602950501,1008.1767668988668,59.197398685276966,0.0864637999329716,
w30,78,HGA-budget252,primary_evaluation,56,3.7167385932436883,1636.3616602950501,1008.1767668988668,59.197398685276966,0.08688719989731908,
w30,78,HGA-budget252,primary_evaluation,57,3.7167385932436883,1636.3616602950501,1008.1767668988668,59.197398685276966,0.08725119987502694,
w30,78,HGA-budget252,primary_evaluation,58,3.7167385932436883,1636.3616602950501,1008.1767668988668,59.197398685276966,0.08771629980765283,
w30,78,HGA-budget252,primary_evaluation,59,3.7167385932436883,1636.3616602950501,1008.1767668988668,59.197398685276966,0.08813990000635386,
w30,78,HGA-budget252,primary_evaluation,60,3.7167385932436883,1636.3616602950501,1008.1767668988668,59.197398685276966,0.08857739996165037,
w30,78,HGA-budget252,primary_evaluation,61,3.7167385932436883,1636.3616602950501,1008.1767668988668,59.197398685276966,0.0889980997890234,
w30,78,HGA-budget252,primary_evaluation,62,3.7167385932436883,1636.3616602950501,1008.1767668988668,59.197398685276966,0.08943869988434017,
w30,78,HGA-budget252,primary_evaluation,63,3.7167385932436883,1636.3616602950501,1008.1767668988668,59.197398685276966,0.08987109991721809,
w30,78,HGA-budget252,primary_evaluation,64,3.7167385932436883,1636.3616602950501,1008.1767668988668,59.197398685276966,0.09029279998503625,
w30,78,HGA-budget252,primary_evaluation,65,3.7167385932436883,1636.3616602950501,1008.1767668988668,59.197398685276966,0.09071539994329214,
w30,78,HGA-budget252,primary_evaluation,66,3.7167385932436883,1636.3616602950501,1008.1767668988668,59.197398685276966,0.09114329982548952,
w30,78,HGA-budget252,primary_evaluation,67,3.7167385932436883,1636.3616602950501,1008.1767668988668,59.197398685276966,0.09197780000977218,
w30,78,HGA-budget252,primary_evaluation,68,3.7167385932436883,1636.3616602950501,1008.1767668988668,59.197398685276966,0.09290789999067783,
w30,78,HGA-budget252,primary_evaluation,69,3.7167385932436883,1636.3616602950501,1008.1767668988668,59.197398685276966,0.09358049998991191,
w30,78,HGA-budget252,primary_evaluation,70,3.7167385932436883,1636.3616602950501,1008.1767668988668,59.197398685276966,0.09414239996112883,
w30,78,HGA-budget252,primary_evaluation,71,3.7167385932436883,1636.3616602950501,1008.1767668988668,59.197398685276966,0.0946570998057723,
w30,78,HGA-budget252,primary_evaluation,72,3.7167385932436883,1636.3616602950501,1008.1767668988668,59.197398685276966,0.09520169999450445,
w30,78,HGA-budget252,primary_evaluation,73,3.7167385932436883,1636.3616602950501,1008.1767668988668,59.197398685276966,0.09566989983431995,
w30,78,HGA-budget252,primary_evaluation,74,3.7167385932436883,1636.3616602950501,1008.1767668988668,59.197398685276966,0.0961360998917371,
w30,78,HGA-budget252,primary_evaluation,75,3.7167385932436883,1636.3616602950501,1008.1767668988668,59.197398685276966,0.09658809984102845,
w30,78,HGA-budget252,primary_evaluation,76,3.7167385932436883,1636.3616602950501,1008.1767668988668,59.197398685276966,0.0970322999637574,
w30,78,HGA-budget252,primary_evaluation,77,3.7167385932436883,1636.3616602950501,1008.1767668988668,59.197398685276966,0.09746079985052347,
w30,78,HGA-budget252,primary_evaluation,78,3.7167385932436883,1636.3616602950501,1008.1767668988668,59.197398685276966,0.09788369992747903,
w30,78,HGA-budget252,primary_evaluation,79,3.7167385932436883,1636.3616602950501,1008.1767668988668,59.197398685276966,0.09835339989513159,
w30,78,HGA-budget252,primary_evaluation,80,3.7167385932436883,1636.3616602950501,1008.1767668988668,59.197398685276966,0.0987914998549968,
w30,78,HGA-budget252,primary_evaluation,81,3.7167385932436883,1636.3616602950501,1008.1767668988668,59.197398685276966,0.09926799987442791,
w30,78,HGA-budget252,primary_evaluation,82,3.7167385932436883,1636.3616602950501,1008.1767668988668,59.197398685276966,0.0996911998372525,
w30,78,HGA-budget252,primary_evaluation,83,3.7167385932436883,1636.3616602950501,1008.1767668988668,59.197398685276966,0.10011489992029965,
w30,78,HGA-budget252,primary_evaluation,84,3.7167385932436883,1636.3616602950501,1008.1767668988668,59.197398685276966,0.10053299996070564,
w30,78,HGA-budget252,primary_evaluation,85,3.7167385932436883,1636.3616602950501,1008.1767668988668,59.197398685276966,0.10095719993114471,
w30,78,HGA-budget252,primary_evaluation,86,3.7167385932436883,1636.3616602950501,1008.1767668988668,59.197398685276966,0.10139279998838902,
w30,78,HGA-budget252,primary_evaluation,87,3.7167385932436883,1636.3616602950501,1008.1767668988668,59.197398685276966,0.10181179991923273,
w30,78,HGA-budget252,primary_evaluation,88,3.7167385932436883,1636.3616602950501,1008.1767668988668,59.197398685276966,0.10223939991556108,
w30,78,HGA-budget252,primary_evaluation,89,3.7167385932436883,1636.3616602950501,1008.1767668988668,59.197398685276966,0.10265829996205866,
w30,78,HGA-budget252,primary_evaluation,90,3.7167385932436883,1636.3616602950501,1008.1767668988668,59.197398685276966,0.10309839993715286,
w30,78,HGA-budget252,primary_evaluation,91,3.7167385932436883,1636.3616602950501,1008.1767668988668,59.197398685276966,0.10351829999126494,
w30,78,HGA-budget252,primary_evaluation,92,3.7167385932436883,1636.3616602950501,1008.1767668988668,59.197398685276966,0.10393639979884028,
w30,78,HGA-budget252,primary_evaluation,93,3.7167385932436883,1636.3616602950501,1008.1767668988668,59.197398685276966,0.10436929995194077,
w30,78,HGA-budget252,primary_evaluation,94,3.7167385932436883,1636.3616602950501,1008.1767668988668,59.197398685276966,0.10478329984471202,
w30,78,HGA-budget252,primary_evaluation,95,3.7167385932436883,1636.3616602950501,1008.1767668988668,59.197398685276966,0.10522649995982647,
w30,78,HGA-budget252,primary_evaluation,96,3.7167385932436883,1636.3616602950501,1008.1767668988668,59.197398685276966,0.10564299998804927,
w30,78,HGA-budget252,primary_evaluation,97,3.7167385932436883,1636.3616602950501,1008.1767668988668,59.197398685276966,0.1060634998138994,
w30,78,HGA-budget252,primary_evaluation,98,3.7167385932436883,1636.3616602950501,1008.1767668988668,59.197398685276966,0.10648659989237785,
w30,78,HGA-budget252,primary_evaluation,99,3.7167385932436883,1636.3616602950501,1008.1767668988668,59.197398685276966,0.10741229983977973,
w30,78,HGA-budget252,primary_evaluation,100,3.7167385932436883,1636.3616602950501,1008.1767668988668,59.197398685276966,0.10817459993995726,
w30,78,HGA-budget252,primary_evaluation,101,3.7167385932436883,1636.3616602950501,1008.1767668988668,59.197398685276966,0.10869709984399378,
w30,78,HGA-budget252,primary_evaluation,102,3.706562565153248,1636.3616602950501,997.9339448069027,61.24596310366981,0.1093170999083668,
w30,78,HGA-budget252,primary_evaluation,103,3.706562565153248,1636.3616602950501,997.9339448069027,61.24596310366981,0.11256829998455942,
w30,78,HGA-budget252,primary_evaluation,104,3.706562565153248,1636.3616602950501,997.9339448069027,61.24596310366981,0.11292249988764524,
w30,78,HGA-budget252,primary_evaluation,105,3.706562565153248,1636.3616602950501,997.9339448069027,61.24596310366981,0.11327869980596006,
w30,78,HGA-budget252,primary_evaluation,106,3.706562565153248,1636.3616602950501,997.9339448069027,61.24596310366981,0.11362039996311069,
w30,78,HGA-budget252,primary_evaluation,107,3.706562565153248,1636.3616602950501,997.9339448069027,61.24596310366981,0.11396209988743067,
w30,78,HGA-budget252,primary_evaluation,108,3.706562565153248,1636.3616602950501,997.9339448069027,61.24596310366981,0.11431299988180399,
w30,78,HGA-budget252,primary_evaluation,109,3.706562565153248,1636.3616602950501,997.9339448069027,61.24596310366981,0.11465099989436567,
w30,78,HGA-budget252,primary_evaluation,110,3.706562565153248,1636.3616602950501,997.9339448069027,61.24596310366981,0.11498769978061318,
w30,78,HGA-budget252,primary_evaluation,111,3.706562565153248,1636.3616602950501,997.9339448069027,61.24596310366981,0.11533649987541139,
w30,78,HGA-budget252,primary_evaluation,112,3.706562565153248,1636.3616602950501,997.9339448069027,61.24596310366981,0.11567349988035858,
w30,78,HGA-budget252,primary_evaluation,113,3.706562565153248,1636.3616602950501,997.9339448069027,61.24596310366981,0.11601729993708432,
w30,78,HGA-budget252,primary_evaluation,114,3.706562565153248,1636.3616602950501,997.9339448069027,61.24596310366981,0.11638709995895624,
w30,78,HGA-budget252,primary_evaluation,115,3.706562565153248,1636.3616602950501,997.9339448069027,61.24596310366981,0.11672819987870753,
w30,78,HGA-budget252,primary_evaluation,116,3.706562565153248,1636.3616602950501,997.9339448069027,61.24596310366981,0.117066599894315,
w30,78,HGA-budget252,primary_evaluation,117,3.706562565153248,1636.3616602950501,997.9339448069027,61.24596310366981,0.11743259988725185,
w30,78,HGA-budget252,primary_evaluation,118,3.706562565153248,1636.3616602950501,997.9339448069027,61.24596310366981,0.11776950000785291,
w30,78,HGA-budget252,primary_evaluation,119,3.706562565153248,1636.3616602950501,997.9339448069027,61.24596310366981,0.11810769978910685,
w30,78,HGA-budget252,primary_evaluation,120,3.706562565153248,1636.3616602950501,997.9339448069027,61.24596310366981,0.11845339997671545,
w30,78,HGA-budget252,primary_evaluation,121,3.706562565153248,1636.3616602950501,997.9339448069027,61.24596310366981,0.11879369989037514,
w30,78,HGA-budget252,primary_evaluation,122,3.706562565153248,1636.3616602950501,997.9339448069027,61.24596310366981,0.11913619982078671,
w30,78,HGA-budget252,primary_evaluation,123,3.706562565153248,1636.3616602950501,997.9339448069027,61.24596310366981,0.11949039995670319,
w30,78,HGA-budget252,primary_evaluation,124,3.706562565153248,1636.3616602950501,997.9339448069027,61.24596310366981,0.1198266998399049,
w30,78,HGA-budget252,primary_evaluation,125,3.706562565153248,1636.3616602950501,997.9339448069027,61.24596310366981,0.1201624998357147,
w30,78,HGA-budget252,primary_evaluation,126,3.706562565153248,1636.3616602950501,997.9339448069027,61.24596310366981,0.1205126999411732,
w30,78,HGA-budget252,primary_evaluation,127,3.706562565153248,1636.3616602950501,997.9339448069027,61.24596310366981,0.12087899981997907,
w30,78,HGA-budget252,primary_evaluation,128,3.706562565153248,1636.3616602950501,997.9339448069027,61.24596310366981,0.12124089989811182,
w30,78,HGA-budget252,primary_evaluation,129,3.706562565153248,1636.3616602950501,997.9339448069027,61.24596310366981,0.12158829998224974,
w30,78,HGA-budget252,primary_evaluation,130,3.706562565153248,1636.3616602950501,997.9339448069027,61.24596310366981,0.12192949978634715,
w30,78,HGA-budget252,primary_evaluation,131,3.706562565153248,1636.3616602950501,997.9339448069027,61.24596310366981,0.12233459996059537,
w30,78,HGA-budget252,primary_evaluation,132,3.706562565153248,1636.3616602950501,997.9339448069027,61.24596310366981,0.12273469986394048,
w30,78,HGA-budget252,primary_evaluation,133,3.706562565153248,1636.3616602950501,997.9339448069027,61.24596310366981,0.12309079989790916,
w30,78,HGA-budget252,primary_evaluation,134,3.706562565153248,1636.3616602950501,997.9339448069027,61.24596310366981,0.12343299994245172,
w30,78,HGA-budget252,primary_evaluation,135,3.706562565153248,1636.3616602950501,997.9339448069027,61.24596310366981,0.1237695999443531,
w30,78,HGA-budget252,primary_evaluation,136,3.706562565153248,1636.3616602950501,997.9339448069027,61.24596310366981,0.1241291998885572,
w30,78,HGA-budget252,primary_evaluation,137,3.706562565153248,1636.3616602950501,997.9339448069027,61.24596310366981,0.12446739990264177,
w30,78,HGA-budget252,primary_evaluation,138,3.706562565153248,1636.3616602950501,997.9339448069027,61.24596310366981,0.12493399996310472,
w30,78,HGA-budget252,primary_evaluation,139,3.706562565153248,1636.3616602950501,997.9339448069027,61.24596310366981,0.12533249985426664,
w30,78,HGA-budget252,primary_evaluation,140,3.706562565153248,1636.3616602950501,997.9339448069027,61.24596310366981,0.12576779979281127,
w30,78,HGA-budget252,primary_evaluation,141,3.706562565153248,1636.3616602950501,997.9339448069027,61.24596310366981,0.12615969986654818,
w30,78,HGA-budget252,primary_evaluation,142,3.706562565153248,1636.3616602950501,997.9339448069027,61.24596310366981,0.12657109997235239,
w30,78,HGA-budget252,primary_evaluation,143,3.706562565153248,1636.3616602950501,997.9339448069027,61.24596310366981,0.12696109991520643,
w30,78,HGA-budget252,primary_evaluation,144,3.706562565153248,1636.3616602950501,997.9339448069027,61.24596310366981,0.12733739987015724,
w30,78,HGA-budget252,primary_evaluation,145,3.706562565153248,1636.3616602950501,997.9339448069027,61.24596310366981,0.12767619988881052,
w30,78,HGA-budget252,primary_evaluation,146,3.706562565153248,1636.3616602950501,997.9339448069027,61.24596310366981,0.12803399981930852,
w30,78,HGA-budget252,primary_evaluation,147,3.706562565153248,1636.3616602950501,997.9339448069027,61.24596310366981,0.1283711998257786,
w30,78,HGA-budget252,primary_evaluation,148,3.706562565153248,1636.3616602950501,997.9339448069027,61.24596310366981,0.12871319986879826,
w30,78,HGA-budget252,primary_evaluation,149,3.706562565153248,1636.3616602950501,997.9339448069027,61.24596310366981,0.12904889998026192,
w30,78,HGA-budget252,primary_evaluation,150,3.706562565153248,1636.3616602950501,997.9339448069027,61.24596310366981,0.1293858999852091,
w30,78,HGA-budget252,primary_evaluation,151,3.706562565153248,1636.3616602950501,997.9339448069027,61.24596310366981,0.12972470000386238,
w30,78,HGA-budget252,primary_evaluation,152,3.706562565153248,1636.3616602950501,997.9339448069027,61.24596310366981,0.13019479997456074,
w30,78,HGA-budget252,primary_evaluation,153,3.706562565153248,1636.3616602950501,997.9339448069027,61.24596310366981,0.13053679978474975,
w30,78,HGA-budget252,primary_evaluation,154,3.706562565153248,1636.3616602950501,997.9339448069027,61.24596310366981,0.1308758999221027,
w30,78,HGA-budget252,primary_evaluation,155,3.706562565153248,1636.3616602950501,997.9339448069027,61.24596310366981,0.13121469994075596,
w30,78,HGA-budget252,primary_evaluation,156,3.706562565153248,1636.3616602950501,997.9339448069027,61.24596310366981,0.13155759987421334,
w30,78,HGA-budget252,primary_evaluation,157,3.706562565153248,1636.3616602950501,997.9339448069027,61.24596310366981,0.1318955000024289,
w30,78,HGA-budget252,primary_evaluation,158,3.706562565153248,1636.3616602950501,997.9339448069027,61.24596310366981,0.1322368998080492,
w30,78,HGA-budget252,primary_evaluation,159,3.706562565153248,1636.3616602950501,997.9339448069027,61.24596310366981,0.1325740998145193,
w30,78,HGA-budget252,primary_evaluation,160,3.706562565153248,1636.3616602950501,997.9339448069027,61.24596310366981,0.1329088998027146,
w30,78,HGA-budget252,primary_evaluation,161,3.706562565153248,1636.3616602950501,997.9339448069027,61.24596310366981,0.13324809982441366,
w30,78,HGA-budget252,primary_evaluation,162,3.706562565153248,1636.3616602950501,997.9339448069027,61.24596310366981,0.13359589991159737,
w30,78,HGA-budget252,primary_evaluation,163,3.706562565153248,1636.3616602950501,997.9339448069027,61.24596310366981,0.1339321997947991,
w30,78,HGA-budget252,primary_evaluation,164,3.706562565153248,1636.3616602950501,997.9339448069027,61.24596310366981,0.1342673997860402,
w30,78,HGA-budget252,primary_evaluation,165,3.706562565153248,1636.3616602950501,997.9339448069027,61.24596310366981,0.13460099999792874,
w30,78,HGA-budget252,primary_evaluation,166,3.706562565153248,1636.3616602950501,997.9339448069027,61.24596310366981,0.13493739999830723,
w30,78,HGA-budget252,primary_evaluation,167,3.706562565153248,1636.3616602950501,997.9339448069027,61.24596310366981,0.13527169986627996,
w30,78,HGA-budget252,primary_evaluation,168,3.706562565153248,1636.3616602950501,997.9339448069027,61.24596310366981,0.13560649985447526,
w30,78,HGA-budget252,primary_evaluation,169,3.706562565153248,1636.3616602950501,997.9339448069027,61.24596310366981,0.13594359997659922,
w30,78,HGA-budget252,primary_evaluation,170,3.706562565153248,1636.3616602950501,997.9339448069027,61.24596310366981,0.136279399972409,
w30,78,HGA-budget252,primary_evaluation,171,3.706562565153248,1636.3616602950501,997.9339448069027,61.24596310366981,0.13661940000019968,
w30,78,HGA-budget252,primary_evaluation,172,3.706562565153248,1636.3616602950501,997.9339448069027,61.24596310366981,0.1369583997875452,
w30,78,HGA-budget252,primary_evaluation,173,3.706562565153248,1636.3616602950501,997.9339448069027,61.24596310366981,0.1372953997924924,
w30,78,HGA-budget252,primary_evaluation,174,3.706562565153248,1636.3616602950501,997.9339448069027,61.24596310366981,0.13763729995116591,
w30,78,HGA-budget252,primary_evaluation,175,3.706562565153248,1636.3616602950501,997.9339448069027,61.24596310366981,0.13813879992812872,
w30,78,HGA-budget252,primary_evaluation,176,3.706562565153248,1636.3616602950501,997.9339448069027,61.24596310366981,0.1391447999048978,
w30,78,HGA-budget252,primary_evaluation,177,3.706562565153248,1636.3616602950501,997.9339448069027,61.24596310366981,0.13950970000587404,
w30,78,HGA-budget252,primary_evaluation,178,3.706562565153248,1636.3616602950501,997.9339448069027,61.24596310366981,0.1398623997811228,
w30,78,HGA-budget252,primary_evaluation,179,3.706562565153248,1636.3616602950501,997.9339448069027,61.24596310366981,0.14020499982871115,
w30,78,HGA-budget252,primary_evaluation,180,3.706562565153248,1636.3616602950501,997.9339448069027,61.24596310366981,0.1405510997865349,
w30,78,HGA-budget252,primary_evaluation,181,3.706562565153248,1636.3616602950501,997.9339448069027,61.24596310366981,0.14089399995282292,
w30,78,HGA-budget252,primary_evaluation,182,3.706562565153248,1636.3616602950501,997.9339448069027,61.24596310366981,0.14123089984059334,
w30,78,HGA-budget252,primary_evaluation,183,3.706562565153248,1636.3616602950501,997.9339448069027,61.24596310366981,0.141709899995476,
w30,78,HGA-budget252,primary_evaluation,184,3.706562565153248,1636.3616602950501,997.9339448069027,61.24596310366981,0.14206549990922213,
w30,78,HGA-budget252,primary_evaluation,185,3.706562565153248,1636.3616602950501,997.9339448069027,61.24596310366981,0.1424097998533398,
w30,78,HGA-budget252,primary_evaluation,186,3.706562565153248,1636.3616602950501,997.9339448069027,61.24596310366981,0.14275579992681742,
w30,78,HGA-budget252,primary_evaluation,187,3.706562565153248,1636.3616602950501,997.9339448069027,61.24596310366981,0.14309039991348982,
w30,78,HGA-budget252,primary_evaluation,188,3.706562565153248,1636.3616602950501,997.9339448069027,61.24596310366981,0.143427399918437,
w30,78,HGA-budget252,primary_evaluation,189,3.706562565153248,1636.3616602950501,997.9339448069027,61.24596310366981,0.14376599993556738,
w30,78,HGA-budget252,primary_evaluation,190,3.706562565153248,1636.3616602950501,997.9339448069027,61.24596310366981,0.1441006998065859,
w30,78,HGA-budget252,primary_evaluation,191,3.706562565153248,1636.3616602950501,997.9339448069027,61.24596310366981,0.14444519998505712,
w30,78,HGA-budget252,primary_evaluation,192,3.706562565153248,1636.3616602950501,997.9339448069027,61.24596310366981,0.1447844000067562,
w30,78,HGA-budget252,primary_evaluation,193,3.706562565153248,1636.3616602950501,997.9339448069027,61.24596310366981,0.1451198998838663,
w30,78,HGA-budget252,primary_evaluation,194,3.706562565153248,1636.3616602950501,997.9339448069027,61.24596310366981,0.1454548998735845,
w30,78,HGA-budget252,primary_evaluation,195,3.706562565153248,1636.3616602950501,997.9339448069027,61.24596310366981,0.14579099998809397,
w30,78,HGA-budget252,primary_evaluation,196,3.706562565153248,1636.3616602950501,997.9339448069027,61.24596310366981,0.14613020000979304,
w30,78,HGA-budget252,primary_evaluation,197,3.706562565153248,1636.3616602950501,997.9339448069027,61.24596310366981,0.14647109992802143,
w30,78,HGA-budget252,primary_evaluation,198,3.706562565153248,1636.3616602950501,997.9339448069027,61.24596310366981,0.14683929993771017,
w30,78,HGA-budget252,primary_evaluation,199,3.706562565153248,1636.3616602950501,997.9339448069027,61.24596310366981,0.14717869996093214,
w30,78,HGA-budget252,primary_evaluation,200,3.706562565153248,1636.3616602950501,997.9339448069027,61.24596310366981,0.14751329994760454,
w30,78,HGA-budget252,primary_evaluation,201,3.706562565153248,1636.3616602950501,997.9339448069027,61.24596310366981,0.14785159984603524,
w30,78,HGA-budget252,primary_evaluation,202,3.706562565153248,1636.3616602950501,997.9339448069027,61.24596310366981,0.14819129998795688,
w30,78,HGA-budget252,primary_evaluation,203,3.706562565153248,1636.3616602950501,997.9339448069027,61.24596310366981,0.14853119989857078,
w30,78,HGA-budget252,primary_evaluation,204,3.706562565153248,1636.3616602950501,997.9339448069027,61.24596310366981,0.14893929986283183,
w30,78,HGA-budget252,primary_evaluation,205,3.706562565153248,1636.3616602950501,997.9339448069027,61.24596310366981,0.14931439980864525,
w30,78,HGA-budget252,primary_evaluation,206,3.706562565153248,1636.3616602950501,997.9339448069027,61.24596310366981,0.1496898999903351,
w30,78,HGA-budget252,primary_evaluation,207,3.706562565153248,1636.3616602950501,997.9339448069027,61.24596310366981,0.15006589982658625,
w30,78,HGA-budget252,primary_evaluation,208,3.7021902386590995,1636.3616602950501,993.5329189833185,62.126168268386635,0.15043429983779788,
w30,78,HGA-budget252,primary_evaluation,209,3.7021902386590995,1636.3616602950501,993.5329189833185,62.126168268386635,0.15355749987065792,
w30,78,HGA-budget252,primary_evaluation,210,3.7021902386590995,1636.3616602950501,993.5329189833185,62.126168268386635,0.15399419981986284,
w30,78,HGA-budget252,primary_evaluation,211,3.7021902386590995,1636.3616602950501,993.5329189833185,62.126168268386635,0.15433859988115728,
w30,78,HGA-budget252,primary_evaluation,212,3.7021902386590995,1636.3616602950501,993.5329189833185,62.126168268386635,0.15468319994397461,
w30,78,HGA-budget252,primary_evaluation,213,3.7021902386590995,1636.3616602950501,993.5329189833185,62.126168268386635,0.15502109983935952,
w30,78,HGA-budget252,primary_evaluation,214,3.7021902386590995,1636.3616602950501,993.5329189833185,62.126168268386635,0.15535999997518957,
w30,78,HGA-budget252,primary_evaluation,215,3.7021902386590995,1636.3616602950501,993.5329189833185,62.126168268386635,0.15569889987818897,
w30,78,HGA-budget252,primary_evaluation,216,3.7021902386590995,1636.3616602950501,993.5329189833185,62.126168268386635,0.15603239997290075,
w30,78,HGA-budget252,primary_evaluation,217,3.7021902386590995,1636.3616602950501,993.5329189833185,62.126168268386635,0.15636559994891286,
w30,78,HGA-budget252,primary_evaluation,218,3.7021902386590995,1636.3616602950501,993.5329189833185,62.126168268386635,0.15670399996452034,
w30,78,HGA-budget252,primary_evaluation,219,3.7021902386590995,1636.3616602950501,993.5329189833185,62.126168268386635,0.15704009984619915,
w30,78,HGA-budget252,primary_evaluation,220,3.7021902386590995,1636.3616602950501,993.5329189833185,62.126168268386635,0.15737479995004833,
w30,78,HGA-budget252,primary_evaluation,221,3.7021902386590995,1636.3616602950501,993.5329189833185,62.126168268386635,0.15772129991091788,
w30,78,HGA-budget252,primary_evaluation,222,3.7021902386590995,1636.3616602950501,993.5329189833185,62.126168268386635,0.15818329993635416,
w30,78,HGA-budget252,primary_evaluation,223,3.7021902386590995,1636.3616602950501,993.5329189833185,62.126168268386635,0.1586592998355627,
w30,78,HGA-budget252,primary_evaluation,224,3.7021902386590995,1636.3616602950501,993.5329189833185,62.126168268386635,0.1590483000036329,
w30,78,HGA-budget252,primary_evaluation,225,3.7021902386590995,1636.3616602950501,993.5329189833185,62.126168268386635,0.1594341997988522,
w30,78,HGA-budget252,primary_evaluation,226,3.7021902386590995,1636.3616602950501,993.5329189833185,62.126168268386635,0.15980109991505742,
w30,78,HGA-budget252,primary_evaluation,227,3.7021902386590995,1636.3616602950501,993.5329189833185,62.126168268386635,0.16016569989733398,
w30,78,HGA-budget252,primary_evaluation,228,3.7021902386590995,1636.3616602950501,993.5329189833185,62.126168268386635,0.1605202998034656,
w30,78,HGA-budget252,primary_evaluation,229,3.7021902386590995,1636.3616602950501,993.5329189833185,62.126168268386635,0.1608527998905629,
w30,78,HGA-budget252,primary_evaluation,230,3.7021902386590995,1636.3616602950501,993.5329189833185,62.126168268386635,0.16118489997461438,
w30,78,HGA-budget252,primary_evaluation,231,3.7021902386590995,1636.3616602950501,993.5329189833185,62.126168268386635,0.1615184999536723,
w30,78,HGA-budget252,primary_evaluation,232,3.7021902386590995,1636.3616602950501,993.5329189833185,62.126168268386635,0.16185059980489314,
w30,78,HGA-budget252,primary_evaluation,233,3.7021902386590995,1636.3616602950501,993.5329189833185,62.126168268386635,0.16218859981745481,
w30,78,HGA-budget252,primary_evaluation,234,3.7021902386590995,1636.3616602950501,993.5329189833185,62.126168268386635,0.162523599807173,
w30,78,HGA-budget252,primary_evaluation,235,3.7021902386590995,1636.3616602950501,993.5329189833185,62.126168268386635,0.1628613998182118,
w30,78,HGA-budget252,primary_evaluation,236,3.7021902386590995,1636.3616602950501,993.5329189833185,62.126168268386635,0.16320009995251894,
w30,78,HGA-budget252,primary_evaluation,237,3.7021902386590995,1636.3616602950501,993.5329189833185,62.126168268386635,0.16353619983419776,
w30,78,HGA-budget252,primary_evaluation,238,3.7021902386590995,1636.3616602950501,993.5329189833185,62.126168268386635,0.16387179982848465,
w30,78,HGA-budget252,primary_evaluation,239,3.7021902386590995,1636.3616602950501,993.5329189833185,62.126168268386635,0.1642141998745501,
w30,78,HGA-budget252,primary_evaluation,240,3.7021902386590995,1636.3616602950501,993.5329189833185,62.126168268386635,0.1645481998566538,
w30,78,HGA-budget252,primary_evaluation,241,3.7021902386590995,1636.3616602950501,993.5329189833185,62.126168268386635,0.16488099982962012,
w30,78,HGA-budget252,primary_evaluation,242,3.7021902386590995,1636.3616602950501,993.5329189833185,62.126168268386635,0.16522919991984963,
w30,78,HGA-budget252,primary_evaluation,243,3.7021902386590995,1636.3616602950501,993.5329189833185,62.126168268386635,0.16556599992327392,
w30,78,HGA-budget252,primary_evaluation,244,3.7021902386590995,1636.3616602950501,993.5329189833185,62.126168268386635,0.16589979990385473,
w30,78,HGA-budget252,primary_evaluation,245,3.7021902386590995,1636.3616602950501,993.5329189833185,62.126168268386635,0.16623569978401065,
w30,78,HGA-budget252,primary_evaluation,246,3.7021902386590995,1636.3616602950501,993.5329189833185,62.126168268386635,0.1665703000035137,
w30,78,HGA-budget252,primary_evaluation,247,3.7021902386590995,1636.3616602950501,993.5329189833185,62.126168268386635,0.1669056999962777,
w30,78,HGA-budget252,primary_evaluation,248,3.7021902386590995,1636.3616602950501,993.5329189833185,62.126168268386635,0.1672411998733878,
w30,78,HGA-budget252,primary_evaluation,249,3.7021902386590995,1636.3616602950501,993.5329189833185,62.126168268386635,0.16757970000617206,
w30,78,HGA-budget252,primary_evaluation,250,3.7021902386590995,1636.3616602950501,993.5329189833185,62.126168268386635,0.1679184997919947,
w30,78,HGA-budget252,primary_evaluation,251,3.7021902386590995,1636.3616602950501,993.5329189833185,62.126168268386635,0.1682654998730868,
w30,78,HGA-budget252,primary_evaluation,252,3.7021902386590995,1636.3616602950501,993.5329189833185,62.126168268386635,0.16860380000434816,
w30,78,HGA-budget252,generation_boundary,12,3.7167385932436883,,,,,0
w30,79,ABMA20,primary_evaluation,1,3.5926580644365593,1619.0983594019117,973.787792005442,56.54642750731883,0.059534200001508,
w30,79,ABMA20,primary_evaluation,2,1.0928454210031089,1269.308863646738,215.2955015693176,64.46737412925695,0.10486650001257658,
w30,79,ABMA20,primary_evaluation,3,1.0928454210031089,1269.308863646738,215.2955015693176,64.46737412925695,0.43366670003160834,
w30,79,ABMA20,primary_evaluation,4,1.0928454210031089,1269.308863646738,215.2955015693176,64.46737412925695,0.6500604001339525,
w30,79,ABMA20,primary_evaluation,5,1.0928454210031089,1269.308863646738,215.2955015693176,64.46737412925695,0.7638230000156909,
w30,79,ABMA20,primary_evaluation,6,1.0928454210031089,1269.308863646738,215.2955015693176,64.46737412925695,0.839083099970594,
w30,79,ABMA20,primary_evaluation,7,1.0928454210031089,1269.308863646738,215.2955015693176,64.46737412925695,0.8799921001773328,
w30,79,ABMA20,primary_evaluation,8,1.0928454210031089,1269.308863646738,215.2955015693176,64.46737412925695,0.9192394001875073,
w30,79,ABMA20,primary_evaluation,9,1.0928454210031089,1269.308863646738,215.2955015693176,64.46737412925695,1.019982700003311,
w30,79,ABMA20,primary_evaluation,10,1.0928454210031089,1269.308863646738,215.2955015693176,64.46737412925695,1.2215913000982255,
w30,79,ABMA20,primary_evaluation,11,1.0928454210031089,1269.308863646738,215.2955015693176,64.46737412925695,1.481162799987942,
w30,79,ABMA20,primary_evaluation,12,1.0928454210031089,1269.308863646738,215.2955015693176,64.46737412925695,1.7464495999738574,
w30,79,ABMA20,primary_evaluation,13,1.0928454210031089,1269.308863646738,215.2955015693176,64.46737412925695,1.7886686001438648,
w30,79,ABMA20,primary_evaluation,14,1.0928454210031089,1269.308863646738,215.2955015693176,64.46737412925695,1.9691217001527548,
w30,79,ABMA20,primary_evaluation,15,1.0928454210031089,1269.308863646738,215.2955015693176,64.46737412925695,2.069292100146413,
w30,79,ABMA20,primary_evaluation,16,1.0928454210031089,1269.308863646738,215.2955015693176,64.46737412925695,2.106091700028628,
w30,79,ABMA20,primary_evaluation,17,1.0928454210031089,1269.308863646738,215.2955015693176,64.46737412925695,2.204730600118637,
w30,79,ABMA20,primary_evaluation,18,1.0928454210031089,1269.308863646738,215.2955015693176,64.46737412925695,2.4381271000020206,
w30,79,ABMA20,primary_evaluation,19,1.0928454210031089,1269.308863646738,215.2955015693176,64.46737412925695,2.515662900172174,
w30,79,ABMA20,primary_evaluation,20,1.0928454210031089,1269.308863646738,215.2955015693176,64.46737412925695,2.5570215000770986,
w30,79,ABMA20,primary_evaluation,21,1.0928454210031089,1269.308863646738,215.2955015693176,64.46737412925695,2.607366800075397,
w30,79,ABMA20,primary_evaluation,22,1.0928454210031089,1269.308863646738,215.2955015693176,64.46737412925695,2.851317400112748,
w30,79,ABMA20,primary_evaluation,23,1.0928454210031089,1269.308863646738,215.2955015693176,64.46737412925695,3.119181100046262,
w30,79,ABMA20,primary_evaluation,24,1.0928454210031089,1269.308863646738,215.2955015693176,64.46737412925695,3.348863300168887,
w30,79,ABMA20,primary_evaluation,25,1.0928454210031089,1269.308863646738,215.2955015693176,64.46737412925695,3.432324100052938,
w30,79,ABMA20,primary_evaluation,26,1.0928454210031089,1269.308863646738,215.2955015693176,64.46737412925695,3.5024799001403153,
w30,79,ABMA20,primary_evaluation,27,1.0928454210031089,1269.308863646738,215.2955015693176,64.46737412925695,3.61714500002563,
w30,79,ABMA20,primary_evaluation,28,1.0928454210031089,1269.308863646738,215.2955015693176,64.46737412925695,3.729753900086507,
w30,79,ABMA20,primary_evaluation,29,1.0928454210031089,1269.308863646738,215.2955015693176,64.46737412925695,3.8202687001321465,
w30,79,ABMA20,primary_evaluation,30,1.0928454210031089,1269.308863646738,215.2955015693176,64.46737412925695,4.097921000095084,
w30,79,ABMA20,primary_evaluation,31,1.0928454210031089,1269.308863646738,215.2955015693176,64.46737412925695,4.274086100049317,
w30,79,ABMA20,primary_evaluation,32,1.0928454210031089,1269.308863646738,215.2955015693176,64.46737412925695,4.3299581001047045,
w30,79,ABMA20,primary_evaluation,33,1.0928454210031089,1269.308863646738,215.2955015693176,64.46737412925695,4.410106800030917,
w30,79,ABMA20,primary_evaluation,34,1.0928454210031089,1269.308863646738,215.2955015693176,64.46737412925695,4.754806200042367,
w30,79,ABMA20,primary_evaluation,35,1.0928454210031089,1269.308863646738,215.2955015693176,64.46737412925695,5.183206200134009,
w30,79,ABMA20,primary_evaluation,36,1.0928454210031089,1269.308863646738,215.2955015693176,64.46737412925695,5.2652698000893,
w30,79,ABMA20,primary_evaluation,37,1.0928454210031089,1269.308863646738,215.2955015693176,64.46737412925695,5.323774800170213,
w30,79,ABMA20,primary_evaluation,38,1.0928454210031089,1269.308863646738,215.2955015693176,64.46737412925695,5.4017618000507355,
w30,79,ABMA20,primary_evaluation,39,1.0928454210031089,1269.308863646738,215.2955015693176,64.46737412925695,5.46847359999083,
w30,79,ABMA20,primary_evaluation,40,1.0928454210031089,1269.308863646738,215.2955015693176,64.46737412925695,5.535469700116664,
w30,79,ABMA20,primary_evaluation,41,1.0928454210031089,1269.308863646738,215.2955015693176,64.46737412925695,5.684462900040671,
w30,79,ABMA20,primary_evaluation,42,1.0928454210031089,1269.308863646738,215.2955015693176,64.46737412925695,5.794654299970716,
w30,79,ABMA20,primary_evaluation,43,1.0928454210031089,1269.308863646738,215.2955015693176,64.46737412925695,5.997457700083032,
w30,79,ABMA20,primary_evaluation,44,1.0928454210031089,1269.308863646738,215.2955015693176,64.46737412925695,6.279578800080344,
w30,79,ABMA20,primary_evaluation,45,1.0928454210031089,1269.308863646738,215.2955015693176,64.46737412925695,6.781319900183007,
w30,79,ABMA20,primary_evaluation,46,1.0928454210031089,1269.308863646738,215.2955015693176,64.46737412925695,7.332406200002879,
w30,79,ABMA20,primary_evaluation,47,1.0928454210031089,1269.308863646738,215.2955015693176,64.46737412925695,7.505088499980047,
w30,79,ABMA20,primary_evaluation,48,1.0928454210031089,1269.308863646738,215.2955015693176,64.46737412925695,7.630750600015745,
w30,79,ABMA20,primary_evaluation,49,1.0928454210031089,1269.308863646738,215.2955015693176,64.46737412925695,7.72190530016087,
w30,79,ABMA20,primary_evaluation,50,1.0928454210031089,1269.308863646738,215.2955015693176,64.46737412925695,7.817298599984497,
w30,79,ABMA20,primary_evaluation,51,1.0928454210031089,1269.308863646738,215.2955015693176,64.46737412925695,8.024350000079721,
w30,79,ABMA20,primary_evaluation,52,1.0928454210031089,1269.308863646738,215.2955015693176,64.46737412925695,8.62323520006612,
w30,79,ABMA20,primary_evaluation,53,1.0928454210031089,1269.308863646738,215.2955015693176,64.46737412925695,8.867322799982503,
w30,79,ABMA20,primary_evaluation,54,1.0928454210031089,1269.308863646738,215.2955015693176,64.46737412925695,9.065151700051501,
w30,79,ABMA20,primary_evaluation,55,1.0928454210031089,1269.308863646738,215.2955015693176,64.46737412925695,9.179143500048667,
w30,79,ABMA20,primary_evaluation,56,1.0928454210031089,1269.308863646738,215.2955015693176,64.46737412925695,9.366349800024182,
w30,79,ABMA20,primary_evaluation,57,1.0928454210031089,1269.308863646738,215.2955015693176,64.46737412925695,9.481636899989098,
w30,79,ABMA20,primary_evaluation,58,1.0928454210031089,1269.308863646738,215.2955015693176,64.46737412925695,10.222023300128058,
w30,79,ABMA20,primary_evaluation,59,1.0928454210031089,1269.308863646738,215.2955015693176,64.46737412925695,10.343966200016439,
w30,79,ABMA20,primary_evaluation,60,1.0928454210031089,1269.308863646738,215.2955015693176,64.46737412925695,10.550670400029048,
w30,79,ABMA20,primary_evaluation,61,1.0928454210031089,1269.308863646738,215.2955015693176,64.46737412925695,10.653999299975112,
w30,79,ABMA20,primary_evaluation,62,1.0928454210031089,1269.308863646738,215.2955015693176,64.46737412925695,10.778496300103143,
w30,79,ABMA20,primary_evaluation,63,1.0928454210031089,1269.308863646738,215.2955015693176,64.46737412925695,10.881271400023252,
w30,79,ABMA20,primary_evaluation,64,1.0928454210031089,1269.308863646738,215.2955015693176,64.46737412925695,11.581805000081658,
w30,79,ABMA20,primary_evaluation,65,1.0928454210031089,1269.308863646738,215.2955015693176,64.46737412925695,11.81434310018085,
w30,79,ABMA20,primary_evaluation,66,1.0928454210031089,1269.308863646738,215.2955015693176,64.46737412925695,12.049334000097588,
w30,79,ABMA20,primary_evaluation,67,1.0928454210031089,1269.308863646738,215.2955015693176,64.46737412925695,12.598602900048718,
w30,79,ABMA20,primary_evaluation,68,1.0928454210031089,1269.308863646738,215.2955015693176,64.46737412925695,12.69233650015667,
w30,79,ABMA20,primary_evaluation,69,1.0928454210031089,1269.308863646738,215.2955015693176,64.46737412925695,12.857344500022009,
w30,79,ABMA20,primary_evaluation,70,1.0928454210031089,1269.308863646738,215.2955015693176,64.46737412925695,12.955955000128597,
w30,79,ABMA20,primary_evaluation,71,1.0928454210031089,1269.308863646738,215.2955015693176,64.46737412925695,13.324031100142747,
w30,79,ABMA20,primary_evaluation,72,1.0928454210031089,1269.308863646738,215.2955015693176,64.46737412925695,13.416430300101638,
w30,79,ABMA20,primary_evaluation,73,1.0928454210031089,1269.308863646738,215.2955015693176,64.46737412925695,13.853265500161797,
w30,79,ABMA20,primary_evaluation,74,1.0001570802661433,1257.221489660055,172.80342792828242,74.43278392485146,13.956612600013614,
w30,79,ABMA20,primary_evaluation,75,1.0001570802661433,1257.221489660055,172.80342792828242,74.43278392485146,14.469135200139135,
w30,79,ABMA20,primary_evaluation,76,1.0001570802661433,1257.221489660055,172.80342792828242,74.43278392485146,14.546465100022033,
w30,79,ABMA20,primary_evaluation,77,1.0001570802661433,1257.221489660055,172.80342792828242,74.43278392485146,14.78904280019924,
w30,79,ABMA20,primary_evaluation,78,1.0001570802661433,1257.221489660055,172.80342792828242,74.43278392485146,15.040733800036833,
w30,79,ABMA20,primary_evaluation,79,1.0001570802661433,1257.221489660055,172.80342792828242,74.43278392485146,15.271966099971905,
w30,79,ABMA20,primary_evaluation,80,1.0001570802661433,1257.221489660055,172.80342792828242,74.43278392485146,15.36150460015051,
w30,79,ABMA20,primary_evaluation,81,1.0001570802661433,1257.221489660055,172.80342792828242,74.43278392485146,15.476748700020835,
w30,79,ABMA20,primary_evaluation,82,1.0001570802661433,1257.221489660055,172.80342792828242,74.43278392485146,16.06166350003332,
w30,79,ABMA20,primary_evaluation,83,1.0001570802661433,1257.221489660055,172.80342792828242,74.43278392485146,16.27995580015704,
w30,79,ABMA20,primary_evaluation,84,1.0001570802661433,1257.221489660055,172.80342792828242,74.43278392485146,16.371395900147036,
w30,79,ABMA20,primary_evaluation,85,1.0001570802661433,1257.221489660055,172.80342792828242,74.43278392485146,16.48456160002388,
w30,79,ABMA20,primary_evaluation,86,1.0001570802661433,1257.221489660055,172.80342792828242,74.43278392485146,16.709426500136033,
w30,79,ABMA20,primary_evaluation,87,1.0001570802661433,1257.221489660055,172.80342792828242,74.43278392485146,16.8165763001889,
w30,79,ABMA20,primary_evaluation,88,1.0001570802661433,1257.221489660055,172.80342792828242,74.43278392485146,16.954587100073695,
w30,79,ABMA20,primary_evaluation,89,1.0001570802661433,1257.221489660055,172.80342792828242,74.43278392485146,17.214561300119385,
w30,79,ABMA20,primary_evaluation,90,1.0001570802661433,1257.221489660055,172.80342792828242,74.43278392485146,17.323512500151992,
w30,79,ABMA20,primary_evaluation,91,1.0001570802661433,1257.221489660055,172.80342792828242,74.43278392485146,17.454039300093427,
w30,79,ABMA20,primary_evaluation,92,1.0001570802661433,1257.221489660055,172.80342792828242,74.43278392485146,17.576975699979812,
w30,79,ABMA20,primary_evaluation,93,1.0001570802661433,1257.221489660055,172.80342792828242,74.43278392485146,17.676573400152847,
w30,79,ABMA20,primary_evaluation,94,1.0001570802661433,1257.221489660055,172.80342792828242,74.43278392485146,17.82805070001632,
w30,79,ABMA20,primary_evaluation,95,1.0001570802661433,1257.221489660055,172.80342792828242,74.43278392485146,18.085940400138497,
w30,79,ABMA20,primary_evaluation,96,1.0001570802661433,1257.221489660055,172.80342792828242,74.43278392485146,18.219292500056326,
w30,79,ABMA20,primary_evaluation,97,1.0001570802661433,1257.221489660055,172.80342792828242,74.43278392485146,18.417141100158915,
w30,79,ABMA20,primary_evaluation,98,1.0001570802661433,1257.221489660055,172.80342792828242,74.43278392485146,18.534280400024727,
w30,79,ABMA20,primary_evaluation,99,1.0001570802661433,1257.221489660055,172.80342792828242,74.43278392485146,18.602339999983087,
w30,79,ABMA20,primary_evaluation,100,1.0001570802661433,1257.221489660055,172.80342792828242,74.43278392485146,18.81863800017163,
w30,79,ABMA20,primary_evaluation,101,1.0001570802661433,1257.221489660055,172.80342792828242,74.43278392485146,18.92418189998716,
w30,79,ABMA20,primary_evaluation,102,1.0001570802661433,1257.221489660055,172.80342792828242,74.43278392485146,19.00682820007205,
w30,79,ABMA20,primary_evaluation,103,1.0001570802661433,1257.221489660055,172.80342792828242,74.43278392485146,19.21029130020179,
w30,79,ABMA20,primary_evaluation,104,1.0001570802661433,1257.221489660055,172.80342792828242,74.43278392485146,19.31668320018798,
w30,79,ABMA20,primary_evaluation,105,1.0001570802661433,1257.221489660055,172.80342792828242,74.43278392485146,19.415276100160554,
w30,79,ABMA20,primary_evaluation,106,1.0001570802661433,1257.221489660055,172.80342792828242,74.43278392485146,19.52041390002705,
w30,79,ABMA20,primary_evaluation,107,1.0001570802661433,1257.221489660055,172.80342792828242,74.43278392485146,19.746683900011703,
w30,79,ABMA20,primary_evaluation,108,1.0001570802661433,1257.221489660055,172.80342792828242,74.43278392485146,19.81510810018517,
w30,79,ABMA20,primary_evaluation,109,1.0001570802661433,1257.221489660055,172.80342792828242,74.43278392485146,19.906847100006416,
w30,79,ABMA20,primary_evaluation,110,1.0001570802661433,1257.221489660055,172.80342792828242,74.43278392485146,20.135237500071526,
w30,79,ABMA20,primary_evaluation,111,1.0001570802661433,1257.221489660055,172.80342792828242,74.43278392485146,20.63514060014859,
w30,79,ABMA20,primary_evaluation,112,1.0001570802661433,1257.221489660055,172.80342792828242,74.43278392485146,20.749531300039962,
w30,79,ABMA20,primary_evaluation,113,1.0001570802661433,1257.221489660055,172.80342792828242,74.43278392485146,20.982165100052953,
w30,79,ABMA20,primary_evaluation,114,1.0001570802661433,1257.221489660055,172.80342792828242,74.43278392485146,21.089060800150037,
w30,79,ABMA20,primary_evaluation,115,1.0001570802661433,1257.221489660055,172.80342792828242,74.43278392485146,21.333303700201213,
w30,79,ABMA20,primary_evaluation,116,1.0001570802661433,1257.221489660055,172.80342792828242,74.43278392485146,21.536814900115132,
w30,79,ABMA20,primary_evaluation,117,1.0001570802661433,1257.221489660055,172.80342792828242,74.43278392485146,21.800318600144237,
w30,79,ABMA20,primary_evaluation,118,1.0001570802661433,1257.221489660055,172.80342792828242,74.43278392485146,21.89222120004706,
w30,79,ABMA20,primary_evaluation,119,1.0001570802661433,1257.221489660055,172.80342792828242,74.43278392485146,22.12660070019774,
w30,79,ABMA20,primary_evaluation,120,1.0001570802661433,1257.221489660055,172.80342792828242,74.43278392485146,22.39436660008505,
w30,79,ABMA20,primary_evaluation,121,1.0001570802661433,1257.221489660055,172.80342792828242,74.43278392485146,22.652418700046837,
w30,79,ABMA20,primary_evaluation,122,0.9750569563067326,1255.508657786173,158.15842011194354,75.35409696465497,22.863821899984032,
w30,79,ABMA20,primary_evaluation,123,0.9750569563067326,1255.508657786173,158.15842011194354,75.35409696465497,22.92486680019647,
w30,79,ABMA20,primary_evaluation,124,0.9750569563067326,1255.508657786173,158.15842011194354,75.35409696465497,23.470519500086084,
w30,79,ABMA20,primary_evaluation,125,0.9750569563067326,1255.508657786173,158.15842011194354,75.35409696465497,23.67294600000605,
w30,79,ABMA20,primary_evaluation,126,0.9750569563067326,1255.508657786173,158.15842011194354,75.35409696465497,23.798331000143662,
w30,79,ABMA20,primary_evaluation,127,0.9750569563067326,1255.508657786173,158.15842011194354,75.35409696465497,23.93109710002318,
w30,79,ABMA20,primary_evaluation,128,0.9750569563067326,1255.508657786173,158.15842011194354,75.35409696465497,24.024638700066134,
w30,79,ABMA20,primary_evaluation,129,0.9750569563067326,1255.508657786173,158.15842011194354,75.35409696465497,24.1587567999959,
w30,79,ABMA20,primary_evaluation,130,0.9750569563067326,1255.508657786173,158.15842011194354,75.35409696465497,24.225936000002548,
w30,79,ABMA20,primary_evaluation,131,0.9750569563067326,1255.508657786173,158.15842011194354,75.35409696465497,24.342550500063226,
w30,79,ABMA20,primary_evaluation,132,0.9750569563067326,1255.508657786173,158.15842011194354,75.35409696465497,24.559091300005093,
w30,79,ABMA20,primary_evaluation,133,0.9750569563067326,1255.508657786173,158.15842011194354,75.35409696465497,24.704208800103515,
w30,79,ABMA20,primary_evaluation,134,0.9750569563067326,1255.508657786173,158.15842011194354,75.35409696465497,24.956296000164002,
w30,79,ABMA20,primary_evaluation,135,0.9750569563067326,1255.508657786173,158.15842011194354,75.35409696465497,25.633034800179303,
w30,79,ABMA20,primary_evaluation,136,0.9750569563067326,1255.508657786173,158.15842011194354,75.35409696465497,25.836318999994546,
w30,79,ABMA20,primary_evaluation,137,0.9750569563067326,1255.508657786173,158.15842011194354,75.35409696465497,25.940099800005555,
w30,79,ABMA20,primary_evaluation,138,0.9750569563067326,1255.508657786173,158.15842011194354,75.35409696465497,26.144910000031814,
w30,79,ABMA20,primary_evaluation,139,0.9750569563067326,1255.508657786173,158.15842011194354,75.35409696465497,26.244681500131264,
w30,79,ABMA20,primary_evaluation,140,0.9750569563067326,1255.508657786173,158.15842011194354,75.35409696465497,26.336385200032964,
w30,79,ABMA20,primary_evaluation,141,0.9750569563067326,1255.508657786173,158.15842011194354,75.35409696465497,26.4159005000256,
w30,79,ABMA20,primary_evaluation,142,0.9750569563067326,1255.508657786173,158.15842011194354,75.35409696465497,26.499625600175932,
w30,79,ABMA20,primary_evaluation,143,0.9750569563067326,1255.508657786173,158.15842011194354,75.35409696465497,26.640513600083068,
w30,79,ABMA20,primary_evaluation,144,0.9750569563067326,1255.508657786173,158.15842011194354,75.35409696465497,26.752329100156203,
w30,79,ABMA20,primary_evaluation,145,0.9750569563067326,1255.508657786173,158.15842011194354,75.35409696465497,26.83310559997335,
w30,79,ABMA20,primary_evaluation,146,0.9750569563067326,1255.508657786173,158.15842011194354,75.35409696465497,27.022263100137934,
w30,79,ABMA20,primary_evaluation,147,0.9750569563067326,1255.508657786173,158.15842011194354,75.35409696465497,27.719123300164938,
w30,79,ABMA20,primary_evaluation,148,0.9750569563067326,1255.508657786173,158.15842011194354,75.35409696465497,27.916883600177243,
w30,79,ABMA20,primary_evaluation,149,0.9750569563067326,1255.508657786173,158.15842011194354,75.35409696465497,28.06349300011061,
w30,79,ABMA20,primary_evaluation,150,0.9750569563067326,1255.508657786173,158.15842011194354,75.35409696465497,28.21125080017373,
w30,79,ABMA20,primary_evaluation,151,0.9750569563067326,1255.508657786173,158.15842011194354,75.35409696465497,28.360616700025275,
w30,79,ABMA20,primary_evaluation,152,0.9750569563067326,1255.508657786173,158.15842011194354,75.35409696465497,28.47733800020069,
w30,79,ABMA20,primary_evaluation,153,0.9750569563067326,1255.508657786173,158.15842011194354,75.35409696465497,28.583543200045824,
w30,79,ABMA20,primary_evaluation,154,0.9750569563067326,1255.508657786173,158.15842011194354,75.35409696465497,28.663933700183406,
w30,79,ABMA20,primary_evaluation,155,0.9750569563067326,1255.508657786173,158.15842011194354,75.35409696465497,28.90752930007875,
w30,79,ABMA20,primary_evaluation,156,0.9750569563067326,1255.508657786173,158.15842011194354,75.35409696465497,29.045569600071758,
w30,79,ABMA20,primary_evaluation,157,0.9519457459288567,1262.7126756110042,102.08091308711755,87.33738105529267,29.247802700148895,
w30,79,ABMA20,primary_evaluation,158,0.9519457459288567,1262.7126756110042,102.08091308711755,87.33738105529267,29.35199370002374,
w30,79,ABMA20,primary_evaluation,159,0.9519457459288567,1262.7126756110042,102.08091308711755,87.33738105529267,29.48160280007869,
w30,79,ABMA20,primary_evaluation,160,0.9519457459288567,1262.7126756110042,102.08091308711755,87.33738105529267,29.58680810010992,
w30,79,ABMA20,primary_evaluation,161,0.9519457459288567,1262.7126756110042,102.08091308711755,87.33738105529267,29.7469460000284,
w30,79,ABMA20,primary_evaluation,162,0.9519457459288567,1262.7126756110042,102.08091308711755,87.33738105529267,29.886439200025052,
w30,79,ABMA20,primary_evaluation,163,0.9519457459288567,1262.7126756110042,102.08091308711755,87.33738105529267,30.081263800151646,
w30,79,ABMA20,primary_evaluation,164,0.9519457459288567,1262.7126756110042,102.08091308711755,87.33738105529267,30.240963499993086,
w30,79,ABMA20,primary_evaluation,165,0.9519457459288567,1262.7126756110042,102.08091308711755,87.33738105529267,30.43784869997762,
w30,79,ABMA20,primary_evaluation,166,0.9519457459288567,1262.7126756110042,102.08091308711755,87.33738105529267,30.550925200106576,
w30,79,ABMA20,primary_evaluation,167,0.9519457459288567,1262.7126756110042,102.08091308711755,87.33738105529267,30.77141340007074,
w30,79,ABMA20,primary_evaluation,168,0.9519457459288567,1262.7126756110042,102.08091308711755,87.33738105529267,30.906950799981132,
w30,79,ABMA20,primary_evaluation,169,0.801517932662727,1247.2595325907428,25.21126639821432,98.3725889854601,31.113689200021327,
w30,79,ABMA20,primary_evaluation,170,0.801517932662727,1247.2595325907428,25.21126639821432,98.3725889854601,31.312153900042176,
w30,79,ABMA20,primary_evaluation,171,0.801517932662727,1247.2595325907428,25.21126639821432,98.3725889854601,31.424432100029662,
w30,79,ABMA20,primary_evaluation,172,0.801517932662727,1247.2595325907428,25.21126639821432,98.3725889854601,31.537167800124735,
w30,79,ABMA20,primary_evaluation,173,0.801517932662727,1247.2595325907428,25.21126639821432,98.3725889854601,31.652046100003645,
w30,79,ABMA20,primary_evaluation,174,0.801517932662727,1247.2595325907428,25.21126639821432,98.3725889854601,31.753526900196448,
w30,79,ABMA20,primary_evaluation,175,0.801517932662727,1247.2595325907428,25.21126639821432,98.3725889854601,32.45159840001725,
w30,79,ABMA20,primary_evaluation,176,0.801517932662727,1247.2595325907428,25.21126639821432,98.3725889854601,32.69558350020088,
w30,79,ABMA20,primary_evaluation,177,0.801517932662727,1247.2595325907428,25.21126639821432,98.3725889854601,32.817807600134984,
w30,79,ABMA20,primary_evaluation,178,0.801517932662727,1247.2595325907428,25.21126639821432,98.3725889854601,32.92706230003387,
w30,79,ABMA20,primary_evaluation,179,0.801517932662727,1247.2595325907428,25.21126639821432,98.3725889854601,33.040591600118205,
w30,79,ABMA20,primary_evaluation,180,0.801517932662727,1247.2595325907428,25.21126639821432,98.3725889854601,33.16406790004112,
w30,79,ABMA20,primary_evaluation,181,0.801517932662727,1247.2595325907428,25.21126639821432,98.3725889854601,33.31623600004241,
w30,79,ABMA20,primary_evaluation,182,0.801517932662727,1247.2595325907428,25.21126639821432,98.3725889854601,33.507570000132546,
w30,79,ABMA20,primary_evaluation,183,0.801517932662727,1247.2595325907428,25.21126639821432,98.3725889854601,33.63294190005399,
w30,79,ABMA20,primary_evaluation,184,0.801517932662727,1247.2595325907428,25.21126639821432,98.3725889854601,33.85040460014716,
w30,79,ABMA20,primary_evaluation,185,0.801517932662727,1247.2595325907428,25.21126639821432,98.3725889854601,34.06878530001268,
w30,79,ABMA20,primary_evaluation,186,0.801517932662727,1247.2595325907428,25.21126639821432,98.3725889854601,34.178047799970955,
w30,79,ABMA20,primary_evaluation,187,0.801517932662727,1247.2595325907428,25.21126639821432,98.3725889854601,34.910921700065956,
w30,79,ABMA20,primary_evaluation,188,0.801517932662727,1247.2595325907428,25.21126639821432,98.3725889854601,35.114698900142685,
w30,79,ABMA20,primary_evaluation,189,0.801517932662727,1247.2595325907428,25.21126639821432,98.3725889854601,35.690247900085524,
w30,79,ABMA20,primary_evaluation,190,0.801517932662727,1247.2595325907428,25.21126639821432,98.3725889854601,35.801456100074574,
w30,79,ABMA20,primary_evaluation,191,0.801517932662727,1247.2595325907428,25.21126639821432,98.3725889854601,35.9075033001136,
w30,79,ABMA20,primary_evaluation,192,0.801517932662727,1247.2595325907428,25.21126639821432,98.3725889854601,36.02367060002871,
w30,79,ABMA20,primary_evaluation,193,0.801517932662727,1247.2595325907428,25.21126639821432,98.3725889854601,36.154933700105175,
w30,79,ABMA20,primary_evaluation,194,0.801517932662727,1247.2595325907428,25.21126639821432,98.3725889854601,36.34660420008004,
w30,79,ABMA20,primary_evaluation,195,0.801517932662727,1247.2595325907428,25.21126639821432,98.3725889854601,36.465100600151345,
w30,79,ABMA20,primary_evaluation,196,0.801517932662727,1247.2595325907428,25.21126639821432,98.3725889854601,36.78475340013392,
w30,79,ABMA20,primary_evaluation,197,0.801517932662727,1247.2595325907428,25.21126639821432,98.3725889854601,36.962204300099984,
w30,79,ABMA20,primary_evaluation,198,0.801517932662727,1247.2595325907428,25.21126639821432,98.3725889854601,37.137328300159425,
w30,79,ABMA20,primary_evaluation,199,0.801517932662727,1247.2595325907428,25.21126639821432,98.3725889854601,37.268966800067574,
w30,79,ABMA20,primary_evaluation,200,0.801517932662727,1247.2595325907428,25.21126639821432,98.3725889854601,37.444872700143605,
w30,79,ABMA20,primary_evaluation,201,0.801517932662727,1247.2595325907428,25.21126639821432,98.3725889854601,37.61691620014608,
w30,79,ABMA20,primary_evaluation,202,0.801517932662727,1247.2595325907428,25.21126639821432,98.3725889854601,37.86182320001535,
w30,79,ABMA20,primary_evaluation,203,0.801517932662727,1247.2595325907428,25.21126639821432,98.3725889854601,38.0005960999988,
w30,79,ABMA20,primary_evaluation,204,0.801517932662727,1247.2595325907428,25.21126639821432,98.3725889854601,38.6212379001081,
w30,79,ABMA20,primary_evaluation,205,0.801517932662727,1247.2595325907428,25.21126639821432,98.3725889854601,38.75653740018606,
w30,79,ABMA20,primary_evaluation,206,0.801517932662727,1247.2595325907428,25.21126639821432,98.3725889854601,38.85254990006797,
w30,79,ABMA20,primary_evaluation,207,0.801517932662727,1247.2595325907428,25.21126639821432,98.3725889854601,39.07736270013265,
w30,79,ABMA20,primary_evaluation,208,0.801517932662727,1247.2595325907428,25.21126639821432,98.3725889854601,39.31269760010764,
w30,79,ABMA20,primary_evaluation,209,0.801517932662727,1247.2595325907428,25.21126639821432,98.3725889854601,39.54367360007018,
w30,79,ABMA20,primary_evaluation,210,0.801517932662727,1247.2595325907428,25.21126639821432,98.3725889854601,39.667499399976805,
w30,79,ABMA20,primary_evaluation,211,0.801517932662727,1247.2595325907428,25.21126639821432,98.3725889854601,40.1893150000833,
w30,79,ABMA20,primary_evaluation,212,0.801517932662727,1247.2595325907428,25.21126639821432,98.3725889854601,40.28829940012656,
w30,79,ABMA20,primary_evaluation,213,0.801517932662727,1247.2595325907428,25.21126639821432,98.3725889854601,40.488125200150535,
w30,79,ABMA20,primary_evaluation,214,0.801517932662727,1247.2595325907428,25.21126639821432,98.3725889854601,40.58155450015329,
w30,79,ABMA20,primary_evaluation,215,0.801517932662727,1247.2595325907428,25.21126639821432,98.3725889854601,40.6965684001334,
w30,79,ABMA20,primary_evaluation,216,0.801517932662727,1247.2595325907428,25.21126639821432,98.3725889854601,40.80749880010262,
w30,79,ABMA20,primary_evaluation,217,0.801517932662727,1247.2595325907428,25.21126639821432,98.3725889854601,41.43381610000506,
w30,79,ABMA20,primary_evaluation,218,0.801517932662727,1247.2595325907428,25.21126639821432,98.3725889854601,41.62662880006246,
w30,79,ABMA20,primary_evaluation,219,0.801517932662727,1247.2595325907428,25.21126639821432,98.3725889854601,41.71979000000283,
w30,79,ABMA20,primary_evaluation,220,0.801517932662727,1247.2595325907428,25.21126639821432,98.3725889854601,41.92844570009038,
w30,79,ABMA20,primary_evaluation,221,0.801517932662727,1247.2595325907428,25.21126639821432,98.3725889854601,42.17947920016013,
w30,79,ABMA20,primary_evaluation,222,0.801517932662727,1247.2595325907428,25.21126639821432,98.3725889854601,42.30870330007747,
w30,79,ABMA20,primary_evaluation,223,0.7886881476711166,1247.9271397889602,7.347022067290482,103.25323498972944,42.42668670020066,
w30,79,ABMA20,primary_evaluation,224,0.7886881476711166,1247.9271397889602,7.347022067290482,103.25323498972944,42.61447919998318,
w30,79,ABMA20,primary_evaluation,225,0.7886881476711166,1247.9271397889602,7.347022067290482,103.25323498972944,42.74162179999985,
w30,79,ABMA20,primary_evaluation,226,0.7886881476711166,1247.9271397889602,7.347022067290482,103.25323498972944,42.91310700005852,
w30,79,ABMA20,primary_evaluation,227,0.7886881476711166,1247.9271397889602,7.347022067290482,103.25323498972944,43.04395820014179,
w30,79,ABMA20,primary_evaluation,228,0.7886881476711166,1247.9271397889602,7.347022067290482,103.25323498972944,43.14659660006873,
w30,79,ABMA20,primary_evaluation,229,0.7886881476711166,1247.9271397889602,7.347022067290482,103.25323498972944,43.23959000012837,
w30,79,ABMA20,primary_evaluation,230,0.7886881476711166,1247.9271397889602,7.347022067290482,103.25323498972944,43.422852999996394,
w30,79,ABMA20,primary_evaluation,231,0.7886881476711166,1247.9271397889602,7.347022067290482,103.25323498972944,43.57084310008213,
w30,79,ABMA20,primary_evaluation,232,0.7886881476711166,1247.9271397889602,7.347022067290482,103.25323498972944,43.76252820016816,
w30,79,ABMA20,primary_evaluation,233,0.7886881476711166,1247.9271397889602,7.347022067290482,103.25323498972944,43.912201300030574,
w30,79,ABMA20,primary_evaluation,234,0.7886881476711166,1247.9271397889602,7.347022067290482,103.25323498972944,44.12251770007424,
w30,79,ABMA20,primary_evaluation,235,0.7886881476711166,1247.9271397889602,7.347022067290482,103.25323498972944,44.34490460017696,
w30,79,ABMA20,primary_evaluation,236,0.7886881476711166,1247.9271397889602,7.347022067290482,103.25323498972944,44.43974330020137,
w30,79,ABMA20,primary_evaluation,237,0.7886881476711166,1247.9271397889602,7.347022067290482,103.25323498972944,44.54592920001596,
w30,79,ABMA20,primary_evaluation,238,0.7886881476711166,1247.9271397889602,7.347022067290482,103.25323498972944,44.779483600053936,
w30,79,ABMA20,primary_evaluation,239,0.7886881476711166,1247.9271397889602,7.347022067290482,103.25323498972944,44.99730630009435,
w30,79,ABMA20,primary_evaluation,240,0.7886881476711166,1247.9271397889602,7.347022067290482,103.25323498972944,45.09624129999429,
w30,79,ABMA20,primary_evaluation,241,0.7886881476711166,1247.9271397889602,7.347022067290482,103.25323498972944,45.232862500008196,
w30,79,ABMA20,primary_evaluation,242,0.7886881476711166,1247.9271397889602,7.347022067290482,103.25323498972944,45.63651160011068,
w30,79,ABMA20,primary_evaluation,243,0.7886881476711166,1247.9271397889602,7.347022067290482,103.25323498972944,45.972723399987444,
w30,79,ABMA20,primary_evaluation,244,0.7886881476711166,1247.9271397889602,7.347022067290482,103.25323498972944,46.083346400177106,
w30,79,ABMA20,primary_evaluation,245,0.7886881476711166,1247.9271397889602,7.347022067290482,103.25323498972944,46.30602300004102,
w30,79,ABMA20,primary_evaluation,246,0.7886881476711166,1247.9271397889602,7.347022067290482,103.25323498972944,46.532222100067884,
w30,79,ABMA20,primary_evaluation,247,0.7886881476711166,1247.9271397889602,7.347022067290482,103.25323498972944,46.652931299991906,
w30,79,ABMA20,primary_evaluation,248,0.7886881476711166,1247.9271397889602,7.347022067290482,103.25323498972944,46.785095900064334,
w30,79,ABMA20,primary_evaluation,249,0.7886881476711166,1247.9271397889602,7.347022067290482,103.25323498972944,46.88604410015978,
w30,79,ABMA20,primary_evaluation,250,0.7886881476711166,1247.9271397889602,7.347022067290482,103.25323498972944,46.994751600082964,
w30,79,ABMA20,primary_evaluation,251,0.7886881476711166,1247.9271397889602,7.347022067290482,103.25323498972944,47.28645530017093,
w30,79,ABMA20,primary_evaluation,252,0.7886881476711166,1247.9271397889602,7.347022067290482,103.25323498972944,47.704513099975884,
w30,79,ABMA20,generation_boundary,12,1.0928454210031089,,,,,0
w30,79,ABMA20,generation_boundary,24,1.0928454210031089,,,,,1
w30,79,ABMA20,generation_boundary,36,1.0928454210031089,,,,,2
w30,79,ABMA20,generation_boundary,48,1.0928454210031089,,,,,3
w30,79,ABMA20,generation_boundary,60,1.0928454210031089,,,,,4
w30,79,ABMA20,generation_boundary,72,1.0928454210031089,,,,,5
w30,79,ABMA20,generation_boundary,84,1.0001570802661433,,,,,6
w30,79,ABMA20,generation_boundary,96,1.0001570802661433,,,,,7
w30,79,ABMA20,generation_boundary,108,1.0001570802661433,,,,,8
w30,79,ABMA20,generation_boundary,120,1.0001570802661433,,,,,9
w30,79,ABMA20,generation_boundary,132,0.9750569563067326,,,,,10
w30,79,ABMA20,generation_boundary,144,0.9750569563067326,,,,,11
w30,79,ABMA20,generation_boundary,156,0.9750569563067326,,,,,12
w30,79,ABMA20,generation_boundary,168,0.9519457459288567,,,,,13
w30,79,ABMA20,generation_boundary,180,0.801517932662727,,,,,14
w30,79,ABMA20,generation_boundary,192,0.801517932662727,,,,,15
w30,79,ABMA20,generation_boundary,204,0.801517932662727,,,,,16
w30,79,ABMA20,generation_boundary,216,0.801517932662727,,,,,17
w30,79,ABMA20,generation_boundary,228,0.7886881476711166,,,,,18
w30,79,ABMA20,generation_boundary,240,0.7886881476711166,,,,,19
w30,79,ABMA20,generation_boundary,252,0.7886881476711166,,,,,20
w30,79,ABMA1,primary_evaluation,1,3.5926580644365593,1619.0983594019117,973.787792005442,56.54642750731883,0.12488740007393062,
w30,79,ABMA1,primary_evaluation,2,1.0928454210031089,1269.308863646738,215.2955015693176,64.46737412925695,0.2264566000085324,
w30,79,ABMA1,primary_evaluation,3,1.0928454210031089,1269.308863646738,215.2955015693176,64.46737412925695,1.190467800013721,
w30,79,ABMA1,primary_evaluation,4,1.0928454210031089,1269.308863646738,215.2955015693176,64.46737412925695,2.0193024000618607,
w30,79,ABMA1,primary_evaluation,5,1.0928454210031089,1269.308863646738,215.2955015693176,64.46737412925695,2.473812200129032,
w30,79,ABMA1,primary_evaluation,6,1.0928454210031089,1269.308863646738,215.2955015693176,64.46737412925695,2.696930600097403,
w30,79,ABMA1,primary_evaluation,7,1.0928454210031089,1269.308863646738,215.2955015693176,64.46737412925695,2.8104280999395996,
w30,79,ABMA1,primary_evaluation,8,1.0928454210031089,1269.308863646738,215.2955015693176,64.46737412925695,2.9309082000982016,
w30,79,ABMA1,primary_evaluation,9,1.0928454210031089,1269.308863646738,215.2955015693176,64.46737412925695,3.1797613000962883,
w30,79,ABMA1,primary_evaluation,10,1.0928454210031089,1269.308863646738,215.2955015693176,64.46737412925695,3.6895496000070125,
w30,79,ABMA1,primary_evaluation,11,1.0928454210031089,1269.308863646738,215.2955015693176,64.46737412925695,4.5831039000768214,
w30,79,ABMA1,primary_evaluation,12,1.0928454210031089,1269.308863646738,215.2955015693176,64.46737412925695,5.353500300087035,
w30,79,ABMA1,primary_evaluation,13,1.0928454210031089,1269.308863646738,215.2955015693176,64.46737412925695,5.4527579001151025,
w30,79,ABMA1,primary_evaluation,14,1.0928454210031089,1269.308863646738,215.2955015693176,64.46737412925695,5.880358499940485,
w30,79,ABMA1,primary_evaluation,15,1.0928454210031089,1269.308863646738,215.2955015693176,64.46737412925695,6.1478564001154155,
w30,79,ABMA1,primary_evaluation,16,1.0928454210031089,1269.308863646738,215.2955015693176,64.46737412925695,6.234216900076717,
w30,79,ABMA1,primary_evaluation,17,1.0928454210031089,1269.308863646738,215.2955015693176,64.46737412925695,6.478717500111088,
w30,79,ABMA1,primary_evaluation,18,1.0928454210031089,1269.308863646738,215.2955015693176,64.46737412925695,7.09242990007624,
w30,79,ABMA1,primary_evaluation,19,1.0928454210031089,1269.308863646738,215.2955015693176,64.46737412925695,7.330810199957341,
w30,79,ABMA1,primary_evaluation,20,1.0928454210031089,1269.308863646738,215.2955015693176,64.46737412925695,7.43389829993248,
w30,79,ABMA1,primary_evaluation,21,1.0928454210031089,1269.308863646738,215.2955015693176,64.46737412925695,7.591968100052327,
w30,79,ABMA1,primary_evaluation,22,1.0928454210031089,1269.308863646738,215.2955015693176,64.46737412925695,8.32056950009428,
w30,79,ABMA1,primary_evaluation,23,1.0928454210031089,1269.308863646738,215.2955015693176,64.46737412925695,9.020732800010592,
w30,79,ABMA1,primary_evaluation,24,1.0928454210031089,1269.308863646738,215.2955015693176,64.46737412925695,9.609548700042069,
w30,79,ABMA1,primary_evaluation,25,1.0928454210031089,1269.308863646738,215.2955015693176,64.46737412925695,9.812415600055829,
w30,79,ABMA1,primary_evaluation,26,1.0928454210031089,1269.308863646738,215.2955015693176,64.46737412925695,9.982768299989402,
w30,79,ABMA1,primary_evaluation,27,1.0928454210031089,1269.308863646738,215.2955015693176,64.46737412925695,10.252023899927735,
w30,79,ABMA1,primary_evaluation,28,1.0928454210031089,1269.308863646738,215.2955015693176,64.46737412925695,10.540353199932724,
w30,79,ABMA1,primary_evaluation,29,1.0928454210031089,1269.308863646738,215.2955015693176,64.46737412925695,10.759513800032437,
w30,79,ABMA1,primary_evaluation,30,1.0928454210031089,1269.308863646738,215.2955015693176,64.46737412925695,11.254801800008863,
w30,79,ABMA1,primary_evaluation,31,1.0928454210031089,1269.308863646738,215.2955015693176,64.46737412925695,11.48125630011782,
w30,79,ABMA1,primary_evaluation,32,1.0928454210031089,1269.308863646738,215.2955015693176,64.46737412925695,11.565884100040421,
w30,79,ABMA1,primary_evaluation,33,1.0928454210031089,1269.308863646738,215.2955015693176,64.46737412925695,11.699278800049797,
w30,79,ABMA1,primary_evaluation,34,1.0928454210031089,1269.308863646738,215.2955015693176,64.46737412925695,12.504613500088453,
w30,79,ABMA1,primary_evaluation,35,1.0928454210031089,1269.308863646738,215.2955015693176,64.46737412925695,13.23330059996806,
w30,79,ABMA1,primary_evaluation,36,1.0928454210031089,1269.308863646738,215.2955015693176,64.46737412925695,13.463605100056157,
w30,79,ABMA1,primary_evaluation,37,1.0928454210031089,1269.308863646738,215.2955015693176,64.46737412925695,13.68161779991351,
w30,79,ABMA1,primary_evaluation,38,1.0928454210031089,1269.308863646738,215.2955015693176,64.46737412925695,13.828562899958342,
w30,79,ABMA1,primary_evaluation,39,1.0928454210031089,1269.308863646738,215.2955015693176,64.46737412925695,14.008654500124976,
w30,79,ABMA1,primary_evaluation,40,1.0928454210031089,1269.308863646738,215.2955015693176,64.46737412925695,14.116006300086156,
w30,79,ABMA1,primary_evaluation,41,1.0928454210031089,1269.308863646738,215.2955015693176,64.46737412925695,14.370721800019965,
w30,79,ABMA1,primary_evaluation,42,1.0928454210031089,1269.308863646738,215.2955015693176,64.46737412925695,14.592381000053138,
w30,79,ABMA1,primary_evaluation,43,1.0928454210031089,1269.308863646738,215.2955015693176,64.46737412925695,14.931637699948624,
w30,79,ABMA1,primary_evaluation,44,1.0928454210031089,1269.308863646738,215.2955015693176,64.46737412925695,15.423730700043961,
w30,79,ABMA1,primary_evaluation,45,1.0928454210031089,1269.308863646738,215.2955015693176,64.46737412925695,16.079988399986178,
w30,79,ABMA1,primary_evaluation,46,1.0928454210031089,1269.308863646738,215.2955015693176,64.46737412925695,16.726117999991402,
w30,79,ABMA1,primary_evaluation,47,1.0928454210031089,1269.308863646738,215.2955015693176,64.46737412925695,16.94675930007361,
w30,79,ABMA1,primary_evaluation,48,1.0928454210031089,1269.308863646738,215.2955015693176,64.46737412925695,17.09876439999789,
w30,79,ABMA1,primary_evaluation,49,1.0928454210031089,1269.308863646738,215.2955015693176,64.46737412925695,17.204905699938536,
w30,79,ABMA1,primary_evaluation,50,1.0928454210031089,1269.308863646738,215.2955015693176,64.46737412925695,17.292031800141558,
w30,79,ABMA1,primary_evaluation,51,1.0928454210031089,1269.308863646738,215.2955015693176,64.46737412925695,17.501374599989504,
w30,79,ABMA1,primary_evaluation,52,1.0928454210031089,1269.308863646738,215.2955015693176,64.46737412925695,18.066974899964407,
w30,79,ABMA1,primary_evaluation,53,1.0928454210031089,1269.308863646738,215.2955015693176,64.46737412925695,18.322885199915618,
w30,79,ABMA1,primary_evaluation,54,1.0928454210031089,1269.308863646738,215.2955015693176,64.46737412925695,18.537347400095314,
w30,79,ABMA1,primary_evaluation,55,1.0928454210031089,1269.308863646738,215.2955015693176,64.46737412925695,18.64856670005247,
w30,79,ABMA1,primary_evaluation,56,1.0928454210031089,1269.308863646738,215.2955015693176,64.46737412925695,18.836165100103244,
w30,79,ABMA1,primary_evaluation,57,1.0928454210031089,1269.308863646738,215.2955015693176,64.46737412925695,18.94443910010159,
w30,79,ABMA1,primary_evaluation,58,1.0928454210031089,1269.308863646738,215.2955015693176,64.46737412925695,19.65341529995203,
w30,79,ABMA1,primary_evaluation,59,1.0928454210031089,1269.308863646738,215.2955015693176,64.46737412925695,19.766304299933836,
w30,79,ABMA1,primary_evaluation,60,1.0928454210031089,1269.308863646738,215.2955015693176,64.46737412925695,19.965921000111848,
w30,79,ABMA1,primary_evaluation,61,1.0928454210031089,1269.308863646738,215.2955015693176,64.46737412925695,20.08069170010276,
w30,79,ABMA1,primary_evaluation,62,1.0928454210031089,1269.308863646738,215.2955015693176,64.46737412925695,20.216610600007698,
w30,79,ABMA1,primary_evaluation,63,1.0928454210031089,1269.308863646738,215.2955015693176,64.46737412925695,20.31319070002064,
w30,79,ABMA1,primary_evaluation,64,1.0928454210031089,1269.308863646738,215.2955015693176,64.46737412925695,21.057642600033432,
w30,79,ABMA1,primary_evaluation,65,1.0928454210031089,1269.308863646738,215.2955015693176,64.46737412925695,21.34014240000397,
w30,79,ABMA1,primary_evaluation,66,1.0928454210031089,1269.308863646738,215.2955015693176,64.46737412925695,21.604083300102502,
w30,79,ABMA1,primary_evaluation,67,1.0928454210031089,1269.308863646738,215.2955015693176,64.46737412925695,22.18962540011853,
w30,79,ABMA1,primary_evaluation,68,1.0928454210031089,1269.308863646738,215.2955015693176,64.46737412925695,22.28054970013909,
w30,79,ABMA1,primary_evaluation,69,1.0928454210031089,1269.308863646738,215.2955015693176,64.46737412925695,22.444710599957034,
w30,79,ABMA1,primary_evaluation,70,1.0928454210031089,1269.308863646738,215.2955015693176,64.46737412925695,22.551462600007653,
w30,79,ABMA1,primary_evaluation,71,1.0928454210031089,1269.308863646738,215.2955015693176,64.46737412925695,23.02973850001581,
w30,79,ABMA1,primary_evaluation,72,1.0928454210031089,1269.308863646738,215.2955015693176,64.46737412925695,23.133467100095004,
w30,79,ABMA1,generation_boundary,12,1.0928454210031089,,,,,0
w30,79,ABMA1,generation_boundary,24,1.0928454210031089,,,,,1
w30,79,ABMA1,generation_boundary,36,1.0928454210031089,,,,,2
w30,79,ABMA1,generation_boundary,48,1.0928454210031089,,,,,3
w30,79,ABMA1,generation_boundary,60,1.0928454210031089,,,,,4
w30,79,ABMA1,generation_boundary,72,1.0928454210031089,,,,,5
w30,79,HGA-budget252,primary_evaluation,1,3.7420447010908915,1640.7809185867861,1012.5960251906029,59.38240501939936,0.09655530005693436,
w30,79,HGA-budget252,primary_evaluation,2,3.7420447010908915,1640.7809185867861,1012.5960251906029,59.38240501939936,0.11787990015000105,
w30,79,HGA-budget252,primary_evaluation,3,3.7420447010908915,1640.7809185867861,1012.5960251906029,59.38240501939936,0.11899530002847314,
w30,79,HGA-budget252,primary_evaluation,4,3.7420447010908915,1640.7809185867861,1012.5960251906029,59.38240501939936,0.1199778001755476,
w30,79,HGA-budget252,primary_evaluation,5,3.7420447010908915,1640.7809185867861,1012.5960251906029,59.38240501939936,0.12094140006229281,
w30,79,HGA-budget252,primary_evaluation,6,3.7420447010908915,1640.7809185867861,1012.5960251906029,59.38240501939936,0.12234290014021099,
w30,79,HGA-budget252,primary_evaluation,7,3.7420447010908915,1640.7809185867861,1012.5960251906029,59.38240501939936,0.12370340013876557,
w30,79,HGA-budget252,primary_evaluation,8,3.7420447010908915,1640.7809185867861,1012.5960251906029,59.38240501939936,0.12528669997118413,
w30,79,HGA-budget252,primary_evaluation,9,3.7420447010908915,1640.7809185867861,1012.5960251906029,59.38240501939936,0.12682460015639663,
w30,79,HGA-budget252,primary_evaluation,10,3.7420447010908915,1640.7809185867861,1012.5960251906029,59.38240501939936,0.1278515001758933,
w30,79,HGA-budget252,primary_evaluation,11,3.7420447010908915,1640.7809185867861,1012.5960251906029,59.38240501939936,0.12902200012467802,
w30,79,HGA-budget252,primary_evaluation,12,3.7420447010908915,1640.7809185867861,1012.5960251906029,59.38240501939936,0.130401800153777,
w30,79,HGA-budget252,primary_evaluation,13,3.7420447010908915,1640.7809185867861,1012.5960251906029,59.38240501939936,0.13131630001589656,
w30,79,HGA-budget252,primary_evaluation,14,3.7420447010908915,1640.7809185867861,1012.5960251906029,59.38240501939936,0.1322441000957042,
w30,79,HGA-budget252,primary_evaluation,15,3.7420447010908915,1640.7809185867861,1012.5960251906029,59.38240501939936,0.13372180005535483,
w30,79,HGA-budget252,primary_evaluation,16,3.7420447010908915,1640.7809185867861,1012.5960251906029,59.38240501939936,0.13471550005488098,
w30,79,HGA-budget252,primary_evaluation,17,3.7420447010908915,1640.7809185867861,1012.5960251906029,59.38240501939936,0.13570980005897582,
w30,79,HGA-budget252,primary_evaluation,18,3.7420447010908915,1640.7809185867861,1012.5960251906029,59.38240501939936,0.13635429996065795,
w30,79,HGA-budget252,primary_evaluation,19,3.7420447010908915,1640.7809185867861,1012.5960251906029,59.38240501939936,0.1371955000795424,
w30,79,HGA-budget252,primary_evaluation,20,3.7420447010908915,1640.7809185867861,1012.5960251906029,59.38240501939936,0.13808940001763403,
w30,79,HGA-budget252,primary_evaluation,21,3.7420447010908915,1640.7809185867861,1012.5960251906029,59.38240501939936,0.13896999997086823,
w30,79,HGA-budget252,primary_evaluation,22,3.7420447010908915,1640.7809185867861,1012.5960251906029,59.38240501939936,0.13972460012882948,
w30,79,HGA-budget252,primary_evaluation,23,3.7420447010908915,1640.7809185867861,1012.5960251906029,59.38240501939936,0.14074740000069141,
w30,79,HGA-budget252,primary_evaluation,24,3.7420447010908915,1640.7809185867861,1012.5960251906029,59.38240501939936,0.14207160007208586,
w30,79,HGA-budget252,primary_evaluation,25,3.7420447010908915,1640.7809185867861,1012.5960251906029,59.38240501939936,0.14317700010724366,
w30,79,HGA-budget252,primary_evaluation,26,3.7420447010908915,1640.7809185867861,1012.5960251906029,59.38240501939936,0.14435419999063015,
w30,79,HGA-budget252,primary_evaluation,27,3.7420447010908915,1640.7809185867861,1012.5960251906029,59.38240501939936,0.1452938001602888,
w30,79,HGA-budget252,primary_evaluation,28,3.7420447010908915,1640.7809185867861,1012.5960251906029,59.38240501939936,0.1458072999957949,
w30,79,HGA-budget252,primary_evaluation,29,3.7417202970593064,1640.7809185867861,1012.5960251906029,59.17090720403924,0.14635609998367727,
w30,79,HGA-budget252,primary_evaluation,30,3.7417202970593064,1640.7809185867861,1012.5960251906029,59.17090720403924,0.1517090001143515,
w30,79,HGA-budget252,primary_evaluation,31,3.7417202970593064,1640.7809185867861,1012.5960251906029,59.17090720403924,0.1525459000840783,
w30,79,HGA-budget252,primary_evaluation,32,3.7417202970593064,1640.7809185867861,1012.5960251906029,59.17090720403924,0.15341689996421337,
w30,79,HGA-budget252,primary_evaluation,33,3.7417202970593064,1640.7809185867861,1012.5960251906029,59.17090720403924,0.15429660002700984,
w30,79,HGA-budget252,primary_evaluation,34,3.7417202970593064,1640.7809185867861,1012.5960251906029,59.17090720403924,0.15508890012279153,
w30,79,HGA-budget252,primary_evaluation,35,3.7417202970593064,1640.7809185867861,1012.5960251906029,59.17090720403924,0.15603600000031292,
w30,79,HGA-budget252,primary_evaluation,36,3.7417202970593064,1640.7809185867861,1012.5960251906029,59.17090720403924,0.1568748999852687,
w30,79,HGA-budget252,primary_evaluation,37,3.7417202970593064,1640.7809185867861,1012.5960251906029,59.17090720403924,0.1577153999824077,
w30,79,HGA-budget252,primary_evaluation,38,3.7417202970593064,1640.7809185867861,1012.5960251906029,59.17090720403924,0.15850879997015,
w30,79,HGA-budget252,primary_evaluation,39,3.7417202970593064,1640.7809185867861,1012.5960251906029,59.17090720403924,0.15944229997694492,
w30,79,HGA-budget252,primary_evaluation,40,3.7417202970593064,1640.7809185867861,1012.5960251906029,59.17090720403924,0.16036360012367368,
w30,79,HGA-budget252,primary_evaluation,41,3.7417202970593064,1640.7809185867861,1012.5960251906029,59.17090720403924,0.16128800017759204,
w30,79,HGA-budget252,primary_evaluation,42,3.7417202970593064,1640.7809185867861,1012.5960251906029,59.17090720403924,0.16190219996497035,
w30,79,HGA-budget252,primary_evaluation,43,3.7417202970593064,1640.7809185867861,1012.5960251906029,59.17090720403924,0.16241760016418993,
w30,79,HGA-budget252,primary_evaluation,44,3.7417202970593064,1640.7809185867861,1012.5960251906029,59.17090720403924,0.16293840017169714,
w30,79,HGA-budget252,primary_evaluation,45,3.7417202970593064,1640.7809185867861,1012.5960251906029,59.17090720403924,0.1634549000300467,
w30,79,HGA-budget252,primary_evaluation,46,3.7417202970593064,1640.7809185867861,1012.5960251906029,59.17090720403924,0.16397150000557303,
w30,79,HGA-budget252,primary_evaluation,47,3.7417202970593064,1640.7809185867861,1012.5960251906029,59.17090720403924,0.16446680016815662,
w30,79,HGA-budget252,primary_evaluation,48,3.7417202970593064,1640.7809185867861,1012.5960251906029,59.17090720403924,0.1651638001203537,
w30,79,HGA-budget252,primary_evaluation,49,3.7417202970593064,1640.7809185867861,1012.5960251906029,59.17090720403924,0.16605460015125573,
w30,79,HGA-budget252,primary_evaluation,50,3.7417202970593064,1640.7809185867861,1012.5960251906029,59.17090720403924,0.16689310013316572,
w30,79,HGA-budget252,primary_evaluation,51,3.7417202970593064,1640.7809185867861,1012.5960251906029,59.17090720403924,0.16782700014300644,
w30,79,HGA-budget252,primary_evaluation,52,3.7417202970593064,1640.7809185867861,1012.5960251906029,59.17090720403924,0.1732731000520289,
w30,79,HGA-budget252,primary_evaluation,53,3.7417202970593064,1640.7809185867861,1012.5960251906029,59.17090720403924,0.17430289997719228,
w30,79,HGA-budget252,primary_evaluation,54,3.7417202970593064,1640.7809185867861,1012.5960251906029,59.17090720403924,0.17764819995500147,
w30,79,HGA-budget252,primary_evaluation,55,3.7417202970593064,1640.7809185867861,1012.5960251906029,59.17090720403924,0.17906930018216372,
w30,79,HGA-budget252,primary_evaluation,56,3.7417202970593064,1640.7809185867861,1012.5960251906029,59.17090720403924,0.17983520007692277,
w30,79,HGA-budget252,primary_evaluation,57,3.7417202970593064,1640.7809185867861,1012.5960251906029,59.17090720403924,0.18048350000754,
w30,79,HGA-budget252,primary_evaluation,58,3.7417202970593064,1640.7809185867861,1012.5960251906029,59.17090720403924,0.18147010006941855,
w30,79,HGA-budget252,primary_evaluation,59,3.7417202970593064,1640.7809185867861,1012.5960251906029,59.17090720403924,0.182503400137648,
w30,79,HGA-budget252,primary_evaluation,60,3.7417202970593064,1640.7809185867861,1012.5960251906029,59.17090720403924,0.1835080999881029,
w30,79,HGA-budget252,primary_evaluation,61,3.7417202970593064,1640.7809185867861,1012.5960251906029,59.17090720403924,0.1845348000060767,
w30,79,HGA-budget252,primary_evaluation,62,3.7417202970593064,1640.7809185867861,1012.5960251906029,59.17090720403924,0.18577750003896654,
w30,79,HGA-budget252,primary_evaluation,63,3.7417202970593064,1640.7809185867861,1012.5960251906029,59.17090720403924,0.18754500010982156,
w30,79,HGA-budget252,primary_evaluation,64,3.7417202970593064,1640.7809185867861,1012.5960251906029,59.17090720403924,0.18855200009420514,
w30,79,HGA-budget252,primary_evaluation,65,3.7417202970593064,1640.7809185867861,1012.5960251906029,59.17090720403924,0.18947750004008412,
w30,79,HGA-budget252,primary_evaluation,66,3.7417202970593064,1640.7809185867861,1012.5960251906029,59.17090720403924,0.19055950012989342,
w30,79,HGA-budget252,primary_evaluation,67,3.7417202970593064,1640.7809185867861,1012.5960251906029,59.17090720403924,0.19176710001192987,
w30,79,HGA-budget252,primary_evaluation,68,3.7417202970593064,1640.7809185867861,1012.5960251906029,59.17090720403924,0.19306750013493001,
w30,79,HGA-budget252,primary_evaluation,69,3.7417202970593064,1640.7809185867861,1012.5960251906029,59.17090720403924,0.1939487000927329,
w30,79,HGA-budget252,primary_evaluation,70,3.7417202970593064,1640.7809185867861,1012.5960251906029,59.17090720403924,0.19474850012920797,
w30,79,HGA-budget252,primary_evaluation,71,3.7417202970593064,1640.7809185867861,1012.5960251906029,59.17090720403924,0.19554520002566278,
w30,79,HGA-budget252,primary_evaluation,72,3.7417202970593064,1640.7809185867861,1012.5960251906029,59.17090720403924,0.1962701000738889,
w30,79,HGA-budget252,primary_evaluation,73,3.7417202970593064,1640.7809185867861,1012.5960251906029,59.17090720403924,0.1971474001184106,
w30,79,HGA-budget252,primary_evaluation,74,3.7417202970593064,1640.7809185867861,1012.5960251906029,59.17090720403924,0.1980201001279056,
w30,79,HGA-budget252,primary_evaluation,75,3.7417202970593064,1640.7809185867861,1012.5960251906029,59.17090720403924,0.198918400099501,
w30,79,HGA-budget252,primary_evaluation,76,3.7417202970593064,1640.7809185867861,1012.5960251906029,59.17090720403924,0.19982159999199212,
w30,79,HGA-budget252,primary_evaluation,77,3.7417202970593064,1640.7809185867861,1012.5960251906029,59.17090720403924,0.20073490007780492,
w30,79,HGA-budget252,primary_evaluation,78,3.7417202970593064,1640.7809185867861,1012.5960251906029,59.17090720403924,0.2013914999552071,
w30,79,HGA-budget252,primary_evaluation,79,3.7417202970593064,1640.7809185867861,1012.5960251906029,59.17090720403924,0.20240890001878142,
w30,79,HGA-budget252,primary_evaluation,80,3.7417202970593064,1640.7809185867861,1012.5960251906029,59.17090720403924,0.20321650011464953,
w30,79,HGA-budget252,primary_evaluation,81,3.7417202970593064,1640.7809185867861,1012.5960251906029,59.17090720403924,0.20384120009839535,
w30,79,HGA-budget252,primary_evaluation,82,3.7417202970593064,1640.7809185867861,1012.5960251906029,59.17090720403924,0.20487920008599758,
w30,79,HGA-budget252,primary_evaluation,83,3.7417202970593064,1640.7809185867861,1012.5960251906029,59.17090720403924,0.2058765001129359,
w30,79,HGA-budget252,primary_evaluation,84,3.7417202970593064,1640.7809185867861,1012.5960251906029,59.17090720403924,0.20698709995485842,
w30,79,HGA-budget252,primary_evaluation,85,3.7417202970593064,1640.7809185867861,1012.5960251906029,59.17090720403924,0.20790100004523993,
w30,79,HGA-budget252,primary_evaluation,86,3.7417202970593064,1640.7809185867861,1012.5960251906029,59.17090720403924,0.21152970008552074,
w30,79,HGA-budget252,primary_evaluation,87,3.7417202970593064,1640.7809185867861,1012.5960251906029,59.17090720403924,0.2125805001705885,
w30,79,HGA-budget252,primary_evaluation,88,3.7417202970593064,1640.7809185867861,1012.5960251906029,59.17090720403924,0.2141323999967426,
w30,79,HGA-budget252,primary_evaluation,89,3.7417202970593064,1640.7809185867861,1012.5960251906029,59.17090720403924,0.21554440003819764,
w30,79,HGA-budget252,primary_evaluation,90,3.7417202970593064,1640.7809185867861,1012.5960251906029,59.17090720403924,0.21644069999456406,
w30,79,HGA-budget252,primary_evaluation,91,3.7417202970593064,1640.7809185867861,1012.5960251906029,59.17090720403924,0.2174112000502646,
w30,79,HGA-budget252,primary_evaluation,92,3.7417202970593064,1640.7809185867861,1012.5960251906029,59.17090720403924,0.21836260007694364,
w30,79,HGA-budget252,primary_evaluation,93,3.7417202970593064,1640.7809185867861,1012.5960251906029,59.17090720403924,0.21937680011615157,
w30,79,HGA-budget252,primary_evaluation,94,3.7417202970593064,1640.7809185867861,1012.5960251906029,59.17090720403924,0.22053529997356236,
w30,79,HGA-budget252,primary_evaluation,95,3.7417202970593064,1640.7809185867861,1012.5960251906029,59.17090720403924,0.22189080016687512,
w30,79,HGA-budget252,primary_evaluation,96,3.7417202970593064,1640.7809185867861,1012.5960251906029,59.17090720403924,0.22281339997425675,
w30,79,HGA-budget252,primary_evaluation,97,3.7417202970593064,1640.7809185867861,1012.5960251906029,59.17090720403924,0.22387020010501146,
w30,79,HGA-budget252,primary_evaluation,98,3.7417202970593064,1640.7809185867861,1012.5960251906029,59.17090720403924,0.22647210001014173,
w30,79,HGA-budget252,primary_evaluation,99,3.7417202970593064,1640.7809185867861,1012.5960251906029,59.17090720403924,0.2274788001086563,
w30,79,HGA-budget252,primary_evaluation,100,3.7417202970593064,1640.7809185867861,1012.5960251906029,59.17090720403924,0.22835240000858903,
w30,79,HGA-budget252,primary_evaluation,101,3.7417202970593064,1640.7809185867861,1012.5960251906029,59.17090720403924,0.22923439997248352,
w30,79,HGA-budget252,primary_evaluation,102,3.7417202970593064,1640.7809185867861,1012.5960251906029,59.17090720403924,0.2299440000206232,
w30,79,HGA-budget252,primary_evaluation,103,3.7417202970593064,1640.7809185867861,1012.5960251906029,59.17090720403924,0.2308076999615878,
w30,79,HGA-budget252,primary_evaluation,104,3.7417202970593064,1640.7809185867861,1012.5960251906029,59.17090720403924,0.23165670013986528,
w30,79,HGA-budget252,primary_evaluation,105,3.7417202970593064,1640.7809185867861,1012.5960251906029,59.17090720403924,0.23254600004293025,
w30,79,HGA-budget252,primary_evaluation,106,3.7417202970593064,1640.7809185867861,1012.5960251906029,59.17090720403924,0.2334388999734074,
w30,79,HGA-budget252,primary_evaluation,107,3.7417202970593064,1640.7809185867861,1012.5960251906029,59.17090720403924,0.23456700006499887,
w30,79,HGA-budget252,primary_evaluation,108,3.7417202970593064,1640.7809185867861,1012.5960251906029,59.17090720403924,0.2354338001459837,
w30,79,HGA-budget252,primary_evaluation,109,3.7417202970593064,1640.7809185867861,1012.5960251906029,59.17090720403924,0.23620430007576942,
w30,79,HGA-budget252,primary_evaluation,110,3.740251312995695,1640.7809185867861,1012.5960251906029,58.213191238751534,0.2370824001263827,
w30,79,HGA-budget252,primary_evaluation,111,3.740251312995695,1640.7809185867861,1012.5960251906029,58.213191238751534,0.24480790016241372,
w30,79,HGA-budget252,primary_evaluation,112,3.740251312995695,1640.7809185867861,1012.5960251906029,58.213191238751534,0.24553459999151528,
w30,79,HGA-budget252,primary_evaluation,113,3.740251312995695,1640.7809185867861,1012.5960251906029,58.213191238751534,0.24620319996029139,
w30,79,HGA-budget252,primary_evaluation,114,3.740251312995695,1640.7809185867861,1012.5960251906029,58.213191238751534,0.2468906999565661,
w30,79,HGA-budget252,primary_evaluation,115,3.740251312995695,1640.7809185867861,1012.5960251906029,58.213191238751534,0.2475690001156181,
w30,79,HGA-budget252,primary_evaluation,116,3.740251312995695,1640.7809185867861,1012.5960251906029,58.213191238751534,0.24830860015936196,
w30,79,HGA-budget252,primary_evaluation,117,3.740251312995695,1640.7809185867861,1012.5960251906029,58.213191238751534,0.24905830016359687,
w30,79,HGA-budget252,primary_evaluation,118,3.740251312995695,1640.7809185867861,1012.5960251906029,58.213191238751534,0.2498087000567466,
w30,79,HGA-budget252,primary_evaluation,119,3.740251312995695,1640.7809185867861,1012.5960251906029,58.213191238751534,0.2505360001232475,
w30,79,HGA-budget252,primary_evaluation,120,3.740251312995695,1640.7809185867861,1012.5960251906029,58.213191238751534,0.2511883999686688,
w30,79,HGA-budget252,primary_evaluation,121,3.740251312995695,1640.7809185867861,1012.5960251906029,58.213191238751534,0.251868300139904,
w30,79,HGA-budget252,primary_evaluation,122,3.740251312995695,1640.7809185867861,1012.5960251906029,58.213191238751534,0.2525663999840617,
w30,79,HGA-budget252,primary_evaluation,123,3.740251312995695,1640.7809185867861,1012.5960251906029,58.213191238751534,0.2532993000932038,
w30,79,HGA-budget252,primary_evaluation,124,3.740251312995695,1640.7809185867861,1012.5960251906029,58.213191238751534,0.25401520007289946,
w30,79,HGA-budget252,primary_evaluation,125,3.740251312995695,1640.7809185867861,1012.5960251906029,58.213191238751534,0.2548016000073403,
w30,79,HGA-budget252,primary_evaluation,126,3.740251312995695,1640.7809185867861,1012.5960251906029,58.213191238751534,0.25558450003154576,
w30,79,HGA-budget252,primary_evaluation,127,3.740251312995695,1640.7809185867861,1012.5960251906029,58.213191238751534,0.2561645000241697,
w30,79,HGA-budget252,primary_evaluation,128,3.740251312995695,1640.7809185867861,1012.5960251906029,58.213191238751534,0.2568682001437992,
w30,79,HGA-budget252,primary_evaluation,129,3.740251312995695,1640.7809185867861,1012.5960251906029,58.213191238751534,0.25779750011861324,
w30,79,HGA-budget252,primary_evaluation,130,3.740251312995695,1640.7809185867861,1012.5960251906029,58.213191238751534,0.26030540000647306,
w30,79,HGA-budget252,primary_evaluation,131,3.740251312995695,1640.7809185867861,1012.5960251906029,58.213191238751534,0.26144490018486977,
w30,79,HGA-budget252,primary_evaluation,132,3.740251312995695,1640.7809185867861,1012.5960251906029,58.213191238751534,0.2625275000464171,
w30,79,HGA-budget252,primary_evaluation,133,3.740251312995695,1640.7809185867861,1012.5960251906029,58.213191238751534,0.2632336001843214,
w30,79,HGA-budget252,primary_evaluation,134,3.740251312995695,1640.7809185867861,1012.5960251906029,58.213191238751534,0.26386489998549223,
w30,79,HGA-budget252,primary_evaluation,135,3.740251312995695,1640.7809185867861,1012.5960251906029,58.213191238751534,0.2645080001093447,
w30,79,HGA-budget252,primary_evaluation,136,3.740251312995695,1640.7809185867861,1012.5960251906029,58.213191238751534,0.2651611000765115,
w30,79,HGA-budget252,primary_evaluation,137,3.740251312995695,1640.7809185867861,1012.5960251906029,58.213191238751534,0.26579970004968345,
w30,79,HGA-budget252,primary_evaluation,138,3.740251312995695,1640.7809185867861,1012.5960251906029,58.213191238751534,0.26644570007920265,
w30,79,HGA-budget252,primary_evaluation,139,3.740251312995695,1640.7809185867861,1012.5960251906029,58.213191238751534,0.2671115000266582,
w30,79,HGA-budget252,primary_evaluation,140,3.740251312995695,1640.7809185867861,1012.5960251906029,58.213191238751534,0.2678929001558572,
w30,79,HGA-budget252,primary_evaluation,141,3.740251312995695,1640.7809185867861,1012.5960251906029,58.213191238751534,0.2686847001314163,
w30,79,HGA-budget252,primary_evaluation,142,3.740251312995695,1640.7809185867861,1012.5960251906029,58.213191238751534,0.26939030014909804,
w30,79,HGA-budget252,primary_evaluation,143,3.740251312995695,1640.7809185867861,1012.5960251906029,58.213191238751534,0.2700668000616133,
w30,79,HGA-budget252,primary_evaluation,144,3.740251312995695,1640.7809185867861,1012.5960251906029,58.213191238751534,0.27049680007621646,
w30,79,HGA-budget252,primary_evaluation,145,3.740251312995695,1640.7809185867861,1012.5960251906029,58.213191238751534,0.2709711000788957,
w30,79,HGA-budget252,primary_evaluation,146,3.740251312995695,1640.7809185867861,1012.5960251906029,58.213191238751534,0.27170930011197925,
w30,79,HGA-budget252,primary_evaluation,147,3.740251312995695,1640.7809185867861,1012.5960251906029,58.213191238751534,0.2724735999945551,
w30,79,HGA-budget252,primary_evaluation,148,3.740251312995695,1640.7809185867861,1012.5960251906029,58.213191238751534,0.27324710018001497,
w30,79,HGA-budget252,primary_evaluation,149,3.740251312995695,1640.7809185867861,1012.5960251906029,58.213191238751534,0.27396060014143586,
w30,79,HGA-budget252,primary_evaluation,150,3.740251312995695,1640.7809185867861,1012.5960251906029,58.213191238751534,0.27640780014917254,
w30,79,HGA-budget252,primary_evaluation,151,3.740251312995695,1640.7809185867861,1012.5960251906029,58.213191238751534,0.27745980001054704,
w30,79,HGA-budget252,primary_evaluation,152,3.740251312995695,1640.7809185867861,1012.5960251906029,58.213191238751534,0.27990019996650517,
w30,79,HGA-budget252,primary_evaluation,153,3.740251312995695,1640.7809185867861,1012.5960251906029,58.213191238751534,0.28078090003691614,
w30,79,HGA-budget252,primary_evaluation,154,3.740251312995695,1640.7809185867861,1012.5960251906029,58.213191238751534,0.28362130001187325,
w30,79,HGA-budget252,primary_evaluation,155,3.740251312995695,1640.7809185867861,1012.5960251906029,58.213191238751534,0.28468380006961524,
w30,79,HGA-budget252,primary_evaluation,156,3.740251312995695,1640.7809185867861,1012.5960251906029,58.213191238751534,0.2861123001202941,
w30,79,HGA-budget252,primary_evaluation,157,3.740251312995695,1640.7809185867861,1012.5960251906029,58.213191238751534,0.2870269000995904,
w30,79,HGA-budget252,primary_evaluation,158,3.740251312995695,1640.7809185867861,1012.5960251906029,58.213191238751534,0.28777749999426305,
w30,79,HGA-budget252,primary_evaluation,159,3.740251312995695,1640.7809185867861,1012.5960251906029,58.213191238751534,0.2885357001796365,
w30,79,HGA-budget252,primary_evaluation,160,3.740251312995695,1640.7809185867861,1012.5960251906029,58.213191238751534,0.2901606000959873,
w30,79,HGA-budget252,primary_evaluation,161,3.740251312995695,1640.7809185867861,1012.5960251906029,58.213191238751534,0.29128720005974174,
w30,79,HGA-budget252,primary_evaluation,162,3.740251312995695,1640.7809185867861,1012.5960251906029,58.213191238751534,0.2927910001017153,
w30,79,HGA-budget252,primary_evaluation,163,3.740251312995695,1640.7809185867861,1012.5960251906029,58.213191238751534,0.293690700083971,
w30,79,HGA-budget252,primary_evaluation,164,3.740251312995695,1640.7809185867861,1012.5960251906029,58.213191238751534,0.2946358001790941,
w30,79,HGA-budget252,primary_evaluation,165,3.740251312995695,1640.7809185867861,1012.5960251906029,58.213191238751534,0.29563140007667243,
w30,79,HGA-budget252,primary_evaluation,166,3.740251312995695,1640.7809185867861,1012.5960251906029,58.213191238751534,0.2966814001556486,
w30,79,HGA-budget252,primary_evaluation,167,3.740251312995695,1640.7809185867861,1012.5960251906029,58.213191238751534,0.29757010005414486,
w30,79,HGA-budget252,primary_evaluation,168,3.740251312995695,1640.7809185867861,1012.5960251906029,58.213191238751534,0.2984723001718521,
w30,79,HGA-budget252,primary_evaluation,169,3.740251312995695,1640.7809185867861,1012.5960251906029,58.213191238751534,0.29934370005503297,
w30,79,HGA-budget252,primary_evaluation,170,3.740251312995695,1640.7809185867861,1012.5960251906029,58.213191238751534,0.3002320001833141,
w30,79,HGA-budget252,primary_evaluation,171,3.740251312995695,1640.7809185867861,1012.5960251906029,58.213191238751534,0.30133599997498095,
w30,79,HGA-budget252,primary_evaluation,172,3.740251312995695,1640.7809185867861,1012.5960251906029,58.213191238751534,0.30248189996927977,
w30,79,HGA-budget252,primary_evaluation,173,3.740251312995695,1640.7809185867861,1012.5960251906029,58.213191238751534,0.30338459997437894,
w30,79,HGA-budget252,primary_evaluation,174,3.740251312995695,1640.7809185867861,1012.5960251906029,58.213191238751534,0.3042376001831144,
w30,79,HGA-budget252,primary_evaluation,175,3.740251312995695,1640.7809185867861,1012.5960251906029,58.213191238751534,0.3051064000464976,
w30,79,HGA-budget252,primary_evaluation,176,3.740251312995695,1640.7809185867861,1012.5960251906029,58.213191238751534,0.30595279997214675,
w30,79,HGA-budget252,primary_evaluation,177,3.740251312995695,1640.7809185867861,1012.5960251906029,58.213191238751534,0.3068578001111746,
w30,79,HGA-budget252,primary_evaluation,178,3.740251312995695,1640.7809185867861,1012.5960251906029,58.213191238751534,0.30780700012110174,
w30,79,HGA-budget252,primary_evaluation,179,3.740251312995695,1640.7809185867861,1012.5960251906029,58.213191238751534,0.31100600003264844,
w30,79,HGA-budget252,primary_evaluation,180,3.740251312995695,1640.7809185867861,1012.5960251906029,58.213191238751534,0.3129765000194311,
w30,79,HGA-budget252,primary_evaluation,181,3.740251312995695,1640.7809185867861,1012.5960251906029,58.213191238751534,0.3138918001204729,
w30,79,HGA-budget252,primary_evaluation,182,3.740251312995695,1640.7809185867861,1012.5960251906029,58.213191238751534,0.314707700163126,
w30,79,HGA-budget252,primary_evaluation,183,3.740251312995695,1640.7809185867861,1012.5960251906029,58.213191238751534,0.3154877000488341,
w30,79,HGA-budget252,primary_evaluation,184,3.740251312995695,1640.7809185867861,1012.5960251906029,58.213191238751534,0.3162502001505345,
w30,79,HGA-budget252,primary_evaluation,185,3.740251312995695,1640.7809185867861,1012.5960251906029,58.213191238751534,0.3170100999996066,
w30,79,HGA-budget252,primary_evaluation,186,3.740251312995695,1640.7809185867861,1012.5960251906029,58.213191238751534,0.3179296001326293,
w30,79,HGA-budget252,primary_evaluation,187,3.740251312995695,1640.7809185867861,1012.5960251906029,58.213191238751534,0.3187704000156373,
w30,79,HGA-budget252,primary_evaluation,188,3.740251312995695,1640.7809185867861,1012.5960251906029,58.213191238751534,0.3196849999949336,
w30,79,HGA-budget252,primary_evaluation,189,3.740251312995695,1640.7809185867861,1012.5960251906029,58.213191238751534,0.32056600018404424,
w30,79,HGA-budget252,primary_evaluation,190,3.740251312995695,1640.7809185867861,1012.5960251906029,58.213191238751534,0.3213359999936074,
w30,79,HGA-budget252,primary_evaluation,191,3.740251312995695,1640.7809185867861,1012.5960251906029,58.213191238751534,0.32211930002085865,
w30,79,HGA-budget252,primary_evaluation,192,3.740251312995695,1640.7809185867861,1012.5960251906029,58.213191238751534,0.3230246000457555,
w30,79,HGA-budget252,primary_evaluation,193,3.740251312995695,1640.7809185867861,1012.5960251906029,58.213191238751534,0.32390770013444126,
w30,79,HGA-budget252,primary_evaluation,194,3.740251312995695,1640.7809185867861,1012.5960251906029,58.213191238751534,0.3255590000189841,
w30,79,HGA-budget252,primary_evaluation,195,3.740251312995695,1640.7809185867861,1012.5960251906029,58.213191238751534,0.326751200016588,
w30,79,HGA-budget252,primary_evaluation,196,3.740251312995695,1640.7809185867861,1012.5960251906029,58.213191238751534,0.3276725001633167,
w30,79,HGA-budget252,primary_evaluation,197,3.740251312995695,1640.7809185867861,1012.5960251906029,58.213191238751534,0.32863330002874136,
w30,79,HGA-budget252,primary_evaluation,198,3.740251312995695,1640.7809185867861,1012.5960251906029,58.213191238751534,0.3295483000110835,
w30,79,HGA-budget252,primary_evaluation,199,3.740251312995695,1640.7809185867861,1012.5960251906029,58.213191238751534,0.3308930001221597,
w30,79,HGA-budget252,primary_evaluation,200,3.740251312995695,1640.7809185867861,1012.5960251906029,58.213191238751534,0.3318392999935895,
w30,79,HGA-budget252,primary_evaluation,201,3.740251312995695,1640.7809185867861,1012.5960251906029,58.213191238751534,0.33279110002331436,
w30,79,HGA-budget252,primary_evaluation,202,3.740251312995695,1640.7809185867861,1012.5960251906029,58.213191238751534,0.33373320009559393,
w30,79,HGA-budget252,primary_evaluation,203,3.740251312995695,1640.7809185867861,1012.5960251906029,58.213191238751534,0.33460570010356605,
w30,79,HGA-budget252,primary_evaluation,204,3.740251312995695,1640.7809185867861,1012.5960251906029,58.213191238751534,0.3355086001101881,
w30,79,HGA-budget252,primary_evaluation,205,3.740251312995695,1640.7809185867861,1012.5960251906029,58.213191238751534,0.33640110003761947,
w30,79,HGA-budget252,primary_evaluation,206,3.740022223847447,1640.7809185867861,1012.5960251906029,58.0638347275501,0.3372939000837505,
w30,79,HGA-budget252,primary_evaluation,207,3.740022223847447,1640.7809185867861,1012.5960251906029,58.0638347275501,0.3455833001062274,
w30,79,HGA-budget252,primary_evaluation,208,3.740022223847447,1640.7809185867861,1012.5960251906029,58.0638347275501,0.34638310014270246,
w30,79,HGA-budget252,primary_evaluation,209,3.740022223847447,1640.7809185867861,1012.5960251906029,58.0638347275501,0.34713340015150607,
w30,79,HGA-budget252,primary_evaluation,210,3.740022223847447,1640.7809185867861,1012.5960251906029,58.0638347275501,0.34789370000362396,
w30,79,HGA-budget252,primary_evaluation,211,3.740022223847447,1640.7809185867861,1012.5960251906029,58.0638347275501,0.34860879997722805,
w30,79,HGA-budget252,primary_evaluation,212,3.740022223847447,1640.7809185867861,1012.5960251906029,58.0638347275501,0.34930500015616417,
w30,79,HGA-budget252,primary_evaluation,213,3.740022223847447,1640.7809185867861,1012.5960251906029,58.0638347275501,0.35002740006893873,
w30,79,HGA-budget252,primary_evaluation,214,3.740022223847447,1640.7809185867861,1012.5960251906029,58.0638347275501,0.3507409000303596,
w30,79,HGA-budget252,primary_evaluation,215,3.740022223847447,1640.7809185867861,1012.5960251906029,58.0638347275501,0.3514319001697004,
w30,79,HGA-budget252,primary_evaluation,216,3.740022223847447,1640.7809185867861,1012.5960251906029,58.0638347275501,0.3521116999909282,
w30,79,HGA-budget252,primary_evaluation,217,3.740022223847447,1640.7809185867861,1012.5960251906029,58.0638347275501,0.3528271000832319,
w30,79,HGA-budget252,primary_evaluation,218,3.740022223847447,1640.7809185867861,1012.5960251906029,58.0638347275501,0.3535123001784086,
w30,79,HGA-budget252,primary_evaluation,219,3.740022223847447,1640.7809185867861,1012.5960251906029,58.0638347275501,0.35417880001477897,
w30,79,HGA-budget252,primary_evaluation,220,3.740022223847447,1640.7809185867861,1012.5960251906029,58.0638347275501,0.35480770003050566,
w30,79,HGA-budget252,primary_evaluation,221,3.740022223847447,1640.7809185867861,1012.5960251906029,58.0638347275501,0.35546690016053617,
w30,79,HGA-budget252,primary_evaluation,222,3.740022223847447,1640.7809185867861,1012.5960251906029,58.0638347275501,0.356158799957484,
w30,79,HGA-budget252,primary_evaluation,223,3.740022223847447,1640.7809185867861,1012.5960251906029,58.0638347275501,0.35695260018110275,
w30,79,HGA-budget252,primary_evaluation,224,3.740022223847447,1640.7809185867861,1012.5960251906029,58.0638347275501,0.35889410017989576,
w30,79,HGA-budget252,primary_evaluation,225,3.740022223847447,1640.7809185867861,1012.5960251906029,58.0638347275501,0.35984609997831285,
w30,79,HGA-budget252,primary_evaluation,226,3.740022223847447,1640.7809185867861,1012.5960251906029,58.0638347275501,0.36052940017543733,
w30,79,HGA-budget252,primary_evaluation,227,3.740022223847447,1640.7809185867861,1012.5960251906029,58.0638347275501,0.3612359999679029,
w30,79,HGA-budget252,primary_evaluation,228,3.740022223847447,1640.7809185867861,1012.5960251906029,58.0638347275501,0.36192700010724366,
w30,79,HGA-budget252,primary_evaluation,229,3.740022223847447,1640.7809185867861,1012.5960251906029,58.0638347275501,0.36329380003735423,
w30,79,HGA-budget252,primary_evaluation,230,3.740022223847447,1640.7809185867861,1012.5960251906029,58.0638347275501,0.36403050017543137,
w30,79,HGA-budget252,primary_evaluation,231,3.740022223847447,1640.7809185867861,1012.5960251906029,58.0638347275501,0.36497830017469823,
w30,79,HGA-budget252,primary_evaluation,232,3.740022223847447,1640.7809185867861,1012.5960251906029,58.0638347275501,0.36569080012850463,
w30,79,HGA-budget252,primary_evaluation,233,3.740022223847447,1640.7809185867861,1012.5960251906029,58.0638347275501,0.36656630015932024,
w30,79,HGA-budget252,primary_evaluation,234,3.740022223847447,1640.7809185867861,1012.5960251906029,58.0638347275501,0.3674170000012964,
w30,79,HGA-budget252,primary_evaluation,235,3.740022223847447,1640.7809185867861,1012.5960251906029,58.0638347275501,0.36804980016313493,
w30,79,HGA-budget252,primary_evaluation,236,3.740022223847447,1640.7809185867861,1012.5960251906029,58.0638347275501,0.3687162999995053,
w30,79,HGA-budget252,primary_evaluation,237,3.740022223847447,1640.7809185867861,1012.5960251906029,58.0638347275501,0.3697743001393974,
w30,79,HGA-budget252,primary_evaluation,238,3.740022223847447,1640.7809185867861,1012.5960251906029,58.0638347275501,0.37080850009806454,
w30,79,HGA-budget252,primary_evaluation,239,3.740022223847447,1640.7809185867861,1012.5960251906029,58.0638347275501,0.3715477001387626,
w30,79,HGA-budget252,primary_evaluation,240,3.740022223847447,1640.7809185867861,1012.5960251906029,58.0638347275501,0.3726375000551343,
w30,79,HGA-budget252,primary_evaluation,241,3.740022223847447,1640.7809185867861,1012.5960251906029,58.0638347275501,0.37379870004951954,
w30,79,HGA-budget252,primary_evaluation,242,3.740022223847447,1640.7809185867861,1012.5960251906029,58.0638347275501,0.37452560011297464,
w30,79,HGA-budget252,primary_evaluation,243,3.740022223847447,1640.7809185867861,1012.5960251906029,58.0638347275501,0.37530640000477433,
w30,79,HGA-budget252,primary_evaluation,244,3.740022223847447,1640.7809185867861,1012.5960251906029,58.0638347275501,0.37626769999042153,
w30,79,HGA-budget252,primary_evaluation,245,3.740022223847447,1640.7809185867861,1012.5960251906029,58.0638347275501,0.37704750010743737,
w30,79,HGA-budget252,primary_evaluation,246,3.740022223847447,1640.7809185867861,1012.5960251906029,58.0638347275501,0.37779349996708333,
w30,79,HGA-budget252,primary_evaluation,247,3.740022223847447,1640.7809185867861,1012.5960251906029,58.0638347275501,0.3784642000682652,
w30,79,HGA-budget252,primary_evaluation,248,3.740022223847447,1640.7809185867861,1012.5960251906029,58.0638347275501,0.37926870002411306,
w30,79,HGA-budget252,primary_evaluation,249,3.740022223847447,1640.7809185867861,1012.5960251906029,58.0638347275501,0.3800258000846952,
w30,79,HGA-budget252,primary_evaluation,250,3.740022223847447,1640.7809185867861,1012.5960251906029,58.0638347275501,0.3807888999581337,
w30,79,HGA-budget252,primary_evaluation,251,3.740022223847447,1640.7809185867861,1012.5960251906029,58.0638347275501,0.381584299961105,
w30,79,HGA-budget252,primary_evaluation,252,3.740022223847447,1640.7809185867861,1012.5960251906029,58.0638347275501,0.38236399996094406,
w30,79,HGA-budget252,generation_boundary,12,3.7420447010908915,,,,,0
w30,79,HGA-budget72,primary_evaluation,1,3.7420447010908915,1640.7809185867861,1012.5960251906029,59.38240501939936,0.11253449996002018,
w30,79,HGA-budget72,primary_evaluation,2,3.7420447010908915,1640.7809185867861,1012.5960251906029,59.38240501939936,0.12884099991060793,
w30,79,HGA-budget72,primary_evaluation,3,3.7420447010908915,1640.7809185867861,1012.5960251906029,59.38240501939936,0.12945810006931424,
w30,79,HGA-budget72,primary_evaluation,4,3.7420447010908915,1640.7809185867861,1012.5960251906029,59.38240501939936,0.13012410001829267,
w30,79,HGA-budget72,primary_evaluation,5,3.7420447010908915,1640.7809185867861,1012.5960251906029,59.38240501939936,0.13085850002244115,
w30,79,HGA-budget72,primary_evaluation,6,3.7420447010908915,1640.7809185867861,1012.5960251906029,59.38240501939936,0.13139049988240004,
w30,79,HGA-budget72,primary_evaluation,7,3.7420447010908915,1640.7809185867861,1012.5960251906029,59.38240501939936,0.13202979997731745,
w30,79,HGA-budget72,primary_evaluation,8,3.7420447010908915,1640.7809185867861,1012.5960251906029,59.38240501939936,0.13301509991288185,
w30,79,HGA-budget72,primary_evaluation,9,3.7420447010908915,1640.7809185867861,1012.5960251906029,59.38240501939936,0.13392980000935495,
w30,79,HGA-budget72,primary_evaluation,10,3.7420447010908915,1640.7809185867861,1012.5960251906029,59.38240501939936,0.13475740002468228,
w30,79,HGA-budget72,primary_evaluation,11,3.7420447010908915,1640.7809185867861,1012.5960251906029,59.38240501939936,0.13545709988102317,
w30,79,HGA-budget72,primary_evaluation,12,3.7420447010908915,1640.7809185867861,1012.5960251906029,59.38240501939936,0.13627479993738234,
w30,79,HGA-budget72,primary_evaluation,13,3.7420447010908915,1640.7809185867861,1012.5960251906029,59.38240501939936,0.13678850000724196,
w30,79,HGA-budget72,primary_evaluation,14,3.7420447010908915,1640.7809185867861,1012.5960251906029,59.38240501939936,0.13727669999934733,
w30,79,HGA-budget72,primary_evaluation,15,3.7420447010908915,1640.7809185867861,1012.5960251906029,59.38240501939936,0.13785959989763796,
w30,79,HGA-budget72,primary_evaluation,16,3.7420447010908915,1640.7809185867861,1012.5960251906029,59.38240501939936,0.13873040000908077,
w30,79,HGA-budget72,primary_evaluation,17,3.7420447010908915,1640.7809185867861,1012.5960251906029,59.38240501939936,0.13963999995030463,
w30,79,HGA-budget72,primary_evaluation,18,3.7420447010908915,1640.7809185867861,1012.5960251906029,59.38240501939936,0.14063919987529516,
w30,79,HGA-budget72,primary_evaluation,19,3.7420447010908915,1640.7809185867861,1012.5960251906029,59.38240501939936,0.14162359992042184,
w30,79,HGA-budget72,primary_evaluation,20,3.7420447010908915,1640.7809185867861,1012.5960251906029,59.38240501939936,0.14256229996681213,
w30,79,HGA-budget72,primary_evaluation,21,3.7420447010908915,1640.7809185867861,1012.5960251906029,59.38240501939936,0.14366209995932877,
w30,79,HGA-budget72,primary_evaluation,22,3.7420447010908915,1640.7809185867861,1012.5960251906029,59.38240501939936,0.1447342000901699,
w30,79,HGA-budget72,primary_evaluation,23,3.7420447010908915,1640.7809185867861,1012.5960251906029,59.38240501939936,0.14544270001351833,
w30,79,HGA-budget72,primary_evaluation,24,3.7420447010908915,1640.7809185867861,1012.5960251906029,59.38240501939936,0.14614219986833632,
w30,79,HGA-budget72,primary_evaluation,25,3.7420447010908915,1640.7809185867861,1012.5960251906029,59.38240501939936,0.14669329999014735,
w30,79,HGA-budget72,primary_evaluation,26,3.7420447010908915,1640.7809185867861,1012.5960251906029,59.38240501939936,0.1472708999644965,
w30,79,HGA-budget72,primary_evaluation,27,3.7420447010908915,1640.7809185867861,1012.5960251906029,59.38240501939936,0.14780579996295273,
w30,79,HGA-budget72,primary_evaluation,28,3.7420447010908915,1640.7809185867861,1012.5960251906029,59.38240501939936,0.14830500003881752,
w30,79,HGA-budget72,primary_evaluation,29,3.7417202970593064,1640.7809185867861,1012.5960251906029,59.17090720403924,0.14880349999293685,
w30,79,HGA-budget72,primary_evaluation,30,3.7417202970593064,1640.7809185867861,1012.5960251906029,59.17090720403924,0.15234809997491539,
w30,79,HGA-budget72,primary_evaluation,31,3.7417202970593064,1640.7809185867861,1012.5960251906029,59.17090720403924,0.15292269992642105,
w30,79,HGA-budget72,primary_evaluation,32,3.7417202970593064,1640.7809185867861,1012.5960251906029,59.17090720403924,0.15379479993134737,
w30,79,HGA-budget72,primary_evaluation,33,3.7417202970593064,1640.7809185867861,1012.5960251906029,59.17090720403924,0.1547465999610722,
w30,79,HGA-budget72,primary_evaluation,34,3.7417202970593064,1640.7809185867861,1012.5960251906029,59.17090720403924,0.15595060004852712,
w30,79,HGA-budget72,primary_evaluation,35,3.7417202970593064,1640.7809185867861,1012.5960251906029,59.17090720403924,0.15652229986153543,
w30,79,HGA-budget72,primary_evaluation,36,3.7417202970593064,1640.7809185867861,1012.5960251906029,59.17090720403924,0.15709979995153844,
w30,79,HGA-budget72,primary_evaluation,37,3.7417202970593064,1640.7809185867861,1012.5960251906029,59.17090720403924,0.15782550000585616,
w30,79,HGA-budget72,primary_evaluation,38,3.7417202970593064,1640.7809185867861,1012.5960251906029,59.17090720403924,0.15869349986314774,
w30,79,HGA-budget72,primary_evaluation,39,3.7417202970593064,1640.7809185867861,1012.5960251906029,59.17090720403924,0.16003759996965528,
w30,79,HGA-budget72,primary_evaluation,40,3.7417202970593064,1640.7809185867861,1012.5960251906029,59.17090720403924,0.16104110004380345,
w30,79,HGA-budget72,primary_evaluation,41,3.7417202970593064,1640.7809185867861,1012.5960251906029,59.17090720403924,0.16201439988799393,
w30,79,HGA-budget72,primary_evaluation,42,3.7417202970593064,1640.7809185867861,1012.5960251906029,59.17090720403924,0.16301109991036355,
w30,79,HGA-budget72,primary_evaluation,43,3.7417202970593064,1640.7809185867861,1012.5960251906029,59.17090720403924,0.1641186000779271,
w30,79,HGA-budget72,primary_evaluation,44,3.7417202970593064,1640.7809185867861,1012.5960251906029,59.17090720403924,0.16501419991254807,
w30,79,HGA-budget72,primary_evaluation,45,3.7417202970593064,1640.7809185867861,1012.5960251906029,59.17090720403924,0.16580169997178018,
w30,79,HGA-budget72,primary_evaluation,46,3.7417202970593064,1640.7809185867861,1012.5960251906029,59.17090720403924,0.16638160008005798,
w30,79,HGA-budget72,primary_evaluation,47,3.7417202970593064,1640.7809185867861,1012.5960251906029,59.17090720403924,0.16705100005492568,
w30,79,HGA-budget72,primary_evaluation,48,3.7417202970593064,1640.7809185867861,1012.5960251906029,59.17090720403924,0.16781029989942908,
w30,79,HGA-budget72,primary_evaluation,49,3.7417202970593064,1640.7809185867861,1012.5960251906029,59.17090720403924,0.16866820002906024,
w30,79,HGA-budget72,primary_evaluation,50,3.7417202970593064,1640.7809185867861,1012.5960251906029,59.17090720403924,0.1693948998581618,
w30,79,HGA-budget72,primary_evaluation,51,3.7417202970593064,1640.7809185867861,1012.5960251906029,59.17090720403924,0.170204299967736,
w30,79,HGA-budget72,primary_evaluation,52,3.7417202970593064,1640.7809185867861,1012.5960251906029,59.17090720403924,0.17647320008836687,
w30,79,HGA-budget72,primary_evaluation,53,3.7417202970593064,1640.7809185867861,1012.5960251906029,59.17090720403924,0.1785790000576526,
w30,79,HGA-budget72,primary_evaluation,54,3.7417202970593064,1640.7809185867861,1012.5960251906029,59.17090720403924,0.17980480007827282,
w30,79,HGA-budget72,primary_evaluation,55,3.7417202970593064,1640.7809185867861,1012.5960251906029,59.17090720403924,0.1807796999346465,
w30,79,HGA-budget72,primary_evaluation,56,3.7417202970593064,1640.7809185867861,1012.5960251906029,59.17090720403924,0.18173850001767278,
w30,79,HGA-budget72,primary_evaluation,57,3.7417202970593064,1640.7809185867861,1012.5960251906029,59.17090720403924,0.18251640000380576,
w30,79,HGA-budget72,primary_evaluation,58,3.7417202970593064,1640.7809185867861,1012.5960251906029,59.17090720403924,0.18339370004832745,
w30,79,HGA-budget72,primary_evaluation,59,3.7417202970593064,1640.7809185867861,1012.5960251906029,59.17090720403924,0.18438260001130402,
w30,79,HGA-budget72,primary_evaluation,60,3.7417202970593064,1640.7809185867861,1012.5960251906029,59.17090720403924,0.1851848999504,
w30,79,HGA-budget72,primary_evaluation,61,3.7417202970593064,1640.7809185867861,1012.5960251906029,59.17090720403924,0.18665080005303025,
w30,79,HGA-budget72,primary_evaluation,62,3.7417202970593064,1640.7809185867861,1012.5960251906029,59.17090720403924,0.1876918999478221,
w30,79,HGA-budget72,primary_evaluation,63,3.7417202970593064,1640.7809185867861,1012.5960251906029,59.17090720403924,0.18872640002518892,
w30,79,HGA-budget72,primary_evaluation,64,3.7417202970593064,1640.7809185867861,1012.5960251906029,59.17090720403924,0.1897988999262452,
w30,79,HGA-budget72,primary_evaluation,65,3.7417202970593064,1640.7809185867861,1012.5960251906029,59.17090720403924,0.19095789990387857,
w30,79,HGA-budget72,primary_evaluation,66,3.7417202970593064,1640.7809185867861,1012.5960251906029,59.17090720403924,0.19191789999604225,
w30,79,HGA-budget72,primary_evaluation,67,3.7417202970593064,1640.7809185867861,1012.5960251906029,59.17090720403924,0.1933939999435097,
w30,79,HGA-budget72,primary_evaluation,68,3.7417202970593064,1640.7809185867861,1012.5960251906029,59.17090720403924,0.1942688999697566,
w30,79,HGA-budget72,primary_evaluation,69,3.7417202970593064,1640.7809185867861,1012.5960251906029,59.17090720403924,0.19522359990514815,
w30,79,HGA-budget72,primary_evaluation,70,3.7417202970593064,1640.7809185867861,1012.5960251906029,59.17090720403924,0.1962097999639809,
w30,79,HGA-budget72,primary_evaluation,71,3.7417202970593064,1640.7809185867861,1012.5960251906029,59.17090720403924,0.19715450005605817,
w30,79,HGA-budget72,primary_evaluation,72,3.7417202970593064,1640.7809185867861,1012.5960251906029,59.17090720403924,0.1980709999334067,
w30,79,HGA-budget72,generation_boundary,12,3.7420447010908915,,,,,0
w30,80,ABMA1,primary_evaluation,1,3.5926580644365593,1619.0983594019117,973.787792005442,56.54642750731883,0.13486970006488264,
w30,80,ABMA1,primary_evaluation,2,1.0928454210031089,1269.308863646738,215.2955015693176,64.46737412925695,0.2691514000762254,
w30,80,ABMA1,primary_evaluation,3,1.0928454210031089,1269.308863646738,215.2955015693176,64.46737412925695,1.2936148999724537,
w30,80,ABMA1,primary_evaluation,4,1.0928454210031089,1269.308863646738,215.2955015693176,64.46737412925695,1.6782009000889957,
w30,80,ABMA1,primary_evaluation,5,1.0928454210031089,1269.308863646738,215.2955015693176,64.46737412925695,2.023800899973139,
w30,80,ABMA1,primary_evaluation,6,1.0928454210031089,1269.308863646738,215.2955015693176,64.46737412925695,2.151811799965799,
w30,80,ABMA1,primary_evaluation,7,1.0928454210031089,1269.308863646738,215.2955015693176,64.46737412925695,2.2903677001595497,
w30,80,ABMA1,primary_evaluation,8,1.0928454210031089,1269.308863646738,215.2955015693176,64.46737412925695,2.38820659997873,
w30,80,ABMA1,primary_evaluation,9,1.0928454210031089,1269.308863646738,215.2955015693176,64.46737412925695,2.5685876000206918,
w30,80,ABMA1,primary_evaluation,10,1.0928454210031089,1269.308863646738,215.2955015693176,64.46737412925695,2.9993302000220865,
w30,80,ABMA1,primary_evaluation,11,1.0928454210031089,1269.308863646738,215.2955015693176,64.46737412925695,3.429471200099215,
w30,80,ABMA1,primary_evaluation,12,1.0928454210031089,1269.308863646738,215.2955015693176,64.46737412925695,4.31579970009625,
w30,80,ABMA1,primary_evaluation,13,1.0928454210031089,1269.308863646738,215.2955015693176,64.46737412925695,4.41883229999803,
w30,80,ABMA1,primary_evaluation,14,1.0928454210031089,1269.308863646738,215.2955015693176,64.46737412925695,4.773219600087032,
w30,80,ABMA1,primary_evaluation,15,1.0928454210031089,1269.308863646738,215.2955015693176,64.46737412925695,4.9584751999937,
w30,80,ABMA1,primary_evaluation,16,1.0928454210031089,1269.308863646738,215.2955015693176,64.46737412925695,5.469801899977028,
w30,80,ABMA1,primary_evaluation,17,1.0928454210031089,1269.308863646738,215.2955015693176,64.46737412925695,5.67825959995389,
w30,80,ABMA1,primary_evaluation,18,1.0928454210031089,1269.308863646738,215.2955015693176,64.46737412925695,5.924574099946767,
w30,80,ABMA1,primary_evaluation,19,1.0928454210031089,1269.308863646738,215.2955015693176,64.46737412925695,6.141917899949476,
w30,80,ABMA1,primary_evaluation,20,1.0928454210031089,1269.308863646738,215.2955015693176,64.46737412925695,6.378761600004509,
w30,80,ABMA1,primary_evaluation,21,1.0928454210031089,1269.308863646738,215.2955015693176,64.46737412925695,6.6059938000980765,
w30,80,ABMA1,primary_evaluation,22,1.0928454210031089,1269.308863646738,215.2955015693176,64.46737412925695,6.839511299971491,
w30,80,ABMA1,primary_evaluation,23,1.0928454210031089,1269.308863646738,215.2955015693176,64.46737412925695,7.548439900157973,
w30,80,ABMA1,primary_evaluation,24,1.0928454210031089,1269.308863646738,215.2955015693176,64.46737412925695,8.449953699950129,
w30,80,ABMA1,primary_evaluation,25,1.0928454210031089,1269.308863646738,215.2955015693176,64.46737412925695,8.5792427000124,
w30,80,ABMA1,primary_evaluation,26,1.0616110106663088,1269.308863646738,184.09800959077234,70.55016860527454,8.700307100079954,
w30,80,ABMA1,primary_evaluation,27,1.0616110106663088,1269.308863646738,184.09800959077234,70.55016860527454,8.821118799969554,
w30,80,ABMA1,primary_evaluation,28,1.0616110106663088,1269.308863646738,184.09800959077234,70.55016860527454,8.944272099994123,
w30,80,ABMA1,primary_evaluation,29,1.0616110106663088,1269.308863646738,184.09800959077234,70.55016860527454,9.209625700023025,
w30,80,ABMA1,primary_evaluation,30,1.0616110106663088,1269.308863646738,184.09800959077234,70.55016860527454,9.45095880003646,
w30,80,ABMA1,primary_evaluation,31,1.0616110106663088,1269.308863646738,184.09800959077234,70.55016860527454,9.56519140000455,
w30,80,ABMA1,primary_evaluation,32,1.0616110106663088,1269.308863646738,184.09800959077234,70.55016860527454,9.741360600106418,
w30,80,ABMA1,primary_evaluation,33,1.0616110106663088,1269.308863646738,184.09800959077234,70.55016860527454,10.02193329995498,
w30,80,ABMA1,primary_evaluation,34,1.0616110106663088,1269.308863646738,184.09800959077234,70.55016860527454,10.226450700080022,
w30,80,ABMA1,primary_evaluation,35,1.0616110106663088,1269.308863646738,184.09800959077234,70.55016860527454,11.041217100108042,
w30,80,ABMA1,primary_evaluation,36,1.0616110106663088,1269.308863646738,184.09800959077234,70.55016860527454,12.013375699985772,
w30,80,ABMA1,primary_evaluation,37,1.0616110106663088,1269.308863646738,184.09800959077234,70.55016860527454,12.10685700015165,
w30,80,ABMA1,primary_evaluation,38,1.0616110106663088,1269.308863646738,184.09800959077234,70.55016860527454,12.24227110017091,
w30,80,ABMA1,primary_evaluation,39,1.0616110106663088,1269.308863646738,184.09800959077234,70.55016860527454,12.353283799951896,
w30,80,ABMA1,primary_evaluation,40,1.0616110106663088,1269.308863646738,184.09800959077234,70.55016860527454,12.461091700010002,
w30,80,ABMA1,primary_evaluation,41,1.0616110106663088,1269.308863646738,184.09800959077234,70.55016860527454,12.851920900167897,
w30,80,ABMA1,primary_evaluation,42,1.0616110106663088,1269.308863646738,184.09800959077234,70.55016860527454,12.964824100024998,
w30,80,ABMA1,primary_evaluation,43,1.0616110106663088,1269.308863646738,184.09800959077234,70.55016860527454,13.217588700121269,
w30,80,ABMA1,primary_evaluation,44,1.0616110106663088,1269.308863646738,184.09800959077234,70.55016860527454,13.622906600125134,
w30,80,ABMA1,primary_evaluation,45,1.0616110106663088,1269.308863646738,184.09800959077234,70.55016860527454,13.961099199950695,
w30,80,ABMA1,primary_evaluation,46,1.0616110106663088,1269.308863646738,184.09800959077234,70.55016860527454,14.076215900015086,
w30,80,ABMA1,primary_evaluation,47,1.0616110106663088,1269.308863646738,184.09800959077234,70.55016860527454,14.585887900087982,
w30,80,ABMA1,primary_evaluation,48,1.0616110106663088,1269.308863646738,184.09800959077234,70.55016860527454,14.809275400126353,
w30,80,ABMA1,primary_evaluation,49,1.0616110106663088,1269.308863646738,184.09800959077234,70.55016860527454,14.920640500029549,
w30,80,ABMA1,primary_evaluation,50,1.0616110106663088,1269.308863646738,184.09800959077234,70.55016860527454,15.15540249994956,
w30,80,ABMA1,primary_evaluation,51,1.0616110106663088,1269.308863646738,184.09800959077234,70.55016860527454,15.291942700045183,
w30,80,ABMA1,primary_evaluation,52,1.0616110106663088,1269.308863646738,184.09800959077234,70.55016860527454,15.423151799943298,
w30,80,ABMA1,primary_evaluation,53,1.0616110106663088,1269.308863646738,184.09800959077234,70.55016860527454,15.8418000000529,
w30,80,ABMA1,primary_evaluation,54,1.0616110106663088,1269.308863646738,184.09800959077234,70.55016860527454,16.283036400098354,
w30,80,ABMA1,primary_evaluation,55,1.0616110106663088,1269.308863646738,184.09800959077234,70.55016860527454,16.816975800087675,
w30,80,ABMA1,primary_evaluation,56,1.0616110106663088,1269.308863646738,184.09800959077234,70.55016860527454,17.001263400074095,
w30,80,ABMA1,primary_evaluation,57,1.0616110106663088,1269.308863646738,184.09800959077234,70.55016860527454,17.38193599996157,
w30,80,ABMA1,primary_evaluation,58,1.0616110106663088,1269.308863646738,184.09800959077234,70.55016860527454,18.06754030007869,
w30,80,ABMA1,primary_evaluation,59,1.0616110106663088,1269.308863646738,184.09800959077234,70.55016860527454,18.429743699962273,
w30,80,ABMA1,primary_evaluation,60,1.0616110106663088,1269.308863646738,184.09800959077234,70.55016860527454,18.662856500130147,
w30,80,ABMA1,primary_evaluation,61,1.0616110106663088,1269.308863646738,184.09800959077234,70.55016860527454,19.20224230014719,
w30,80,ABMA1,primary_evaluation,62,1.0616110106663088,1269.308863646738,184.09800959077234,70.55016860527454,19.276216899976134,
w30,80,ABMA1,primary_evaluation,63,1.0616110106663088,1269.308863646738,184.09800959077234,70.55016860527454,19.380042199976742,
w30,80,ABMA1,primary_evaluation,64,1.0616110106663088,1269.308863646738,184.09800959077234,70.55016860527454,19.593385100131854,
w30,80,ABMA1,primary_evaluation,65,1.0616110106663088,1269.308863646738,184.09800959077234,70.55016860527454,19.79973389999941,
w30,80,ABMA1,primary_evaluation,66,1.0616110106663088,1269.308863646738,184.09800959077234,70.55016860527454,20.537479600170627,
w30,80,ABMA1,primary_evaluation,67,1.0616110106663088,1269.308863646738,184.09800959077234,70.55016860527454,20.64365310012363,
w30,80,ABMA1,primary_evaluation,68,1.0616110106663088,1269.308863646738,184.09800959077234,70.55016860527454,21.35474570002407,
w30,80,ABMA1,primary_evaluation,69,1.0616110106663088,1269.308863646738,184.09800959077234,70.55016860527454,21.633741999976337,
w30,80,ABMA1,primary_evaluation,70,1.0616110106663088,1269.308863646738,184.09800959077234,70.55016860527454,21.763458700152114,
w30,80,ABMA1,primary_evaluation,71,1.0616110106663088,1269.308863646738,184.09800959077234,70.55016860527454,21.94210540014319,
w30,80,ABMA1,primary_evaluation,72,1.0616110106663088,1269.308863646738,184.09800959077234,70.55016860527454,22.14127549994737,
w30,80,ABMA1,generation_boundary,12,1.0928454210031089,,,,,0
w30,80,ABMA1,generation_boundary,24,1.0928454210031089,,,,,1
w30,80,ABMA1,generation_boundary,36,1.0616110106663088,,,,,2
w30,80,ABMA1,generation_boundary,48,1.0616110106663088,,,,,3
w30,80,ABMA1,generation_boundary,60,1.0616110106663088,,,,,4
w30,80,ABMA1,generation_boundary,72,1.0616110106663088,,,,,5
w30,80,ABMA20,primary_evaluation,1,3.5926580644365593,1619.0983594019117,973.787792005442,56.54642750731883,0.061420700047165155,
w30,80,ABMA20,primary_evaluation,2,1.0928454210031089,1269.308863646738,215.2955015693176,64.46737412925695,0.1033771000802517,
w30,80,ABMA20,primary_evaluation,3,1.0928454210031089,1269.308863646738,215.2955015693176,64.46737412925695,0.6778639000840485,
w30,80,ABMA20,primary_evaluation,4,1.0928454210031089,1269.308863646738,215.2955015693176,64.46737412925695,0.9527309001423419,
w30,80,ABMA20,primary_evaluation,5,1.0928454210031089,1269.308863646738,215.2955015693176,64.46737412925695,1.2338588000275195,
w30,80,ABMA20,primary_evaluation,6,1.0928454210031089,1269.308863646738,215.2955015693176,64.46737412925695,1.3734091999940574,
w30,80,ABMA20,primary_evaluation,7,1.0928454210031089,1269.308863646738,215.2955015693176,64.46737412925695,1.4591661000158638,
w30,80,ABMA20,primary_evaluation,8,1.0928454210031089,1269.308863646738,215.2955015693176,64.46737412925695,1.511178300017491,
w30,80,ABMA20,primary_evaluation,9,1.0928454210031089,1269.308863646738,215.2955015693176,64.46737412925695,1.6670737999957055,
w30,80,ABMA20,primary_evaluation,10,1.0928454210031089,1269.308863646738,215.2955015693176,64.46737412925695,2.1743541001342237,
w30,80,ABMA20,primary_evaluation,11,1.0928454210031089,1269.308863646738,215.2955015693176,64.46737412925695,2.757162000052631,
w30,80,ABMA20,primary_evaluation,12,1.0928454210031089,1269.308863646738,215.2955015693176,64.46737412925695,3.6249500999692827,
w30,80,ABMA20,primary_evaluation,13,1.0928454210031089,1269.308863646738,215.2955015693176,64.46737412925695,3.755369500024244,
w30,80,ABMA20,primary_evaluation,14,1.0928454210031089,1269.308863646738,215.2955015693176,64.46737412925695,4.104229700053111,
w30,80,ABMA20,primary_evaluation,15,1.0928454210031089,1269.308863646738,215.2955015693176,64.46737412925695,4.246710499981418,
w30,80,ABMA20,primary_evaluation,16,1.0928454210031089,1269.308863646738,215.2955015693176,64.46737412925695,4.723223400069401,
w30,80,ABMA20,primary_evaluation,17,1.0928454210031089,1269.308863646738,215.2955015693176,64.46737412925695,4.925463400082663,
w30,80,ABMA20,primary_evaluation,18,1.0928454210031089,1269.308863646738,215.2955015693176,64.46737412925695,5.159496699925512,
w30,80,ABMA20,primary_evaluation,19,1.0928454210031089,1269.308863646738,215.2955015693176,64.46737412925695,5.290706400061026,
w30,80,ABMA20,primary_evaluation,20,1.0928454210031089,1269.308863646738,215.2955015693176,64.46737412925695,5.50153569993563,
w30,80,ABMA20,primary_evaluation,21,1.0928454210031089,1269.308863646738,215.2955015693176,64.46737412925695,5.719724100083113,
w30,80,ABMA20,primary_evaluation,22,1.0928454210031089,1269.308863646738,215.2955015693176,64.46737412925695,5.953862400026992,
w30,80,ABMA20,primary_evaluation,23,1.0928454210031089,1269.308863646738,215.2955015693176,64.46737412925695,6.58683990011923,
w30,80,ABMA20,primary_evaluation,24,1.0928454210031089,1269.308863646738,215.2955015693176,64.46737412925695,7.52389009995386,
w30,80,ABMA20,primary_evaluation,25,1.0928454210031089,1269.308863646738,215.2955015693176,64.46737412925695,7.6543157999403775,
w30,80,ABMA20,primary_evaluation,26,1.0616110106663088,1269.308863646738,184.09800959077234,70.55016860527454,7.810672200052068,
w30,80,ABMA20,primary_evaluation,27,1.0616110106663088,1269.308863646738,184.09800959077234,70.55016860527454,7.903055000118911,
w30,80,ABMA20,primary_evaluation,28,1.0616110106663088,1269.308863646738,184.09800959077234,70.55016860527454,8.008191900094971,
w30,80,ABMA20,primary_evaluation,29,1.0616110106663088,1269.308863646738,184.09800959077234,70.55016860527454,8.247794199967757,
w30,80,ABMA20,primary_evaluation,30,1.0616110106663088,1269.308863646738,184.09800959077234,70.55016860527454,8.47703850013204,
w30,80,ABMA20,primary_evaluation,31,1.0616110106663088,1269.308863646738,184.09800959077234,70.55016860527454,8.607133199926466,
w30,80,ABMA20,primary_evaluation,32,1.0616110106663088,1269.308863646738,184.09800959077234,70.55016860527454,8.80719260009937,
w30,80,ABMA20,primary_evaluation,33,1.0616110106663088,1269.308863646738,184.09800959077234,70.55016860527454,9.046992300078273,
w30,80,ABMA20,primary_evaluation,34,1.0616110106663088,1269.308863646738,184.09800959077234,70.55016860527454,9.269142500124872,
w30,80,ABMA20,primary_evaluation,35,1.0616110106663088,1269.308863646738,184.09800959077234,70.55016860527454,9.99172280007042,
w30,80,ABMA20,primary_evaluation,36,1.0616110106663088,1269.308863646738,184.09800959077234,70.55016860527454,10.825098400004208,
w30,80,ABMA20,primary_evaluation,37,1.0616110106663088,1269.308863646738,184.09800959077234,70.55016860527454,10.898663599975407,
w30,80,ABMA20,primary_evaluation,38,1.0616110106663088,1269.308863646738,184.09800959077234,70.55016860527454,11.009719500085339,
w30,80,ABMA20,primary_evaluation,39,1.0616110106663088,1269.308863646738,184.09800959077234,70.55016860527454,11.113587300060317,
w30,80,ABMA20,primary_evaluation,40,1.0616110106663088,1269.308863646738,184.09800959077234,70.55016860527454,11.23499480006285,
w30,80,ABMA20,primary_evaluation,41,1.0616110106663088,1269.308863646738,184.09800959077234,70.55016860527454,11.563510300125927,
w30,80,ABMA20,primary_evaluation,42,1.0616110106663088,1269.308863646738,184.09800959077234,70.55016860527454,11.677655800012872,
w30,80,ABMA20,primary_evaluation,43,1.0616110106663088,1269.308863646738,184.09800959077234,70.55016860527454,11.886038500117138,
w30,80,ABMA20,primary_evaluation,44,1.0616110106663088,1269.308863646738,184.09800959077234,70.55016860527454,12.281307199969888,
w30,80,ABMA20,primary_evaluation,45,1.0616110106663088,1269.308863646738,184.09800959077234,70.55016860527454,12.533359300112352,
w30,80,ABMA20,primary_evaluation,46,1.0616110106663088,1269.308863646738,184.09800959077234,70.55016860527454,12.678474599961191,
w30,80,ABMA20,primary_evaluation,47,1.0616110106663088,1269.308863646738,184.09800959077234,70.55016860527454,13.127626300090924,
w30,80,ABMA20,primary_evaluation,48,1.0616110106663088,1269.308863646738,184.09800959077234,70.55016860527454,13.325630099978298,
w30,80,ABMA20,primary_evaluation,49,1.0616110106663088,1269.308863646738,184.09800959077234,70.55016860527454,13.42452839994803,
w30,80,ABMA20,primary_evaluation,50,1.0616110106663088,1269.308863646738,184.09800959077234,70.55016860527454,13.650081699946895,
w30,80,ABMA20,primary_evaluation,51,1.0616110106663088,1269.308863646738,184.09800959077234,70.55016860527454,13.792693099938333,
w30,80,ABMA20,primary_evaluation,52,1.0616110106663088,1269.308863646738,184.09800959077234,70.55016860527454,13.920605800114572,
w30,80,ABMA20,primary_evaluation,53,1.0616110106663088,1269.308863646738,184.09800959077234,70.55016860527454,14.338196200085804,
w30,80,ABMA20,primary_evaluation,54,1.0616110106663088,1269.308863646738,184.09800959077234,70.55016860527454,14.819259000010788,
w30,80,ABMA20,primary_evaluation,55,1.0616110106663088,1269.308863646738,184.09800959077234,70.55016860527454,15.401591500034556,
w30,80,ABMA20,primary_evaluation,56,1.0616110106663088,1269.308863646738,184.09800959077234,70.55016860527454,15.646281700115651,
w30,80,ABMA20,primary_evaluation,57,1.0616110106663088,1269.308863646738,184.09800959077234,70.55016860527454,16.04746689996682,
w30,80,ABMA20,primary_evaluation,58,1.0616110106663088,1269.308863646738,184.09800959077234,70.55016860527454,16.736981600057334,
w30,80,ABMA20,primary_evaluation,59,1.0616110106663088,1269.308863646738,184.09800959077234,70.55016860527454,17.067000499926507,
w30,80,ABMA20,primary_evaluation,60,1.0616110106663088,1269.308863646738,184.09800959077234,70.55016860527454,17.2764121000655,
w30,80,ABMA20,primary_evaluation,61,1.0616110106663088,1269.308863646738,184.09800959077234,70.55016860527454,17.836349199991673,
w30,80,ABMA20,primary_evaluation,62,1.0616110106663088,1269.308863646738,184.09800959077234,70.55016860527454,17.913106499938294,
w30,80,ABMA20,primary_evaluation,63,1.0616110106663088,1269.308863646738,184.09800959077234,70.55016860527454,18.00318460003473,
w30,80,ABMA20,primary_evaluation,64,1.0616110106663088,1269.308863646738,184.09800959077234,70.55016860527454,18.209525499958545,
w30,80,ABMA20,primary_evaluation,65,1.0616110106663088,1269.308863646738,184.09800959077234,70.55016860527454,18.43190520000644,
w30,80,ABMA20,primary_evaluation,66,1.0616110106663088,1269.308863646738,184.09800959077234,70.55016860527454,19.173502099933103,
w30,80,ABMA20,primary_evaluation,67,1.0616110106663088,1269.308863646738,184.09800959077234,70.55016860527454,19.2931218999438,
w30,80,ABMA20,primary_evaluation,68,1.0616110106663088,1269.308863646738,184.09800959077234,70.55016860527454,19.862915999954566,
w30,80,ABMA20,primary_evaluation,69,1.0616110106663088,1269.308863646738,184.09800959077234,70.55016860527454,20.095592299941927,
w30,80,ABMA20,primary_evaluation,70,1.0616110106663088,1269.308863646738,184.09800959077234,70.55016860527454,20.196835200069472,
w30,80,ABMA20,primary_evaluation,71,1.0616110106663088,1269.308863646738,184.09800959077234,70.55016860527454,20.37829999998212,
w30,80,ABMA20,primary_evaluation,72,1.0616110106663088,1269.308863646738,184.09800959077234,70.55016860527454,20.59031180012971,
w30,80,ABMA20,primary_evaluation,73,1.0616110106663088,1269.308863646738,184.09800959077234,70.55016860527454,20.93015930010006,
w30,80,ABMA20,primary_evaluation,74,1.0616110106663088,1269.308863646738,184.09800959077234,70.55016860527454,21.28857440012507,
w30,80,ABMA20,primary_evaluation,75,1.0616110106663088,1269.308863646738,184.09800959077234,70.55016860527454,21.485893200151622,
w30,80,ABMA20,primary_evaluation,76,1.0616110106663088,1269.308863646738,184.09800959077234,70.55016860527454,21.852983300108463,
w30,80,ABMA20,primary_evaluation,77,1.0616110106663088,1269.308863646738,184.09800959077234,70.55016860527454,21.942687600152567,
w30,80,ABMA20,primary_evaluation,78,1.0616110106663088,1269.308863646738,184.09800959077234,70.55016860527454,22.523083300096914,
w30,80,ABMA20,primary_evaluation,79,1.0616110106663088,1269.308863646738,184.09800959077234,70.55016860527454,22.766311400104314,
w30,80,ABMA20,primary_evaluation,80,1.0616110106663088,1269.308863646738,184.09800959077234,70.55016860527454,22.856331400107592,
w30,80,ABMA20,primary_evaluation,81,1.0616110106663088,1269.308863646738,184.09800959077234,70.55016860527454,23.071609100094065,
w30,80,ABMA20,primary_evaluation,82,1.0616110106663088,1269.308863646738,184.09800959077234,70.55016860527454,23.89877360011451,
w30,80,ABMA20,primary_evaluation,83,1.0616110106663088,1269.308863646738,184.09800959077234,70.55016860527454,23.991356400074437,
w30,80,ABMA20,primary_evaluation,84,1.0616110106663088,1269.308863646738,184.09800959077234,70.55016860527454,24.536639800062403,
w30,80,ABMA20,primary_evaluation,85,1.0616110106663088,1269.308863646738,184.09800959077234,70.55016860527454,24.786916200071573,
w30,80,ABMA20,primary_evaluation,86,1.0200555240306564,1269.308863646738,150.76600349352907,71.71349611461366,24.929706300143152,
w30,80,ABMA20,primary_evaluation,87,1.0200555240306564,1269.308863646738,150.76600349352907,71.71349611461366,25.056977400090545,
w30,80,ABMA20,primary_evaluation,88,1.0200555240306564,1269.308863646738,150.76600349352907,71.71349611461366,25.18124540010467,
w30,80,ABMA20,primary_evaluation,89,1.0200555240306564,1269.308863646738,150.76600349352907,71.71349611461366,25.312631000066176,
w30,80,ABMA20,primary_evaluation,90,1.0200555240306564,1269.308863646738,150.76600349352907,71.71349611461366,25.561258600093424,
w30,80,ABMA20,primary_evaluation,91,1.0200555240306564,1269.308863646738,150.76600349352907,71.71349611461366,25.803337099961936,
w30,80,ABMA20,primary_evaluation,92,1.0200555240306564,1269.308863646738,150.76600349352907,71.71349611461366,25.93027040013112,
w30,80,ABMA20,primary_evaluation,93,1.0200555240306564,1269.308863646738,150.76600349352907,71.71349611461366,26.154141400009394,
w30,80,ABMA20,primary_evaluation,94,1.0200555240306564,1269.308863646738,150.76600349352907,71.71349611461366,26.234409700147808,
w30,80,ABMA20,primary_evaluation,95,1.0200555240306564,1269.308863646738,150.76600349352907,71.71349611461366,26.367040100041777,
w30,80,ABMA20,primary_evaluation,96,1.0200555240306564,1269.308863646738,150.76600349352907,71.71349611461366,26.573061499977484,
w30,80,ABMA20,primary_evaluation,97,1.0200555240306564,1269.308863646738,150.76600349352907,71.71349611461366,26.668774200137705,
w30,80,ABMA20,primary_evaluation,98,1.0200555240306564,1269.308863646738,150.76600349352907,71.71349611461366,26.76617019996047,
w30,80,ABMA20,primary_evaluation,99,1.0200555240306564,1269.308863646738,150.76600349352907,71.71349611461366,26.861089000012726,
w30,80,ABMA20,primary_evaluation,100,1.0200555240306564,1269.308863646738,150.76600349352907,71.71349611461366,27.06720390007831,
w30,80,ABMA20,primary_evaluation,101,1.0200555240306564,1269.308863646738,150.76600349352907,71.71349611461366,27.27842659992166,
w30,80,ABMA20,primary_evaluation,102,1.0200555240306564,1269.308863646738,150.76600349352907,71.71349611461366,27.762077399995178,
w30,80,ABMA20,primary_evaluation,103,1.0200555240306564,1269.308863646738,150.76600349352907,71.71349611461366,28.307545900112018,
w30,80,ABMA20,primary_evaluation,104,1.0200555240306564,1269.308863646738,150.76600349352907,71.71349611461366,28.424751800019294,
w30,80,ABMA20,primary_evaluation,105,1.0200555240306564,1269.308863646738,150.76600349352907,71.71349611461366,29.054450599942356,
w30,80,ABMA20,primary_evaluation,106,1.0200555240306564,1269.308863646738,150.76600349352907,71.71349611461366,29.258072800002992,
w30,80,ABMA20,primary_evaluation,107,1.0200555240306564,1269.308863646738,150.76600349352907,71.71349611461366,29.585574600147083,
w30,80,ABMA20,primary_evaluation,108,1.0200555240306564,1269.308863646738,150.76600349352907,71.71349611461366,29.70964469993487,
w30,80,ABMA20,primary_evaluation,109,1.0200555240306564,1269.308863646738,150.76600349352907,71.71349611461366,29.793572300113738,
w30,80,ABMA20,primary_evaluation,110,1.0200555240306564,1269.308863646738,150.76600349352907,71.71349611461366,30.34906419995241,
w30,80,ABMA20,primary_evaluation,111,1.0200555240306564,1269.308863646738,150.76600349352907,71.71349611461366,30.406666700029746,
w30,80,ABMA20,primary_evaluation,112,1.0200555240306564,1269.308863646738,150.76600349352907,71.71349611461366,30.6182729001157,
w30,80,ABMA20,primary_evaluation,113,1.0200555240306564,1269.308863646738,150.76600349352907,71.71349611461366,30.717428100062534,
w30,80,ABMA20,primary_evaluation,114,1.0200555240306564,1269.308863646738,150.76600349352907,71.71349611461366,30.83010799996555,
w30,80,ABMA20,primary_evaluation,115,1.0200555240306564,1269.308863646738,150.76600349352907,71.71349611461366,31.014661699999124,
w30,80,ABMA20,primary_evaluation,116,1.0200555240306564,1269.308863646738,150.76600349352907,71.71349611461366,31.15065319999121,
w30,80,ABMA20,primary_evaluation,117,1.0200555240306564,1269.308863646738,150.76600349352907,71.71349611461366,31.339089800138026,
w30,80,ABMA20,primary_evaluation,118,1.0200555240306564,1269.308863646738,150.76600349352907,71.71349611461366,31.43621279997751,
w30,80,ABMA20,primary_evaluation,119,1.0200555240306564,1269.308863646738,150.76600349352907,71.71349611461366,31.507676400011405,
w30,80,ABMA20,primary_evaluation,120,1.0200555240306564,1269.308863646738,150.76600349352907,71.71349611461366,31.65922070015222,
w30,80,ABMA20,primary_evaluation,121,1.0200555240306564,1269.308863646738,150.76600349352907,71.71349611461366,31.740488900104538,
w30,80,ABMA20,primary_evaluation,122,1.0200555240306564,1269.308863646738,150.76600349352907,71.71349611461366,31.95155810005963,
w30,80,ABMA20,primary_evaluation,123,1.0200555240306564,1269.308863646738,150.76600349352907,71.71349611461366,32.10498800012283,
w30,80,ABMA20,primary_evaluation,124,1.0200555240306564,1269.308863646738,150.76600349352907,71.71349611461366,32.29394889995456,
w30,80,ABMA20,primary_evaluation,125,1.0200555240306564,1269.308863646738,150.76600349352907,71.71349611461366,32.39497629995458,
w30,80,ABMA20,primary_evaluation,126,1.0200555240306564,1269.308863646738,150.76600349352907,71.71349611461366,32.595558899920434,
w30,80,ABMA20,primary_evaluation,127,1.0200555240306564,1269.308863646738,150.76600349352907,71.71349611461366,32.815202499972656,
w30,80,ABMA20,primary_evaluation,128,1.0200555240306564,1269.308863646738,150.76600349352907,71.71349611461366,33.18134290003218,
w30,80,ABMA20,primary_evaluation,129,1.0200555240306564,1269.308863646738,150.76600349352907,71.71349611461366,33.27041220013052,
w30,80,ABMA20,primary_evaluation,130,1.0200555240306564,1269.308863646738,150.76600349352907,71.71349611461366,33.39616649993695,
w30,80,ABMA20,primary_evaluation,131,1.0200555240306564,1269.308863646738,150.76600349352907,71.71349611461366,33.507769300136715,
w30,80,ABMA20,primary_evaluation,132,1.0200555240306564,1269.308863646738,150.76600349352907,71.71349611461366,33.60905320011079,
w30,80,ABMA20,primary_evaluation,133,0.9886772272168055,1272.9847950677206,113.92679759813632,72.03155910158958,33.742873599985614,
w30,80,ABMA20,primary_evaluation,134,0.9886772272168055,1272.9847950677206,113.92679759813632,72.03155910158958,33.84564960002899,
w30,80,ABMA20,primary_evaluation,135,0.9886772272168055,1272.9847950677206,113.92679759813632,72.03155910158958,33.953393399948254,
w30,80,ABMA20,primary_evaluation,136,0.9886772272168055,1272.9847950677206,113.92679759813632,72.03155910158958,34.17604469996877,
w30,80,ABMA20,primary_evaluation,137,0.9886772272168055,1272.9847950677206,113.92679759813632,72.03155910158958,34.263183400034904,
w30,80,ABMA20,primary_evaluation,138,0.9886772272168055,1272.9847950677206,113.92679759813632,72.03155910158958,34.35607620002702,
w30,80,ABMA20,primary_evaluation,139,0.9886772272168055,1272.9847950677206,113.92679759813632,72.03155910158958,34.66001039999537,
w30,80,ABMA20,primary_evaluation,140,0.9886772272168055,1272.9847950677206,113.92679759813632,72.03155910158958,34.80878429999575,
w30,80,ABMA20,primary_evaluation,141,0.9886772272168055,1272.9847950677206,113.92679759813632,72.03155910158958,34.94548390014097,
w30,80,ABMA20,primary_evaluation,142,0.9886772272168055,1272.9847950677206,113.92679759813632,72.03155910158958,35.05166220013052,
w30,80,ABMA20,primary_evaluation,143,0.9886772272168055,1272.9847950677206,113.92679759813632,72.03155910158958,35.14663280011155,
w30,80,ABMA20,primary_evaluation,144,0.9886772272168055,1272.9847950677206,113.92679759813632,72.03155910158958,35.393459300044924,
w30,80,ABMA20,primary_evaluation,145,0.9886772272168055,1272.9847950677206,113.92679759813632,72.03155910158958,35.48402510001324,
w30,80,ABMA20,primary_evaluation,146,0.9519704476245511,1269.308863646738,98.89588746655477,71.29552218679393,35.5816305000335,
w30,80,ABMA20,primary_evaluation,147,0.9132388296620755,1248.2409632862032,134.77353589066274,75.54232194242371,35.84243419999257,
w30,80,ABMA20,primary_evaluation,148,0.9132388296620755,1248.2409632862032,134.77353589066274,75.54232194242371,36.02121830009855,
w30,80,ABMA20,primary_evaluation,149,0.9132388296620755,1248.2409632862032,134.77353589066274,75.54232194242371,36.10120090004057,
w30,80,ABMA20,primary_evaluation,150,0.9132388296620755,1248.2409632862032,134.77353589066274,75.54232194242371,36.264979700092226,
w30,80,ABMA20,primary_evaluation,151,0.9132388296620755,1248.2409632862032,134.77353589066274,75.54232194242371,36.37428510002792,
w30,80,ABMA20,primary_evaluation,152,0.9132388296620755,1248.2409632862032,134.77353589066274,75.54232194242371,36.489113999996334,
w30,80,ABMA20,primary_evaluation,153,0.9132388296620755,1248.2409632862032,134.77353589066274,75.54232194242371,36.666794599965215,
w30,80,ABMA20,primary_evaluation,154,0.9132388296620755,1248.2409632862032,134.77353589066274,75.54232194242371,36.7945669000037,
w30,80,ABMA20,primary_evaluation,155,0.9132388296620755,1248.2409632862032,134.77353589066274,75.54232194242371,36.928052300121635,
w30,80,ABMA20,primary_evaluation,156,0.9132388296620755,1248.2409632862032,134.77353589066274,75.54232194242371,37.13711789995432,
w30,80,ABMA20,primary_evaluation,157,0.9132388296620755,1248.2409632862032,134.77353589066274,75.54232194242371,37.23801830015145,
w30,80,ABMA20,primary_evaluation,158,0.9132388296620755,1248.2409632862032,134.77353589066274,75.54232194242371,37.41000059992075,
w30,80,ABMA20,primary_evaluation,159,0.9132388296620755,1248.2409632862032,134.77353589066274,75.54232194242371,37.62158240005374,
w30,80,ABMA20,primary_evaluation,160,0.9132388296620755,1248.2409632862032,134.77353589066274,75.54232194242371,37.80344810010865,
w30,80,ABMA20,primary_evaluation,161,0.9132388296620755,1248.2409632862032,134.77353589066274,75.54232194242371,37.93870469997637,
w30,80,ABMA20,primary_evaluation,162,0.9132388296620755,1248.2409632862032,134.77353589066274,75.54232194242371,38.176425399957225,
w30,80,ABMA20,primary_evaluation,163,0.9132388296620755,1248.2409632862032,134.77353589066274,75.54232194242371,38.36887010000646,
w30,80,ABMA20,primary_evaluation,164,0.9132388296620755,1248.2409632862032,134.77353589066274,75.54232194242371,38.47565470007248,
w30,80,ABMA20,primary_evaluation,165,0.9132388296620755,1248.2409632862032,134.77353589066274,75.54232194242371,38.67037730012089,
w30,80,ABMA20,primary_evaluation,166,0.9132388296620755,1248.2409632862032,134.77353589066274,75.54232194242371,38.88978420011699,
w30,80,ABMA20,primary_evaluation,167,0.9132388296620755,1248.2409632862032,134.77353589066274,75.54232194242371,39.0041175999213,
w30,80,ABMA20,primary_evaluation,168,0.9132388296620755,1248.2409632862032,134.77353589066274,75.54232194242371,39.12060309993103,
w30,80,ABMA20,primary_evaluation,169,0.9132388296620755,1248.2409632862032,134.77353589066274,75.54232194242371,39.318965499987826,
w30,80,ABMA20,primary_evaluation,170,0.9132388296620755,1248.2409632862032,134.77353589066274,75.54232194242371,39.505738199921325,
w30,80,ABMA20,primary_evaluation,171,0.8413830147264673,1248.2409632862032,83.55435055417979,72.11418649704417,39.701318399980664,
w30,80,ABMA20,primary_evaluation,172,0.8413830147264673,1248.2409632862032,83.55435055417979,72.11418649704417,39.927511299960315,
w30,80,ABMA20,primary_evaluation,173,0.8413830147264673,1248.2409632862032,83.55435055417979,72.11418649704417,40.075049800099805,
w30,80,ABMA20,primary_evaluation,174,0.8413830147264673,1248.2409632862032,83.55435055417979,72.11418649704417,40.316884899977595,
w30,80,ABMA20,primary_evaluation,175,0.8413830147264673,1248.2409632862032,83.55435055417979,72.11418649704417,40.492855000076815,
w30,80,ABMA20,primary_evaluation,176,0.8413830147264673,1248.2409632862032,83.55435055417979,72.11418649704417,40.62823719996959,
w30,80,ABMA20,primary_evaluation,177,0.8413830147264673,1248.2409632862032,83.55435055417979,72.11418649704417,40.72920250007883,
w30,80,ABMA20,primary_evaluation,178,0.8413830147264673,1248.2409632862032,83.55435055417979,72.11418649704417,41.12074870010838,
w30,80,ABMA20,primary_evaluation,179,0.8413830147264673,1248.2409632862032,83.55435055417979,72.11418649704417,41.251677999971434,
w30,80,ABMA20,primary_evaluation,180,0.8413830147264673,1248.2409632862032,83.55435055417979,72.11418649704417,41.48779939999804,
w30,80,ABMA20,primary_evaluation,181,0.8413830147264673,1248.2409632862032,83.55435055417979,72.11418649704417,41.71652869996615,
w30,80,ABMA20,primary_evaluation,182,0.8413830147264673,1248.2409632862032,83.55435055417979,72.11418649704417,41.86687050014734,
w30,80,ABMA20,primary_evaluation,183,0.8413830147264673,1248.2409632862032,83.55435055417979,72.11418649704417,42.069153800141066,
w30,80,ABMA20,primary_evaluation,184,0.8413830147264673,1248.2409632862032,83.55435055417979,72.11418649704417,42.54571440001018,
w30,80,ABMA20,primary_evaluation,185,0.8413830147264673,1248.2409632862032,83.55435055417979,72.11418649704417,42.7591852999758,
w30,80,ABMA20,primary_evaluation,186,0.8413830147264673,1248.2409632862032,83.55435055417979,72.11418649704417,42.87488920008764,
w30,80,ABMA20,primary_evaluation,187,0.8413830147264673,1248.2409632862032,83.55435055417979,72.11418649704417,42.97751390002668,
w30,80,ABMA20,primary_evaluation,188,0.8413830147264673,1248.2409632862032,83.55435055417979,72.11418649704417,43.278653900139034,
w30,80,ABMA20,primary_evaluation,189,0.8413830147264673,1248.2409632862032,83.55435055417979,72.11418649704417,43.51194280013442,
w30,80,ABMA20,primary_evaluation,190,0.8413830147264673,1248.2409632862032,83.55435055417979,72.11418649704417,43.71033970010467,
w30,80,ABMA20,primary_evaluation,191,0.8413830147264673,1248.2409632862032,83.55435055417979,72.11418649704417,43.98380990000442,
w30,80,ABMA20,primary_evaluation,192,0.8413830147264673,1248.2409632862032,83.55435055417979,72.11418649704417,44.11103000002913,
w30,80,ABMA20,primary_evaluation,193,0.8413830147264673,1248.2409632862032,83.55435055417979,72.11418649704417,44.32655040011741,
w30,80,ABMA20,primary_evaluation,194,0.8413830147264673,1248.2409632862032,83.55435055417979,72.11418649704417,44.462303299922496,
w30,80,ABMA20,primary_evaluation,195,0.8413830147264673,1248.2409632862032,83.55435055417979,72.11418649704417,44.58782170014456,
w30,80,ABMA20,primary_evaluation,196,0.8413830147264673,1248.2409632862032,83.55435055417979,72.11418649704417,44.82597040012479,
w30,80,ABMA20,primary_evaluation,197,0.8413830147264673,1248.2409632862032,83.55435055417979,72.11418649704417,45.00278150010854,
w30,80,ABMA20,primary_evaluation,198,0.8413830147264673,1248.2409632862032,83.55435055417979,72.11418649704417,45.22384850005619,
w30,80,ABMA20,primary_evaluation,199,0.8413830147264673,1248.2409632862032,83.55435055417979,72.11418649704417,45.430593400029466,
w30,80,ABMA20,primary_evaluation,200,0.8413830147264673,1248.2409632862032,83.55435055417979,72.11418649704417,45.63429419999011,
w30,80,ABMA20,primary_evaluation,201,0.8413830147264673,1248.2409632862032,83.55435055417979,72.11418649704417,45.71393160009757,
w30,80,ABMA20,primary_evaluation,202,0.8413830147264673,1248.2409632862032,83.55435055417979,72.11418649704417,45.816631300142035,
w30,80,ABMA20,primary_evaluation,203,0.8413830147264673,1248.2409632862032,83.55435055417979,72.11418649704417,46.026088000042364,
w30,80,ABMA20,primary_evaluation,204,0.8413830147264673,1248.2409632862032,83.55435055417979,72.11418649704417,46.23100699996576,
w30,80,ABMA20,primary_evaluation,205,0.8413830147264673,1248.2409632862032,83.55435055417979,72.11418649704417,46.423934099962935,
w30,80,ABMA20,primary_evaluation,206,0.8413830147264673,1248.2409632862032,83.55435055417979,72.11418649704417,46.54147340008058,
w30,80,ABMA20,primary_evaluation,207,0.8413830147264673,1248.2409632862032,83.55435055417979,72.11418649704417,46.664573499932885,
w30,80,ABMA20,primary_evaluation,208,0.8413830147264673,1248.2409632862032,83.55435055417979,72.11418649704417,46.85127150011249,
w30,80,ABMA20,primary_evaluation,209,0.8413830147264673,1248.2409632862032,83.55435055417979,72.11418649704417,46.95596050005406,
w30,80,ABMA20,primary_evaluation,210,0.8413830147264673,1248.2409632862032,83.55435055417979,72.11418649704417,47.14353829994798,
w30,80,ABMA20,primary_evaluation,211,0.8413830147264673,1248.2409632862032,83.55435055417979,72.11418649704417,47.34232749999501,
w30,80,ABMA20,primary_evaluation,212,0.8413830147264673,1248.2409632862032,83.55435055417979,72.11418649704417,47.48836800013669,
w30,80,ABMA20,primary_evaluation,213,0.8413830147264673,1248.2409632862032,83.55435055417979,72.11418649704417,47.65146249998361,
w30,80,ABMA20,primary_evaluation,214,0.8413830147264673,1248.2409632862032,83.55435055417979,72.11418649704417,47.88502590009011,
w30,80,ABMA20,primary_evaluation,215,0.8413830147264673,1248.2409632862032,83.55435055417979,72.11418649704417,48.17164469999261,
w30,80,ABMA20,primary_evaluation,216,0.8413830147264673,1248.2409632862032,83.55435055417979,72.11418649704417,48.39215730014257,
w30,80,ABMA20,primary_evaluation,217,0.8413830147264673,1248.2409632862032,83.55435055417979,72.11418649704417,48.48154029995203,
w30,80,ABMA20,primary_evaluation,218,0.8413830147264673,1248.2409632862032,83.55435055417979,72.11418649704417,48.59356450010091,
w30,80,ABMA20,primary_evaluation,219,0.8413830147264673,1248.2409632862032,83.55435055417979,72.11418649704417,49.39186320011504,
w30,80,ABMA20,primary_evaluation,220,0.8413830147264673,1248.2409632862032,83.55435055417979,72.11418649704417,49.70379370008595,
w30,80,ABMA20,primary_evaluation,221,0.8413830147264673,1248.2409632862032,83.55435055417979,72.11418649704417,49.890535600017756,
w30,80,ABMA20,primary_evaluation,222,0.8413830147264673,1248.2409632862032,83.55435055417979,72.11418649704417,50.23759960010648,
w30,80,ABMA20,primary_evaluation,223,0.8413830147264673,1248.2409632862032,83.55435055417979,72.11418649704417,50.50526300002821,
w30,80,ABMA20,primary_evaluation,224,0.8413830147264673,1248.2409632862032,83.55435055417979,72.11418649704417,50.68152719992213,
w30,80,ABMA20,primary_evaluation,225,0.8413830147264673,1248.2409632862032,83.55435055417979,72.11418649704417,50.82051310013048,
w30,80,ABMA20,primary_evaluation,226,0.8413830147264673,1248.2409632862032,83.55435055417979,72.11418649704417,51.132499400060624,
w30,80,ABMA20,primary_evaluation,227,0.8413830147264673,1248.2409632862032,83.55435055417979,72.11418649704417,51.258994000032544,
w30,80,ABMA20,primary_evaluation,228,0.8413830147264673,1248.2409632862032,83.55435055417979,72.11418649704417,51.40124909998849,
w30,80,ABMA20,primary_evaluation,229,0.8413830147264673,1248.2409632862032,83.55435055417979,72.11418649704417,51.728300200076774,
w30,80,ABMA20,primary_evaluation,230,0.8413830147264673,1248.2409632862032,83.55435055417979,72.11418649704417,51.82210820005275,
w30,80,ABMA20,primary_evaluation,231,0.8413830147264673,1248.2409632862032,83.55435055417979,72.11418649704417,52.04372640000656,
w30,80,ABMA20,primary_evaluation,232,0.8413830147264673,1248.2409632862032,83.55435055417979,72.11418649704417,52.288296499988064,
w30,80,ABMA20,primary_evaluation,233,0.8413830147264673,1248.2409632862032,83.55435055417979,72.11418649704417,52.56400060001761,
w30,80,ABMA20,primary_evaluation,234,0.8413830147264673,1248.2409632862032,83.55435055417979,72.11418649704417,52.69359829998575,
w30,80,ABMA20,primary_evaluation,235,0.8413830147264673,1248.2409632862032,83.55435055417979,72.11418649704417,52.936913799960166,
w30,80,ABMA20,primary_evaluation,236,0.8413830147264673,1248.2409632862032,83.55435055417979,72.11418649704417,53.1875704000704,
w30,80,ABMA20,primary_evaluation,237,0.8413830147264673,1248.2409632862032,83.55435055417979,72.11418649704417,53.35355400014669,
w30,80,ABMA20,primary_evaluation,238,0.8413830147264673,1248.2409632862032,83.55435055417979,72.11418649704417,53.45064610010013,
w30,80,ABMA20,primary_evaluation,239,0.8413830147264673,1248.2409632862032,83.55435055417979,72.11418649704417,53.56567279994488,
w30,80,ABMA20,primary_evaluation,240,0.8413830147264673,1248.2409632862032,83.55435055417979,72.11418649704417,53.679427300114185,
w30,80,ABMA20,primary_evaluation,241,0.8413830147264673,1248.2409632862032,83.55435055417979,72.11418649704417,53.81877250014804,
w30,80,ABMA20,primary_evaluation,242,0.8411868231500879,1249.191948324941,77.33145640625048,74.5570994502873,53.945368899963796,
w30,80,ABMA20,primary_evaluation,243,0.8411868231500879,1249.191948324941,77.33145640625048,74.5570994502873,54.05684730014764,
w30,80,ABMA20,primary_evaluation,244,0.8411868231500879,1249.191948324941,77.33145640625048,74.5570994502873,54.19588809995912,
w30,80,ABMA20,primary_evaluation,245,0.8411868231500879,1249.191948324941,77.33145640625048,74.5570994502873,54.479111100081354,
w30,80,ABMA20,primary_evaluation,246,0.8411868231500879,1249.191948324941,77.33145640625048,74.5570994502873,54.72482939995825,
w30,80,ABMA20,primary_evaluation,247,0.8411868231500879,1249.191948324941,77.33145640625048,74.5570994502873,55.1931734001264,
w30,80,ABMA20,primary_evaluation,248,0.8411868231500879,1249.191948324941,77.33145640625048,74.5570994502873,55.30614410014823,
w30,80,ABMA20,primary_evaluation,249,0.8411868231500879,1249.191948324941,77.33145640625048,74.5570994502873,55.42113050003536,
w30,80,ABMA20,primary_evaluation,250,0.8411868231500879,1249.191948324941,77.33145640625048,74.5570994502873,55.51647079992108,
w30,80,ABMA20,primary_evaluation,251,0.8411868231500879,1249.191948324941,77.33145640625048,74.5570994502873,55.66412840015255,
w30,80,ABMA20,primary_evaluation,252,0.8411868231500879,1249.191948324941,77.33145640625048,74.5570994502873,55.95302180014551,
w30,80,ABMA20,generation_boundary,12,1.0928454210031089,,,,,0
w30,80,ABMA20,generation_boundary,24,1.0928454210031089,,,,,1
w30,80,ABMA20,generation_boundary,36,1.0616110106663088,,,,,2
w30,80,ABMA20,generation_boundary,48,1.0616110106663088,,,,,3
w30,80,ABMA20,generation_boundary,60,1.0616110106663088,,,,,4
w30,80,ABMA20,generation_boundary,72,1.0616110106663088,,,,,5
w30,80,ABMA20,generation_boundary,84,1.0616110106663088,,,,,6
w30,80,ABMA20,generation_boundary,96,1.0200555240306564,,,,,7
w30,80,ABMA20,generation_boundary,108,1.0200555240306564,,,,,8
w30,80,ABMA20,generation_boundary,120,1.0200555240306564,,,,,9
w30,80,ABMA20,generation_boundary,132,1.0200555240306564,,,,,10
w30,80,ABMA20,generation_boundary,144,0.9886772272168055,,,,,11
w30,80,ABMA20,generation_boundary,156,0.9132388296620755,,,,,12
w30,80,ABMA20,generation_boundary,168,0.9132388296620755,,,,,13
w30,80,ABMA20,generation_boundary,180,0.8413830147264673,,,,,14
w30,80,ABMA20,generation_boundary,192,0.8413830147264673,,,,,15
w30,80,ABMA20,generation_boundary,204,0.8413830147264673,,,,,16
w30,80,ABMA20,generation_boundary,216,0.8413830147264673,,,,,17
w30,80,ABMA20,generation_boundary,228,0.8413830147264673,,,,,18
w30,80,ABMA20,generation_boundary,240,0.8413830147264673,,,,,19
w30,80,ABMA20,generation_boundary,252,0.8411868231500879,,,,,20
w30,80,HGA-budget72,primary_evaluation,1,3.7177935815907244,1636.3616602950501,1008.1767668988668,59.88520681620034,0.10715089994482696,
w30,80,HGA-budget72,primary_evaluation,2,3.7177935815907244,1636.3616602950501,1008.1767668988668,59.88520681620034,0.12948689982295036,
w30,80,HGA-budget72,primary_evaluation,3,3.7177935815907244,1636.3616602950501,1008.1767668988668,59.88520681620034,0.1304713999852538,
w30,80,HGA-budget72,primary_evaluation,4,3.7168128629014245,1636.3616602950501,1008.1767668988668,59.24581938548205,0.1332363998517394,
w30,80,HGA-budget72,primary_evaluation,5,3.7168128629014245,1636.3616602950501,1008.1767668988668,59.24581938548205,0.13867539982311428,
w30,80,HGA-budget72,primary_evaluation,6,3.7168128629014245,1636.3616602950501,1008.1767668988668,59.24581938548205,0.13948889984749258,
w30,80,HGA-budget72,primary_evaluation,7,3.7168128629014245,1636.3616602950501,1008.1767668988668,59.24581938548205,0.14009609981440008,
w30,80,HGA-budget72,primary_evaluation,8,3.7168128629014245,1636.3616602950501,1008.1767668988668,59.24581938548205,0.14087269990704954,
w30,80,HGA-budget72,primary_evaluation,9,3.7168128629014245,1636.3616602950501,1008.1767668988668,59.24581938548205,0.14163609989918768,
w30,80,HGA-budget72,primary_evaluation,10,3.7168128629014245,1636.3616602950501,1008.1767668988668,59.24581938548205,0.14242639997974038,
w30,80,HGA-budget72,primary_evaluation,11,3.7168128629014245,1636.3616602950501,1008.1767668988668,59.24581938548205,0.14319519978016615,
w30,80,HGA-budget72,primary_evaluation,12,3.7168128629014245,1636.3616602950501,1008.1767668988668,59.24581938548205,0.14396149991080165,
w30,80,HGA-budget72,primary_evaluation,13,3.7168128629014245,1636.3616602950501,1008.1767668988668,59.24581938548205,0.14475329988636076,
w30,80,HGA-budget72,primary_evaluation,14,3.7168128629014245,1636.3616602950501,1008.1767668988668,59.24581938548205,0.1455172998830676,
w30,80,HGA-budget72,primary_evaluation,15,3.7168128629014245,1636.3616602950501,1008.1767668988668,59.24581938548205,0.14658289984799922,
w30,80,HGA-budget72,primary_evaluation,16,3.7168128629014245,1636.3616602950501,1008.1767668988668,59.24581938548205,0.14841119991615415,
w30,80,HGA-budget72,primary_evaluation,17,3.7168128629014245,1636.3616602950501,1008.1767668988668,59.24581938548205,0.14962739986367524,
w30,80,HGA-budget72,primary_evaluation,18,3.7168128629014245,1636.3616602950501,1008.1767668988668,59.24581938548205,0.15074079995974898,
w30,80,HGA-budget72,primary_evaluation,19,3.7168128629014245,1636.3616602950501,1008.1767668988668,59.24581938548205,0.15162499994039536,
w30,80,HGA-budget72,primary_evaluation,20,3.7168128629014245,1636.3616602950501,1008.1767668988668,59.24581938548205,0.15254899999126792,
w30,80,HGA-budget72,primary_evaluation,21,3.7168128629014245,1636.3616602950501,1008.1767668988668,59.24581938548205,0.1534319999627769,
w30,80,HGA-budget72,primary_evaluation,22,3.7168128629014245,1636.3616602950501,1008.1767668988668,59.24581938548205,0.15492669981904328,
w30,80,HGA-budget72,primary_evaluation,23,3.7168128629014245,1636.3616602950501,1008.1767668988668,59.24581938548205,0.15583969978615642,
w30,80,HGA-budget72,primary_evaluation,24,3.7168128629014245,1636.3616602950501,1008.1767668988668,59.24581938548205,0.1567947999574244,
w30,80,HGA-budget72,primary_evaluation,25,3.7168128629014245,1636.3616602950501,1008.1767668988668,59.24581938548205,0.15778119978494942,
w30,80,HGA-budget72,primary_evaluation,26,3.7168128629014245,1636.3616602950501,1008.1767668988668,59.24581938548205,0.15875439997762442,
w30,80,HGA-budget72,primary_evaluation,27,3.7168128629014245,1636.3616602950501,1008.1767668988668,59.24581938548205,0.15969569981098175,
w30,80,HGA-budget72,primary_evaluation,28,3.7168128629014245,1636.3616602950501,1008.1767668988668,59.24581938548205,0.1605972999241203,
w30,80,HGA-budget72,primary_evaluation,29,3.7168128629014245,1636.3616602950501,1008.1767668988668,59.24581938548205,0.16150279995054007,
w30,80,HGA-budget72,primary_evaluation,30,3.7168128629014245,1636.3616602950501,1008.1767668988668,59.24581938548205,0.1625175999943167,
w30,80,HGA-budget72,primary_evaluation,31,3.7168128629014245,1636.3616602950501,1008.1767668988668,59.24581938548205,0.1634790999814868,
w30,80,HGA-budget72,primary_evaluation,32,3.7168128629014245,1636.3616602950501,1008.1767668988668,59.24581938548205,0.16495769983157516,
w30,80,HGA-budget72,primary_evaluation,33,3.7168128629014245,1636.3616602950501,1008.1767668988668,59.24581938548205,0.166281099896878,
w30,80,HGA-budget72,primary_evaluation,34,3.7168128629014245,1636.3616602950501,1008.1767668988668,59.24581938548205,0.16729379980824888,
w30,80,HGA-budget72,primary_evaluation,35,3.7168128629014245,1636.3616602950501,1008.1767668988668,59.24581938548205,0.16823949990794063,
w30,80,HGA-budget72,primary_evaluation,36,3.7168128629014245,1636.3616602950501,1008.1767668988668,59.24581938548205,0.17319969995878637,
w30,80,HGA-budget72,primary_evaluation,37,3.7168128629014245,1636.3616602950501,1008.1767668988668,59.24581938548205,0.17417369992472231,
w30,80,HGA-budget72,primary_evaluation,38,3.7168128629014245,1636.3616602950501,1008.1767668988668,59.24581938548205,0.17499969992786646,
w30,80,HGA-budget72,primary_evaluation,39,3.7168128629014245,1636.3616602950501,1008.1767668988668,59.24581938548205,0.17628559982404113,
w30,80,HGA-budget72,primary_evaluation,40,3.7168128629014245,1636.3616602950501,1008.1767668988668,59.24581938548205,0.1772087998688221,
w30,80,HGA-budget72,primary_evaluation,41,3.7168128629014245,1636.3616602950501,1008.1767668988668,59.24581938548205,0.17824819986708462,
w30,80,HGA-budget72,primary_evaluation,42,3.7168128629014245,1636.3616602950501,1008.1767668988668,59.24581938548205,0.17920449981465936,
w30,80,HGA-budget72,primary_evaluation,43,3.7168128629014245,1636.3616602950501,1008.1767668988668,59.24581938548205,0.18007659981958568,
w30,80,HGA-budget72,primary_evaluation,44,3.7168128629014245,1636.3616602950501,1008.1767668988668,59.24581938548205,0.18170089996419847,
w30,80,HGA-budget72,primary_evaluation,45,3.7168128629014245,1636.3616602950501,1008.1767668988668,59.24581938548205,0.18288439977914095,
w30,80,HGA-budget72,primary_evaluation,46,3.7168128629014245,1636.3616602950501,1008.1767668988668,59.24581938548205,0.1839357998687774,
w30,80,HGA-budget72,primary_evaluation,47,3.7168128629014245,1636.3616602950501,1008.1767668988668,59.24581938548205,0.18483619997277856,
w30,80,HGA-budget72,primary_evaluation,48,3.7168128629014245,1636.3616602950501,1008.1767668988668,59.24581938548205,0.1857042999472469,
w30,80,HGA-budget72,primary_evaluation,49,3.7168128629014245,1636.3616602950501,1008.1767668988668,59.24581938548205,0.18654519994743168,
w30,80,HGA-budget72,primary_evaluation,50,3.7168128629014245,1636.3616602950501,1008.1767668988668,59.24581938548205,0.18739059986546636,
w30,80,HGA-budget72,primary_evaluation,51,3.7168128629014245,1636.3616602950501,1008.1767668988668,59.24581938548205,0.18825569981709123,
w30,80,HGA-budget72,primary_evaluation,52,3.7168128629014245,1636.3616602950501,1008.1767668988668,59.24581938548205,0.1891376997809857,
w30,80,HGA-budget72,primary_evaluation,53,3.7168128629014245,1636.3616602950501,1008.1767668988668,59.24581938548205,0.19002709980122745,
w30,80,HGA-budget72,primary_evaluation,54,3.7168128629014245,1636.3616602950501,1008.1767668988668,59.24581938548205,0.1908957997802645,
w30,80,HGA-budget72,primary_evaluation,55,3.7168128629014245,1636.3616602950501,1008.1767668988668,59.24581938548205,0.19177869986742735,
w30,80,HGA-budget72,primary_evaluation,56,3.7168128629014245,1636.3616602950501,1008.1767668988668,59.24581938548205,0.1927863999735564,
w30,80,HGA-budget72,primary_evaluation,57,3.7168128629014245,1636.3616602950501,1008.1767668988668,59.24581938548205,0.1941432999446988,
w30,80,HGA-budget72,primary_evaluation,58,3.7168128629014245,1636.3616602950501,1008.1767668988668,59.24581938548205,0.1953631998039782,
w30,80,HGA-budget72,primary_evaluation,59,3.7168128629014245,1636.3616602950501,1008.1767668988668,59.24581938548205,0.19648109981790185,
w30,80,HGA-budget72,primary_evaluation,60,3.7168128629014245,1636.3616602950501,1008.1767668988668,59.24581938548205,0.19784999988041818,
w30,80,HGA-budget72,primary_evaluation,61,3.7168128629014245,1636.3616602950501,1008.1767668988668,59.24581938548205,0.1992842999752611,
w30,80,HGA-budget72,primary_evaluation,62,3.7168128629014245,1636.3616602950501,1008.1767668988668,59.24581938548205,0.20054109999909997,
w30,80,HGA-budget72,primary_evaluation,63,3.7168128629014245,1636.3616602950501,1008.1767668988668,59.24581938548205,0.20150489988736808,
w30,80,HGA-budget72,primary_evaluation,64,3.7168128629014245,1636.3616602950501,1008.1767668988668,59.24581938548205,0.20241979998536408,
w30,80,HGA-budget72,primary_evaluation,65,3.7168128629014245,1636.3616602950501,1008.1767668988668,59.24581938548205,0.20330729987472296,
w30,80,HGA-budget72,primary_evaluation,66,3.7168128629014245,1636.3616602950501,1008.1767668988668,59.24581938548205,0.2042330999393016,
w30,80,HGA-budget72,primary_evaluation,67,3.7168128629014245,1636.3616602950501,1008.1767668988668,59.24581938548205,0.2051287000067532,
w30,80,HGA-budget72,primary_evaluation,68,3.7168128629014245,1636.3616602950501,1008.1767668988668,59.24581938548205,0.20612909994088113,
w30,80,HGA-budget72,primary_evaluation,69,3.7168128629014245,1636.3616602950501,1008.1767668988668,59.24581938548205,0.2071370999328792,
w30,80,HGA-budget72,primary_evaluation,70,3.7168128629014245,1636.3616602950501,1008.1767668988668,59.24581938548205,0.20800210000015795,
w30,80,HGA-budget72,primary_evaluation,71,3.7168128629014245,1636.3616602950501,1008.1767668988668,59.24581938548205,0.20887699979357421,
w30,80,HGA-budget72,primary_evaluation,72,3.7168128629014245,1636.3616602950501,1008.1767668988668,59.24581938548205,0.2098944999743253,
w30,80,HGA-budget72,generation_boundary,12,3.7177935815907244,,,,,0
w30,80,HGA-budget252,primary_evaluation,1,3.7177935815907244,1636.3616602950501,1008.1767668988668,59.88520681620034,0.11761970003135502,
w30,80,HGA-budget252,primary_evaluation,2,3.7177935815907244,1636.3616602950501,1008.1767668988668,59.88520681620034,0.14312759996391833,
w30,80,HGA-budget252,primary_evaluation,3,3.7177935815907244,1636.3616602950501,1008.1767668988668,59.88520681620034,0.14387049991637468,
w30,80,HGA-budget252,primary_evaluation,4,3.7168128629014245,1636.3616602950501,1008.1767668988668,59.24581938548205,0.14444149984046817,
w30,80,HGA-budget252,primary_evaluation,5,3.7168128629014245,1636.3616602950501,1008.1767668988668,59.24581938548205,0.1523857000283897,
w30,80,HGA-budget252,primary_evaluation,6,3.7168128629014245,1636.3616602950501,1008.1767668988668,59.24581938548205,0.1538231000304222,
w30,80,HGA-budget252,primary_evaluation,7,3.7168128629014245,1636.3616602950501,1008.1767668988668,59.24581938548205,0.154898899840191,
w30,80,HGA-budget252,primary_evaluation,8,3.7168128629014245,1636.3616602950501,1008.1767668988668,59.24581938548205,0.15579109988175333,
w30,80,HGA-budget252,primary_evaluation,9,3.7168128629014245,1636.3616602950501,1008.1767668988668,59.24581938548205,0.1576495999470353,
w30,80,HGA-budget252,primary_evaluation,10,3.7168128629014245,1636.3616602950501,1008.1767668988668,59.24581938548205,0.15857800003141165,
w30,80,HGA-budget252,primary_evaluation,11,3.7168128629014245,1636.3616602950501,1008.1767668988668,59.24581938548205,0.15948469983413815,
w30,80,HGA-budget252,primary_evaluation,12,3.7168128629014245,1636.3616602950501,1008.1767668988668,59.24581938548205,0.1603746998589486,
w30,80,HGA-budget252,primary_evaluation,13,3.7168128629014245,1636.3616602950501,1008.1767668988668,59.24581938548205,0.16231909999623895,
w30,80,HGA-budget252,primary_evaluation,14,3.7168128629014245,1636.3616602950501,1008.1767668988668,59.24581938548205,0.1633307000156492,
w30,80,HGA-budget252,primary_evaluation,15,3.7168128629014245,1636.3616602950501,1008.1767668988668,59.24581938548205,0.16434439993463457,
w30,80,HGA-budget252,primary_evaluation,16,3.7168128629014245,1636.3616602950501,1008.1767668988668,59.24581938548205,0.16513990005478263,
w30,80,HGA-budget252,primary_evaluation,17,3.7168128629014245,1636.3616602950501,1008.1767668988668,59.24581938548205,0.16759409988299012,
w30,80,HGA-budget252,primary_evaluation,18,3.7168128629014245,1636.3616602950501,1008.1767668988668,59.24581938548205,0.16860360000282526,
w30,80,HGA-budget252,primary_evaluation,19,3.7168128629014245,1636.3616602950501,1008.1767668988668,59.24581938548205,0.17002799990586936,
w30,80,HGA-budget252,primary_evaluation,20,3.7168128629014245,1636.3616602950501,1008.1767668988668,59.24581938548205,0.1717264000326395,
w30,80,HGA-budget252,primary_evaluation,21,3.7168128629014245,1636.3616602950501,1008.1767668988668,59.24581938548205,0.17299949983134866,
w30,80,HGA-budget252,primary_evaluation,22,3.7168128629014245,1636.3616602950501,1008.1767668988668,59.24581938548205,0.17655229987576604,
w30,80,HGA-budget252,primary_evaluation,23,3.7168128629014245,1636.3616602950501,1008.1767668988668,59.24581938548205,0.1792541998438537,
w30,80,HGA-budget252,primary_evaluation,24,3.7168128629014245,1636.3616602950501,1008.1767668988668,59.24581938548205,0.18039679992944002,
w30,80,HGA-budget252,primary_evaluation,25,3.7168128629014245,1636.3616602950501,1008.1767668988668,59.24581938548205,0.181313700042665,
w30,80,HGA-budget252,primary_evaluation,26,3.7168128629014245,1636.3616602950501,1008.1767668988668,59.24581938548205,0.18236700003035367,
w30,80,HGA-budget252,primary_evaluation,27,3.7168128629014245,1636.3616602950501,1008.1767668988668,59.24581938548205,0.18341579986736178,
w30,80,HGA-budget252,primary_evaluation,28,3.7168128629014245,1636.3616602950501,1008.1767668988668,59.24581938548205,0.1842520998325199,
w30,80,HGA-budget252,primary_evaluation,29,3.7168128629014245,1636.3616602950501,1008.1767668988668,59.24581938548205,0.18526369985193014,
w30,80,HGA-budget252,primary_evaluation,30,3.7168128629014245,1636.3616602950501,1008.1767668988668,59.24581938548205,0.18612440000288188,
w30,80,HGA-budget252,primary_evaluation,31,3.7168128629014245,1636.3616602950501,1008.1767668988668,59.24581938548205,0.18694279994815588,
w30,80,HGA-budget252,primary_evaluation,32,3.7168128629014245,1636.3616602950501,1008.1767668988668,59.24581938548205,0.18792799999937415,
w30,80,HGA-budget252,primary_evaluation,33,3.7168128629014245,1636.3616602950501,1008.1767668988668,59.24581938548205,0.18893579998984933,
w30,80,HGA-budget252,primary_evaluation,34,3.7168128629014245,1636.3616602950501,1008.1767668988668,59.24581938548205,0.19028109987266362,
w30,80,HGA-budget252,primary_evaluation,35,3.7168128629014245,1636.3616602950501,1008.1767668988668,59.24581938548205,0.19245460000820458,
w30,80,HGA-budget252,primary_evaluation,36,3.7168128629014245,1636.3616602950501,1008.1767668988668,59.24581938548205,0.19967089989222586,
w30,80,HGA-budget252,primary_evaluation,37,3.7168128629014245,1636.3616602950501,1008.1767668988668,59.24581938548205,0.20049860002472997,
w30,80,HGA-budget252,primary_evaluation,38,3.7168128629014245,1636.3616602950501,1008.1767668988668,59.24581938548205,0.20129500003531575,
w30,80,HGA-budget252,primary_evaluation,39,3.7168128629014245,1636.3616602950501,1008.1767668988668,59.24581938548205,0.20226359996013343,
w30,80,HGA-budget252,primary_evaluation,40,3.7168128629014245,1636.3616602950501,1008.1767668988668,59.24581938548205,0.20318379998207092,
w30,80,HGA-budget252,primary_evaluation,41,3.7168128629014245,1636.3616602950501,1008.1767668988668,59.24581938548205,0.2042938000522554,
w30,80,HGA-budget252,primary_evaluation,42,3.7168128629014245,1636.3616602950501,1008.1767668988668,59.24581938548205,0.20549169997684658,
w30,80,HGA-budget252,primary_evaluation,43,3.7168128629014245,1636.3616602950501,1008.1767668988668,59.24581938548205,0.2066367999650538,
w30,80,HGA-budget252,primary_evaluation,44,3.7168128629014245,1636.3616602950501,1008.1767668988668,59.24581938548205,0.20816230005584657,
w30,80,HGA-budget252,primary_evaluation,45,3.7168128629014245,1636.3616602950501,1008.1767668988668,59.24581938548205,0.2091862999368459,
w30,80,HGA-budget252,primary_evaluation,46,3.7168128629014245,1636.3616602950501,1008.1767668988668,59.24581938548205,0.21007300005294383,
w30,80,HGA-budget252,primary_evaluation,47,3.7168128629014245,1636.3616602950501,1008.1767668988668,59.24581938548205,0.21080220001749694,
w30,80,HGA-budget252,primary_evaluation,48,3.7168128629014245,1636.3616602950501,1008.1767668988668,59.24581938548205,0.21170199988409877,
w30,80,HGA-budget252,primary_evaluation,49,3.7168128629014245,1636.3616602950501,1008.1767668988668,59.24581938548205,0.21282979985699058,
w30,80,HGA-budget252,primary_evaluation,50,3.7168128629014245,1636.3616602950501,1008.1767668988668,59.24581938548205,0.213681599823758,
w30,80,HGA-budget252,primary_evaluation,51,3.7168128629014245,1636.3616602950501,1008.1767668988668,59.24581938548205,0.21561499987728894,
w30,80,HGA-budget252,primary_evaluation,52,3.7168128629014245,1636.3616602950501,1008.1767668988668,59.24581938548205,0.21658609993755817,
w30,80,HGA-budget252,primary_evaluation,53,3.7168128629014245,1636.3616602950501,1008.1767668988668,59.24581938548205,0.21750469994731247,
w30,80,HGA-budget252,primary_evaluation,54,3.7168128629014245,1636.3616602950501,1008.1767668988668,59.24581938548205,0.2184219998307526,
w30,80,HGA-budget252,primary_evaluation,55,3.7168128629014245,1636.3616602950501,1008.1767668988668,59.24581938548205,0.21934979991056025,
w30,80,HGA-budget252,primary_evaluation,56,3.7168128629014245,1636.3616602950501,1008.1767668988668,59.24581938548205,0.21999709983356297,
w30,80,HGA-budget252,primary_evaluation,57,3.7168128629014245,1636.3616602950501,1008.1767668988668,59.24581938548205,0.22055840003304183,
w30,80,HGA-budget252,primary_evaluation,58,3.7168128629014245,1636.3616602950501,1008.1767668988668,59.24581938548205,0.22191379987634718,
w30,80,HGA-budget252,primary_evaluation,59,3.7168128629014245,1636.3616602950501,1008.1767668988668,59.24581938548205,0.22325349994935095,
w30,80,HGA-budget252,primary_evaluation,60,3.7168128629014245,1636.3616602950501,1008.1767668988668,59.24581938548205,0.22408639988861978,
w30,80,HGA-budget252,primary_evaluation,61,3.7168128629014245,1636.3616602950501,1008.1767668988668,59.24581938548205,0.2248720999341458,
w30,80,HGA-budget252,primary_evaluation,62,3.7168128629014245,1636.3616602950501,1008.1767668988668,59.24581938548205,0.2256646000314504,
w30,80,HGA-budget252,primary_evaluation,63,3.7168128629014245,1636.3616602950501,1008.1767668988668,59.24581938548205,0.22644290002062917,
w30,80,HGA-budget252,primary_evaluation,64,3.7168128629014245,1636.3616602950501,1008.1767668988668,59.24581938548205,0.22723219986073673,
w30,80,HGA-budget252,primary_evaluation,65,3.7168128629014245,1636.3616602950501,1008.1767668988668,59.24581938548205,0.22797879995778203,
w30,80,HGA-budget252,primary_evaluation,66,3.7168128629014245,1636.3616602950501,1008.1767668988668,59.24581938548205,0.22845539986155927,
w30,80,HGA-budget252,primary_evaluation,67,3.7168128629014245,1636.3616602950501,1008.1767668988668,59.24581938548205,0.22899139998480678,
w30,80,HGA-budget252,primary_evaluation,68,3.7168128629014245,1636.3616602950501,1008.1767668988668,59.24581938548205,0.22959199990145862,
w30,80,HGA-budget252,primary_evaluation,69,3.7168128629014245,1636.3616602950501,1008.1767668988668,59.24581938548205,0.23025819985195994,
w30,80,HGA-budget252,primary_evaluation,70,3.7168128629014245,1636.3616602950501,1008.1767668988668,59.24581938548205,0.23115130001679063,
w30,80,HGA-budget252,primary_evaluation,71,3.7168128629014245,1636.3616602950501,1008.1767668988668,59.24581938548205,0.23204190004616976,
w30,80,HGA-budget252,primary_evaluation,72,3.7168128629014245,1636.3616602950501,1008.1767668988668,59.24581938548205,0.23296920000575483,
w30,80,HGA-budget252,primary_evaluation,73,3.7168128629014245,1636.3616602950501,1008.1767668988668,59.24581938548205,0.23386040003970265,
w30,80,HGA-budget252,primary_evaluation,74,3.7168128629014245,1636.3616602950501,1008.1767668988668,59.24581938548205,0.2345528998412192,
w30,80,HGA-budget252,primary_evaluation,75,3.7168128629014245,1636.3616602950501,1008.1767668988668,59.24581938548205,0.23511520004831254,
w30,80,HGA-budget252,primary_evaluation,76,3.7168128629014245,1636.3616602950501,1008.1767668988668,59.24581938548205,0.2357711000367999,
w30,80,HGA-budget252,primary_evaluation,77,3.7168128629014245,1636.3616602950501,1008.1767668988668,59.24581938548205,0.23637979989871383,
w30,80,HGA-budget252,primary_evaluation,78,3.7168128629014245,1636.3616602950501,1008.1767668988668,59.24581938548205,0.23691320000216365,
w30,80,HGA-budget252,primary_evaluation,79,3.7168128629014245,1636.3616602950501,1008.1767668988668,59.24581938548205,0.23841509991325438,
w30,80,HGA-budget252,primary_evaluation,80,3.7168128629014245,1636.3616602950501,1008.1767668988668,59.24581938548205,0.23913270002231002,
w30,80,HGA-budget252,primary_evaluation,81,3.7168128629014245,1636.3616602950501,1008.1767668988668,59.24581938548205,0.24060509982518852,
w30,80,HGA-budget252,primary_evaluation,82,3.7168128629014245,1636.3616602950501,1008.1767668988668,59.24581938548205,0.2415394999552518,
w30,80,HGA-budget252,primary_evaluation,83,3.7168128629014245,1636.3616602950501,1008.1767668988668,59.24581938548205,0.2423294000327587,
w30,80,HGA-budget252,primary_evaluation,84,3.7168128629014245,1636.3616602950501,1008.1767668988668,59.24581938548205,0.2431683000177145,
w30,80,HGA-budget252,primary_evaluation,85,3.715343878837813,1636.3616602950501,1008.1767668988668,58.288103420194346,0.24391299998387694,
w30,80,HGA-budget252,primary_evaluation,86,3.715343878837813,1636.3616602950501,1008.1767668988668,58.288103420194346,0.24784579989500344,
w30,80,HGA-budget252,primary_evaluation,87,3.715343878837813,1636.3616602950501,1008.1767668988668,58.288103420194346,0.24849429982714355,
w30,80,HGA-budget252,primary_evaluation,88,3.715343878837813,1636.3616602950501,1008.1767668988668,58.288103420194346,0.24922219989821315,
w30,80,HGA-budget252,primary_evaluation,89,3.715343878837813,1636.3616602950501,1008.1767668988668,58.288103420194346,0.250416100025177,
w30,80,HGA-budget252,primary_evaluation,90,3.715343878837813,1636.3616602950501,1008.1767668988668,58.288103420194346,0.2510883999057114,
w30,80,HGA-budget252,primary_evaluation,91,3.715343878837813,1636.3616602950501,1008.1767668988668,58.288103420194346,0.2518441998399794,
w30,80,HGA-budget252,primary_evaluation,92,3.715343878837813,1636.3616602950501,1008.1767668988668,58.288103420194346,0.2525935999583453,
w30,80,HGA-budget252,primary_evaluation,93,3.715343878837813,1636.3616602950501,1008.1767668988668,58.288103420194346,0.25335270003415644,
w30,80,HGA-budget252,primary_evaluation,94,3.715343878837813,1636.3616602950501,1008.1767668988668,58.288103420194346,0.25485799997113645,
w30,80,HGA-budget252,primary_evaluation,95,3.715343878837813,1636.3616602950501,1008.1767668988668,58.288103420194346,0.2556435998994857,
w30,80,HGA-budget252,primary_evaluation,96,3.715343878837813,1636.3616602950501,1008.1767668988668,58.288103420194346,0.2562704998999834,
w30,80,HGA-budget252,primary_evaluation,97,3.715343878837813,1636.3616602950501,1008.1767668988668,58.288103420194346,0.25684709986671805,
w30,80,HGA-budget252,primary_evaluation,98,3.715343878837813,1636.3616602950501,1008.1767668988668,58.288103420194346,0.25744810001924634,
w30,80,HGA-budget252,primary_evaluation,99,3.715343878837813,1636.3616602950501,1008.1767668988668,58.288103420194346,0.2580796000547707,
w30,80,HGA-budget252,primary_evaluation,100,3.715343878837813,1636.3616602950501,1008.1767668988668,58.288103420194346,0.2586910999380052,
w30,80,HGA-budget252,primary_evaluation,101,3.715343878837813,1636.3616602950501,1008.1767668988668,58.288103420194346,0.2593396999873221,
w30,80,HGA-budget252,primary_evaluation,102,3.715343878837813,1636.3616602950501,1008.1767668988668,58.288103420194346,0.2604245999827981,
w30,80,HGA-budget252,primary_evaluation,103,3.715343878837813,1636.3616602950501,1008.1767668988668,58.288103420194346,0.26124919997528195,
w30,80,HGA-budget252,primary_evaluation,104,3.715343878837813,1636.3616602950501,1008.1767668988668,58.288103420194346,0.2620389999356121,
w30,80,HGA-budget252,primary_evaluation,105,3.715343878837813,1636.3616602950501,1008.1767668988668,58.288103420194346,0.2628339999355376,
w30,80,HGA-budget252,primary_evaluation,106,3.715343878837813,1636.3616602950501,1008.1767668988668,58.288103420194346,0.2636043999809772,
w30,80,HGA-budget252,primary_evaluation,107,3.715343878837813,1636.3616602950501,1008.1767668988668,58.288103420194346,0.2642744998447597,
w30,80,HGA-budget252,primary_evaluation,108,3.715343878837813,1636.3616602950501,1008.1767668988668,58.288103420194346,0.2649675998836756,
w30,80,HGA-budget252,primary_evaluation,109,3.715343878837813,1636.3616602950501,1008.1767668988668,58.288103420194346,0.26578839984722435,
w30,80,HGA-budget252,primary_evaluation,110,3.715343878837813,1636.3616602950501,1008.1767668988668,58.288103420194346,0.26638879999518394,
w30,80,HGA-budget252,primary_evaluation,111,3.715343878837813,1636.3616602950501,1008.1767668988668,58.288103420194346,0.2670088999439031,
w30,80,HGA-budget252,primary_evaluation,112,3.715343878837813,1636.3616602950501,1008.1767668988668,58.288103420194346,0.26783719984814525,
w30,80,HGA-budget252,primary_evaluation,113,3.715343878837813,1636.3616602950501,1008.1767668988668,58.288103420194346,0.26885439991019666,
w30,80,HGA-budget252,primary_evaluation,114,3.715343878837813,1636.3616602950501,1008.1767668988668,58.288103420194346,0.2705575998406857,
w30,80,HGA-budget252,primary_evaluation,115,3.715343878837813,1636.3616602950501,1008.1767668988668,58.288103420194346,0.2731925998814404,
w30,80,HGA-budget252,primary_evaluation,116,3.715343878837813,1636.3616602950501,1008.1767668988668,58.288103420194346,0.2741010000463575,
w30,80,HGA-budget252,primary_evaluation,117,3.715343878837813,1636.3616602950501,1008.1767668988668,58.288103420194346,0.27474249992519617,
w30,80,HGA-budget252,primary_evaluation,118,3.715343878837813,1636.3616602950501,1008.1767668988668,58.288103420194346,0.2753602999728173,
w30,80,HGA-budget252,primary_evaluation,119,3.715343878837813,1636.3616602950501,1008.1767668988668,58.288103420194346,0.27597870002500713,
w30,80,HGA-budget252,primary_evaluation,120,3.715343878837813,1636.3616602950501,1008.1767668988668,58.288103420194346,0.276575299911201,
w30,80,HGA-budget252,primary_evaluation,121,3.715343878837813,1636.3616602950501,1008.1767668988668,58.288103420194346,0.2771983998827636,
w30,80,HGA-budget252,primary_evaluation,122,3.715343878837813,1636.3616602950501,1008.1767668988668,58.288103420194346,0.2779856000561267,
w30,80,HGA-budget252,primary_evaluation,123,3.715343878837813,1636.3616602950501,1008.1767668988668,58.288103420194346,0.2787027000449598,
w30,80,HGA-budget252,primary_evaluation,124,3.715343878837813,1636.3616602950501,1008.1767668988668,58.288103420194346,0.27940679993480444,
w30,80,HGA-budget252,primary_evaluation,125,3.715343878837813,1636.3616602950501,1008.1767668988668,58.288103420194346,0.28009589994326234,
w30,80,HGA-budget252,primary_evaluation,126,3.715343878837813,1636.3616602950501,1008.1767668988668,58.288103420194346,0.2807726999744773,
w30,80,HGA-budget252,primary_evaluation,127,3.715343878837813,1636.3616602950501,1008.1767668988668,58.288103420194346,0.28145869984291494,
w30,80,HGA-budget252,primary_evaluation,128,3.715343878837813,1636.3616602950501,1008.1767668988668,58.288103420194346,0.28214060002937913,
w30,80,HGA-budget252,primary_evaluation,129,3.715343878837813,1636.3616602950501,1008.1767668988668,58.288103420194346,0.2828154999297112,
w30,80,HGA-budget252,primary_evaluation,130,3.715343878837813,1636.3616602950501,1008.1767668988668,58.288103420194346,0.28349609998986125,
w30,80,HGA-budget252,primary_evaluation,131,3.715343878837813,1636.3616602950501,1008.1767668988668,58.288103420194346,0.2841719000134617,
w30,80,HGA-budget252,primary_evaluation,132,3.715343878837813,1636.3616602950501,1008.1767668988668,58.288103420194346,0.2846202999353409,
w30,80,HGA-budget252,primary_evaluation,133,3.715343878837813,1636.3616602950501,1008.1767668988668,58.288103420194346,0.28532709996216,
w30,80,HGA-budget252,primary_evaluation,134,3.715343878837813,1636.3616602950501,1008.1767668988668,58.288103420194346,0.28847369994036853,
w30,80,HGA-budget252,primary_evaluation,135,3.715343878837813,1636.3616602950501,1008.1767668988668,58.288103420194346,0.29031099984422326,
w30,80,HGA-budget252,primary_evaluation,136,3.715343878837813,1636.3616602950501,1008.1767668988668,58.288103420194346,0.2910410000476986,
w30,80,HGA-budget252,primary_evaluation,137,3.715343878837813,1636.3616602950501,1008.1767668988668,58.288103420194346,0.2922874998766929,
w30,80,HGA-budget252,primary_evaluation,138,3.715343878837813,1636.3616602950501,1008.1767668988668,58.288103420194346,0.29346719989553094,
w30,80,HGA-budget252,primary_evaluation,139,3.715343878837813,1636.3616602950501,1008.1767668988668,58.288103420194346,0.2957732998766005,
w30,80,HGA-budget252,primary_evaluation,140,3.715343878837813,1636.3616602950501,1008.1767668988668,58.288103420194346,0.2972260999958962,
w30,80,HGA-budget252,primary_evaluation,141,3.715343878837813,1636.3616602950501,1008.1767668988668,58.288103420194346,0.2982725999318063,
w30,80,HGA-budget252,primary_evaluation,142,3.715343878837813,1636.3616602950501,1008.1767668988668,58.288103420194346,0.29920260002836585,
w30,80,HGA-budget252,primary_evaluation,143,3.715343878837813,1636.3616602950501,1008.1767668988668,58.288103420194346,0.3010356999002397,
w30,80,HGA-budget252,primary_evaluation,144,3.715343878837813,1636.3616602950501,1008.1767668988668,58.288103420194346,0.30205579986795783,
w30,80,HGA-budget252,primary_evaluation,145,3.715343878837813,1636.3616602950501,1008.1767668988668,58.288103420194346,0.3032253999263048,
w30,80,HGA-budget252,primary_evaluation,146,3.715343878837813,1636.3616602950501,1008.1767668988668,58.288103420194346,0.3042103999760002,
w30,80,HGA-budget252,primary_evaluation,147,3.715343878837813,1636.3616602950501,1008.1767668988668,58.288103420194346,0.30723729985766113,
w30,80,HGA-budget252,primary_evaluation,148,3.715343878837813,1636.3616602950501,1008.1767668988668,58.288103420194346,0.31050399993546307,
w30,80,HGA-budget252,primary_evaluation,149,3.715343878837813,1636.3616602950501,1008.1767668988668,58.288103420194346,0.3131053999532014,
w30,80,HGA-budget252,primary_evaluation,150,3.715343878837813,1636.3616602950501,1008.1767668988668,58.288103420194346,0.31410029996186495,
w30,80,HGA-budget252,primary_evaluation,151,3.715343878837813,1636.3616602950501,1008.1767668988668,58.288103420194346,0.3152212998829782,
w30,80,HGA-budget252,primary_evaluation,152,3.715343878837813,1636.3616602950501,1008.1767668988668,58.288103420194346,0.31659489986486733,
w30,80,HGA-budget252,primary_evaluation,153,3.715343878837813,1636.3616602950501,1008.1767668988668,58.288103420194346,0.3176443998236209,
w30,80,HGA-budget252,primary_evaluation,154,3.715343878837813,1636.3616602950501,1008.1767668988668,58.288103420194346,0.31863270001485944,
w30,80,HGA-budget252,primary_evaluation,155,3.715343878837813,1636.3616602950501,1008.1767668988668,58.288103420194346,0.3197755999863148,
w30,80,HGA-budget252,primary_evaluation,156,3.715343878837813,1636.3616602950501,1008.1767668988668,58.288103420194346,0.32222560001537204,
w30,80,HGA-budget252,primary_evaluation,157,3.715343878837813,1636.3616602950501,1008.1767668988668,58.288103420194346,0.3232866998296231,
w30,80,HGA-budget252,primary_evaluation,158,3.715343878837813,1636.3616602950501,1008.1767668988668,58.288103420194346,0.32421079999767244,
w30,80,HGA-budget252,primary_evaluation,159,3.715343878837813,1636.3616602950501,1008.1767668988668,58.288103420194346,0.3250618998426944,
w30,80,HGA-budget252,primary_evaluation,160,3.715343878837813,1636.3616602950501,1008.1767668988668,58.288103420194346,0.32588419993408024,
w30,80,HGA-budget252,primary_evaluation,161,3.715343878837813,1636.3616602950501,1008.1767668988668,58.288103420194346,0.32669649994932115,
w30,80,HGA-budget252,primary_evaluation,162,3.715343878837813,1636.3616602950501,1008.1767668988668,58.288103420194346,0.32790989987552166,
w30,80,HGA-budget252,primary_evaluation,163,3.715343878837813,1636.3616602950501,1008.1767668988668,58.288103420194346,0.3288342000450939,
w30,80,HGA-budget252,primary_evaluation,164,3.715343878837813,1636.3616602950501,1008.1767668988668,58.288103420194346,0.32995030004531145,
w30,80,HGA-budget252,primary_evaluation,165,3.715343878837813,1636.3616602950501,1008.1767668988668,58.288103420194346,0.33102339995093644,
w30,80,HGA-budget252,primary_evaluation,166,3.715343878837813,1636.3616602950501,1008.1767668988668,58.288103420194346,0.3317619999870658,
w30,80,HGA-budget252,primary_evaluation,167,3.715343878837813,1636.3616602950501,1008.1767668988668,58.288103420194346,0.3326842999085784,
w30,80,HGA-budget252,primary_evaluation,168,3.715343878837813,1636.3616602950501,1008.1767668988668,58.288103420194346,0.3336402999702841,
w30,80,HGA-budget252,primary_evaluation,169,3.715343878837813,1636.3616602950501,1008.1767668988668,58.288103420194346,0.3344429999124259,
w30,80,HGA-budget252,primary_evaluation,170,3.715343878837813,1636.3616602950501,1008.1767668988668,58.288103420194346,0.33605309994891286,
w30,80,HGA-budget252,primary_evaluation,171,3.715343878837813,1636.3616602950501,1008.1767668988668,58.288103420194346,0.33692290005274117,
w30,80,HGA-budget252,primary_evaluation,172,3.715343878837813,1636.3616602950501,1008.1767668988668,58.288103420194346,0.3382377999369055,
w30,80,HGA-budget252,primary_evaluation,173,3.715343878837813,1636.3616602950501,1008.1767668988668,58.288103420194346,0.3406368000432849,
w30,80,HGA-budget252,primary_evaluation,174,3.715343878837813,1636.3616602950501,1008.1767668988668,58.288103420194346,0.3416330998297781,
w30,80,HGA-budget252,primary_evaluation,175,3.715343878837813,1636.3616602950501,1008.1767668988668,58.288103420194346,0.3430804999079555,
w30,80,HGA-budget252,primary_evaluation,176,3.715343878837813,1636.3616602950501,1008.1767668988668,58.288103420194346,0.3441467999946326,
w30,80,HGA-budget252,primary_evaluation,177,3.715343878837813,1636.3616602950501,1008.1767668988668,58.288103420194346,0.34519889997318387,
w30,80,HGA-budget252,primary_evaluation,178,3.715343878837813,1636.3616602950501,1008.1767668988668,58.288103420194346,0.346089500002563,
w30,80,HGA-budget252,primary_evaluation,179,3.715343878837813,1636.3616602950501,1008.1767668988668,58.288103420194346,0.3469532998278737,
w30,80,HGA-budget252,primary_evaluation,180,3.715343878837813,1636.3616602950501,1008.1767668988668,58.288103420194346,0.3478174000047147,
w30,80,HGA-budget252,primary_evaluation,181,3.7151147896895647,1636.3616602950501,1008.1767668988668,58.1387469089929,0.349746499909088,
w30,80,HGA-budget252,primary_evaluation,182,3.7151147896895647,1636.3616602950501,1008.1767668988668,58.1387469089929,0.35849069990217686,
w30,80,HGA-budget252,primary_evaluation,183,3.7151147896895647,1636.3616602950501,1008.1767668988668,58.1387469089929,0.3593015999067575,
w30,80,HGA-budget252,primary_evaluation,184,3.7151147896895647,1636.3616602950501,1008.1767668988668,58.1387469089929,0.3607001998461783,
w30,80,HGA-budget252,primary_evaluation,185,3.7151147896895647,1636.3616602950501,1008.1767668988668,58.1387469089929,0.3612985999789089,
w30,80,HGA-budget252,primary_evaluation,186,3.7151147896895647,1636.3616602950501,1008.1767668988668,58.1387469089929,0.36192049994133413,
w30,80,HGA-budget252,primary_evaluation,187,3.7151147896895647,1636.3616602950501,1008.1767668988668,58.1387469089929,0.36263259989209473,
w30,80,HGA-budget252,primary_evaluation,188,3.7151147896895647,1636.3616602950501,1008.1767668988668,58.1387469089929,0.3632880998775363,
w30,80,HGA-budget252,primary_evaluation,189,3.7151147896895647,1636.3616602950501,1008.1767668988668,58.1387469089929,0.3640369998756796,
w30,80,HGA-budget252,primary_evaluation,190,3.7151147896895647,1636.3616602950501,1008.1767668988668,58.1387469089929,0.3647020999342203,
w30,80,HGA-budget252,primary_evaluation,191,3.7151147896895647,1636.3616602950501,1008.1767668988668,58.1387469089929,0.3653317999560386,
w30,80,HGA-budget252,primary_evaluation,192,3.7151147896895647,1636.3616602950501,1008.1767668988668,58.1387469089929,0.3659063000231981,
w30,80,HGA-budget252,primary_evaluation,193,3.7151147896895647,1636.3616602950501,1008.1767668988668,58.1387469089929,0.36651159985922277,
w30,80,HGA-budget252,primary_evaluation,194,3.7151147896895647,1636.3616602950501,1008.1767668988668,58.1387469089929,0.36713130003772676,
w30,80,HGA-budget252,primary_evaluation,195,3.7151147896895647,1636.3616602950501,1008.1767668988668,58.1387469089929,0.36814489983953536,
w30,80,HGA-budget252,primary_evaluation,196,3.7151147896895647,1636.3616602950501,1008.1767668988668,58.1387469089929,0.36981299985200167,
w30,80,HGA-budget252,primary_evaluation,197,3.7151147896895647,1636.3616602950501,1008.1767668988668,58.1387469089929,0.3725292000453919,
w30,80,HGA-budget252,primary_evaluation,198,3.7151147896895647,1636.3616602950501,1008.1767668988668,58.1387469089929,0.37388189998455346,
w30,80,HGA-budget252,primary_evaluation,199,3.7151147896895647,1636.3616602950501,1008.1767668988668,58.1387469089929,0.37706229998730123,
w30,80,HGA-budget252,primary_evaluation,200,3.7151147896895647,1636.3616602950501,1008.1767668988668,58.1387469089929,0.3779143998399377,
w30,80,HGA-budget252,primary_evaluation,201,3.7151147896895647,1636.3616602950501,1008.1767668988668,58.1387469089929,0.37871249997988343,
w30,80,HGA-budget252,primary_evaluation,202,3.7151147896895647,1636.3616602950501,1008.1767668988668,58.1387469089929,0.37948190001770854,
w30,80,HGA-budget252,primary_evaluation,203,3.7151147896895647,1636.3616602950501,1008.1767668988668,58.1387469089929,0.38040969986468554,
w30,80,HGA-budget252,primary_evaluation,204,3.7151147896895647,1636.3616602950501,1008.1767668988668,58.1387469089929,0.38113259989768267,
w30,80,HGA-budget252,primary_evaluation,205,3.7151147896895647,1636.3616602950501,1008.1767668988668,58.1387469089929,0.38239079993218184,
w30,80,HGA-budget252,primary_evaluation,206,3.7151147896895647,1636.3616602950501,1008.1767668988668,58.1387469089929,0.3832078999839723,
w30,80,HGA-budget252,primary_evaluation,207,3.7151147896895647,1636.3616602950501,1008.1767668988668,58.1387469089929,0.38433009991422296,
w30,80,HGA-budget252,primary_evaluation,208,3.7151147896895647,1636.3616602950501,1008.1767668988668,58.1387469089929,0.38498019985854626,
w30,80,HGA-budget252,primary_evaluation,209,3.7151147896895647,1636.3616602950501,1008.1767668988668,58.1387469089929,0.3856985999736935,
w30,80,HGA-budget252,primary_evaluation,210,3.7151147896895647,1636.3616602950501,1008.1767668988668,58.1387469089929,0.38639459991827607,
w30,80,HGA-budget252,primary_evaluation,211,3.7151147896895647,1636.3616602950501,1008.1767668988668,58.1387469089929,0.38713289983570576,
w30,80,HGA-budget252,primary_evaluation,212,3.7151147896895647,1636.3616602950501,1008.1767668988668,58.1387469089929,0.3881641000043601,
w30,80,HGA-budget252,primary_evaluation,213,3.7151147896895647,1636.3616602950501,1008.1767668988668,58.1387469089929,0.388853200012818,
w30,80,HGA-budget252,primary_evaluation,214,3.7151147896895647,1636.3616602950501,1008.1767668988668,58.1387469089929,0.38959699985571206,
w30,80,HGA-budget252,primary_evaluation,215,3.7151147896895647,1636.3616602950501,1008.1767668988668,58.1387469089929,0.39034150005318224,
w30,80,HGA-budget252,primary_evaluation,216,3.7151147896895647,1636.3616602950501,1008.1767668988668,58.1387469089929,0.3913173000328243,
w30,80,HGA-budget252,primary_evaluation,217,3.7151147896895647,1636.3616602950501,1008.1767668988668,58.1387469089929,0.39253349998034537,
w30,80,HGA-budget252,primary_evaluation,218,3.7151147896895647,1636.3616602950501,1008.1767668988668,58.1387469089929,0.3940336999949068,
w30,80,HGA-budget252,primary_evaluation,219,3.7151147896895647,1636.3616602950501,1008.1767668988668,58.1387469089929,0.39476059982553124,
w30,80,HGA-budget252,primary_evaluation,220,3.7151147896895647,1636.3616602950501,1008.1767668988668,58.1387469089929,0.39593730005435646,
w30,80,HGA-budget252,primary_evaluation,221,3.7151147896895647,1636.3616602950501,1008.1767668988668,58.1387469089929,0.3969828998669982,
w30,80,HGA-budget252,primary_evaluation,222,3.7151147896895647,1636.3616602950501,1008.1767668988668,58.1387469089929,0.39776279986836016,
w30,80,HGA-budget252,primary_evaluation,223,3.7151147896895647,1636.3616602950501,1008.1767668988668,58.1387469089929,0.3984675998799503,
w30,80,HGA-budget252,primary_evaluation,224,3.7151147896895647,1636.3616602950501,1008.1767668988668,58.1387469089929,0.39920259988866746,
w30,80,HGA-budget252,primary_evaluation,225,3.7151147896895647,1636.3616602950501,1008.1767668988668,58.1387469089929,0.40004509990103543,
w30,80,HGA-budget252,primary_evaluation,226,3.7151147896895647,1636.3616602950501,1008.1767668988668,58.1387469089929,0.4008857998996973,
w30,80,HGA-budget252,primary_evaluation,227,3.7151147896895647,1636.3616602950501,1008.1767668988668,58.1387469089929,0.4015923999249935,
w30,80,HGA-budget252,primary_evaluation,228,3.7151147896895647,1636.3616602950501,1008.1767668988668,58.1387469089929,0.4026919000316411,
w30,80,HGA-budget252,primary_evaluation,229,3.7151147896895647,1636.3616602950501,1008.1767668988668,58.1387469089929,0.4034157998394221,
w30,80,HGA-budget252,primary_evaluation,230,3.7151147896895647,1636.3616602950501,1008.1767668988668,58.1387469089929,0.4040806000120938,
w30,80,HGA-budget252,primary_evaluation,231,3.7151147896895647,1636.3616602950501,1008.1767668988668,58.1387469089929,0.40914030000567436,
w30,80,HGA-budget252,primary_evaluation,232,3.7151147896895647,1636.3616602950501,1008.1767668988668,58.1387469089929,0.40991399995982647,
w30,80,HGA-budget252,primary_evaluation,233,3.7151147896895647,1636.3616602950501,1008.1767668988668,58.1387469089929,0.41067179990932345,
w30,80,HGA-budget252,primary_evaluation,234,3.7151147896895647,1636.3616602950501,1008.1767668988668,58.1387469089929,0.4114727999549359,
w30,80,HGA-budget252,primary_evaluation,235,3.7151147896895647,1636.3616602950501,1008.1767668988668,58.1387469089929,0.4123600998427719,
w30,80,HGA-budget252,primary_evaluation,236,3.7151147896895647,1636.3616602950501,1008.1767668988668,58.1387469089929,0.41342610004357994,
w30,80,HGA-budget252,primary_evaluation,237,3.7151147896895647,1636.3616602950501,1008.1767668988668,58.1387469089929,0.4157481000293046,
w30,80,HGA-budget252,primary_evaluation,238,3.7151147896895647,1636.3616602950501,1008.1767668988668,58.1387469089929,0.4167601000517607,
w30,80,HGA-budget252,primary_evaluation,239,3.7151147896895647,1636.3616602950501,1008.1767668988668,58.1387469089929,0.417721200035885,
w30,80,HGA-budget252,primary_evaluation,240,3.7151147896895647,1636.3616602950501,1008.1767668988668,58.1387469089929,0.419434400042519,
w30,80,HGA-budget252,primary_evaluation,241,3.7151147896895647,1636.3616602950501,1008.1767668988668,58.1387469089929,0.42044729995541275,
w30,80,HGA-budget252,primary_evaluation,242,3.7151147896895647,1636.3616602950501,1008.1767668988668,58.1387469089929,0.42198919993825257,
w30,80,HGA-budget252,primary_evaluation,243,3.7151147896895647,1636.3616602950501,1008.1767668988668,58.1387469089929,0.4233780999202281,
w30,80,HGA-budget252,primary_evaluation,244,3.7151147896895647,1636.3616602950501,1008.1767668988668,58.1387469089929,0.4242944000288844,
w30,80,HGA-budget252,primary_evaluation,245,3.7151147896895647,1636.3616602950501,1008.1767668988668,58.1387469089929,0.42515049991197884,
w30,80,HGA-budget252,primary_evaluation,246,3.7151147896895647,1636.3616602950501,1008.1767668988668,58.1387469089929,0.4260167998727411,
w30,80,HGA-budget252,primary_evaluation,247,3.7151147896895647,1636.3616602950501,1008.1767668988668,58.1387469089929,0.42763040005229414,
w30,80,HGA-budget252,primary_evaluation,248,3.7151147896895647,1636.3616602950501,1008.1767668988668,58.1387469089929,0.4286278998479247,
w30,80,HGA-budget252,primary_evaluation,249,3.7151147896895647,1636.3616602950501,1008.1767668988668,58.1387469089929,0.4295890999492258,
w30,80,HGA-budget252,primary_evaluation,250,3.7151147896895647,1636.3616602950501,1008.1767668988668,58.1387469089929,0.43051379988901317,
w30,80,HGA-budget252,primary_evaluation,251,3.7151147896895647,1636.3616602950501,1008.1767668988668,58.1387469089929,0.43147259997203946,
w30,80,HGA-budget252,primary_evaluation,252,3.7151147896895647,1636.3616602950501,1008.1767668988668,58.1387469089929,0.43279140000231564,
w30,80,HGA-budget252,generation_boundary,12,3.7177935815907244,,,,,0
w45,78,ABMA1,primary_evaluation,1,1.254517162181491,2032.7492064823657,832.9572267795263,90.44948813669649,0.16315280017443,
w45,78,ABMA1,primary_evaluation,2,1.0667882872524257,1991.868223994422,593.6340660758933,86.37728411102862,0.3679892001673579,
w45,78,ABMA1,primary_evaluation,3,1.0667882872524257,1991.868223994422,593.6340660758933,86.37728411102862,1.9216029001399875,
w45,78,ABMA1,primary_evaluation,4,1.0667882872524257,1991.868223994422,593.6340660758933,86.37728411102862,3.413242000155151,
w45,78,ABMA1,primary_evaluation,5,1.0667882872524257,1991.868223994422,593.6340660758933,86.37728411102862,4.422181100118905,
w45,78,ABMA1,primary_evaluation,6,1.0667882872524257,1991.868223994422,593.6340660758933,86.37728411102862,5.538383100181818,
w45,78,ABMA1,primary_evaluation,7,1.0667882872524257,1991.868223994422,593.6340660758933,86.37728411102862,7.0640769000165164,
w45,78,ABMA1,primary_evaluation,8,1.0667882872524257,1991.868223994422,593.6340660758933,86.37728411102862,8.95714160008356,
w45,78,ABMA1,primary_evaluation,9,1.0667882872524257,1991.868223994422,593.6340660758933,86.37728411102862,10.934649200178683,
w45,78,ABMA1,primary_evaluation,10,1.0667882872524257,1991.868223994422,593.6340660758933,86.37728411102862,12.407453200081363,
w45,78,ABMA1,primary_evaluation,11,1.0667882872524257,1991.868223994422,593.6340660758933,86.37728411102862,14.592565400060266,
w45,78,ABMA1,primary_evaluation,12,1.0667882872524257,1991.868223994422,593.6340660758933,86.37728411102862,16.26503280014731,
w45,78,ABMA1,primary_evaluation,13,1.0667882872524257,1991.868223994422,593.6340660758933,86.37728411102862,17.214129500091076,
w45,78,ABMA1,primary_evaluation,14,1.0667882872524257,1991.868223994422,593.6340660758933,86.37728411102862,17.505500400206074,
w45,78,ABMA1,primary_evaluation,15,1.0667882872524257,1991.868223994422,593.6340660758933,86.37728411102862,18.44629600015469,
w45,78,ABMA1,primary_evaluation,16,1.0667882872524257,1991.868223994422,593.6340660758933,86.37728411102862,18.9003433000762,
w45,78,ABMA1,primary_evaluation,17,1.0667882872524257,1991.868223994422,593.6340660758933,86.37728411102862,19.52046830020845,
w45,78,ABMA1,primary_evaluation,18,1.0667882872524257,1991.868223994422,593.6340660758933,86.37728411102862,20.294977200217545,
w45,78,ABMA1,primary_evaluation,19,1.0667882872524257,1991.868223994422,593.6340660758933,86.37728411102862,22.018079600064084,
w45,78,ABMA1,primary_evaluation,20,1.0667882872524257,1991.868223994422,593.6340660758933,86.37728411102862,24.11689900001511,
w45,78,ABMA1,primary_evaluation,21,1.0667882872524257,1991.868223994422,593.6340660758933,86.37728411102862,24.8252208000049,
w45,78,ABMA1,primary_evaluation,22,1.0667882872524257,1991.868223994422,593.6340660758933,86.37728411102862,25.77797060017474,
w45,78,ABMA1,primary_evaluation,23,1.0667882872524257,1991.868223994422,593.6340660758933,86.37728411102862,27.846391400089487,
w45,78,ABMA1,primary_evaluation,24,1.0667882872524257,1991.868223994422,593.6340660758933,86.37728411102862,29.15670680021867,
w45,78,ABMA1,primary_evaluation,25,1.0667882872524257,1991.868223994422,593.6340660758933,86.37728411102862,29.463403000030667,
w45,78,ABMA1,primary_evaluation,26,1.0667882872524257,1991.868223994422,593.6340660758933,86.37728411102862,30.71593140019104,
w45,78,ABMA1,primary_evaluation,27,1.0667882872524257,1991.868223994422,593.6340660758933,86.37728411102862,31.663899600040168,
w45,78,ABMA1,primary_evaluation,28,1.0667882872524257,1991.868223994422,593.6340660758933,86.37728411102862,31.973065900150687,
w45,78,ABMA1,primary_evaluation,29,1.0667882872524257,1991.868223994422,593.6340660758933,86.37728411102862,33.19999270001426,
w45,78,ABMA1,primary_evaluation,30,1.0667882872524257,1991.868223994422,593.6340660758933,86.37728411102862,34.784044900210574,
w45,78,ABMA1,primary_evaluation,31,1.0667882872524257,1991.868223994422,593.6340660758933,86.37728411102862,36.45364880003035,
w45,78,ABMA1,primary_evaluation,32,1.0667882872524257,1991.868223994422,593.6340660758933,86.37728411102862,38.638883700128645,
w45,78,ABMA1,primary_evaluation,33,1.0667882872524257,1991.868223994422,593.6340660758933,86.37728411102862,39.3866805001162,
w45,78,ABMA1,primary_evaluation,34,1.0667882872524257,1991.868223994422,593.6340660758933,86.37728411102862,40.54621870000847,
w45,78,ABMA1,primary_evaluation,35,1.0667882872524257,1991.868223994422,593.6340660758933,86.37728411102862,42.285834500100464,
w45,78,ABMA1,primary_evaluation,36,1.0667882872524257,1991.868223994422,593.6340660758933,86.37728411102862,43.44845340005122,
w45,78,ABMA1,primary_evaluation,37,1.0667882872524257,1991.868223994422,593.6340660758933,86.37728411102862,44.33972390019335,
w45,78,ABMA1,primary_evaluation,38,1.0667882872524257,1991.868223994422,593.6340660758933,86.37728411102862,44.955234500113875,
w45,78,ABMA1,primary_evaluation,39,1.0667882872524257,1991.868223994422,593.6340660758933,86.37728411102862,45.8380839000456,
w45,78,ABMA1,primary_evaluation,40,1.0667882872524257,1991.868223994422,593.6340660758933,86.37728411102862,47.29280920000747,
w45,78,ABMA1,primary_evaluation,41,1.0667882872524257,1991.868223994422,593.6340660758933,86.37728411102862,47.7073622001335,
w45,78,ABMA1,primary_evaluation,42,1.0667882872524257,1991.868223994422,593.6340660758933,86.37728411102862,48.80530080012977,
w45,78,ABMA1,primary_evaluation,43,1.0667882872524257,1991.868223994422,593.6340660758933,86.37728411102862,50.37867100001313,
w45,78,ABMA1,primary_evaluation,44,1.0667882872524257,1991.868223994422,593.6340660758933,86.37728411102862,51.221016300143674,
w45,78,ABMA1,primary_evaluation,45,1.0667882872524257,1991.868223994422,593.6340660758933,86.37728411102862,53.16551620000973,
w45,78,ABMA1,primary_evaluation,46,1.0667882872524257,1991.868223994422,593.6340660758933,86.37728411102862,53.45997370011173,
w45,78,ABMA1,primary_evaluation,47,1.0667882872524257,1991.868223994422,593.6340660758933,86.37728411102862,53.92520500021055,
w45,78,ABMA1,primary_evaluation,48,1.0667882872524257,1991.868223994422,593.6340660758933,86.37728411102862,56.313626600196585,
w45,78,ABMA1,primary_evaluation,49,1.0667882872524257,1991.868223994422,593.6340660758933,86.37728411102862,57.68012950010598,
w45,78,ABMA1,primary_evaluation,50,1.0667882872524257,1991.868223994422,593.6340660758933,86.37728411102862,59.24983470002189,
w45,78,ABMA1,primary_evaluation,51,1.0667882872524257,1991.868223994422,593.6340660758933,86.37728411102862,61.038501400034875,
w45,78,ABMA1,primary_evaluation,52,1.0667882872524257,1991.868223994422,593.6340660758933,86.37728411102862,61.97702640015632,
w45,78,ABMA1,primary_evaluation,53,1.0667882872524257,1991.868223994422,593.6340660758933,86.37728411102862,63.060574300121516,
w45,78,ABMA1,primary_evaluation,54,1.0667882872524257,1991.868223994422,593.6340660758933,86.37728411102862,63.604241400025785,
w45,78,ABMA1,primary_evaluation,55,1.0667882872524257,1991.868223994422,593.6340660758933,86.37728411102862,64.97697720001452,
w45,78,ABMA1,primary_evaluation,56,1.0667882872524257,1991.868223994422,593.6340660758933,86.37728411102862,65.83123110001907,
w45,78,ABMA1,primary_evaluation,57,1.0667882872524257,1991.868223994422,593.6340660758933,86.37728411102862,67.6314796002116,
w45,78,ABMA1,primary_evaluation,58,1.0667882872524257,1991.868223994422,593.6340660758933,86.37728411102862,68.01944600022398,
w45,78,ABMA1,primary_evaluation,59,1.0667882872524257,1991.868223994422,593.6340660758933,86.37728411102862,68.4641341001261,
w45,78,ABMA1,primary_evaluation,60,1.0667882872524257,1991.868223994422,593.6340660758933,86.37728411102862,68.94344930001535,
w45,78,ABMA1,primary_evaluation,61,1.0667882872524257,1991.868223994422,593.6340660758933,86.37728411102862,69.94212130014785,
w45,78,ABMA1,primary_evaluation,62,1.0667882872524257,1991.868223994422,593.6340660758933,86.37728411102862,70.19733120012097,
w45,78,ABMA1,primary_evaluation,63,1.0667882872524257,1991.868223994422,593.6340660758933,86.37728411102862,71.32328210002743,
w45,78,ABMA1,primary_evaluation,64,1.0667882872524257,1991.868223994422,593.6340660758933,86.37728411102862,73.01893730019219,
w45,78,ABMA1,primary_evaluation,65,1.0667882872524257,1991.868223994422,593.6340660758933,86.37728411102862,73.29523930000141,
w45,78,ABMA1,primary_evaluation,66,1.0667882872524257,1991.868223994422,593.6340660758933,86.37728411102862,74.18437810009345,
w45,78,ABMA1,primary_evaluation,67,1.0667882872524257,1991.868223994422,593.6340660758933,86.37728411102862,75.2822557000909,
w45,78,ABMA1,primary_evaluation,68,1.0667882872524257,1991.868223994422,593.6340660758933,86.37728411102862,76.53167540021241,
w45,78,ABMA1,primary_evaluation,69,1.0667882872524257,1991.868223994422,593.6340660758933,86.37728411102862,76.79799240012653,
w45,78,ABMA1,primary_evaluation,70,1.0667882872524257,1991.868223994422,593.6340660758933,86.37728411102862,77.33678080001846,
w45,78,ABMA1,primary_evaluation,71,1.0667882872524257,1991.868223994422,593.6340660758933,86.37728411102862,77.92547050002031,
w45,78,ABMA1,primary_evaluation,72,1.0667882872524257,1991.868223994422,593.6340660758933,86.37728411102862,78.17397620016709,
w45,78,ABMA1,generation_boundary,12,1.0667882872524257,,,,,0
w45,78,ABMA1,generation_boundary,24,1.0667882872524257,,,,,1
w45,78,ABMA1,generation_boundary,36,1.0667882872524257,,,,,2
w45,78,ABMA1,generation_boundary,48,1.0667882872524257,,,,,3
w45,78,ABMA1,generation_boundary,60,1.0667882872524257,,,,,4
w45,78,ABMA1,generation_boundary,72,1.0667882872524257,,,,,5
w45,78,ABMA20,primary_evaluation,1,1.254517162181491,2032.7492064823657,832.9572267795263,90.44948813669649,0.17828910006210208,
w45,78,ABMA20,primary_evaluation,2,1.0667882872524257,1991.868223994422,593.6340660758933,86.37728411102862,0.41665760008618236,
w45,78,ABMA20,primary_evaluation,3,1.0667882872524257,1991.868223994422,593.6340660758933,86.37728411102862,1.8466338000725955,
w45,78,ABMA20,primary_evaluation,4,1.0667882872524257,1991.868223994422,593.6340660758933,86.37728411102862,3.1494097001850605,
w45,78,ABMA20,primary_evaluation,5,1.0667882872524257,1991.868223994422,593.6340660758933,86.37728411102862,3.9877899000421166,
w45,78,ABMA20,primary_evaluation,6,1.0667882872524257,1991.868223994422,593.6340660758933,86.37728411102862,5.114302900154144,
w45,78,ABMA20,primary_evaluation,7,1.0667882872524257,1991.868223994422,593.6340660758933,86.37728411102862,6.489651800133288,
w45,78,ABMA20,primary_evaluation,8,1.0667882872524257,1991.868223994422,593.6340660758933,86.37728411102862,8.036825700197369,
w45,78,ABMA20,primary_evaluation,9,1.0667882872524257,1991.868223994422,593.6340660758933,86.37728411102862,9.673216900089756,
w45,78,ABMA20,primary_evaluation,10,1.0667882872524257,1991.868223994422,593.6340660758933,86.37728411102862,11.005164599977434,
w45,78,ABMA20,primary_evaluation,11,1.0667882872524257,1991.868223994422,593.6340660758933,86.37728411102862,13.27488230005838,
w45,78,ABMA20,primary_evaluation,12,1.0667882872524257,1991.868223994422,593.6340660758933,86.37728411102862,14.983385800151154,
w45,78,ABMA20,primary_evaluation,13,1.0667882872524257,1991.868223994422,593.6340660758933,86.37728411102862,15.797351200133562,
w45,78,ABMA20,primary_evaluation,14,1.0667882872524257,1991.868223994422,593.6340660758933,86.37728411102862,16.031426700064912,
w45,78,ABMA20,primary_evaluation,15,1.0667882872524257,1991.868223994422,593.6340660758933,86.37728411102862,17.008743799990043,
w45,78,ABMA20,primary_evaluation,16,1.0667882872524257,1991.868223994422,593.6340660758933,86.37728411102862,17.72749219997786,
w45,78,ABMA20,primary_evaluation,17,1.0667882872524257,1991.868223994422,593.6340660758933,86.37728411102862,18.424028299981728,
w45,78,ABMA20,primary_evaluation,18,1.0667882872524257,1991.868223994422,593.6340660758933,86.37728411102862,19.221381900133565,
w45,78,ABMA20,primary_evaluation,19,1.0667882872524257,1991.868223994422,593.6340660758933,86.37728411102862,20.967546500032768,
w45,78,ABMA20,primary_evaluation,20,1.0667882872524257,1991.868223994422,593.6340660758933,86.37728411102862,23.251036300091073,
w45,78,ABMA20,primary_evaluation,21,1.0667882872524257,1991.868223994422,593.6340660758933,86.37728411102862,24.00001770001836,
w45,78,ABMA20,primary_evaluation,22,1.0667882872524257,1991.868223994422,593.6340660758933,86.37728411102862,24.99648420000449,
w45,78,ABMA20,primary_evaluation,23,1.0667882872524257,1991.868223994422,593.6340660758933,86.37728411102862,26.766520500183105,
w45,78,ABMA20,primary_evaluation,24,1.0667882872524257,1991.868223994422,593.6340660758933,86.37728411102862,28.05339220003225,
w45,78,ABMA20,primary_evaluation,25,1.0667882872524257,1991.868223994422,593.6340660758933,86.37728411102862,28.37213070015423,
w45,78,ABMA20,primary_evaluation,26,1.0667882872524257,1991.868223994422,593.6340660758933,86.37728411102862,29.830567799974233,
w45,78,ABMA20,primary_evaluation,27,1.0667882872524257,1991.868223994422,593.6340660758933,86.37728411102862,30.854956099996343,
w45,78,ABMA20,primary_evaluation,28,1.0667882872524257,1991.868223994422,593.6340660758933,86.37728411102862,31.22376890014857,
w45,78,ABMA20,primary_evaluation,29,1.0667882872524257,1991.868223994422,593.6340660758933,86.37728411102862,33.13416350004263,
w45,78,ABMA20,primary_evaluation,30,1.0667882872524257,1991.868223994422,593.6340660758933,86.37728411102862,34.7279304000549,
w45,78,ABMA20,primary_evaluation,31,1.0667882872524257,1991.868223994422,593.6340660758933,86.37728411102862,36.36597939999774,
w45,78,ABMA20,primary_evaluation,32,1.0667882872524257,1991.868223994422,593.6340660758933,86.37728411102862,38.59672660008073,
w45,78,ABMA20,primary_evaluation,33,1.0667882872524257,1991.868223994422,593.6340660758933,86.37728411102862,39.3253965000622,
w45,78,ABMA20,primary_evaluation,34,1.0667882872524257,1991.868223994422,593.6340660758933,86.37728411102862,40.51539740012959,
w45,78,ABMA20,primary_evaluation,35,1.0667882872524257,1991.868223994422,593.6340660758933,86.37728411102862,42.49491100013256,
w45,78,ABMA20,primary_evaluation,36,1.0667882872524257,1991.868223994422,593.6340660758933,86.37728411102862,43.68882300006226,
w45,78,ABMA20,primary_evaluation,37,1.0667882872524257,1991.868223994422,593.6340660758933,86.37728411102862,44.66144210007042,
w45,78,ABMA20,primary_evaluation,38,1.0667882872524257,1991.868223994422,593.6340660758933,86.37728411102862,45.368443300016224,
w45,78,ABMA20,primary_evaluation,39,1.0667882872524257,1991.868223994422,593.6340660758933,86.37728411102862,46.36762220016681,
w45,78,ABMA20,primary_evaluation,40,1.0667882872524257,1991.868223994422,593.6340660758933,86.37728411102862,47.951735000126064,
w45,78,ABMA20,primary_evaluation,41,1.0667882872524257,1991.868223994422,593.6340660758933,86.37728411102862,48.399164400063455,
w45,78,ABMA20,primary_evaluation,42,1.0667882872524257,1991.868223994422,593.6340660758933,86.37728411102862,49.36704360018484,
w45,78,ABMA20,primary_evaluation,43,1.0667882872524257,1991.868223994422,593.6340660758933,86.37728411102862,51.096404700074345,
w45,78,ABMA20,primary_evaluation,44,1.0667882872524257,1991.868223994422,593.6340660758933,86.37728411102862,51.99841700005345,
w45,78,ABMA20,primary_evaluation,45,1.0667882872524257,1991.868223994422,593.6340660758933,86.37728411102862,53.765219800174236,
w45,78,ABMA20,primary_evaluation,46,1.0667882872524257,1991.868223994422,593.6340660758933,86.37728411102862,54.023503800155595,
w45,78,ABMA20,primary_evaluation,47,1.0667882872524257,1991.868223994422,593.6340660758933,86.37728411102862,54.457204800099134,
w45,78,ABMA20,primary_evaluation,48,1.0667882872524257,1991.868223994422,593.6340660758933,86.37728411102862,56.410349500132725,
w45,78,ABMA20,primary_evaluation,49,1.0667882872524257,1991.868223994422,593.6340660758933,86.37728411102862,57.541908900020644,
w45,78,ABMA20,primary_evaluation,50,1.0667882872524257,1991.868223994422,593.6340660758933,86.37728411102862,59.211578299989924,
w45,78,ABMA20,primary_evaluation,51,1.0667882872524257,1991.868223994422,593.6340660758933,86.37728411102862,61.217402199981734,
w45,78,ABMA20,primary_evaluation,52,1.0667882872524257,1991.868223994422,593.6340660758933,86.37728411102862,62.08377390005626,
w45,78,ABMA20,primary_evaluation,53,1.0667882872524257,1991.868223994422,593.6340660758933,86.37728411102862,63.179052400169894,
w45,78,ABMA20,primary_evaluation,54,1.0667882872524257,1991.868223994422,593.6340660758933,86.37728411102862,63.880650700069964,
w45,78,ABMA20,primary_evaluation,55,1.0667882872524257,1991.868223994422,593.6340660758933,86.37728411102862,65.580980299972,
w45,78,ABMA20,primary_evaluation,56,1.0667882872524257,1991.868223994422,593.6340660758933,86.37728411102862,66.66208390006796,
w45,78,ABMA20,primary_evaluation,57,1.0667882872524257,1991.868223994422,593.6340660758933,86.37728411102862,68.28277970012277,
w45,78,ABMA20,primary_evaluation,58,1.0667882872524257,1991.868223994422,593.6340660758933,86.37728411102862,68.47491800016724,
w45,78,ABMA20,primary_evaluation,59,1.0667882872524257,1991.868223994422,593.6340660758933,86.37728411102862,68.71603250014596,
w45,78,ABMA20,primary_evaluation,60,1.0667882872524257,1991.868223994422,593.6340660758933,86.37728411102862,69.12990760011598,
w45,78,ABMA20,primary_evaluation,61,1.0667882872524257,1991.868223994422,593.6340660758933,86.37728411102862,69.94930090010166,
w45,78,ABMA20,primary_evaluation,62,1.0667882872524257,1991.868223994422,593.6340660758933,86.37728411102862,70.27644670009613,
w45,78,ABMA20,primary_evaluation,63,1.0667882872524257,1991.868223994422,593.6340660758933,86.37728411102862,71.1856152000837,
w45,78,ABMA20,primary_evaluation,64,1.0667882872524257,1991.868223994422,593.6340660758933,86.37728411102862,72.62652850011364,
w45,78,ABMA20,primary_evaluation,65,1.0667882872524257,1991.868223994422,593.6340660758933,86.37728411102862,72.90640670014545,
w45,78,ABMA20,primary_evaluation,66,1.0667882872524257,1991.868223994422,593.6340660758933,86.37728411102862,73.75160349998623,
w45,78,ABMA20,primary_evaluation,67,1.0667882872524257,1991.868223994422,593.6340660758933,86.37728411102862,74.68839640007354,
w45,78,ABMA20,primary_evaluation,68,1.0667882872524257,1991.868223994422,593.6340660758933,86.37728411102862,75.83142810012214,
w45,78,ABMA20,primary_evaluation,69,1.0667882872524257,1991.868223994422,593.6340660758933,86.37728411102862,76.11898480006494,
w45,78,ABMA20,primary_evaluation,70,1.0667882872524257,1991.868223994422,593.6340660758933,86.37728411102862,76.7064533000812,
w45,78,ABMA20,primary_evaluation,71,1.0667882872524257,1991.868223994422,593.6340660758933,86.37728411102862,77.31410329998471,
w45,78,ABMA20,primary_evaluation,72,1.0667882872524257,1991.868223994422,593.6340660758933,86.37728411102862,77.61205650004558,
w45,78,ABMA20,primary_evaluation,73,1.0667882872524257,1991.868223994422,593.6340660758933,86.37728411102862,78.45010380004533,
w45,78,ABMA20,primary_evaluation,74,1.0667882872524257,1991.868223994422,593.6340660758933,86.37728411102862,79.05418490013108,
w45,78,ABMA20,primary_evaluation,75,1.0667882872524257,1991.868223994422,593.6340660758933,86.37728411102862,80.13092280016281,
w45,78,ABMA20,primary_evaluation,76,1.0667882872524257,1991.868223994422,593.6340660758933,86.37728411102862,81.81560089997947,
w45,78,ABMA20,primary_evaluation,77,1.0667882872524257,1991.868223994422,593.6340660758933,86.37728411102862,83.21780450013466,
w45,78,ABMA20,primary_evaluation,78,1.0667882872524257,1991.868223994422,593.6340660758933,86.37728411102862,84.97991700004786,
w45,78,ABMA20,primary_evaluation,79,1.0667882872524257,1991.868223994422,593.6340660758933,86.37728411102862,86.69323300011456,
w45,78,ABMA20,primary_evaluation,80,1.0667882872524257,1991.868223994422,593.6340660758933,86.37728411102862,87.64717060001567,
w45,78,ABMA20,primary_evaluation,81,1.0667882872524257,1991.868223994422,593.6340660758933,86.37728411102862,88.54342840006575,
w45,78,ABMA20,primary_evaluation,82,1.0667882872524257,1991.868223994422,593.6340660758933,86.37728411102862,88.83483289997093,
w45,78,ABMA20,primary_evaluation,83,1.0667882872524257,1991.868223994422,593.6340660758933,86.37728411102862,90.28111410001293,
w45,78,ABMA20,primary_evaluation,84,1.0667882872524257,1991.868223994422,593.6340660758933,86.37728411102862,92.21375330002047,
w45,78,ABMA20,primary_evaluation,85,1.0667882872524257,1991.868223994422,593.6340660758933,86.37728411102862,94.56579070002772,
w45,78,ABMA20,primary_evaluation,86,1.0667882872524257,1991.868223994422,593.6340660758933,86.37728411102862,95.93394950008951,
w45,78,ABMA20,primary_evaluation,87,1.0667882872524257,1991.868223994422,593.6340660758933,86.37728411102862,97.0426221000962,
w45,78,ABMA20,primary_evaluation,88,1.0667882872524257,1991.868223994422,593.6340660758933,86.37728411102862,98.73435480007902,
w45,78,ABMA20,primary_evaluation,89,1.0667882872524257,1991.868223994422,593.6340660758933,86.37728411102862,100.59347750013694,
w45,78,ABMA20,primary_evaluation,90,1.0667882872524257,1991.868223994422,593.6340660758933,86.37728411102862,101.33194840000942,
w45,78,ABMA20,primary_evaluation,91,1.0667882872524257,1991.868223994422,593.6340660758933,86.37728411102862,103.61156890005805,
w45,78,ABMA20,primary_evaluation,92,1.0667882872524257,1991.868223994422,593.6340660758933,86.37728411102862,104.2171648000367,
w45,78,ABMA20,primary_evaluation,93,1.0667882872524257,1991.868223994422,593.6340660758933,86.37728411102862,104.52411840017885,
w45,78,ABMA20,primary_evaluation,94,1.0667882872524257,1991.868223994422,593.6340660758933,86.37728411102862,104.8791787000373,
w45,78,ABMA20,primary_evaluation,95,1.0667882872524257,1991.868223994422,593.6340660758933,86.37728411102862,106.23305170005187,
w45,78,ABMA20,primary_evaluation,96,1.0667882872524257,1991.868223994422,593.6340660758933,86.37728411102862,107.82900290004909,
w45,78,ABMA20,primary_evaluation,97,1.0667882872524257,1991.868223994422,593.6340660758933,86.37728411102862,108.26359640015289,
w45,78,ABMA20,primary_evaluation,98,1.0667882872524257,1991.868223994422,593.6340660758933,86.37728411102862,108.65117690013722,
w45,78,ABMA20,primary_evaluation,99,1.0667882872524257,1991.868223994422,593.6340660758933,86.37728411102862,109.35151210008189,
w45,78,ABMA20,primary_evaluation,100,1.0667882872524257,1991.868223994422,593.6340660758933,86.37728411102862,110.26189419999719,
w45,78,ABMA20,primary_evaluation,101,1.052422794021277,2011.6276684984641,467.06952307880533,86.17816846562965,110.84575330000371,
w45,78,ABMA20,primary_evaluation,102,1.052422794021277,2011.6276684984641,467.06952307880533,86.17816846562965,112.32821790012531,
w45,78,ABMA20,primary_evaluation,103,1.052422794021277,2011.6276684984641,467.06952307880533,86.17816846562965,113.47532800002955,
w45,78,ABMA20,primary_evaluation,104,1.052422794021277,2011.6276684984641,467.06952307880533,86.17816846562965,114.77754910010844,
w45,78,ABMA20,primary_evaluation,105,1.052422794021277,2011.6276684984641,467.06952307880533,86.17816846562965,115.48677700012922,
w45,78,ABMA20,primary_evaluation,106,1.052422794021277,2011.6276684984641,467.06952307880533,86.17816846562965,116.8467101000715,
w45,78,ABMA20,primary_evaluation,107,1.052422794021277,2011.6276684984641,467.06952307880533,86.17816846562965,117.92311289999634,
w45,78,ABMA20,primary_evaluation,108,1.052422794021277,2011.6276684984641,467.06952307880533,86.17816846562965,118.75169329997152,
w45,78,ABMA20,primary_evaluation,109,1.052422794021277,2011.6276684984641,467.06952307880533,86.17816846562965,119.05557700013742,
w45,78,ABMA20,primary_evaluation,110,1.052422794021277,2011.6276684984641,467.06952307880533,86.17816846562965,119.34889140003361,
w45,78,ABMA20,primary_evaluation,111,1.052422794021277,2011.6276684984641,467.06952307880533,86.17816846562965,120.10581430001184,
w45,78,ABMA20,primary_evaluation,112,1.052422794021277,2011.6276684984641,467.06952307880533,86.17816846562965,120.48368110018782,
w45,78,ABMA20,primary_evaluation,113,1.052422794021277,2011.6276684984641,467.06952307880533,86.17816846562965,120.98574950010516,
w45,78,ABMA20,primary_evaluation,114,1.052422794021277,2011.6276684984641,467.06952307880533,86.17816846562965,121.62833650014363,
w45,78,ABMA20,primary_evaluation,115,1.052422794021277,2011.6276684984641,467.06952307880533,86.17816846562965,123.22748720017262,
w45,78,ABMA20,primary_evaluation,116,1.052422794021277,2011.6276684984641,467.06952307880533,86.17816846562965,124.0512290999759,
w45,78,ABMA20,primary_evaluation,117,1.052422794021277,2011.6276684984641,467.06952307880533,86.17816846562965,124.52904770011082,
w45,78,ABMA20,primary_evaluation,118,1.052422794021277,2011.6276684984641,467.06952307880533,86.17816846562965,127.20355030009523,
w45,78,ABMA20,primary_evaluation,119,1.052422794021277,2011.6276684984641,467.06952307880533,86.17816846562965,127.61598830018193,
w45,78,ABMA20,primary_evaluation,120,1.052422794021277,2011.6276684984641,467.06952307880533,86.17816846562965,128.17561729997396,
w45,78,ABMA20,primary_evaluation,121,1.052422794021277,2011.6276684984641,467.06952307880533,86.17816846562965,128.58713460015133,
w45,78,ABMA20,primary_evaluation,122,1.052422794021277,2011.6276684984641,467.06952307880533,86.17816846562965,130.08817960019223,
w45,78,ABMA20,primary_evaluation,123,1.052422794021277,2011.6276684984641,467.06952307880533,86.17816846562965,130.99721350008622,
w45,78,ABMA20,primary_evaluation,124,1.052422794021277,2011.6276684984641,467.06952307880533,86.17816846562965,132.57191599998623,
w45,78,ABMA20,primary_evaluation,125,1.052422794021277,2011.6276684984641,467.06952307880533,86.17816846562965,133.31693790014833,
w45,78,ABMA20,primary_evaluation,126,1.052422794021277,2011.6276684984641,467.06952307880533,86.17816846562965,133.94280950003304,
w45,78,ABMA20,primary_evaluation,127,1.052422794021277,2011.6276684984641,467.06952307880533,86.17816846562965,134.98094120016322,
w45,78,ABMA20,primary_evaluation,128,1.052422794021277,2011.6276684984641,467.06952307880533,86.17816846562965,136.98288200004026,
w45,78,ABMA20,primary_evaluation,129,1.052422794021277,2011.6276684984641,467.06952307880533,86.17816846562965,137.3233290000353,
w45,78,ABMA20,primary_evaluation,130,1.052422794021277,2011.6276684984641,467.06952307880533,86.17816846562965,137.63738470012322,
w45,78,ABMA20,primary_evaluation,131,1.052422794021277,2011.6276684984641,467.06952307880533,86.17816846562965,137.92207600013353,
w45,78,ABMA20,primary_evaluation,132,1.052422794021277,2011.6276684984641,467.06952307880533,86.17816846562965,138.84623500006273,
w45,78,ABMA20,primary_evaluation,133,1.052422794021277,2011.6276684984641,467.06952307880533,86.17816846562965,139.2008498001378,
w45,78,ABMA20,primary_evaluation,134,1.052422794021277,2011.6276684984641,467.06952307880533,86.17816846562965,140.2774734001141,
w45,78,ABMA20,primary_evaluation,135,1.052422794021277,2011.6276684984641,467.06952307880533,86.17816846562965,141.318049200112,
w45,78,ABMA20,primary_evaluation,136,1.007044612100634,1991.868223994422,439.3763274805492,91.19047622899943,141.61991640017368,
w45,78,ABMA20,primary_evaluation,137,1.007044612100634,1991.868223994422,439.3763274805492,91.19047622899943,142.6169601001311,
w45,78,ABMA20,primary_evaluation,138,1.007044612100634,1991.868223994422,439.3763274805492,91.19047622899943,143.11658490006812,
w45,78,ABMA20,primary_evaluation,139,1.007044612100634,1991.868223994422,439.3763274805492,91.19047622899943,143.53426430001855,
w45,78,ABMA20,primary_evaluation,140,1.007044612100634,1991.868223994422,439.3763274805492,91.19047622899943,144.1036836002022,
w45,78,ABMA20,primary_evaluation,141,1.007044612100634,1991.868223994422,439.3763274805492,91.19047622899943,144.40961540001445,
w45,78,ABMA20,primary_evaluation,142,1.007044612100634,1991.868223994422,439.3763274805492,91.19047622899943,145.08526750002056,
w45,78,ABMA20,primary_evaluation,143,1.007044612100634,1991.868223994422,439.3763274805492,91.19047622899943,145.34780950006098,
w45,78,ABMA20,primary_evaluation,144,1.007044612100634,1991.868223994422,439.3763274805492,91.19047622899943,145.6980524000246,
w45,78,ABMA20,primary_evaluation,145,1.007044612100634,1991.868223994422,439.3763274805492,91.19047622899943,146.06579290004447,
w45,78,ABMA20,primary_evaluation,146,1.007044612100634,1991.868223994422,439.3763274805492,91.19047622899943,146.35838370001875,
w45,78,ABMA20,primary_evaluation,147,1.007044612100634,1991.868223994422,439.3763274805492,91.19047622899943,147.22903569997288,
w45,78,ABMA20,primary_evaluation,148,1.007044612100634,1991.868223994422,439.3763274805492,91.19047622899943,147.49621710018255,
w45,78,ABMA20,primary_evaluation,149,1.007044612100634,1991.868223994422,439.3763274805492,91.19047622899943,147.908795400057,
w45,78,ABMA20,primary_evaluation,150,1.007044612100634,1991.868223994422,439.3763274805492,91.19047622899943,148.26515640015714,
w45,78,ABMA20,primary_evaluation,151,1.007044612100634,1991.868223994422,439.3763274805492,91.19047622899943,149.71945590013638,
w45,78,ABMA20,primary_evaluation,152,1.007044612100634,1991.868223994422,439.3763274805492,91.19047622899943,150.2183374001179,
w45,78,ABMA20,primary_evaluation,153,1.007044612100634,1991.868223994422,439.3763274805492,91.19047622899943,150.5335413001012,
w45,78,ABMA20,primary_evaluation,154,1.007044612100634,1991.868223994422,439.3763274805492,91.19047622899943,150.92606450011954,
w45,78,ABMA20,primary_evaluation,155,1.007044612100634,1991.868223994422,439.3763274805492,91.19047622899943,151.3066255999729,
w45,78,ABMA20,primary_evaluation,156,1.007044612100634,1991.868223994422,439.3763274805492,91.19047622899943,151.6447652000934,
w45,78,ABMA20,primary_evaluation,157,1.007044612100634,1991.868223994422,439.3763274805492,91.19047622899943,152.22547160019167,
w45,78,ABMA20,primary_evaluation,158,1.007044612100634,1991.868223994422,439.3763274805492,91.19047622899943,152.7654462000355,
w45,78,ABMA20,primary_evaluation,159,1.007044612100634,1991.868223994422,439.3763274805492,91.19047622899943,154.11444990010932,
w45,78,ABMA20,primary_evaluation,160,1.007044612100634,1991.868223994422,439.3763274805492,91.19047622899943,154.59207980008796,
w45,78,ABMA20,primary_evaluation,161,1.007044612100634,1991.868223994422,439.3763274805492,91.19047622899943,154.88121300004423,
w45,78,ABMA20,primary_evaluation,162,1.007044612100634,1991.868223994422,439.3763274805492,91.19047622899943,156.64512500003912,
w45,78,ABMA20,primary_evaluation,163,1.007044612100634,1991.868223994422,439.3763274805492,91.19047622899943,157.17942220019177,
w45,78,ABMA20,primary_evaluation,164,1.007044612100634,1991.868223994422,439.3763274805492,91.19047622899943,157.67566080018878,
w45,78,ABMA20,primary_evaluation,165,1.007044612100634,1991.868223994422,439.3763274805492,91.19047622899943,158.0406405001413,
w45,78,ABMA20,primary_evaluation,166,1.007044612100634,1991.868223994422,439.3763274805492,91.19047622899943,158.89637720002793,
w45,78,ABMA20,primary_evaluation,167,1.007044612100634,1991.868223994422,439.3763274805492,91.19047622899943,159.17506669997238,
w45,78,ABMA20,primary_evaluation,168,1.007044612100634,1991.868223994422,439.3763274805492,91.19047622899943,160.26082159997895,
w45,78,ABMA20,primary_evaluation,169,1.0068646197786586,1991.868223994422,447.26900705578123,88.15432399387451,160.62105720001273,
w45,78,ABMA20,primary_evaluation,170,1.0068646197786586,1991.868223994422,447.26900705578123,88.15432399387451,161.09335760003887,
w45,78,ABMA20,primary_evaluation,171,1.0068646197786586,1991.868223994422,447.26900705578123,88.15432399387451,162.06045680004172,
w45,78,ABMA20,primary_evaluation,172,1.0068646197786586,1991.868223994422,447.26900705578123,88.15432399387451,163.2827431000769,
w45,78,ABMA20,primary_evaluation,173,1.0060561363833012,1991.868223994422,447.59431375594795,87.3387284465228,163.56198250013404,
w45,78,ABMA20,primary_evaluation,174,1.0060561363833012,1991.868223994422,447.59431375594795,87.3387284465228,164.0899346000515,
w45,78,ABMA20,primary_evaluation,175,1.0060561363833012,1991.868223994422,447.59431375594795,87.3387284465228,164.4261479000561,
w45,78,ABMA20,primary_evaluation,176,1.0060561363833012,1991.868223994422,447.59431375594795,87.3387284465228,164.80849039996974,
w45,78,ABMA20,primary_evaluation,177,1.0060561363833012,1991.868223994422,447.59431375594795,87.3387284465228,165.23439590004273,
w45,78,ABMA20,primary_evaluation,178,1.0060561363833012,1991.868223994422,447.59431375594795,87.3387284465228,165.59723530011252,
w45,78,ABMA20,primary_evaluation,179,1.0060561363833012,1991.868223994422,447.59431375594795,87.3387284465228,166.3360884001013,
w45,78,ABMA20,primary_evaluation,180,1.0060561363833012,1991.868223994422,447.59431375594795,87.3387284465228,166.68696309998631,
w45,78,ABMA20,primary_evaluation,181,1.0060561363833012,1991.868223994422,447.59431375594795,87.3387284465228,167.25891410000622,
w45,78,ABMA20,primary_evaluation,182,1.0060561363833012,1991.868223994422,447.59431375594795,87.3387284465228,167.70630370010622,
w45,78,ABMA20,primary_evaluation,183,1.0060561363833012,1991.868223994422,447.59431375594795,87.3387284465228,168.6315631000325,
w45,78,ABMA20,primary_evaluation,184,1.0060561363833012,1991.868223994422,447.59431375594795,87.3387284465228,169.84493999998085,
w45,78,ABMA20,primary_evaluation,185,1.0060561363833012,1991.868223994422,447.59431375594795,87.3387284465228,170.36835630005226,
w45,78,ABMA20,primary_evaluation,186,1.0060561363833012,1991.868223994422,447.59431375594795,87.3387284465228,170.7993394001387,
w45,78,ABMA20,primary_evaluation,187,1.0060561363833012,1991.868223994422,447.59431375594795,87.3387284465228,171.91661860002205,
w45,78,ABMA20,primary_evaluation,188,1.0060561363833012,1991.868223994422,447.59431375594795,87.3387284465228,172.31214620009996,
w45,78,ABMA20,primary_evaluation,189,0.9901314757462807,1983.9100589131558,409.17125665427056,101.33829847981819,172.70709040015936,
w45,78,ABMA20,primary_evaluation,190,0.9901314757462807,1983.9100589131558,409.17125665427056,101.33829847981819,173.5343692000024,
w45,78,ABMA20,primary_evaluation,191,0.9901314757462807,1983.9100589131558,409.17125665427056,101.33829847981819,174.58866080013104,
w45,78,ABMA20,primary_evaluation,192,0.9901314757462807,1983.9100589131558,409.17125665427056,101.33829847981819,175.11336229997687,
w45,78,ABMA20,primary_evaluation,193,0.9901314757462807,1983.9100589131558,409.17125665427056,101.33829847981819,175.89309130003676,
w45,78,ABMA20,primary_evaluation,194,0.9901314757462807,1983.9100589131558,409.17125665427056,101.33829847981819,176.27776750014164,
w45,78,ABMA20,primary_evaluation,195,0.9901314757462807,1983.9100589131558,409.17125665427056,101.33829847981819,176.63950260006823,
w45,78,ABMA20,primary_evaluation,196,0.9901314757462807,1983.9100589131558,409.17125665427056,101.33829847981819,177.69492050004192,
w45,78,ABMA20,primary_evaluation,197,0.9901314757462807,1983.9100589131558,409.17125665427056,101.33829847981819,178.5589952999726,
w45,78,ABMA20,primary_evaluation,198,0.9901314757462807,1983.9100589131558,409.17125665427056,101.33829847981819,179.2557810000144,
w45,78,ABMA20,primary_evaluation,199,0.9901314757462807,1983.9100589131558,409.17125665427056,101.33829847981819,179.8509615000803,
w45,78,ABMA20,primary_evaluation,200,0.9901314757462807,1983.9100589131558,409.17125665427056,101.33829847981819,180.6516582001932,
w45,78,ABMA20,primary_evaluation,201,0.9900513933141646,1984.286893130935,438.7211873684314,89.83413225688663,181.10312450001948,
w45,78,ABMA20,primary_evaluation,202,0.9900513933141646,1984.286893130935,438.7211873684314,89.83413225688663,181.50346989999525,
w45,78,ABMA20,primary_evaluation,203,0.9900513933141646,1984.286893130935,438.7211873684314,89.83413225688663,181.8942190001253,
w45,78,ABMA20,primary_evaluation,204,0.9900513933141646,1984.286893130935,438.7211873684314,89.83413225688663,182.2493835000787,
w45,78,ABMA20,primary_evaluation,205,0.9900513933141646,1984.286893130935,438.7211873684314,89.83413225688663,182.6316079001408,
w45,78,ABMA20,primary_evaluation,206,0.9900513933141646,1984.286893130935,438.7211873684314,89.83413225688663,183.16563970013522,
w45,78,ABMA20,primary_evaluation,207,0.9900513933141646,1984.286893130935,438.7211873684314,89.83413225688663,183.77512330003083,
w45,78,ABMA20,primary_evaluation,208,0.9900513933141646,1984.286893130935,438.7211873684314,89.83413225688663,184.62689080019481,
w45,78,ABMA20,primary_evaluation,209,0.9900513933141646,1984.286893130935,438.7211873684314,89.83413225688663,185.01026130001992,
w45,78,ABMA20,primary_evaluation,210,0.9900513933141646,1984.286893130935,438.7211873684314,89.83413225688663,185.41559120011516,
w45,78,ABMA20,primary_evaluation,211,0.9900513933141646,1984.286893130935,438.7211873684314,89.83413225688663,185.79351800004952,
w45,78,ABMA20,primary_evaluation,212,0.9900513933141646,1984.286893130935,438.7211873684314,89.83413225688663,186.1268098000437,
w45,78,ABMA20,primary_evaluation,213,0.9900513933141646,1984.286893130935,438.7211873684314,89.83413225688663,186.51630270015448,
w45,78,ABMA20,primary_evaluation,214,0.9900513933141646,1984.286893130935,438.7211873684314,89.83413225688663,186.9431853001006,
w45,78,ABMA20,primary_evaluation,215,0.9900513933141646,1984.286893130935,438.7211873684314,89.83413225688663,187.52387140016071,
w45,78,ABMA20,primary_evaluation,216,0.9900513933141646,1984.286893130935,438.7211873684314,89.83413225688663,187.97590290009975,
w45,78,ABMA20,primary_evaluation,217,0.9900513933141646,1984.286893130935,438.7211873684314,89.83413225688663,188.67988890013658,
w45,78,ABMA20,primary_evaluation,218,0.9900513933141646,1984.286893130935,438.7211873684314,89.83413225688663,189.11597110005096,
w45,78,ABMA20,primary_evaluation,219,0.9900513933141646,1984.286893130935,438.7211873684314,89.83413225688663,189.47151520010084,
w45,78,ABMA20,primary_evaluation,220,0.9900513933141646,1984.286893130935,438.7211873684314,89.83413225688663,189.99120030016638,
w45,78,ABMA20,primary_evaluation,221,0.9900513933141646,1984.286893130935,438.7211873684314,89.83413225688663,190.336219600169,
w45,78,ABMA20,primary_evaluation,222,0.9900513933141646,1984.286893130935,438.7211873684314,89.83413225688663,190.63571680011228,
w45,78,ABMA20,primary_evaluation,223,0.9900513933141646,1984.286893130935,438.7211873684314,89.83413225688663,191.08288570004515,
w45,78,ABMA20,primary_evaluation,224,0.9900513933141646,1984.286893130935,438.7211873684314,89.83413225688663,191.40528030018322,
w45,78,ABMA20,primary_evaluation,225,0.9900513933141646,1984.286893130935,438.7211873684314,89.83413225688663,191.69591600005515,
w45,78,ABMA20,primary_evaluation,226,0.9900513933141646,1984.286893130935,438.7211873684314,89.83413225688663,192.97176520014182,
w45,78,ABMA20,primary_evaluation,227,0.9900513933141646,1984.286893130935,438.7211873684314,89.83413225688663,193.3480120000895,
w45,78,ABMA20,primary_evaluation,228,0.9900513933141646,1984.286893130935,438.7211873684314,89.83413225688663,193.6397738000378,
w45,78,ABMA20,primary_evaluation,229,0.9900513933141646,1984.286893130935,438.7211873684314,89.83413225688663,194.24053329997696,
w45,78,ABMA20,primary_evaluation,230,0.9900513933141646,1984.286893130935,438.7211873684314,89.83413225688663,194.51242270017974,
w45,78,ABMA20,primary_evaluation,231,0.9900513933141646,1984.286893130935,438.7211873684314,89.83413225688663,195.13901640009135,
w45,78,ABMA20,primary_evaluation,232,0.9900513933141646,1984.286893130935,438.7211873684314,89.83413225688663,195.49470510007814,
w45,78,ABMA20,primary_evaluation,233,0.9900513933141646,1984.286893130935,438.7211873684314,89.83413225688663,195.86407050001435,
w45,78,ABMA20,primary_evaluation,234,0.9900513933141646,1984.286893130935,438.7211873684314,89.83413225688663,196.21268110000528,
w45,78,ABMA20,primary_evaluation,235,0.9900513933141646,1984.286893130935,438.7211873684314,89.83413225688663,196.61704020015895,
w45,78,ABMA20,primary_evaluation,236,0.9900513933141646,1984.286893130935,438.7211873684314,89.83413225688663,196.94524640007876,
w45,78,ABMA20,primary_evaluation,237,0.9900513933141646,1984.286893130935,438.7211873684314,89.83413225688663,197.30485150008462,
w45,78,ABMA20,primary_evaluation,238,0.9900513933141646,1984.286893130935,438.7211873684314,89.83413225688663,197.61147960019298,
w45,78,ABMA20,primary_evaluation,239,0.9900513933141646,1984.286893130935,438.7211873684314,89.83413225688663,198.64394670003094,
w45,78,ABMA20,primary_evaluation,240,0.9900513933141646,1984.286893130935,438.7211873684314,89.83413225688663,198.9313087000046,
w45,78,ABMA20,primary_evaluation,241,0.9900513933141646,1984.286893130935,438.7211873684314,89.83413225688663,199.2755668000318,
w45,78,ABMA20,primary_evaluation,242,0.9900513933141646,1984.286893130935,438.7211873684314,89.83413225688663,199.6371257000137,
w45,78,ABMA20,primary_evaluation,243,0.9900513933141646,1984.286893130935,438.7211873684314,89.83413225688663,199.99442640016787,
w45,78,ABMA20,primary_evaluation,244,0.9900513933141646,1984.286893130935,438.7211873684314,89.83413225688663,200.5641018000897,
w45,78,ABMA20,primary_evaluation,245,0.9900513933141646,1984.286893130935,438.7211873684314,89.83413225688663,200.91263380018063,
w45,78,ABMA20,primary_evaluation,246,0.9900513933141646,1984.286893130935,438.7211873684314,89.83413225688663,201.21019350015558,
w45,78,ABMA20,primary_evaluation,247,0.9900513933141646,1984.286893130935,438.7211873684314,89.83413225688663,202.2246340001002,
w45,78,ABMA20,primary_evaluation,248,0.9900513933141646,1984.286893130935,438.7211873684314,89.83413225688663,202.6586834001355,
w45,78,ABMA20,primary_evaluation,249,0.9900513933141646,1984.286893130935,438.7211873684314,89.83413225688663,203.00462200003676,
w45,78,ABMA20,primary_evaluation,250,0.9900513933141646,1984.286893130935,438.7211873684314,89.83413225688663,203.354887700174,
w45,78,ABMA20,primary_evaluation,251,0.9900513933141646,1984.286893130935,438.7211873684314,89.83413225688663,203.74843719997443,
w45,78,ABMA20,primary_evaluation,252,0.9900513933141646,1984.286893130935,438.7211873684314,89.83413225688663,204.0303872001823,
w45,78,ABMA20,generation_boundary,12,1.0667882872524257,,,,,0
w45,78,ABMA20,generation_boundary,24,1.0667882872524257,,,,,1
w45,78,ABMA20,generation_boundary,36,1.0667882872524257,,,,,2
w45,78,ABMA20,generation_boundary,48,1.0667882872524257,,,,,3
w45,78,ABMA20,generation_boundary,60,1.0667882872524257,,,,,4
w45,78,ABMA20,generation_boundary,72,1.0667882872524257,,,,,5
w45,78,ABMA20,generation_boundary,84,1.0667882872524257,,,,,6
w45,78,ABMA20,generation_boundary,96,1.0667882872524257,,,,,7
w45,78,ABMA20,generation_boundary,108,1.052422794021277,,,,,8
w45,78,ABMA20,generation_boundary,120,1.052422794021277,,,,,9
w45,78,ABMA20,generation_boundary,132,1.052422794021277,,,,,10
w45,78,ABMA20,generation_boundary,144,1.007044612100634,,,,,11
w45,78,ABMA20,generation_boundary,156,1.007044612100634,,,,,12
w45,78,ABMA20,generation_boundary,168,1.007044612100634,,,,,13
w45,78,ABMA20,generation_boundary,180,1.0060561363833012,,,,,14
w45,78,ABMA20,generation_boundary,192,0.9901314757462807,,,,,15
w45,78,ABMA20,generation_boundary,204,0.9900513933141646,,,,,16
w45,78,ABMA20,generation_boundary,216,0.9900513933141646,,,,,17
w45,78,ABMA20,generation_boundary,228,0.9900513933141646,,,,,18
w45,78,ABMA20,generation_boundary,240,0.9900513933141646,,,,,19
w45,78,ABMA20,generation_boundary,252,0.9900513933141646,,,,,20
w45,78,HGA-budget72,primary_evaluation,1,1.3131507773205529,2052.035224479451,865.0299821723004,96.07872131775146,0.2079375998582691,
w45,78,HGA-budget72,primary_evaluation,2,1.3112853753543756,2052.035224479451,855.2869133973479,98.02733507274196,0.26002589985728264,
w45,78,HGA-budget72,primary_evaluation,3,1.3112853753543756,2052.035224479451,855.2869133973479,98.02733507274196,0.27276579989120364,
w45,78,HGA-budget72,primary_evaluation,4,1.3101042181450062,2052.035224479451,849.1176822431103,99.2611813035895,0.2750697999726981,
w45,78,HGA-budget72,primary_evaluation,5,1.309973843137622,2052.035224479451,848.4367283862414,99.39737207496326,0.28757309983484447,
w45,78,HGA-budget72,primary_evaluation,6,1.309973843137622,2052.035224479451,848.4367283862414,99.39737207496326,0.3027876999694854,
w45,78,HGA-budget72,primary_evaluation,7,1.3081522206079261,2052.035224479451,838.9223213519222,101.30025348182713,0.303883999818936,
w45,78,HGA-budget72,primary_evaluation,8,1.3081522206079261,2052.035224479451,838.9223213519222,101.30025348182713,0.3187863000202924,
w45,78,HGA-budget72,primary_evaluation,9,1.3081522206079261,2052.035224479451,838.9223213519222,101.30025348182713,0.31984859984368086,
w45,78,HGA-budget72,primary_evaluation,10,1.3081522206079261,2052.035224479451,838.9223213519222,101.30025348182713,0.32119199982844293,
w45,78,HGA-budget72,primary_evaluation,11,1.3081522206079261,2052.035224479451,838.9223213519222,101.30025348182713,0.32247160002589226,
w45,78,HGA-budget72,primary_evaluation,12,1.3069502504300299,2052.035224479451,832.6443832340137,102.55584110540877,0.32372600003145635,
w45,78,HGA-budget72,primary_evaluation,13,1.306792419821358,2052.035224479451,831.8200276779658,102.72071221661838,0.33745939983054996,
w45,78,HGA-budget72,primary_evaluation,14,1.306792419821358,2052.035224479451,831.8200276779658,102.72071221661838,0.35312419990077615,
w45,78,HGA-budget72,primary_evaluation,15,1.306792419821358,2052.035224479451,831.8200276779658,102.72071221661838,0.3547695998568088,
w45,78,HGA-budget72,primary_evaluation,16,1.306792419821358,2052.035224479451,831.8200276779658,102.72071221661838,0.3563888999633491,
w45,78,HGA-budget72,primary_evaluation,17,1.306792419821358,2052.035224479451,831.8200276779658,102.72071221661838,0.3577953998465091,
w45,78,HGA-budget72,primary_evaluation,18,1.306792419821358,2052.035224479451,831.8200276779658,102.72071221661838,0.35924559994600713,
w45,78,HGA-budget72,primary_evaluation,19,1.306792419821358,2052.035224479451,831.8200276779658,102.72071221661838,0.3606914000120014,
w45,78,HGA-budget72,primary_evaluation,20,1.3060370274870714,2052.035224479451,827.8745834260171,103.50980106700813,0.36366989999078214,
w45,78,HGA-budget72,primary_evaluation,21,1.3049045659232952,2052.035224479451,821.9596915684333,104.69277943852488,0.3759677999187261,
w45,78,HGA-budget72,primary_evaluation,22,1.3049045659232952,2052.035224479451,821.9596915684333,104.69277943852488,0.39093149988912046,
w45,78,HGA-budget72,primary_evaluation,23,1.304828307391203,2052.035224479451,821.5613902176667,104.7724397086782,0.39180799992755055,
w45,78,HGA-budget72,primary_evaluation,24,1.304828307391203,2052.035224479451,821.5613902176667,104.7724397086782,0.40655709989368916,
w45,78,HGA-budget72,primary_evaluation,25,1.304828307391203,2052.035224479451,821.5613902176667,104.7724397086782,0.4075769998598844,
w45,78,HGA-budget72,primary_evaluation,26,1.304828307391203,2052.035224479451,821.5613902176667,104.7724397086782,0.40878679999150336,
w45,78,HGA-budget72,primary_evaluation,27,1.304828307391203,2052.035224479451,821.5613902176667,104.7724397086782,0.4100754999089986,
w45,78,HGA-budget72,primary_evaluation,28,1.3047493952022549,2052.035224479451,821.1492287114368,104.85487200992418,0.4112996000330895,
w45,78,HGA-budget72,primary_evaluation,29,1.3047493952022549,2052.035224479451,821.1492287114368,104.85487200992418,0.4241144999396056,
w45,78,HGA-budget72,primary_evaluation,30,1.3047493952022549,2052.035224479451,821.1492287114368,104.85487200992418,0.42522739991545677,
w45,78,HGA-budget72,primary_evaluation,31,1.3034447750659752,2052.035224479451,814.3351457719789,106.21768859781577,0.42642070003785193,
w45,78,HGA-budget72,primary_evaluation,32,1.3015452971219061,2052.035224479451,804.4140968071292,108.20189839078569,0.44058609986677766,
w45,78,HGA-budget72,primary_evaluation,33,1.3015452971219061,2052.035224479451,804.4140968071292,108.20189839078569,0.4567404999397695,
w45,78,HGA-budget72,primary_evaluation,34,1.3015452971219061,2052.035224479451,804.4140968071292,108.20189839078569,0.4578924998641014,
w45,78,HGA-budget72,primary_evaluation,35,1.3015452971219061,2052.035224479451,804.4140968071292,108.20189839078569,0.4589988999068737,
w45,78,HGA-budget72,primary_evaluation,36,1.3015452971219061,2052.035224479451,804.4140968071292,108.20189839078569,0.4605222998652607,
w45,78,HGA-budget72,primary_evaluation,37,1.3014755854205373,2052.035224479451,804.0499898140149,108.27471978940856,0.46207250002771616,
w45,78,HGA-budget72,primary_evaluation,38,1.3014755854205373,2052.035224479451,804.0499898140149,108.27471978940856,0.47747559985145926,
w45,78,HGA-budget72,primary_evaluation,39,1.3014755854205373,2052.035224479451,804.0499898140149,108.27471978940856,0.4786826998461038,
w45,78,HGA-budget72,primary_evaluation,40,1.3014755854205373,2052.035224479451,804.0499898140149,108.27471978940856,0.48067309986799955,
w45,78,HGA-budget72,primary_evaluation,41,1.3014755854205373,2052.035224479451,804.0499898140149,108.27471978940856,0.4819218998309225,
w45,78,HGA-budget72,primary_evaluation,42,1.3014755854205373,2052.035224479451,804.0499898140149,108.27471978940856,0.4827725999057293,
w45,78,HGA-budget72,primary_evaluation,43,1.3009716103964075,2052.035224479451,801.4177081878629,108.80117611463895,0.48380269994959235,
w45,78,HGA-budget72,primary_evaluation,44,1.3009716103964075,2052.035224479451,801.4177081878629,108.80117611463895,0.49543050001375377,
w45,78,HGA-budget72,primary_evaluation,45,1.3009716103964075,2052.035224479451,801.4177081878629,108.80117611463895,0.496951499953866,
w45,78,HGA-budget72,primary_evaluation,46,1.3009716103964075,2052.035224479451,801.4177081878629,108.80117611463895,0.4980991999618709,
w45,78,HGA-budget72,primary_evaluation,47,1.3009716103964075,2052.035224479451,801.4177081878629,108.80117611463895,0.49940329999662936,
w45,78,HGA-budget72,primary_evaluation,48,1.3009716103964075,2052.035224479451,801.4177081878629,108.80117611463895,0.500793999992311,
w45,78,HGA-budget72,primary_evaluation,49,1.3009716103964075,2052.035224479451,801.4177081878629,108.80117611463895,0.5020057000219822,
w45,78,HGA-budget72,primary_evaluation,50,1.300175203292573,2052.035224479451,797.2580421608025,109.63310932005105,0.5033112999517471,
w45,78,HGA-budget72,primary_evaluation,51,1.300175203292573,2052.035224479451,797.2580421608025,109.63310932005105,0.5121310998219997,
w45,78,HGA-budget72,primary_evaluation,52,1.300175203292573,2052.035224479451,797.2580421608025,109.63310932005105,0.515172699932009,
w45,78,HGA-budget72,primary_evaluation,53,1.300175203292573,2052.035224479451,797.2580421608025,109.63310932005105,0.5164156998507679,
w45,78,HGA-budget72,primary_evaluation,54,1.300175203292573,2052.035224479451,797.2580421608025,109.63310932005105,0.5176468000281602,
w45,78,HGA-budget72,primary_evaluation,55,1.300175203292573,2052.035224479451,797.2580421608025,109.63310932005105,0.5189032999332994,
w45,78,HGA-budget72,primary_evaluation,56,1.300175203292573,2052.035224479451,797.2580421608025,109.63310932005105,0.5201663000043482,
w45,78,HGA-budget72,primary_evaluation,57,1.300175203292573,2052.035224479451,797.2580421608025,109.63310932005105,0.5212326999753714,
w45,78,HGA-budget72,primary_evaluation,58,1.297409566060634,2052.035224479451,782.813008733196,112.52211600557236,0.5224190999288112,
w45,78,HGA-budget72,primary_evaluation,59,1.2939313550735374,2052.035224479451,764.6461741980506,116.15548291260143,0.5352610000409186,
w45,78,HGA-budget72,primary_evaluation,60,1.2939313550735374,2052.035224479451,764.6461741980506,116.15548291260143,0.5492902998812497,
w45,78,HGA-budget72,primary_evaluation,61,1.2939313550735374,2052.035224479451,764.6461741980506,116.15548291260143,0.5506889999378473,
w45,78,HGA-budget72,primary_evaluation,62,1.2939313550735374,2052.035224479451,764.6461741980506,116.15548291260143,0.5520077999681234,
w45,78,HGA-budget72,primary_evaluation,63,1.2939313550735374,2052.035224479451,764.6461741980506,116.15548291260143,0.5539130000397563,
w45,78,HGA-budget72,primary_evaluation,64,1.2939313550735374,2052.035224479451,764.6461741980506,116.15548291260143,0.5552467999514192,
w45,78,HGA-budget72,primary_evaluation,65,1.2939313550735374,2052.035224479451,764.6461741980506,116.15548291260143,0.5565072998870164,
w45,78,HGA-budget72,primary_evaluation,66,1.2939313550735374,2052.035224479451,764.6461741980506,116.15548291260143,0.5577210998162627,
w45,78,HGA-budget72,primary_evaluation,67,1.2934189084266807,2052.035224479451,761.9696449489413,116.69078876242331,0.5590325999073684,
w45,78,HGA-budget72,primary_evaluation,68,1.2934189084266807,2052.035224479451,761.9696449489413,116.69078876242331,0.5736228998284787,
w45,78,HGA-budget72,primary_evaluation,69,1.2934189084266807,2052.035224479451,761.9696449489413,116.69078876242331,0.5750698000192642,
w45,78,HGA-budget72,primary_evaluation,70,1.2934189084266807,2052.035224479451,761.9696449489413,116.69078876242331,0.576335099991411,
w45,78,HGA-budget72,primary_evaluation,71,1.2934189084266807,2052.035224479451,761.9696449489413,116.69078876242331,0.578614299884066,
w45,78,HGA-budget72,primary_evaluation,72,1.2934189084266807,2052.035224479451,761.9696449489413,116.69078876242331,0.5804410998243839,
w45,78,HGA-budget72,generation_boundary,12,1.3131507773205529,,,,,0
w45,78,HGA-budget252,primary_evaluation,1,1.3131507773205529,2052.035224479451,865.0299821723004,96.07872131775146,0.25897060008719563,
w45,78,HGA-budget252,primary_evaluation,2,1.3112853753543756,2052.035224479451,855.2869133973479,98.02733507274196,0.3109443001449108,
w45,78,HGA-budget252,primary_evaluation,3,1.3112853753543756,2052.035224479451,855.2869133973479,98.02733507274196,0.3269555000588298,
w45,78,HGA-budget252,primary_evaluation,4,1.3101042181450062,2052.035224479451,849.1176822431103,99.2611813035895,0.3285016999579966,
w45,78,HGA-budget252,primary_evaluation,5,1.309973843137622,2052.035224479451,848.4367283862414,99.39737207496326,0.33896920015104115,
w45,78,HGA-budget252,primary_evaluation,6,1.309973843137622,2052.035224479451,848.4367283862414,99.39737207496326,0.3473167000338435,
w45,78,HGA-budget252,primary_evaluation,7,1.3081522206079261,2052.035224479451,838.9223213519222,101.30025348182713,0.3481101000215858,
w45,78,HGA-budget252,primary_evaluation,8,1.3081522206079261,2052.035224479451,838.9223213519222,101.30025348182713,0.35557850007899106,
w45,78,HGA-budget252,primary_evaluation,9,1.3081522206079261,2052.035224479451,838.9223213519222,101.30025348182713,0.3563970001414418,
w45,78,HGA-budget252,primary_evaluation,10,1.3081522206079261,2052.035224479451,838.9223213519222,101.30025348182713,0.35752180009149015,
w45,78,HGA-budget252,primary_evaluation,11,1.3081522206079261,2052.035224479451,838.9223213519222,101.30025348182713,0.35858550015836954,
w45,78,HGA-budget252,primary_evaluation,12,1.3069502504300299,2052.035224479451,832.6443832340137,102.55584110540877,0.3595541000831872,
w45,78,HGA-budget252,primary_evaluation,13,1.306792419821358,2052.035224479451,831.8200276779658,102.72071221661838,0.3680026000365615,
w45,78,HGA-budget252,primary_evaluation,14,1.306792419821358,2052.035224479451,831.8200276779658,102.72071221661838,0.3788831999991089,
w45,78,HGA-budget252,primary_evaluation,15,1.306792419821358,2052.035224479451,831.8200276779658,102.72071221661838,0.3800824999343604,
w45,78,HGA-budget252,primary_evaluation,16,1.306792419821358,2052.035224479451,831.8200276779658,102.72071221661838,0.38120870012789965,
w45,78,HGA-budget252,primary_evaluation,17,1.306792419821358,2052.035224479451,831.8200276779658,102.72071221661838,0.3822256000712514,
w45,78,HGA-budget252,primary_evaluation,18,1.306792419821358,2052.035224479451,831.8200276779658,102.72071221661838,0.38328270008787513,
w45,78,HGA-budget252,primary_evaluation,19,1.306792419821358,2052.035224479451,831.8200276779658,102.72071221661838,0.3843179000541568,
w45,78,HGA-budget252,primary_evaluation,20,1.3060370274870714,2052.035224479451,827.8745834260171,103.50980106700813,0.38552429992705584,
w45,78,HGA-budget252,primary_evaluation,21,1.3049045659232952,2052.035224479451,821.9596915684333,104.69277943852488,0.3950919001363218,
w45,78,HGA-budget252,primary_evaluation,22,1.3049045659232952,2052.035224479451,821.9596915684333,104.69277943852488,0.4062622000928968,
w45,78,HGA-budget252,primary_evaluation,23,1.304828307391203,2052.035224479451,821.5613902176667,104.7724397086782,0.4076869999989867,
w45,78,HGA-budget252,primary_evaluation,24,1.304828307391203,2052.035224479451,821.5613902176667,104.7724397086782,0.4179483000189066,
w45,78,HGA-budget252,primary_evaluation,25,1.304828307391203,2052.035224479451,821.5613902176667,104.7724397086782,0.4195328000932932,
w45,78,HGA-budget252,primary_evaluation,26,1.304828307391203,2052.035224479451,821.5613902176667,104.7724397086782,0.4219563000369817,
w45,78,HGA-budget252,primary_evaluation,27,1.304828307391203,2052.035224479451,821.5613902176667,104.7724397086782,0.4232523001264781,
w45,78,HGA-budget252,primary_evaluation,28,1.3047493952022549,2052.035224479451,821.1492287114368,104.85487200992418,0.42450950015336275,
w45,78,HGA-budget252,primary_evaluation,29,1.3047493952022549,2052.035224479451,821.1492287114368,104.85487200992418,0.43504679994657636,
w45,78,HGA-budget252,primary_evaluation,30,1.3047493952022549,2052.035224479451,821.1492287114368,104.85487200992418,0.4360317001119256,
w45,78,HGA-budget252,primary_evaluation,31,1.3034447750659752,2052.035224479451,814.3351457719789,106.21768859781577,0.4367188001051545,
w45,78,HGA-budget252,primary_evaluation,32,1.3015452971219061,2052.035224479451,804.4140968071292,108.20189839078569,0.44570309994742274,
w45,78,HGA-budget252,primary_evaluation,33,1.3015452971219061,2052.035224479451,804.4140968071292,108.20189839078569,0.45376579998992383,
w45,78,HGA-budget252,primary_evaluation,34,1.3015452971219061,2052.035224479451,804.4140968071292,108.20189839078569,0.454934700159356,
w45,78,HGA-budget252,primary_evaluation,35,1.3015452971219061,2052.035224479451,804.4140968071292,108.20189839078569,0.45581339998170733,
w45,78,HGA-budget252,primary_evaluation,36,1.3015452971219061,2052.035224479451,804.4140968071292,108.20189839078569,0.45662509999237955,
w45,78,HGA-budget252,primary_evaluation,37,1.3014755854205373,2052.035224479451,804.0499898140149,108.27471978940856,0.4578021001070738,
w45,78,HGA-budget252,primary_evaluation,38,1.3014755854205373,2052.035224479451,804.0499898140149,108.27471978940856,0.4691930999979377,
w45,78,HGA-budget252,primary_evaluation,39,1.3014755854205373,2052.035224479451,804.0499898140149,108.27471978940856,0.4703186999540776,
w45,78,HGA-budget252,primary_evaluation,40,1.3014755854205373,2052.035224479451,804.0499898140149,108.27471978940856,0.47203870001249015,
w45,78,HGA-budget252,primary_evaluation,41,1.3014755854205373,2052.035224479451,804.0499898140149,108.27471978940856,0.47358059999533,
w45,78,HGA-budget252,primary_evaluation,42,1.3014755854205373,2052.035224479451,804.0499898140149,108.27471978940856,0.47456949995830655,
w45,78,HGA-budget252,primary_evaluation,43,1.3009716103964075,2052.035224479451,801.4177081878629,108.80117611463895,0.4757364001125097,
w45,78,HGA-budget252,primary_evaluation,44,1.3009716103964075,2052.035224479451,801.4177081878629,108.80117611463895,0.48592999996617436,
w45,78,HGA-budget252,primary_evaluation,45,1.3009716103964075,2052.035224479451,801.4177081878629,108.80117611463895,0.48711830005049706,
w45,78,HGA-budget252,primary_evaluation,46,1.3009716103964075,2052.035224479451,801.4177081878629,108.80117611463895,0.489492200082168,
w45,78,HGA-budget252,primary_evaluation,47,1.3009716103964075,2052.035224479451,801.4177081878629,108.80117611463895,0.49079250008799136,
w45,78,HGA-budget252,primary_evaluation,48,1.3009716103964075,2052.035224479451,801.4177081878629,108.80117611463895,0.49202310014516115,
w45,78,HGA-budget252,primary_evaluation,49,1.3009716103964075,2052.035224479451,801.4177081878629,108.80117611463895,0.49303669994696975,
w45,78,HGA-budget252,primary_evaluation,50,1.300175203292573,2052.035224479451,797.2580421608025,109.63310932005105,0.4947562001179904,
w45,78,HGA-budget252,primary_evaluation,51,1.300175203292573,2052.035224479451,797.2580421608025,109.63310932005105,0.5057184000033885,
w45,78,HGA-budget252,primary_evaluation,52,1.300175203292573,2052.035224479451,797.2580421608025,109.63310932005105,0.5072741999756545,
w45,78,HGA-budget252,primary_evaluation,53,1.300175203292573,2052.035224479451,797.2580421608025,109.63310932005105,0.5085253999568522,
w45,78,HGA-budget252,primary_evaluation,54,1.300175203292573,2052.035224479451,797.2580421608025,109.63310932005105,0.5102143001277,
w45,78,HGA-budget252,primary_evaluation,55,1.300175203292573,2052.035224479451,797.2580421608025,109.63310932005105,0.5114661001134664,
w45,78,HGA-budget252,primary_evaluation,56,1.300175203292573,2052.035224479451,797.2580421608025,109.63310932005105,0.5126827999483794,
w45,78,HGA-budget252,primary_evaluation,57,1.300175203292573,2052.035224479451,797.2580421608025,109.63310932005105,0.513693799963221,
w45,78,HGA-budget252,primary_evaluation,58,1.297409566060634,2052.035224479451,782.813008733196,112.52211600557236,0.514713300159201,
w45,78,HGA-budget252,primary_evaluation,59,1.2939313550735374,2052.035224479451,764.6461741980506,116.15548291260143,0.5236514999996871,
w45,78,HGA-budget252,primary_evaluation,60,1.2939313550735374,2052.035224479451,764.6461741980506,116.15548291260143,0.5323135000653565,
w45,78,HGA-budget252,primary_evaluation,61,1.2939313550735374,2052.035224479451,764.6461741980506,116.15548291260143,0.533003699965775,
w45,78,HGA-budget252,primary_evaluation,62,1.2939313550735374,2052.035224479451,764.6461741980506,116.15548291260143,0.5336796999908984,
w45,78,HGA-budget252,primary_evaluation,63,1.2939313550735374,2052.035224479451,764.6461741980506,116.15548291260143,0.5346554000861943,
w45,78,HGA-budget252,primary_evaluation,64,1.2939313550735374,2052.035224479451,764.6461741980506,116.15548291260143,0.5353224000427872,
w45,78,HGA-budget252,primary_evaluation,65,1.2939313550735374,2052.035224479451,764.6461741980506,116.15548291260143,0.5366188001353294,
w45,78,HGA-budget252,primary_evaluation,66,1.2939313550735374,2052.035224479451,764.6461741980506,116.15548291260143,0.5380782999563962,
w45,78,HGA-budget252,primary_evaluation,67,1.2934189084266807,2052.035224479451,761.9696449489413,116.69078876242331,0.5394159001298249,
w45,78,HGA-budget252,primary_evaluation,68,1.2934189084266807,2052.035224479451,761.9696449489413,116.69078876242331,0.5476190999615937,
w45,78,HGA-budget252,primary_evaluation,69,1.2934189084266807,2052.035224479451,761.9696449489413,116.69078876242331,0.5484674000181258,
w45,78,HGA-budget252,primary_evaluation,70,1.2934189084266807,2052.035224479451,761.9696449489413,116.69078876242331,0.5494150000158697,
w45,78,HGA-budget252,primary_evaluation,71,1.2934189084266807,2052.035224479451,761.9696449489413,116.69078876242331,0.5503883000928909,
w45,78,HGA-budget252,primary_evaluation,72,1.2934189084266807,2052.035224479451,761.9696449489413,116.69078876242331,0.5514154001139104,
w45,78,HGA-budget252,primary_evaluation,73,1.2934189084266807,2052.035224479451,761.9696449489413,116.69078876242331,0.5521100000478327,
w45,78,HGA-budget252,primary_evaluation,74,1.2934189084266807,2052.035224479451,761.9696449489413,116.69078876242331,0.5532223000191152,
w45,78,HGA-budget252,primary_evaluation,75,1.2934189084266807,2052.035224479451,761.9696449489413,116.69078876242331,0.5546343000605702,
w45,78,HGA-budget252,primary_evaluation,76,1.2904524072479533,2052.035224479451,746.4754911261334,119.78961952698486,0.5566901999991387,
w45,78,HGA-budget252,primary_evaluation,77,1.2904524072479533,2052.035224479451,746.4754911261334,119.78961952698486,0.5684277000837028,
w45,78,HGA-budget252,primary_evaluation,78,1.2885167597059748,2052.035224479451,736.3655269106398,121.81161237008362,0.5696286000311375,
w45,78,HGA-budget252,primary_evaluation,79,1.2885167597059748,2052.035224479451,736.3655269106398,121.81161237008362,0.5828805000055581,
w45,78,HGA-budget252,primary_evaluation,80,1.2885167597059748,2052.035224479451,736.3655269106398,121.81161237008362,0.5839613999705762,
w45,78,HGA-budget252,primary_evaluation,81,1.28581183902277,2052.035224479451,722.2376184356294,124.63719406508567,0.5853691000957042,
w45,78,HGA-budget252,primary_evaluation,82,1.28581183902277,2052.035224479451,722.2376184356294,124.63719406508567,0.5977388001047075,
w45,78,HGA-budget252,primary_evaluation,83,1.2845988937492119,2052.035224479451,715.9023569559015,125.90424636103124,0.5986919000279158,
w45,78,HGA-budget252,primary_evaluation,84,1.2845988937492119,2052.035224479451,715.9023569559015,125.90424636103124,0.6117231999523938,
w45,78,HGA-budget252,primary_evaluation,85,1.2845988937492119,2052.035224479451,715.9023569559015,125.90424636103124,0.6127552001271397,
w45,78,HGA-budget252,primary_evaluation,86,1.2845988937492119,2052.035224479451,715.9023569559015,125.90424636103124,0.6139537999406457,
w45,78,HGA-budget252,primary_evaluation,87,1.2845988937492119,2052.035224479451,715.9023569559015,125.90424636103124,0.615336500108242,
w45,78,HGA-budget252,primary_evaluation,88,1.2845988937492119,2052.035224479451,715.9023569559015,125.90424636103124,0.6165438999887556,
w45,78,HGA-budget252,primary_evaluation,89,1.2845988937492119,2052.035224479451,715.9023569559015,125.90424636103124,0.6179011999629438,
w45,78,HGA-budget252,primary_evaluation,90,1.2845988937492119,2052.035224479451,715.9023569559015,125.90424636103124,0.619266499998048,
w45,78,HGA-budget252,primary_evaluation,91,1.2845988937492119,2052.035224479451,715.9023569559015,125.90424636103124,0.620482699945569,
w45,78,HGA-budget252,primary_evaluation,92,1.284543552273669,2052.035224479451,715.613306224694,125.96205650727272,0.6233087999280542,
w45,78,HGA-budget252,primary_evaluation,93,1.284543552273669,2052.035224479451,715.613306224694,125.96205650727272,0.6363776000216603,
w45,78,HGA-budget252,primary_evaluation,94,1.284543552273669,2052.035224479451,715.613306224694,125.96205650727272,0.638234700076282,
w45,78,HGA-budget252,primary_evaluation,95,1.284543552273669,2052.035224479451,715.613306224694,125.96205650727272,0.6398235000669956,
w45,78,HGA-budget252,primary_evaluation,96,1.284543552273669,2052.035224479451,715.613306224694,125.96205650727272,0.6409929001238197,
w45,78,HGA-budget252,primary_evaluation,97,1.284543552273669,2052.035224479451,715.613306224694,125.96205650727272,0.6420930000022054,
w45,78,HGA-budget252,primary_evaluation,98,1.284543552273669,2052.035224479451,715.613306224694,125.96205650727272,0.64316810015589,
w45,78,HGA-budget252,primary_evaluation,99,1.284543552273669,2052.035224479451,715.613306224694,125.96205650727272,0.644061499973759,
w45,78,HGA-budget252,primary_evaluation,100,1.284543552273669,2052.035224479451,715.613306224694,125.96205650727272,0.645299999974668,
w45,78,HGA-budget252,primary_evaluation,101,1.284543552273669,2052.035224479451,715.613306224694,125.96205650727272,0.646225200034678,
w45,78,HGA-budget252,primary_evaluation,102,1.2796505169529606,2052.035224479451,690.056787837598,131.07336018469195,0.6473556000273675,
w45,78,HGA-budget252,primary_evaluation,103,1.2796505169529606,2052.035224479451,690.056787837598,131.07336018469195,0.6584330000914633,
w45,78,HGA-budget252,primary_evaluation,104,1.2796505169529606,2052.035224479451,690.056787837598,131.07336018469195,0.6604486000724137,
w45,78,HGA-budget252,primary_evaluation,105,1.2796505169529606,2052.035224479451,690.056787837598,131.07336018469195,0.6617746001575142,
w45,78,HGA-budget252,primary_evaluation,106,1.2793954155309768,2052.035224479451,688.7243829489764,131.3398411624163,0.6630218999926001,
w45,78,HGA-budget252,primary_evaluation,107,1.2793954155309768,2052.035224479451,688.7243829489764,131.3398411624163,0.675327300094068,
w45,78,HGA-budget252,primary_evaluation,108,1.2793954155309768,2052.035224479451,688.7243829489764,131.3398411624163,0.6764812001492828,
w45,78,HGA-budget252,primary_evaluation,109,1.2793954155309768,2052.035224479451,688.7243829489764,131.3398411624163,0.6775974000338465,
w45,78,HGA-budget252,primary_evaluation,110,1.2793954155309768,2052.035224479451,688.7243829489764,131.3398411624163,0.6785039999522269,
w45,78,HGA-budget252,primary_evaluation,111,1.2793954155309768,2052.035224479451,688.7243829489764,131.3398411624163,0.6798437000252306,
w45,78,HGA-budget252,primary_evaluation,112,1.277861365861091,2052.035224479451,680.7119804164972,132.94232166891211,0.6813193999696523,
w45,78,HGA-budget252,primary_evaluation,113,1.2760758050782743,2052.035224479451,671.3859253225962,134.8075326876923,0.6939978001173586,
w45,78,HGA-budget252,primary_evaluation,114,1.2760758050782743,2052.035224479451,671.3859253225962,134.8075326876923,0.7069254999514669,
w45,78,HGA-budget252,primary_evaluation,115,1.2760758050782743,2052.035224479451,671.3859253225962,134.8075326876923,0.708424299955368,
w45,78,HGA-budget252,primary_evaluation,116,1.275584097386615,2052.035224479451,668.8177164625895,135.32117445969368,0.7096816999837756,
w45,78,HGA-budget252,primary_evaluation,117,1.275584097386615,2052.035224479451,668.8177164625895,135.32117445969368,0.7227291001472622,
w45,78,HGA-budget252,primary_evaluation,118,1.275584097386615,2052.035224479451,668.8177164625895,135.32117445969368,0.7240178999491036,
w45,78,HGA-budget252,primary_evaluation,119,1.275584097386615,2052.035224479451,668.8177164625895,135.32117445969368,0.7249917001463473,
w45,78,HGA-budget252,primary_evaluation,120,1.275584097386615,2052.035224479451,668.8177164625895,135.32117445969368,0.7259881999343634,
w45,78,HGA-budget252,primary_evaluation,121,1.275584097386615,2052.035224479451,668.8177164625895,135.32117445969368,0.7269948001485318,
w45,78,HGA-budget252,primary_evaluation,122,1.275584097386615,2052.035224479451,668.8177164625895,135.32117445969368,0.7279656000901014,
w45,78,HGA-budget252,primary_evaluation,123,1.275584097386615,2052.035224479451,668.8177164625895,135.32117445969368,0.7289332000073045,
w45,78,HGA-budget252,primary_evaluation,124,1.275584097386615,2052.035224479451,668.8177164625895,135.32117445969368,0.7299441001378,
w45,78,HGA-budget252,primary_evaluation,125,1.275584097386615,2052.035224479451,668.8177164625895,135.32117445969368,0.7309276999440044,
w45,78,HGA-budget252,primary_evaluation,126,1.2751247507119656,2052.035224479451,666.4185304834807,135.80101165551542,0.7321790000423789,
w45,78,HGA-budget252,primary_evaluation,127,1.2751247507119656,2052.035224479451,666.4185304834807,135.80101165551542,0.7458153001498431,
w45,78,HGA-budget252,primary_evaluation,128,1.2751247507119656,2052.035224479451,666.4185304834807,135.80101165551542,0.7469023999292403,
w45,78,HGA-budget252,primary_evaluation,129,1.2751247507119656,2052.035224479451,666.4185304834807,135.80101165551542,0.7476087000686675,
w45,78,HGA-budget252,primary_evaluation,130,1.2751247507119656,2052.035224479451,666.4185304834807,135.80101165551542,0.7483852999284863,
w45,78,HGA-budget252,primary_evaluation,131,1.2751247507119656,2052.035224479451,666.4185304834807,135.80101165551542,0.749115000013262,
w45,78,HGA-budget252,primary_evaluation,132,1.2751247507119656,2052.035224479451,666.4185304834807,135.80101165551542,0.749835800146684,
w45,78,HGA-budget252,primary_evaluation,133,1.2751247507119656,2052.035224479451,666.4185304834807,135.80101165551542,0.7506220999639481,
w45,78,HGA-budget252,primary_evaluation,134,1.2751247507119656,2052.035224479451,666.4185304834807,135.80101165551542,0.7513797001447529,
w45,78,HGA-budget252,primary_evaluation,135,1.2751247507119656,2052.035224479451,666.4185304834807,135.80101165551542,0.7523205999750644,
w45,78,HGA-budget252,primary_evaluation,136,1.2751247507119656,2052.035224479451,666.4185304834807,135.80101165551542,0.7532598001416773,
w45,78,HGA-budget252,primary_evaluation,137,1.2690337329296788,2052.035224479451,634.6049019796494,142.16373735628167,0.7545783000532538,
w45,78,HGA-budget252,primary_evaluation,138,1.2690337329296788,2052.035224479451,634.6049019796494,142.16373735628167,0.7654021000489593,
w45,78,HGA-budget252,primary_evaluation,139,1.2678508047164256,2052.035224479451,628.4264208015811,143.39943359189536,0.7665614001452923,
w45,78,HGA-budget252,primary_evaluation,140,1.2678508047164256,2052.035224479451,628.4264208015811,143.39943359189536,0.7787214999552816,
w45,78,HGA-budget252,primary_evaluation,141,1.2678508047164256,2052.035224479451,628.4264208015811,143.39943359189536,0.7795983999967575,
w45,78,HGA-budget252,primary_evaluation,142,1.2678508047164256,2052.035224479451,628.4264208015811,143.39943359189536,0.7806154999416322,
w45,78,HGA-budget252,primary_evaluation,143,1.2678508047164256,2052.035224479451,628.4264208015811,143.39943359189536,0.7817131001502275,
w45,78,HGA-budget252,primary_evaluation,144,1.2678508047164256,2052.035224479451,628.4264208015811,143.39943359189536,0.7837179000489414,
w45,78,HGA-budget252,primary_evaluation,145,1.2665624171266012,2052.035224479451,621.697121098859,144.74529353243977,0.786999500123784,
w45,78,HGA-budget252,primary_evaluation,146,1.2665624171266012,2052.035224479451,621.697121098859,144.74529353243977,0.8003855000715703,
w45,78,HGA-budget252,primary_evaluation,147,1.2665624171266012,2052.035224479451,621.697121098859,144.74529353243977,0.8017037000972778,
w45,78,HGA-budget252,primary_evaluation,148,1.2665624171266012,2052.035224479451,621.697121098859,144.74529353243977,0.8032683001365513,
w45,78,HGA-budget252,primary_evaluation,149,1.2665624171266012,2052.035224479451,621.697121098859,144.74529353243977,0.8060858000535518,
w45,78,HGA-budget252,primary_evaluation,150,1.2665624171266012,2052.035224479451,621.697121098859,144.74529353243977,0.8076716000214219,
w45,78,HGA-budget252,primary_evaluation,151,1.2665624171266012,2052.035224479451,621.697121098859,144.74529353243977,0.8089215999934822,
w45,78,HGA-budget252,primary_evaluation,152,1.2665624171266012,2052.035224479451,621.697121098859,144.74529353243977,0.8130749999545515,
w45,78,HGA-budget252,primary_evaluation,153,1.2665624171266012,2052.035224479451,621.697121098859,144.74529353243977,0.8142498000524938,
w45,78,HGA-budget252,primary_evaluation,154,1.2665624171266012,2052.035224479451,621.697121098859,144.74529353243977,0.8153864000923932,
w45,78,HGA-budget252,primary_evaluation,155,1.2639214981747184,2052.035224479451,607.9034962159603,147.50401850901946,0.8164612001273781,
w45,78,HGA-budget252,primary_evaluation,156,1.2639214981747184,2052.035224479451,607.9034962159603,147.50401850901946,0.8305212000850588,
w45,78,HGA-budget252,primary_evaluation,157,1.2639214981747184,2052.035224479451,607.9034962159603,147.50401850901946,0.8317923001013696,
w45,78,HGA-budget252,primary_evaluation,158,1.2639214981747184,2052.035224479451,607.9034962159603,147.50401850901946,0.833076500101015,
w45,78,HGA-budget252,primary_evaluation,159,1.2629717270180205,2052.035224479451,602.9428036317568,148.49615702586019,0.834404299966991,
w45,78,HGA-budget252,primary_evaluation,160,1.2629717270180205,2052.035224479451,602.9428036317568,148.49615702586019,0.8470809999853373,
w45,78,HGA-budget252,primary_evaluation,161,1.2629717270180205,2052.035224479451,602.9428036317568,148.49615702586019,0.8485065000131726,
w45,78,HGA-budget252,primary_evaluation,162,1.2629717270180205,2052.035224479451,602.9428036317568,148.49615702586019,0.8497514000628144,
w45,78,HGA-budget252,primary_evaluation,163,1.2629717270180205,2052.035224479451,602.9428036317568,148.49615702586019,0.8510499999392778,
w45,78,HGA-budget252,primary_evaluation,164,1.2629717270180205,2052.035224479451,602.9428036317568,148.49615702586019,0.8527113001327962,
w45,78,HGA-budget252,primary_evaluation,165,1.2629717270180205,2052.035224479451,602.9428036317568,148.49615702586019,0.8545977000612766,
w45,78,HGA-budget252,primary_evaluation,166,1.2629717270180205,2052.035224479451,602.9428036317568,148.49615702586019,0.8559376001358032,
w45,78,HGA-budget252,primary_evaluation,167,1.2629717270180205,2052.035224479451,602.9428036317568,148.49615702586019,0.8573306000325829,
w45,78,HGA-budget252,primary_evaluation,168,1.2629717270180205,2052.035224479451,602.9428036317568,148.49615702586019,0.8585483999922872,
w45,78,HGA-budget252,primary_evaluation,169,1.2629717270180205,2052.035224479451,602.9428036317568,148.49615702586019,0.8597681999672204,
w45,78,HGA-budget252,primary_evaluation,170,1.2629717270180205,2052.035224479451,602.9428036317568,148.49615702586019,0.8609758000820875,
w45,78,HGA-budget252,primary_evaluation,171,1.2629717270180205,2052.035224479451,602.9428036317568,148.49615702586019,0.8622552999295294,
w45,78,HGA-budget252,primary_evaluation,172,1.2629717270180205,2052.035224479451,602.9428036317568,148.49615702586019,0.8646569999400526,
w45,78,HGA-budget252,primary_evaluation,173,1.2628570902221279,2052.035224479451,602.3440510804178,148.61590753612802,0.8659461000934243,
w45,78,HGA-budget252,primary_evaluation,174,1.2628570902221279,2052.035224479451,602.3440510804178,148.61590753612802,0.8815304001327604,
w45,78,HGA-budget252,primary_evaluation,175,1.2628570902221279,2052.035224479451,602.3440510804178,148.61590753612802,0.8844407999422401,
w45,78,HGA-budget252,primary_evaluation,176,1.2628570902221279,2052.035224479451,602.3440510804178,148.61590753612802,0.8856192000675946,
w45,78,HGA-budget252,primary_evaluation,177,1.2628570902221279,2052.035224479451,602.3440510804178,148.61590753612802,0.8867794999387115,
w45,78,HGA-budget252,primary_evaluation,178,1.2628570902221279,2052.035224479451,602.3440510804178,148.61590753612802,0.8903747000731528,
w45,78,HGA-budget252,primary_evaluation,179,1.2628570902221279,2052.035224479451,602.3440510804178,148.61590753612802,0.892554400023073,
w45,78,HGA-budget252,primary_evaluation,180,1.2628570902221279,2052.035224479451,602.3440510804178,148.61590753612802,0.8943607001565397,
w45,78,HGA-budget252,primary_evaluation,181,1.2628570902221279,2052.035224479451,602.3440510804178,148.61590753612802,0.8969493000768125,
w45,78,HGA-budget252,primary_evaluation,182,1.2628570902221279,2052.035224479451,602.3440510804178,148.61590753612802,0.898928500013426,
w45,78,HGA-budget252,primary_evaluation,183,1.2628570902221279,2052.035224479451,602.3440510804178,148.61590753612802,0.9001837000250816,
w45,78,HGA-budget252,primary_evaluation,184,1.2628570902221279,2052.035224479451,602.3440510804178,148.61590753612802,0.9012748999521136,
w45,78,HGA-budget252,primary_evaluation,185,1.2628570902221279,2052.035224479451,602.3440510804178,148.61590753612802,0.9029431999661028,
w45,78,HGA-budget252,primary_evaluation,186,1.2628570902221279,2052.035224479451,602.3440510804178,148.61590753612802,0.905195000115782,
w45,78,HGA-budget252,primary_evaluation,187,1.2628570902221279,2052.035224479451,602.3440510804178,148.61590753612802,0.9067013000603765,
w45,78,HGA-budget252,primary_evaluation,188,1.2628570902221279,2052.035224479451,602.3440510804178,148.61590753612802,0.9079766999930143,
w45,78,HGA-budget252,primary_evaluation,189,1.2627936191686024,2052.035224479451,602.0125392395753,148.68220990429649,0.9093085001222789,
w45,78,HGA-budget252,primary_evaluation,190,1.2627936191686024,2052.035224479451,602.0125392395753,148.68220990429649,0.9230160999577492,
w45,78,HGA-budget252,primary_evaluation,191,1.2627936191686024,2052.035224479451,602.0125392395753,148.68220990429649,0.9242539000697434,
w45,78,HGA-budget252,primary_evaluation,192,1.2627936191686024,2052.035224479451,602.0125392395753,148.68220990429649,0.9257593001239002,
w45,78,HGA-budget252,primary_evaluation,193,1.2627936191686024,2052.035224479451,602.0125392395753,148.68220990429649,0.9269971000030637,
w45,78,HGA-budget252,primary_evaluation,194,1.2627936191686024,2052.035224479451,602.0125392395753,148.68220990429649,0.9285099999979138,
w45,78,HGA-budget252,primary_evaluation,195,1.2627936191686024,2052.035224479451,602.0125392395753,148.68220990429649,0.9335076999850571,
w45,78,HGA-budget252,primary_evaluation,196,1.2627936191686024,2052.035224479451,602.0125392395753,148.68220990429649,0.9348335999529809,
w45,78,HGA-budget252,primary_evaluation,197,1.2627936191686024,2052.035224479451,602.0125392395753,148.68220990429649,0.9365565001498908,
w45,78,HGA-budget252,primary_evaluation,198,1.2627936191686024,2052.035224479451,602.0125392395753,148.68220990429649,0.9384874000679702,
w45,78,HGA-budget252,primary_evaluation,199,1.2627936191686024,2052.035224479451,602.0125392395753,148.68220990429649,0.9402095000259578,
w45,78,HGA-budget252,primary_evaluation,200,1.2627936191686024,2052.035224479451,602.0125392395753,148.68220990429649,0.9414854000788182,
w45,78,HGA-budget252,primary_evaluation,201,1.2627936191686024,2052.035224479451,602.0125392395753,148.68220990429649,0.9430500001180917,
w45,78,HGA-budget252,primary_evaluation,202,1.2627936191686024,2052.035224479451,602.0125392395753,148.68220990429649,0.9442859999835491,
w45,78,HGA-budget252,primary_evaluation,203,1.262791490904518,2052.035224479451,602.0014232314866,148.68443310591425,0.9455840999726206,
w45,78,HGA-budget252,primary_evaluation,204,1.262791490904518,2052.035224479451,602.0014232314866,148.68443310591425,0.9586469000205398,
w45,78,HGA-budget252,primary_evaluation,205,1.262791490904518,2052.035224479451,602.0014232314866,148.68443310591425,0.9598555001430213,
w45,78,HGA-budget252,primary_evaluation,206,1.262791490904518,2052.035224479451,602.0014232314866,148.68443310591425,0.9610307000111789,
w45,78,HGA-budget252,primary_evaluation,207,1.262791490904518,2052.035224479451,602.0014232314866,148.68443310591425,0.9622309999540448,
w45,78,HGA-budget252,primary_evaluation,208,1.262791490904518,2052.035224479451,602.0014232314866,148.68443310591425,0.9634654000401497,
w45,78,HGA-budget252,primary_evaluation,209,1.262791490904518,2052.035224479451,602.0014232314866,148.68443310591425,0.964753899956122,
w45,78,HGA-budget252,primary_evaluation,210,1.262791490904518,2052.035224479451,602.0014232314866,148.68443310591425,0.9661069000139832,
w45,78,HGA-budget252,primary_evaluation,211,1.262791490904518,2052.035224479451,602.0014232314866,148.68443310591425,0.9674418000504375,
w45,78,HGA-budget252,primary_evaluation,212,1.262791490904518,2052.035224479451,602.0014232314866,148.68443310591425,0.9686807000543922,
w45,78,HGA-budget252,primary_evaluation,213,1.262791490904518,2052.035224479451,602.0014232314866,148.68443310591425,0.9699377999641001,
w45,78,HGA-budget252,primary_evaluation,214,1.262791490904518,2052.035224479451,602.0014232314866,148.68443310591425,0.9721331000328064,
w45,78,HGA-budget252,primary_evaluation,215,1.262791490904518,2052.035224479451,602.0014232314866,148.68443310591425,0.9744700000155717,
w45,78,HGA-budget252,primary_evaluation,216,1.262791490904518,2052.035224479451,602.0014232314866,148.68443310591425,0.9757856000214815,
w45,78,HGA-budget252,primary_evaluation,217,1.262791490904518,2052.035224479451,602.0014232314866,148.68443310591425,0.9768079000059515,
w45,78,HGA-budget252,primary_evaluation,218,1.262791490904518,2052.035224479451,602.0014232314866,148.68443310591425,0.9780435001011938,
w45,78,HGA-budget252,primary_evaluation,219,1.262791490904518,2052.035224479451,602.0014232314866,148.68443310591425,0.9790908000431955,
w45,78,HGA-budget252,primary_evaluation,220,1.262791490904518,2052.035224479451,602.0014232314866,148.68443310591425,0.9801759000401944,
w45,78,HGA-budget252,primary_evaluation,221,1.2622718618633053,2052.035224479451,599.2873800505554,149.22724174210052,0.9811685001477599,
w45,78,HGA-budget252,primary_evaluation,222,1.2622718618633053,2052.035224479451,599.2873800505554,149.22724174210052,0.9958558001089841,
w45,78,HGA-budget252,primary_evaluation,223,1.2622718618633053,2052.035224479451,599.2873800505554,149.22724174210052,0.9977828001137823,
w45,78,HGA-budget252,primary_evaluation,224,1.2622718618633053,2052.035224479451,599.2873800505554,149.22724174210052,0.9990956000983715,
w45,78,HGA-budget252,primary_evaluation,225,1.2622718618633053,2052.035224479451,599.2873800505554,149.22724174210052,1.0003355001099408,
w45,78,HGA-budget252,primary_evaluation,226,1.2622718618633053,2052.035224479451,599.2873800505554,149.22724174210052,1.0016902000643313,
w45,78,HGA-budget252,primary_evaluation,227,1.2622718618633053,2052.035224479451,599.2873800505554,149.22724174210052,1.005299000069499,
w45,78,HGA-budget252,primary_evaluation,228,1.2622718618633053,2052.035224479451,599.2873800505554,149.22724174210052,1.0070555999409407,
w45,78,HGA-budget252,primary_evaluation,229,1.2622718618633053,2052.035224479451,599.2873800505554,149.22724174210052,1.0083846999332309,
w45,78,HGA-budget252,primary_evaluation,230,1.2622718618633053,2052.035224479451,599.2873800505554,149.22724174210052,1.0099089001305401,
w45,78,HGA-budget252,primary_evaluation,231,1.2622718618633053,2052.035224479451,599.2873800505554,149.22724174210052,1.012448500143364,
w45,78,HGA-budget252,primary_evaluation,232,1.2622718618633053,2052.035224479451,599.2873800505554,149.22724174210052,1.0138646999839693,
w45,78,HGA-budget252,primary_evaluation,233,1.2622718618633053,2052.035224479451,599.2873800505554,149.22724174210052,1.015546000096947,
w45,78,HGA-budget252,primary_evaluation,234,1.2622718618633053,2052.035224479451,599.2873800505554,149.22724174210052,1.0168316999915987,
w45,78,HGA-budget252,primary_evaluation,235,1.2622718618633053,2052.035224479451,599.2873800505554,149.22724174210052,1.0179771999828517,
w45,78,HGA-budget252,primary_evaluation,236,1.2622718618633053,2052.035224479451,599.2873800505554,149.22724174210052,1.0192066000308841,
w45,78,HGA-budget252,primary_evaluation,237,1.2622718618633053,2052.035224479451,599.2873800505554,149.22724174210052,1.020489500137046,
w45,78,HGA-budget252,primary_evaluation,238,1.2622718618633053,2052.035224479451,599.2873800505554,149.22724174210052,1.0217935999389738,
w45,78,HGA-budget252,primary_evaluation,239,1.2622718618633053,2052.035224479451,599.2873800505554,149.22724174210052,1.0233611001167446,
w45,78,HGA-budget252,primary_evaluation,240,1.2622718618633053,2052.035224479451,599.2873800505554,149.22724174210052,1.0247256001457572,
w45,78,HGA-budget252,primary_evaluation,241,1.2622718618633053,2052.035224479451,599.2873800505554,149.22724174210052,1.0263116999994963,
w45,78,HGA-budget252,primary_evaluation,242,1.2622483538270775,2052.035224479451,599.1645966409292,149.2517984240257,1.0280190000776201,
w45,78,HGA-budget252,primary_evaluation,243,1.2622483538270775,2052.035224479451,599.1645966409292,149.2517984240257,1.0453180000185966,
w45,78,HGA-budget252,primary_evaluation,244,1.2622483538270775,2052.035224479451,599.1645966409292,149.2517984240257,1.0471735999453813,
w45,78,HGA-budget252,primary_evaluation,245,1.2622483538270775,2052.035224479451,599.1645966409292,149.2517984240257,1.0546581000089645,
w45,78,HGA-budget252,primary_evaluation,246,1.2622483538270775,2052.035224479451,599.1645966409292,149.2517984240257,1.0562964000273496,
w45,78,HGA-budget252,primary_evaluation,247,1.2622483538270775,2052.035224479451,599.1645966409292,149.2517984240257,1.057556200074032,
w45,78,HGA-budget252,primary_evaluation,248,1.2622483538270775,2052.035224479451,599.1645966409292,149.2517984240257,1.0588182001374662,
w45,78,HGA-budget252,primary_evaluation,249,1.2622483538270775,2052.035224479451,599.1645966409292,149.2517984240257,1.0603333001490682,
w45,78,HGA-budget252,primary_evaluation,250,1.2622483538270775,2052.035224479451,599.1645966409292,149.2517984240257,1.0616681999526918,
w45,78,HGA-budget252,primary_evaluation,251,1.2622483538270775,2052.035224479451,599.1645966409292,149.2517984240257,1.0631836999673396,
w45,78,HGA-budget252,primary_evaluation,252,1.2622483538270775,2052.035224479451,599.1645966409292,149.2517984240257,1.064572500064969,
w45,78,HGA-budget252,generation_boundary,12,1.3131507773205529,,,,,0
w45,79,ABMA20,primary_evaluation,1,1.2478480393509215,2030.218783274917,830.6548562425514,89.89779296111202,0.2985410999972373,
w45,79,ABMA20,primary_evaluation,2,1.0674790617179437,1991.868223994422,593.6340660758933,86.97267899088841,0.5531828999519348,
w45,79,ABMA20,primary_evaluation,3,1.0674790617179437,1991.868223994422,593.6340660758933,86.97267899088841,1.8468174999579787,
w45,79,ABMA20,primary_evaluation,4,1.0674790617179437,1991.868223994422,593.6340660758933,86.97267899088841,2.8612692998722196,
w45,79,ABMA20,primary_evaluation,5,1.0674790617179437,1991.868223994422,593.6340660758933,86.97267899088841,4.804640399990603,
w45,79,ABMA20,primary_evaluation,6,1.0674790617179437,1991.868223994422,593.6340660758933,86.97267899088841,5.63411569991149,
w45,79,ABMA20,primary_evaluation,7,1.0674790617179437,1991.868223994422,593.6340660758933,86.97267899088841,6.120321499882266,
w45,79,ABMA20,primary_evaluation,8,1.0674790617179437,1991.868223994422,593.6340660758933,86.97267899088841,7.139054700033739,
w45,79,ABMA20,primary_evaluation,9,1.0674790617179437,1991.868223994422,593.6340660758933,86.97267899088841,9.500746099976823,
w45,79,ABMA20,primary_evaluation,10,1.0674790617179437,1991.868223994422,593.6340660758933,86.97267899088841,11.428454200038686,
w45,79,ABMA20,primary_evaluation,11,1.0674790617179437,1991.868223994422,593.6340660758933,86.97267899088841,13.15176000003703,
w45,79,ABMA20,primary_evaluation,12,1.0674790617179437,1991.868223994422,593.6340660758933,86.97267899088841,14.655793400015682,
w45,79,ABMA20,primary_evaluation,13,1.0338457677475463,1991.868223994422,498.99753113122915,92.52789397215649,15.078921600012109,
w45,79,ABMA20,primary_evaluation,14,1.0338457677475463,1991.868223994422,498.99753113122915,92.52789397215649,16.107611099956557,
w45,79,ABMA20,primary_evaluation,15,1.0338457677475463,1991.868223994422,498.99753113122915,92.52789397215649,17.86874459986575,
w45,79,ABMA20,primary_evaluation,16,1.0338457677475463,1991.868223994422,498.99753113122915,92.52789397215649,18.70139870001003,
w45,79,ABMA20,primary_evaluation,17,1.0338457677475463,1991.868223994422,498.99753113122915,92.52789397215649,20.987928499933332,
w45,79,ABMA20,primary_evaluation,18,1.0338457677475463,1991.868223994422,498.99753113122915,92.52789397215649,22.829217199934646,
w45,79,ABMA20,primary_evaluation,19,1.0338457677475463,1991.868223994422,498.99753113122915,92.52789397215649,24.473398899892345,
w45,79,ABMA20,primary_evaluation,20,1.0338457677475463,1991.868223994422,498.99753113122915,92.52789397215649,25.768379099899903,
w45,79,ABMA20,primary_evaluation,21,1.0338457677475463,1991.868223994422,498.99753113122915,92.52789397215649,26.97625289997086,
w45,79,ABMA20,primary_evaluation,22,1.0338457677475463,1991.868223994422,498.99753113122915,92.52789397215649,27.80997750000097,
w45,79,ABMA20,primary_evaluation,23,1.0338457677475463,1991.868223994422,498.99753113122915,92.52789397215649,29.119894499890506,
w45,79,ABMA20,primary_evaluation,24,1.0338457677475463,1991.868223994422,498.99753113122915,92.52789397215649,30.42464179988019,
w45,79,ABMA20,primary_evaluation,25,1.0338457677475463,1991.868223994422,498.99753113122915,92.52789397215649,31.00066339992918,
w45,79,ABMA20,primary_evaluation,26,1.0338457677475463,1991.868223994422,498.99753113122915,92.52789397215649,31.877655500080436,
w45,79,ABMA20,primary_evaluation,27,1.0338457677475463,1991.868223994422,498.99753113122915,92.52789397215649,32.98062140005641,
w45,79,ABMA20,primary_evaluation,28,1.0338457677475463,1991.868223994422,498.99753113122915,92.52789397215649,33.3068484000396,
w45,79,ABMA20,primary_evaluation,29,1.0338457677475463,1991.868223994422,498.99753113122915,92.52789397215649,34.19117120001465,
w45,79,ABMA20,primary_evaluation,30,1.0338457677475463,1991.868223994422,498.99753113122915,92.52789397215649,34.875375299947336,
w45,79,ABMA20,primary_evaluation,31,1.0338457677475463,1991.868223994422,498.99753113122915,92.52789397215649,36.964765599928796,
w45,79,ABMA20,primary_evaluation,32,1.0338457677475463,1991.868223994422,498.99753113122915,92.52789397215649,37.9727785999421,
w45,79,ABMA20,primary_evaluation,33,1.0338457677475463,1991.868223994422,498.99753113122915,92.52789397215649,39.02132089994848,
w45,79,ABMA20,primary_evaluation,34,1.0338457677475463,1991.868223994422,498.99753113122915,92.52789397215649,39.435626399936154,
w45,79,ABMA20,primary_evaluation,35,1.0338457677475463,1991.868223994422,498.99753113122915,92.52789397215649,40.98252990003675,
w45,79,ABMA20,primary_evaluation,36,1.0338457677475463,1991.868223994422,498.99753113122915,92.52789397215649,42.22150309989229,
w45,79,ABMA20,primary_evaluation,37,1.0338457677475463,1991.868223994422,498.99753113122915,92.52789397215649,42.585689699975774,
w45,79,ABMA20,primary_evaluation,38,1.0338457677475463,1991.868223994422,498.99753113122915,92.52789397215649,43.85315559990704,
w45,79,ABMA20,primary_evaluation,39,1.0338457677475463,1991.868223994422,498.99753113122915,92.52789397215649,45.272272599861026,
w45,79,ABMA20,primary_evaluation,40,1.0338457677475463,1991.868223994422,498.99753113122915,92.52789397215649,46.468416899908334,
w45,79,ABMA20,primary_evaluation,41,1.0338457677475463,1991.868223994422,498.99753113122915,92.52789397215649,48.24834769987501,
w45,79,ABMA20,primary_evaluation,42,1.0338457677475463,1991.868223994422,498.99753113122915,92.52789397215649,48.972882699919865,
w45,79,ABMA20,primary_evaluation,43,1.0338457677475463,1991.868223994422,498.99753113122915,92.52789397215649,49.38508709985763,
w45,79,ABMA20,primary_evaluation,44,1.0338457677475463,1991.868223994422,498.99753113122915,92.52789397215649,50.28484390000813,
w45,79,ABMA20,primary_evaluation,45,1.0338457677475463,1991.868223994422,498.99753113122915,92.52789397215649,51.1361211000476,
w45,79,ABMA20,primary_evaluation,46,1.0338457677475463,1991.868223994422,498.99753113122915,92.52789397215649,51.90725739998743,
w45,79,ABMA20,primary_evaluation,47,1.0338457677475463,1991.868223994422,498.99753113122915,92.52789397215649,53.266983799869195,
w45,79,ABMA20,primary_evaluation,48,1.0338457677475463,1991.868223994422,498.99753113122915,92.52789397215649,54.87026249989867,
w45,79,ABMA20,primary_evaluation,49,1.0338457677475463,1991.868223994422,498.99753113122915,92.52789397215649,55.76832320005633,
w45,79,ABMA20,primary_evaluation,50,1.0338457677475463,1991.868223994422,498.99753113122915,92.52789397215649,56.199165999889374,
w45,79,ABMA20,primary_evaluation,51,1.0338457677475463,1991.868223994422,498.99753113122915,92.52789397215649,57.837269000010565,
w45,79,ABMA20,primary_evaluation,52,1.0338457677475463,1991.868223994422,498.99753113122915,92.52789397215649,58.7466186999809,
w45,79,ABMA20,primary_evaluation,53,1.0338457677475463,1991.868223994422,498.99753113122915,92.52789397215649,59.70496769994497,
w45,79,ABMA20,primary_evaluation,54,1.0338457677475463,1991.868223994422,498.99753113122915,92.52789397215649,60.361634799977764,
w45,79,ABMA20,primary_evaluation,55,1.0338457677475463,1991.868223994422,498.99753113122915,92.52789397215649,61.16941719991155,
w45,79,ABMA20,primary_evaluation,56,1.0338457677475463,1991.868223994422,498.99753113122915,92.52789397215649,61.88067379989661,
w45,79,ABMA20,primary_evaluation,57,1.0338457677475463,1991.868223994422,498.99753113122915,92.52789397215649,62.41149690002203,
w45,79,ABMA20,primary_evaluation,58,1.0338457677475463,1991.868223994422,498.99753113122915,92.52789397215649,62.86477479990572,
w45,79,ABMA20,primary_evaluation,59,1.0338457677475463,1991.868223994422,498.99753113122915,92.52789397215649,63.14711309992708,
w45,79,ABMA20,primary_evaluation,60,1.0338457677475463,1991.868223994422,498.99753113122915,92.52789397215649,63.76393790007569,
w45,79,ABMA20,primary_evaluation,61,1.0338457677475463,1991.868223994422,498.99753113122915,92.52789397215649,64.58131040004082,
w45,79,ABMA20,primary_evaluation,62,1.0338457677475463,1991.868223994422,498.99753113122915,92.52789397215649,65.20302279992029,
w45,79,ABMA20,primary_evaluation,63,1.0338457677475463,1991.868223994422,498.99753113122915,92.52789397215649,65.88088739989325,
w45,79,ABMA20,primary_evaluation,64,1.0338457677475463,1991.868223994422,498.99753113122915,92.52789397215649,66.27254779986106,
w45,79,ABMA20,primary_evaluation,65,1.0338457677475463,1991.868223994422,498.99753113122915,92.52789397215649,66.81025390001014,
w45,79,ABMA20,primary_evaluation,66,1.0338457677475463,1991.868223994422,498.99753113122915,92.52789397215649,67.70445229997858,
w45,79,ABMA20,primary_evaluation,67,1.0338457677475463,1991.868223994422,498.99753113122915,92.52789397215649,68.20477499999106,
w45,79,ABMA20,primary_evaluation,68,1.0338457677475463,1991.868223994422,498.99753113122915,92.52789397215649,68.50696550006978,
w45,79,ABMA20,primary_evaluation,69,1.0338457677475463,1991.868223994422,498.99753113122915,92.52789397215649,68.93395299999975,
w45,79,ABMA20,primary_evaluation,70,1.0338457677475463,1991.868223994422,498.99753113122915,92.52789397215649,69.24069450004026,
w45,79,ABMA20,primary_evaluation,71,1.0338457677475463,1991.868223994422,498.99753113122915,92.52789397215649,69.9183205999434,
w45,79,ABMA20,primary_evaluation,72,1.0338457677475463,1991.868223994422,498.99753113122915,92.52789397215649,70.54184639989398,
w45,79,ABMA20,primary_evaluation,73,1.0338457677475463,1991.868223994422,498.99753113122915,92.52789397215649,71.93756800005212,
w45,79,ABMA20,primary_evaluation,74,1.0338457677475463,1991.868223994422,498.99753113122915,92.52789397215649,72.47556969989091,
w45,79,ABMA20,primary_evaluation,75,1.0338457677475463,1991.868223994422,498.99753113122915,92.52789397215649,73.26880869991146,
w45,79,ABMA20,primary_evaluation,76,1.0338457677475463,1991.868223994422,498.99753113122915,92.52789397215649,73.55904969992116,
w45,79,ABMA20,primary_evaluation,77,1.0338457677475463,1991.868223994422,498.99753113122915,92.52789397215649,75.45079739997163,
w45,79,ABMA20,primary_evaluation,78,1.0338457677475463,1991.868223994422,498.99753113122915,92.52789397215649,76.16456629987806,
w45,79,ABMA20,primary_evaluation,79,1.0338457677475463,1991.868223994422,498.99753113122915,92.52789397215649,76.44177510007285,
w45,79,ABMA20,primary_evaluation,80,1.0338457677475463,1991.868223994422,498.99753113122915,92.52789397215649,76.79772139992565,
w45,79,ABMA20,primary_evaluation,81,1.0338457677475463,1991.868223994422,498.99753113122915,92.52789397215649,77.35077379993163,
w45,79,ABMA20,primary_evaluation,82,1.0338457677475463,1991.868223994422,498.99753113122915,92.52789397215649,78.04927899991162,
w45,79,ABMA20,primary_evaluation,83,1.0338457677475463,1991.868223994422,498.99753113122915,92.52789397215649,79.72549919993617,
w45,79,ABMA20,primary_evaluation,84,1.0338457677475463,1991.868223994422,498.99753113122915,92.52789397215649,80.16934369993396,
w45,79,ABMA20,primary_evaluation,85,1.0338457677475463,1991.868223994422,498.99753113122915,92.52789397215649,81.18426320003346,
w45,79,ABMA20,primary_evaluation,86,1.0338457677475463,1991.868223994422,498.99753113122915,92.52789397215649,81.88747419998981,
w45,79,ABMA20,primary_evaluation,87,1.0338457677475463,1991.868223994422,498.99753113122915,92.52789397215649,82.49702659994364,
w45,79,ABMA20,primary_evaluation,88,1.0338457677475463,1991.868223994422,498.99753113122915,92.52789397215649,82.88536149985157,
w45,79,ABMA20,primary_evaluation,89,1.0338457677475463,1991.868223994422,498.99753113122915,92.52789397215649,83.93510470003821,
w45,79,ABMA20,primary_evaluation,90,1.0338457677475463,1991.868223994422,498.99753113122915,92.52789397215649,84.94619000004604,
w45,79,ABMA20,primary_evaluation,91,1.0338457677475463,1991.868223994422,498.99753113122915,92.52789397215649,85.29738059989177,
w45,79,ABMA20,primary_evaluation,92,1.0338457677475463,1991.868223994422,498.99753113122915,92.52789397215649,85.77307199989446,
w45,79,ABMA20,primary_evaluation,93,1.0338457677475463,1991.868223994422,498.99753113122915,92.52789397215649,86.83406160003506,
w45,79,ABMA20,primary_evaluation,94,1.0338457677475463,1991.868223994422,498.99753113122915,92.52789397215649,87.4921508000698,
w45,79,ABMA20,primary_evaluation,95,1.0338457677475463,1991.868223994422,498.99753113122915,92.52789397215649,88.78960979986005,
w45,79,ABMA20,primary_evaluation,96,1.0338457677475463,1991.868223994422,498.99753113122915,92.52789397215649,89.12058399990201,
w45,79,ABMA20,primary_evaluation,97,1.0338457677475463,1991.868223994422,498.99753113122915,92.52789397215649,90.097805300029,
w45,79,ABMA20,primary_evaluation,98,1.0338457677475463,1991.868223994422,498.99753113122915,92.52789397215649,90.4551824000664,
w45,79,ABMA20,primary_evaluation,99,1.0338457677475463,1991.868223994422,498.99753113122915,92.52789397215649,91.20705309999175,
w45,79,ABMA20,primary_evaluation,100,1.0338457677475463,1991.868223994422,498.99753113122915,92.52789397215649,91.56209750007838,
w45,79,ABMA20,primary_evaluation,101,1.0338457677475463,1991.868223994422,498.99753113122915,92.52789397215649,92.06642529997043,
w45,79,ABMA20,primary_evaluation,102,1.0338457677475463,1991.868223994422,498.99753113122915,92.52789397215649,92.8571929000318,
w45,79,ABMA20,primary_evaluation,103,1.0338457677475463,1991.868223994422,498.99753113122915,92.52789397215649,93.47289779991843,
w45,79,ABMA20,primary_evaluation,104,1.0338457677475463,1991.868223994422,498.99753113122915,92.52789397215649,93.98634609999135,
w45,79,ABMA20,primary_evaluation,105,1.0338457677475463,1991.868223994422,498.99753113122915,92.52789397215649,94.79373289993964,
w45,79,ABMA20,primary_evaluation,106,1.0338457677475463,1991.868223994422,498.99753113122915,92.52789397215649,95.59049530001357,
w45,79,ABMA20,primary_evaluation,107,1.0338457677475463,1991.868223994422,498.99753113122915,92.52789397215649,95.98294060002081,
w45,79,ABMA20,primary_evaluation,108,1.0275267984515093,1977.3099528753771,532.049731291354,100.0788764202473,96.3303559999913,
w45,79,ABMA20,primary_evaluation,109,1.0082394242295019,1991.9245051036773,448.2688997268938,88.87742756562804,96.68853070004843,
w45,79,ABMA20,primary_evaluation,110,1.0082394242295019,1991.9245051036773,448.2688997268938,88.87742756562804,97.0677489999216,
w45,79,ABMA20,primary_evaluation,111,1.0082394242295019,1991.9245051036773,448.2688997268938,88.87742756562804,97.63867420004681,
w45,79,ABMA20,primary_evaluation,112,1.0082394242295019,1991.9245051036773,448.2688997268938,88.87742756562804,98.5701023999136,
w45,79,ABMA20,primary_evaluation,113,1.0082394242295019,1991.9245051036773,448.2688997268938,88.87742756562804,98.84247589996085,
w45,79,ABMA20,primary_evaluation,114,1.0082394242295019,1991.9245051036773,448.2688997268938,88.87742756562804,99.37852420005947,
w45,79,ABMA20,primary_evaluation,115,1.0082394242295019,1991.9245051036773,448.2688997268938,88.87742756562804,99.64788910001516,
w45,79,ABMA20,primary_evaluation,116,1.0082394242295019,1991.9245051036773,448.2688997268938,88.87742756562804,99.85874870000407,
w45,79,ABMA20,primary_evaluation,117,1.0082394242295019,1991.9245051036773,448.2688997268938,88.87742756562804,100.16553030000068,
w45,79,ABMA20,primary_evaluation,118,1.0082394242295019,1991.9245051036773,448.2688997268938,88.87742756562804,100.50090779992752,
w45,79,ABMA20,primary_evaluation,119,1.0082394242295019,1991.9245051036773,448.2688997268938,88.87742756562804,101.33371019992046,
w45,79,ABMA20,primary_evaluation,120,1.0082394242295019,1991.9245051036773,448.2688997268938,88.87742756562804,101.7858024998568,
w45,79,ABMA20,primary_evaluation,121,1.0082394242295019,1991.9245051036773,448.2688997268938,88.87742756562804,102.80290369992144,
w45,79,ABMA20,primary_evaluation,122,1.0082394242295019,1991.9245051036773,448.2688997268938,88.87742756562804,103.11685559991747,
w45,79,ABMA20,primary_evaluation,123,1.0082394242295019,1991.9245051036773,448.2688997268938,88.87742756562804,103.7151065999642,
w45,79,ABMA20,primary_evaluation,124,1.0082394242295019,1991.9245051036773,448.2688997268938,88.87742756562804,104.94605550006963,
w45,79,ABMA20,primary_evaluation,125,1.0082394242295019,1991.9245051036773,448.2688997268938,88.87742756562804,105.13960650004447,
w45,79,ABMA20,primary_evaluation,126,1.0082394242295019,1991.9245051036773,448.2688997268938,88.87742756562804,105.35730620007962,
w45,79,ABMA20,primary_evaluation,127,1.0082394242295019,1991.9245051036773,448.2688997268938,88.87742756562804,105.63144439994358,
w45,79,ABMA20,primary_evaluation,128,1.0082394242295019,1991.9245051036773,448.2688997268938,88.87742756562804,105.8691004998982,
w45,79,ABMA20,primary_evaluation,129,1.0082394242295019,1991.9245051036773,448.2688997268938,88.87742756562804,106.21969290007837,
w45,79,ABMA20,primary_evaluation,130,1.0082394242295019,1991.9245051036773,448.2688997268938,88.87742756562804,106.59168730000965,
w45,79,ABMA20,primary_evaluation,131,1.0082394242295019,1991.9245051036773,448.2688997268938,88.87742756562804,107.13021179987118,
w45,79,ABMA20,primary_evaluation,132,1.0082394242295019,1991.9245051036773,448.2688997268938,88.87742756562804,107.3578462000005,
w45,79,ABMA20,primary_evaluation,133,1.0082394242295019,1991.9245051036773,448.2688997268938,88.87742756562804,107.7295446000062,
w45,79,ABMA20,primary_evaluation,134,1.0082394242295019,1991.9245051036773,448.2688997268938,88.87742756562804,107.99695419985801,
w45,79,ABMA20,primary_evaluation,135,1.0082394242295019,1991.9245051036773,448.2688997268938,88.87742756562804,108.25327039998956,
w45,79,ABMA20,primary_evaluation,136,1.0082394242295019,1991.9245051036773,448.2688997268938,88.87742756562804,108.63171399990097,
w45,79,ABMA20,primary_evaluation,137,1.0082394242295019,1991.9245051036773,448.2688997268938,88.87742756562804,108.91510630003177,
w45,79,ABMA20,primary_evaluation,138,1.0082394242295019,1991.9245051036773,448.2688997268938,88.87742756562804,109.27763789985329,
w45,79,ABMA20,primary_evaluation,139,1.0082394242295019,1991.9245051036773,448.2688997268938,88.87742756562804,109.59600230003707,
w45,79,ABMA20,primary_evaluation,140,1.0082394242295019,1991.9245051036773,448.2688997268938,88.87742756562804,110.6196453999728,
w45,79,ABMA20,primary_evaluation,141,1.0082394242295019,1991.9245051036773,448.2688997268938,88.87742756562804,111.78317279997282,
w45,79,ABMA20,primary_evaluation,142,1.0082394242295019,1991.9245051036773,448.2688997268938,88.87742756562804,112.11528660007752,
w45,79,ABMA20,primary_evaluation,143,1.0082394242295019,1991.9245051036773,448.2688997268938,88.87742756562804,112.43254339997657,
w45,79,ABMA20,primary_evaluation,144,1.0082394242295019,1991.9245051036773,448.2688997268938,88.87742756562804,112.8021614998579,
w45,79,ABMA20,primary_evaluation,145,1.0082394242295019,1991.9245051036773,448.2688997268938,88.87742756562804,113.08277589990757,
w45,79,ABMA20,primary_evaluation,146,1.0082394242295019,1991.9245051036773,448.2688997268938,88.87742756562804,113.68811200000346,
w45,79,ABMA20,primary_evaluation,147,1.0082394242295019,1991.9245051036773,448.2688997268938,88.87742756562804,114.21949979988858,
w45,79,ABMA20,primary_evaluation,148,1.0082394242295019,1991.9245051036773,448.2688997268938,88.87742756562804,114.92908019991592,
w45,79,ABMA20,primary_evaluation,149,1.0082394242295019,1991.9245051036773,448.2688997268938,88.87742756562804,115.37430629995652,
w45,79,ABMA20,primary_evaluation,150,1.0082394242295019,1991.9245051036773,448.2688997268938,88.87742756562804,115.69925369997509,
w45,79,ABMA20,primary_evaluation,151,1.0082394242295019,1991.9245051036773,448.2688997268938,88.87742756562804,116.16100429999642,
w45,79,ABMA20,primary_evaluation,152,1.0082394242295019,1991.9245051036773,448.2688997268938,88.87742756562804,116.48814069991931,
w45,79,ABMA20,primary_evaluation,153,1.0082394242295019,1991.9245051036773,448.2688997268938,88.87742756562804,116.79648040002212,
w45,79,ABMA20,primary_evaluation,154,1.0082394242295019,1991.9245051036773,448.2688997268938,88.87742756562804,117.19499520002864,
w45,79,ABMA20,primary_evaluation,155,1.0082394242295019,1991.9245051036773,448.2688997268938,88.87742756562804,117.65344189992175,
w45,79,ABMA20,primary_evaluation,156,1.0082394242295019,1991.9245051036773,448.2688997268938,88.87742756562804,118.03934139991179,
w45,79,ABMA20,primary_evaluation,157,1.0069747821451005,1991.868223994422,426.3453559219097,95.8868974386119,118.30319630005397,
w45,79,ABMA20,primary_evaluation,158,1.0069747821451005,1991.868223994422,426.3453559219097,95.8868974386119,118.61832959996536,
w45,79,ABMA20,primary_evaluation,159,1.0069747821451005,1991.868223994422,426.3453559219097,95.8868974386119,118.95384850003757,
w45,79,ABMA20,primary_evaluation,160,1.0069747821451005,1991.868223994422,426.3453559219097,95.8868974386119,119.28451350005344,
w45,79,ABMA20,primary_evaluation,161,1.0069747821451005,1991.868223994422,426.3453559219097,95.8868974386119,119.8809793998953,
w45,79,ABMA20,primary_evaluation,162,1.0069747821451005,1991.868223994422,426.3453559219097,95.8868974386119,120.4572856000159,
w45,79,ABMA20,primary_evaluation,163,1.0069747821451005,1991.868223994422,426.3453559219097,95.8868974386119,120.83408969989978,
w45,79,ABMA20,primary_evaluation,164,1.0069747821451005,1991.868223994422,426.3453559219097,95.8868974386119,121.13552749995142,
w45,79,ABMA20,primary_evaluation,165,1.0069747821451005,1991.868223994422,426.3453559219097,95.8868974386119,121.55813360004686,
w45,79,ABMA20,primary_evaluation,166,1.0069747821451005,1991.868223994422,426.3453559219097,95.8868974386119,121.94746339996345,
w45,79,ABMA20,primary_evaluation,167,1.0069747821451005,1991.868223994422,426.3453559219097,95.8868974386119,122.46993949986063,
w45,79,ABMA20,primary_evaluation,168,1.0069747821451005,1991.868223994422,426.3453559219097,95.8868974386119,122.82908429997042,
w45,79,ABMA20,primary_evaluation,169,1.0069747821451005,1991.868223994422,426.3453559219097,95.8868974386119,123.35450719995424,
w45,79,ABMA20,primary_evaluation,170,1.0069747821451005,1991.868223994422,426.3453559219097,95.8868974386119,123.66229139990173,
w45,79,ABMA20,primary_evaluation,171,1.0069747821451005,1991.868223994422,426.3453559219097,95.8868974386119,124.03923680004664,
w45,79,ABMA20,primary_evaluation,172,1.0069747821451005,1991.868223994422,426.3453559219097,95.8868974386119,124.44017299986444,
w45,79,ABMA20,primary_evaluation,173,1.0069747821451005,1991.868223994422,426.3453559219097,95.8868974386119,124.79884689999744,
w45,79,ABMA20,primary_evaluation,174,1.0069747821451005,1991.868223994422,426.3453559219097,95.8868974386119,125.15503280004486,
w45,79,ABMA20,primary_evaluation,175,1.0069747821451005,1991.868223994422,426.3453559219097,95.8868974386119,125.48667289991863,
w45,79,ABMA20,primary_evaluation,176,1.0069747821451005,1991.868223994422,426.3453559219097,95.8868974386119,126.63680889992975,
w45,79,ABMA20,primary_evaluation,177,1.0069747821451005,1991.868223994422,426.3453559219097,95.8868974386119,128.02204509987496,
w45,79,ABMA20,primary_evaluation,178,1.0069747821451005,1991.868223994422,426.3453559219097,95.8868974386119,128.3046853998676,
w45,79,ABMA20,primary_evaluation,179,1.0069747821451005,1991.868223994422,426.3453559219097,95.8868974386119,128.59994169999845,
w45,79,ABMA20,primary_evaluation,180,1.0069747821451005,1991.868223994422,426.3453559219097,95.8868974386119,128.92319120001048,
w45,79,ABMA20,primary_evaluation,181,1.0069747821451005,1991.868223994422,426.3453559219097,95.8868974386119,129.2771550999023,
w45,79,ABMA20,primary_evaluation,182,1.0069747821451005,1991.868223994422,426.3453559219097,95.8868974386119,130.74807909992523,
w45,79,ABMA20,primary_evaluation,183,1.0069747821451005,1991.868223994422,426.3453559219097,95.8868974386119,131.08278180006891,
w45,79,ABMA20,primary_evaluation,184,1.0069747821451005,1991.868223994422,426.3453559219097,95.8868974386119,131.65275989985093,
w45,79,ABMA20,primary_evaluation,185,1.0069747821451005,1991.868223994422,426.3453559219097,95.8868974386119,131.9741575999651,
w45,79,ABMA20,primary_evaluation,186,1.0069747821451005,1991.868223994422,426.3453559219097,95.8868974386119,132.4378265000414,
w45,79,ABMA20,primary_evaluation,187,1.0069747821451005,1991.868223994422,426.3453559219097,95.8868974386119,132.75651529990137,
w45,79,ABMA20,primary_evaluation,188,1.0069747821451005,1991.868223994422,426.3453559219097,95.8868974386119,133.18657679995522,
w45,79,ABMA20,primary_evaluation,189,1.0069747821451005,1991.868223994422,426.3453559219097,95.8868974386119,133.4776339000091,
w45,79,ABMA20,primary_evaluation,190,1.0069747821451005,1991.868223994422,426.3453559219097,95.8868974386119,133.8768068999052,
w45,79,ABMA20,primary_evaluation,191,1.0069747821451005,1991.868223994422,426.3453559219097,95.8868974386119,134.23411799990572,
w45,79,ABMA20,primary_evaluation,192,1.0069747821451005,1991.868223994422,426.3453559219097,95.8868974386119,134.5284903999418,
w45,79,ABMA20,primary_evaluation,193,1.0069747821451005,1991.868223994422,426.3453559219097,95.8868974386119,134.82297550002113,
w45,79,ABMA20,primary_evaluation,194,1.0069747821451005,1991.868223994422,426.3453559219097,95.8868974386119,136.19335819990374,
w45,79,ABMA20,primary_evaluation,195,1.0069747821451005,1991.868223994422,426.3453559219097,95.8868974386119,136.56653369986452,
w45,79,ABMA20,primary_evaluation,196,1.0069747821451005,1991.868223994422,426.3453559219097,95.8868974386119,136.93210599990562,
w45,79,ABMA20,primary_evaluation,197,1.0069747821451005,1991.868223994422,426.3453559219097,95.8868974386119,137.31645120005123,
w45,79,ABMA20,primary_evaluation,198,1.0069747821451005,1991.868223994422,426.3453559219097,95.8868974386119,137.6846363998484,
w45,79,ABMA20,primary_evaluation,199,1.0069747821451005,1991.868223994422,426.3453559219097,95.8868974386119,138.02077950001694,
w45,79,ABMA20,primary_evaluation,200,1.0069747821451005,1991.868223994422,426.3453559219097,95.8868974386119,138.35374130005948,
w45,79,ABMA20,primary_evaluation,201,1.0069747821451005,1991.868223994422,426.3453559219097,95.8868974386119,138.81335489987396,
w45,79,ABMA20,primary_evaluation,202,1.0069747821451005,1991.868223994422,426.3453559219097,95.8868974386119,139.19780749990605,
w45,79,ABMA20,primary_evaluation,203,1.0069747821451005,1991.868223994422,426.3453559219097,95.8868974386119,139.55216419999488,
w45,79,ABMA20,primary_evaluation,204,1.0051864933611145,1989.0178512397129,397.37313152343563,109.82802686906938,139.9137713999953,
w45,79,ABMA20,primary_evaluation,205,1.0051864933611145,1989.0178512397129,397.37313152343563,109.82802686906938,140.36238299985416,
w45,79,ABMA20,primary_evaluation,206,1.0051864933611145,1989.0178512397129,397.37313152343563,109.82802686906938,141.6034943999257,
w45,79,ABMA20,primary_evaluation,207,1.0051864933611145,1989.0178512397129,397.37313152343563,109.82802686906938,141.9824864999391,
w45,79,ABMA20,primary_evaluation,208,0.9984580545344722,1979.6684500616345,429.89812850935937,108.25137315764526,142.33210609992966,
w45,79,ABMA20,primary_evaluation,209,0.9984580545344722,1979.6684500616345,429.89812850935937,108.25137315764526,143.0070603999775,
w45,79,ABMA20,primary_evaluation,210,0.9984580545344722,1979.6684500616345,429.89812850935937,108.25137315764526,143.5097024999559,
w45,79,ABMA20,primary_evaluation,211,0.9984580545344722,1979.6684500616345,429.89812850935937,108.25137315764526,143.88259559986182,
w45,79,ABMA20,primary_evaluation,212,0.9984580545344722,1979.6684500616345,429.89812850935937,108.25137315764526,144.18073270004243,
w45,79,ABMA20,primary_evaluation,213,0.9984580545344722,1979.6684500616345,429.89812850935937,108.25137315764526,144.48581509990618,
w45,79,ABMA20,primary_evaluation,214,0.9984580545344722,1979.6684500616345,429.89812850935937,108.25137315764526,144.83197539998218,
w45,79,ABMA20,primary_evaluation,215,0.9984580545344722,1979.6684500616345,429.89812850935937,108.25137315764526,145.1591602000408,
w45,79,ABMA20,primary_evaluation,216,0.9984580545344722,1979.6684500616345,429.89812850935937,108.25137315764526,145.49101740005426,
w45,79,ABMA20,primary_evaluation,217,0.9984580545344722,1979.6684500616345,429.89812850935937,108.25137315764526,145.86205430002883,
w45,79,ABMA20,primary_evaluation,218,0.9903828388704102,1983.963001196829,409.941077343698,101.18281084198264,146.1688385999296,
w45,79,ABMA20,primary_evaluation,219,0.9903828388704102,1983.963001196829,409.941077343698,101.18281084198264,146.59503209986724,
w45,79,ABMA20,primary_evaluation,220,0.9903828388704102,1983.963001196829,409.941077343698,101.18281084198264,146.92129420000128,
w45,79,ABMA20,primary_evaluation,221,0.9903828388704102,1983.963001196829,409.941077343698,101.18281084198264,147.28944640001282,
w45,79,ABMA20,primary_evaluation,222,0.9903828388704102,1983.963001196829,409.941077343698,101.18281084198264,147.62745729996823,
w45,79,ABMA20,primary_evaluation,223,0.9903828388704102,1983.963001196829,409.941077343698,101.18281084198264,148.0056648000609,
w45,79,ABMA20,primary_evaluation,224,0.9903828388704102,1983.963001196829,409.941077343698,101.18281084198264,148.61877549998462,
w45,79,ABMA20,primary_evaluation,225,0.9903828388704102,1983.963001196829,409.941077343698,101.18281084198264,149.00429209996946,
w45,79,ABMA20,primary_evaluation,226,0.9903828388704102,1983.963001196829,409.941077343698,101.18281084198264,149.41887759999372,
w45,79,ABMA20,primary_evaluation,227,0.9903828388704102,1983.963001196829,409.941077343698,101.18281084198264,149.72944759996608,
w45,79,ABMA20,primary_evaluation,228,0.9903828388704102,1983.963001196829,409.941077343698,101.18281084198264,150.04446840006858,
w45,79,ABMA20,primary_evaluation,229,0.9903828388704102,1983.963001196829,409.941077343698,101.18281084198264,150.29932079999708,
w45,79,ABMA20,primary_evaluation,230,0.9903828388704102,1983.963001196829,409.941077343698,101.18281084198264,150.66827160003595,
w45,79,ABMA20,primary_evaluation,231,0.9903828388704102,1983.963001196829,409.941077343698,101.18281084198264,151.00329849985428,
w45,79,ABMA20,primary_evaluation,232,0.9903828388704102,1983.963001196829,409.941077343698,101.18281084198264,151.32116280007176,
w45,79,ABMA20,primary_evaluation,233,0.9903828388704102,1983.963001196829,409.941077343698,101.18281084198264,151.77911300002597,
w45,79,ABMA20,primary_evaluation,234,0.9903828388704102,1983.963001196829,409.941077343698,101.18281084198264,152.14593190001324,
w45,79,ABMA20,primary_evaluation,235,0.9903828388704102,1983.963001196829,409.941077343698,101.18281084198264,152.48626150004566,
w45,79,ABMA20,primary_evaluation,236,0.9903828388704102,1983.963001196829,409.941077343698,101.18281084198264,152.81464780005626,
w45,79,ABMA20,primary_evaluation,237,0.9903828388704102,1983.963001196829,409.941077343698,101.18281084198264,153.16095330007374,
w45,79,ABMA20,primary_evaluation,238,0.9903828388704102,1983.963001196829,409.941077343698,101.18281084198264,153.51530590001494,
w45,79,ABMA20,primary_evaluation,239,0.9903828388704102,1983.963001196829,409.941077343698,101.18281084198264,153.8003136999905,
w45,79,ABMA20,primary_evaluation,240,0.9903828388704102,1983.963001196829,409.941077343698,101.18281084198264,154.11158600007184,
w45,79,ABMA20,primary_evaluation,241,0.9903828388704102,1983.963001196829,409.941077343698,101.18281084198264,154.47563429991715,
w45,79,ABMA20,primary_evaluation,242,0.9903828388704102,1983.963001196829,409.941077343698,101.18281084198264,154.77641739998944,
w45,79,ABMA20,primary_evaluation,243,0.9903828388704102,1983.963001196829,409.941077343698,101.18281084198264,155.11077809985727,
w45,79,ABMA20,primary_evaluation,244,0.9903828388704102,1983.963001196829,409.941077343698,101.18281084198264,155.4791957999114,
w45,79,ABMA20,primary_evaluation,245,0.9712202483204979,1976.262255903156,414.67289830070376,96.19584089418744,155.77694289991632,
w45,79,ABMA20,primary_evaluation,246,0.9712202483204979,1976.262255903156,414.67289830070376,96.19584089418744,156.18626790004782,
w45,79,ABMA20,primary_evaluation,247,0.9712202483204979,1976.262255903156,414.67289830070376,96.19584089418744,156.51406929991208,
w45,79,ABMA20,primary_evaluation,248,0.9712202483204979,1976.262255903156,414.67289830070376,96.19584089418744,157.1897336000111,
w45,79,ABMA20,primary_evaluation,249,0.9712202483204979,1976.262255903156,414.67289830070376,96.19584089418744,157.65373559994623,
w45,79,ABMA20,primary_evaluation,250,0.9712202483204979,1976.262255903156,414.67289830070376,96.19584089418744,158.05520790000446,
w45,79,ABMA20,primary_evaluation,251,0.9712202483204979,1976.262255903156,414.67289830070376,96.19584089418744,158.4630571999587,
w45,79,ABMA20,primary_evaluation,252,0.9712202483204979,1976.262255903156,414.67289830070376,96.19584089418744,158.803785600001,
w45,79,ABMA20,generation_boundary,12,1.0674790617179437,,,,,0
w45,79,ABMA20,generation_boundary,24,1.0338457677475463,,,,,1
w45,79,ABMA20,generation_boundary,36,1.0338457677475463,,,,,2
w45,79,ABMA20,generation_boundary,48,1.0338457677475463,,,,,3
w45,79,ABMA20,generation_boundary,60,1.0338457677475463,,,,,4
w45,79,ABMA20,generation_boundary,72,1.0338457677475463,,,,,5
w45,79,ABMA20,generation_boundary,84,1.0338457677475463,,,,,6
w45,79,ABMA20,generation_boundary,96,1.0338457677475463,,,,,7
w45,79,ABMA20,generation_boundary,108,1.0275267984515093,,,,,8
w45,79,ABMA20,generation_boundary,120,1.0082394242295019,,,,,9
w45,79,ABMA20,generation_boundary,132,1.0082394242295019,,,,,10
w45,79,ABMA20,generation_boundary,144,1.0082394242295019,,,,,11
w45,79,ABMA20,generation_boundary,156,1.0082394242295019,,,,,12
w45,79,ABMA20,generation_boundary,168,1.0069747821451005,,,,,13
w45,79,ABMA20,generation_boundary,180,1.0069747821451005,,,,,14
w45,79,ABMA20,generation_boundary,192,1.0069747821451005,,,,,15
w45,79,ABMA20,generation_boundary,204,1.0051864933611145,,,,,16
w45,79,ABMA20,generation_boundary,216,0.9984580545344722,,,,,17
w45,79,ABMA20,generation_boundary,228,0.9903828388704102,,,,,18
w45,79,ABMA20,generation_boundary,240,0.9903828388704102,,,,,19
w45,79,ABMA20,generation_boundary,252,0.9712202483204979,,,,,20
w45,79,ABMA1,primary_evaluation,1,1.2478480393509215,2030.218783274917,830.6548562425514,89.89779296111202,0.3574461000971496,
w45,79,ABMA1,primary_evaluation,2,1.0674790617179437,1991.868223994422,593.6340660758933,86.97267899088841,0.6680437999311835,
w45,79,ABMA1,primary_evaluation,3,1.0674790617179437,1991.868223994422,593.6340660758933,86.97267899088841,2.4678374000359327,
w45,79,ABMA1,primary_evaluation,4,1.0674790617179437,1991.868223994422,593.6340660758933,86.97267899088841,3.679458800004795,
w45,79,ABMA1,primary_evaluation,5,1.0674790617179437,1991.868223994422,593.6340660758933,86.97267899088841,6.371880300110206,
w45,79,ABMA1,primary_evaluation,6,1.0674790617179437,1991.868223994422,593.6340660758933,86.97267899088841,7.191286399960518,
w45,79,ABMA1,primary_evaluation,7,1.0674790617179437,1991.868223994422,593.6340660758933,86.97267899088841,7.696830400032923,
w45,79,ABMA1,primary_evaluation,8,1.0674790617179437,1991.868223994422,593.6340660758933,86.97267899088841,8.77077200007625,
w45,79,ABMA1,primary_evaluation,9,1.0674790617179437,1991.868223994422,593.6340660758933,86.97267899088841,11.098512599943206,
w45,79,ABMA1,primary_evaluation,10,1.0674790617179437,1991.868223994422,593.6340660758933,86.97267899088841,12.76243510004133,
w45,79,ABMA1,primary_evaluation,11,1.0674790617179437,1991.868223994422,593.6340660758933,86.97267899088841,14.453659899998456,
w45,79,ABMA1,primary_evaluation,12,1.0674790617179437,1991.868223994422,593.6340660758933,86.97267899088841,16.390786499949172,
w45,79,ABMA1,primary_evaluation,13,1.0338457677475463,1991.868223994422,498.99753113122915,92.52789397215649,17.192343400092795,
w45,79,ABMA1,primary_evaluation,14,1.0338457677475463,1991.868223994422,498.99753113122915,92.52789397215649,18.217708900105208,
w45,79,ABMA1,primary_evaluation,15,1.0338457677475463,1991.868223994422,498.99753113122915,92.52789397215649,20.154624599963427,
w45,79,ABMA1,primary_evaluation,16,1.0338457677475463,1991.868223994422,498.99753113122915,92.52789397215649,20.86099199997261,
w45,79,ABMA1,primary_evaluation,17,1.0338457677475463,1991.868223994422,498.99753113122915,92.52789397215649,22.631095400080085,
w45,79,ABMA1,primary_evaluation,18,1.0338457677475463,1991.868223994422,498.99753113122915,92.52789397215649,24.178696600021794,
w45,79,ABMA1,primary_evaluation,19,1.0338457677475463,1991.868223994422,498.99753113122915,92.52789397215649,25.754697399912402,
w45,79,ABMA1,primary_evaluation,20,1.0338457677475463,1991.868223994422,498.99753113122915,92.52789397215649,27.014155900105834,
w45,79,ABMA1,primary_evaluation,21,1.0338457677475463,1991.868223994422,498.99753113122915,92.52789397215649,28.294756300048903,
w45,79,ABMA1,primary_evaluation,22,1.0338457677475463,1991.868223994422,498.99753113122915,92.52789397215649,29.087923699989915,
w45,79,ABMA1,primary_evaluation,23,1.0338457677475463,1991.868223994422,498.99753113122915,92.52789397215649,30.344370200065896,
w45,79,ABMA1,primary_evaluation,24,1.0338457677475463,1991.868223994422,498.99753113122915,92.52789397215649,31.563034099992365,
w45,79,ABMA1,primary_evaluation,25,1.0338457677475463,1991.868223994422,498.99753113122915,92.52789397215649,32.13336339988746,
w45,79,ABMA1,primary_evaluation,26,1.0338457677475463,1991.868223994422,498.99753113122915,92.52789397215649,33.05418589990586,
w45,79,ABMA1,primary_evaluation,27,1.0338457677475463,1991.868223994422,498.99753113122915,92.52789397215649,34.256625700043514,
w45,79,ABMA1,primary_evaluation,28,1.0338457677475463,1991.868223994422,498.99753113122915,92.52789397215649,34.65122350002639,
w45,79,ABMA1,primary_evaluation,29,1.0338457677475463,1991.868223994422,498.99753113122915,92.52789397215649,35.92454780009575,
w45,79,ABMA1,primary_evaluation,30,1.0338457677475463,1991.868223994422,498.99753113122915,92.52789397215649,36.4810122998897,
w45,79,ABMA1,primary_evaluation,31,1.0338457677475463,1991.868223994422,498.99753113122915,92.52789397215649,38.15978530002758,
w45,79,ABMA1,primary_evaluation,32,1.0338457677475463,1991.868223994422,498.99753113122915,92.52789397215649,39.28676260006614,
w45,79,ABMA1,primary_evaluation,33,1.0338457677475463,1991.868223994422,498.99753113122915,92.52789397215649,40.43232630006969,
w45,79,ABMA1,primary_evaluation,34,1.0338457677475463,1991.868223994422,498.99753113122915,92.52789397215649,40.81812640000135,
w45,79,ABMA1,primary_evaluation,35,1.0338457677475463,1991.868223994422,498.99753113122915,92.52789397215649,43.03620749991387,
w45,79,ABMA1,primary_evaluation,36,1.0338457677475463,1991.868223994422,498.99753113122915,92.52789397215649,44.53687430010177,
w45,79,ABMA1,primary_evaluation,37,1.0338457677475463,1991.868223994422,498.99753113122915,92.52789397215649,44.90287339990027,
w45,79,ABMA1,primary_evaluation,38,1.0338457677475463,1991.868223994422,498.99753113122915,92.52789397215649,46.53755749994889,
w45,79,ABMA1,primary_evaluation,39,1.0338457677475463,1991.868223994422,498.99753113122915,92.52789397215649,48.32911890000105,
w45,79,ABMA1,primary_evaluation,40,1.0338457677475463,1991.868223994422,498.99753113122915,92.52789397215649,49.51191910007037,
w45,79,ABMA1,primary_evaluation,41,1.0338457677475463,1991.868223994422,498.99753113122915,92.52789397215649,51.32316970010288,
w45,79,ABMA1,primary_evaluation,42,1.0338457677475463,1991.868223994422,498.99753113122915,92.52789397215649,52.091020700056106,
w45,79,ABMA1,primary_evaluation,43,1.0338457677475463,1991.868223994422,498.99753113122915,92.52789397215649,52.555414099944755,
w45,79,ABMA1,primary_evaluation,44,1.0338457677475463,1991.868223994422,498.99753113122915,92.52789397215649,53.46386949997395,
w45,79,ABMA1,primary_evaluation,45,1.0338457677475463,1991.868223994422,498.99753113122915,92.52789397215649,54.39042440010235,
w45,79,ABMA1,primary_evaluation,46,1.0338457677475463,1991.868223994422,498.99753113122915,92.52789397215649,55.225126300007105,
w45,79,ABMA1,primary_evaluation,47,1.0338457677475463,1991.868223994422,498.99753113122915,92.52789397215649,56.58934099995531,
w45,79,ABMA1,primary_evaluation,48,1.0338457677475463,1991.868223994422,498.99753113122915,92.52789397215649,58.231791799888015,
w45,79,ABMA1,primary_evaluation,49,1.0338457677475463,1991.868223994422,498.99753113122915,92.52789397215649,59.0939720000606,
w45,79,ABMA1,primary_evaluation,50,1.0338457677475463,1991.868223994422,498.99753113122915,92.52789397215649,59.5361583000049,
w45,79,ABMA1,primary_evaluation,51,1.0338457677475463,1991.868223994422,498.99753113122915,92.52789397215649,61.13937860005535,
w45,79,ABMA1,primary_evaluation,52,1.0338457677475463,1991.868223994422,498.99753113122915,92.52789397215649,62.0202993999701,
w45,79,ABMA1,primary_evaluation,53,1.0338457677475463,1991.868223994422,498.99753113122915,92.52789397215649,63.334321399917826,
w45,79,ABMA1,primary_evaluation,54,1.0338457677475463,1991.868223994422,498.99753113122915,92.52789397215649,64.21076630009338,
w45,79,ABMA1,primary_evaluation,55,1.0338457677475463,1991.868223994422,498.99753113122915,92.52789397215649,65.46701000002213,
w45,79,ABMA1,primary_evaluation,56,1.0338457677475463,1991.868223994422,498.99753113122915,92.52789397215649,66.86302469996735,
w45,79,ABMA1,primary_evaluation,57,1.0338457677475463,1991.868223994422,498.99753113122915,92.52789397215649,67.64862410002388,
w45,79,ABMA1,primary_evaluation,58,1.0338457677475463,1991.868223994422,498.99753113122915,92.52789397215649,68.26760370004922,
w45,79,ABMA1,primary_evaluation,59,1.0338457677475463,1991.868223994422,498.99753113122915,92.52789397215649,68.57873450010084,
w45,79,ABMA1,primary_evaluation,60,1.0338457677475463,1991.868223994422,498.99753113122915,92.52789397215649,69.32203319994733,
w45,79,ABMA1,primary_evaluation,61,1.0338457677475463,1991.868223994422,498.99753113122915,92.52789397215649,70.3484896000009,
w45,79,ABMA1,primary_evaluation,62,1.0338457677475463,1991.868223994422,498.99753113122915,92.52789397215649,71.19582440005615,
w45,79,ABMA1,primary_evaluation,63,1.0338457677475463,1991.868223994422,498.99753113122915,92.52789397215649,71.98760069999844,
w45,79,ABMA1,primary_evaluation,64,1.0338457677475463,1991.868223994422,498.99753113122915,92.52789397215649,72.43292109994218,
w45,79,ABMA1,primary_evaluation,65,1.0338457677475463,1991.868223994422,498.99753113122915,92.52789397215649,73.08076100004837,
w45,79,ABMA1,primary_evaluation,66,1.0338457677475463,1991.868223994422,498.99753113122915,92.52789397215649,74.07589680003002,
w45,79,ABMA1,primary_evaluation,67,1.0338457677475463,1991.868223994422,498.99753113122915,92.52789397215649,74.82965350011364,
w45,79,ABMA1,primary_evaluation,68,1.0338457677475463,1991.868223994422,498.99753113122915,92.52789397215649,75.13554739998654,
w45,79,ABMA1,primary_evaluation,69,1.0338457677475463,1991.868223994422,498.99753113122915,92.52789397215649,75.8318755000364,
w45,79,ABMA1,primary_evaluation,70,1.0338457677475463,1991.868223994422,498.99753113122915,92.52789397215649,76.24739879998378,
w45,79,ABMA1,primary_evaluation,71,1.0338457677475463,1991.868223994422,498.99753113122915,92.52789397215649,77.21878060000017,
w45,79,ABMA1,primary_evaluation,72,1.0338457677475463,1991.868223994422,498.99753113122915,92.52789397215649,78.06902800011449,
w45,79,ABMA1,generation_boundary,12,1.0674790617179437,,,,,0
w45,79,ABMA1,generation_boundary,24,1.0338457677475463,,,,,1
w45,79,ABMA1,generation_boundary,36,1.0338457677475463,,,,,2
w45,79,ABMA1,generation_boundary,48,1.0338457677475463,,,,,3
w45,79,ABMA1,generation_boundary,60,1.0338457677475463,,,,,4
w45,79,ABMA1,generation_boundary,72,1.0338457677475463,,,,,5
w45,79,HGA-budget252,primary_evaluation,1,1.295380712764493,2045.9095517463795,863.6972631948972,91.79419083381089,0.2159376998897642,
w45,79,HGA-budget252,primary_evaluation,2,1.2935153107983157,2045.9095517463795,853.9541944199448,93.74280458880138,0.26303539983928204,
w45,79,HGA-budget252,primary_evaluation,3,1.2935153107983157,2045.9095517463795,853.9541944199448,93.74280458880138,0.27425089990720153,
w45,79,HGA-budget252,primary_evaluation,4,1.2923341535889463,2045.9095517463795,847.7849632657071,94.97665081964891,0.27546329982578754,
w45,79,HGA-budget252,primary_evaluation,5,1.292203778581562,2045.9095517463795,847.1040094088382,95.11284159102267,0.2885865999851376,
w45,79,HGA-budget252,primary_evaluation,6,1.292203778581562,2045.9095517463795,847.1040094088382,95.11284159102267,0.30860909982584417,
w45,79,HGA-budget252,primary_evaluation,7,1.2903821560518662,2045.9095517463795,837.5896023745188,97.01572299788654,0.31011839979328215,
w45,79,HGA-budget252,primary_evaluation,8,1.2903821560518662,2045.9095517463795,837.5896023745188,97.01572299788654,0.32523590000346303,
w45,79,HGA-budget252,primary_evaluation,9,1.2903821560518662,2045.9095517463795,837.5896023745188,97.01572299788654,0.32635949994437397,
w45,79,HGA-budget252,primary_evaluation,10,1.2900379828578574,2045.9095517463795,835.7919720725663,97.37524905827708,0.32751469989307225,
w45,79,HGA-budget252,primary_evaluation,11,1.2900379828578574,2045.9095517463795,835.7919720725663,97.37524905827708,0.3410679998341948,
w45,79,HGA-budget252,primary_evaluation,12,1.2894285932436944,2045.9095517463795,832.6091058436323,98.01182230406388,0.3422679998911917,
w45,79,HGA-budget252,primary_evaluation,13,1.2894285932436944,2045.9095517463795,832.6091058436323,98.01182230406388,0.3579231998883188,
w45,79,HGA-budget252,primary_evaluation,14,1.2894285932436944,2045.9095517463795,832.6091058436323,98.01182230406388,0.3589739999733865,
w45,79,HGA-budget252,primary_evaluation,15,1.2894285932436944,2045.9095517463795,832.6091058436323,98.01182230406388,0.36023439979180694,
w45,79,HGA-budget252,primary_evaluation,16,1.2885185024691952,2045.9095517463795,827.855665476264,98.96251037753751,0.3614506998565048,
w45,79,HGA-budget252,primary_evaluation,17,1.2885185024691952,2045.9095517463795,827.855665476264,98.96251037753751,0.3765149998944253,
w45,79,HGA-budget252,primary_evaluation,18,1.2872862125160818,2045.9095517463795,821.4193659646512,100.24977027986006,0.3782997999805957,
w45,79,HGA-budget252,primary_evaluation,19,1.2872862125160818,2045.9095517463795,821.4193659646512,100.24977027986006,0.39092109980992973,
w45,79,HGA-budget252,primary_evaluation,20,1.2872862125160818,2045.9095517463795,821.4193659646512,100.24977027986006,0.39199479995295405,
w45,79,HGA-budget252,primary_evaluation,21,1.2872862125160818,2045.9095517463795,821.4193659646512,100.24977027986006,0.39337499998509884,
w45,79,HGA-budget252,primary_evaluation,22,1.2872862125160818,2045.9095517463795,821.4193659646512,100.24977027986006,0.39460709993727505,
w45,79,HGA-budget252,primary_evaluation,23,1.2867214767334438,2045.9095517463795,818.469728476495,100.8396977774913,0.3960618998389691,
w45,79,HGA-budget252,primary_evaluation,24,1.2859836750707254,2045.9095517463795,814.6161610028464,101.61041127222106,0.4090020000003278,
w45,79,HGA-budget252,primary_evaluation,25,1.2859836750707254,2045.9095517463795,814.6161610028464,101.61041127222106,0.42146879993379116,
w45,79,HGA-budget252,primary_evaluation,26,1.2859836750707254,2045.9095517463795,814.6161610028464,101.61041127222106,0.4226222999859601,
w45,79,HGA-budget252,primary_evaluation,27,1.2859836750707254,2045.9095517463795,814.6161610028464,101.61041127222106,0.42331499978899956,
w45,79,HGA-budget252,primary_evaluation,28,1.2859836750707254,2045.9095517463795,814.6161610028464,101.61041127222106,0.42410359997302294,
w45,79,HGA-budget252,primary_evaluation,29,1.2859836750707254,2045.9095517463795,814.6161610028464,101.61041127222106,0.42477359995245934,
w45,79,HGA-budget252,primary_evaluation,30,1.2840445117035926,2045.9095517463795,804.4878334925236,103.6360767742856,0.42542209988459945,
w45,79,HGA-budget252,primary_evaluation,31,1.2840445117035926,2045.9095517463795,804.4878334925236,103.6360767742856,0.4316147998906672,
w45,79,HGA-budget252,primary_evaluation,32,1.2840445117035926,2045.9095517463795,804.4878334925236,103.6360767742856,0.43229509983211756,
w45,79,HGA-budget252,primary_evaluation,33,1.2840445117035926,2045.9095517463795,804.4878334925236,103.6360767742856,0.4331604999024421,
w45,79,HGA-budget252,primary_evaluation,34,1.2840445117035926,2045.9095517463795,804.4878334925236,103.6360767742856,0.4341772999614477,
w45,79,HGA-budget252,primary_evaluation,35,1.2840445117035926,2045.9095517463795,804.4878334925236,103.6360767742856,0.43589179986156523,
w45,79,HGA-budget252,primary_evaluation,36,1.2840445117035926,2045.9095517463795,804.4878334925236,103.6360767742856,0.43722979980520904,
w45,79,HGA-budget252,primary_evaluation,37,1.2834752483881506,2045.9095517463795,801.5145485201836,104.23073376875362,0.4383719000034034,
w45,79,HGA-budget252,primary_evaluation,38,1.2824060015409362,2045.9095517463795,795.9298296452691,105.3476775437365,0.4483220998663455,
w45,79,HGA-budget252,primary_evaluation,39,1.2824060015409362,2045.9095517463795,795.9298296452691,105.3476775437365,0.4618009999394417,
w45,79,HGA-budget252,primary_evaluation,40,1.2824060015409362,2045.9095517463795,795.9298296452691,105.3476775437365,0.4631526998709887,
w45,79,HGA-budget252,primary_evaluation,41,1.2824060015409362,2045.9095517463795,795.9298296452691,105.3476775437365,0.46446259994991124,
w45,79,HGA-budget252,primary_evaluation,42,1.2824060015409362,2045.9095517463795,795.9298296452691,105.3476775437365,0.4660621997900307,
w45,79,HGA-budget252,primary_evaluation,43,1.2824060015409362,2045.9095517463795,795.9298296452691,105.3476775437365,0.4680232999380678,
w45,79,HGA-budget252,primary_evaluation,44,1.2824060015409362,2045.9095517463795,795.9298296452691,105.3476775437365,0.46935189981013536,
w45,79,HGA-budget252,primary_evaluation,45,1.2805716121563029,2045.9095517463795,786.348740819062,107.26389530897792,0.47062489995732903,
w45,79,HGA-budget252,primary_evaluation,46,1.2805716121563029,2045.9095517463795,786.348740819062,107.26389530897792,0.4838737999089062,
w45,79,HGA-budget252,primary_evaluation,47,1.2805716121563029,2045.9095517463795,786.348740819062,107.26389530897792,0.48534699995070696,
w45,79,HGA-budget252,primary_evaluation,48,1.2805716121563029,2045.9095517463795,786.348740819062,107.26389530897792,0.4867872998584062,
w45,79,HGA-budget252,primary_evaluation,49,1.2805716121563029,2045.9095517463795,786.348740819062,107.26389530897792,0.48802559985779226,
w45,79,HGA-budget252,primary_evaluation,50,1.2805716121563029,2045.9095517463795,786.348740819062,107.26389530897792,0.4892029999755323,
w45,79,HGA-budget252,primary_evaluation,51,1.2805716121563029,2045.9095517463795,786.348740819062,107.26389530897792,0.4909060997888446,
w45,79,HGA-budget252,primary_evaluation,52,1.2805716121563029,2045.9095517463795,786.348740819062,107.26389530897792,0.49194739991798997,
w45,79,HGA-budget252,primary_evaluation,53,1.2778195100332719,2045.9095517463795,771.974401804435,110.13876311190332,0.49316829978488386,
w45,79,HGA-budget252,primary_evaluation,54,1.2778195100332719,2045.9095517463795,771.974401804435,110.13876311190332,0.5085163000039756,
w45,79,HGA-budget252,primary_evaluation,55,1.276798576413207,2045.9095517463795,766.6420248394122,111.20523850490788,0.5103228997904807,
w45,79,HGA-budget252,primary_evaluation,56,1.276798576413207,2045.9095517463795,766.6420248394122,111.20523850490788,0.5250275998841971,
w45,79,HGA-budget252,primary_evaluation,57,1.276798576413207,2045.9095517463795,766.6420248394122,111.20523850490788,0.5260611998382956,
w45,79,HGA-budget252,primary_evaluation,58,1.2749522374376148,2045.9095517463795,756.9985228236319,113.13393890806393,0.5273114999290556,
w45,79,HGA-budget252,primary_evaluation,59,1.2749522374376148,2045.9095517463795,756.9985228236319,113.13393890806393,0.5379466000013053,
w45,79,HGA-budget252,primary_evaluation,60,1.2749522374376148,2045.9095517463795,756.9985228236319,113.13393890806393,0.5386289998423308,
w45,79,HGA-budget252,primary_evaluation,61,1.2749522374376148,2045.9095517463795,756.9985228236319,113.13393890806393,0.5391954998485744,
w45,79,HGA-budget252,primary_evaluation,62,1.2749522374376148,2045.9095517463795,756.9985228236319,113.13393890806393,0.5402066998649389,
w45,79,HGA-budget252,primary_evaluation,63,1.2749522374376148,2045.9095517463795,756.9985228236319,113.13393890806393,0.5412156998645514,
w45,79,HGA-budget252,primary_evaluation,64,1.2749522374376148,2045.9095517463795,756.9985228236319,113.13393890806393,0.5422423998825252,
w45,79,HGA-budget252,primary_evaluation,65,1.2749522374376148,2045.9095517463795,756.9985228236319,113.13393890806393,0.5433986999560148,
w45,79,HGA-budget252,primary_evaluation,66,1.27442625568185,2045.9095517463795,754.2512991615431,113.68338364048172,0.5445016999728978,
w45,79,HGA-budget252,primary_evaluation,67,1.27442625568185,2045.9095517463795,754.2512991615431,113.68338364048172,0.5549989999271929,
w45,79,HGA-budget252,primary_evaluation,68,1.27442625568185,2045.9095517463795,754.2512991615431,113.68338364048172,0.556002700002864,
w45,79,HGA-budget252,primary_evaluation,69,1.27442625568185,2045.9095517463795,754.2512991615431,113.68338364048172,0.5573077998124063,
w45,79,HGA-budget252,primary_evaluation,70,1.27442625568185,2045.9095517463795,754.2512991615431,113.68338364048172,0.5585474998224527,
w45,79,HGA-budget252,primary_evaluation,71,1.27442625568185,2045.9095517463795,754.2512991615431,113.68338364048172,0.5594753997866064,
w45,79,HGA-budget252,primary_evaluation,72,1.27442625568185,2045.9095517463795,754.2512991615431,113.68338364048172,0.5603056999389082,
w45,79,HGA-budget252,primary_evaluation,73,1.27442625568185,2045.9095517463795,754.2512991615431,113.68338364048172,0.5610485998913646,
w45,79,HGA-budget252,primary_evaluation,74,1.27442625568185,2045.9095517463795,754.2512991615431,113.68338364048172,0.562219199957326,
w45,79,HGA-budget252,primary_evaluation,75,1.2714732896120309,2045.9095517463795,738.8278397517149,116.76807552244736,0.5634445999749005,
w45,79,HGA-budget252,primary_evaluation,76,1.2714732896120309,2045.9095517463795,738.8278397517149,116.76807552244736,0.5770884999074042,
w45,79,HGA-budget252,primary_evaluation,77,1.2695247391532738,2045.9095517463795,728.6504830879173,118.80354685520686,0.5783729997929186,
w45,79,HGA-budget252,primary_evaluation,78,1.2695247391532738,2045.9095517463795,728.6504830879173,118.80354685520686,0.5926066997926682,
w45,79,HGA-budget252,primary_evaluation,79,1.2695247391532738,2045.9095517463795,728.6504830879173,118.80354685520686,0.5954421998467296,
w45,79,HGA-budget252,primary_evaluation,80,1.2695247391532738,2045.9095517463795,728.6504830879173,118.80354685520686,0.5965729998424649,
w45,79,HGA-budget252,primary_evaluation,81,1.2695247391532738,2045.9095517463795,728.6504830879173,118.80354685520686,0.5976901999674737,
w45,79,HGA-budget252,primary_evaluation,82,1.2695247391532738,2045.9095517463795,728.6504830879173,118.80354685520686,0.5996469999663532,
w45,79,HGA-budget252,primary_evaluation,83,1.2684628338496446,2045.9095517463795,723.1041093875897,119.9128215952724,0.6035568998195231,
w45,79,HGA-budget252,primary_evaluation,84,1.2684628338496446,2045.9095517463795,723.1041093875897,119.9128215952724,0.6158225999679416,
w45,79,HGA-budget252,primary_evaluation,85,1.2684628338496446,2045.9095517463795,723.1041093875897,119.9128215952724,0.617727099917829,
w45,79,HGA-budget252,primary_evaluation,86,1.2684628338496446,2045.9095517463795,723.1041093875897,119.9128215952724,0.6218689999077469,
w45,79,HGA-budget252,primary_evaluation,87,1.2684628338496446,2045.9095517463795,723.1041093875897,119.9128215952724,0.6242715998087078,
w45,79,HGA-budget252,primary_evaluation,88,1.2672578783410648,2045.9095517463795,716.8105787686047,121.1715277190694,0.625675399787724,
w45,79,HGA-budget252,primary_evaluation,89,1.2672578783410648,2045.9095517463795,716.8105787686047,121.1715277190694,0.6378122000023723,
w45,79,HGA-budget252,primary_evaluation,90,1.2672578783410648,2045.9095517463795,716.8105787686047,121.1715277190694,0.6393430999014527,
w45,79,HGA-budget252,primary_evaluation,91,1.2672578783410648,2045.9095517463795,716.8105787686047,121.1715277190694,0.6417997998651117,
w45,79,HGA-budget252,primary_evaluation,92,1.2672578783410648,2045.9095517463795,716.8105787686047,121.1715277190694,0.6430216999724507,
w45,79,HGA-budget252,primary_evaluation,93,1.2672578783410648,2045.9095517463795,716.8105787686047,121.1715277190694,0.6440001998562366,
w45,79,HGA-budget252,primary_evaluation,94,1.2672578783410648,2045.9095517463795,716.8105787686047,121.1715277190694,0.6451869998127222,
w45,79,HGA-budget252,primary_evaluation,95,1.2672578783410648,2045.9095517463795,716.8105787686047,121.1715277190694,0.646591299911961,
w45,79,HGA-budget252,primary_evaluation,96,1.2672578783410648,2045.9095517463795,716.8105787686047,121.1715277190694,0.6479018998797983,
w45,79,HGA-budget252,primary_evaluation,97,1.267189001756614,2045.9095517463795,716.4508336244178,121.24347674790678,0.6497875999193639,
w45,79,HGA-budget252,primary_evaluation,98,1.267189001756614,2045.9095517463795,716.4508336244178,121.24347674790678,0.6640622999984771,
w45,79,HGA-budget252,primary_evaluation,99,1.267189001756614,2045.9095517463795,716.4508336244178,121.24347674790678,0.6653538998216391,
w45,79,HGA-budget252,primary_evaluation,100,1.267189001756614,2045.9095517463795,716.4508336244178,121.24347674790678,0.6666608999948949,
w45,79,HGA-budget252,primary_evaluation,101,1.267189001756614,2045.9095517463795,716.4508336244178,121.24347674790678,0.6684737999457866,
w45,79,HGA-budget252,primary_evaluation,102,1.267189001756614,2045.9095517463795,716.4508336244178,121.24347674790678,0.6697348000016063,
w45,79,HGA-budget252,primary_evaluation,103,1.267189001756614,2045.9095517463795,716.4508336244178,121.24347674790678,0.6710884999483824,
w45,79,HGA-budget252,primary_evaluation,104,1.267189001756614,2045.9095517463795,716.4508336244178,121.24347674790678,0.6722698998637497,
w45,79,HGA-budget252,primary_evaluation,105,1.267189001756614,2045.9095517463795,716.4508336244178,121.24347674790678,0.6734321999829262,
w45,79,HGA-budget252,primary_evaluation,106,1.267189001756614,2045.9095517463795,716.4508336244178,121.24347674790678,0.674471199978143,
w45,79,HGA-budget252,primary_evaluation,107,1.2623095015448138,2045.9095517463795,690.965009650301,126.34064154273014,0.6757471999153495,
w45,79,HGA-budget252,primary_evaluation,108,1.2623095015448138,2045.9095517463795,690.965009650301,126.34064154273014,0.6880062997806817,
w45,79,HGA-budget252,primary_evaluation,109,1.2623095015448138,2045.9095517463795,690.965009650301,126.34064154273014,0.6894844998605549,
w45,79,HGA-budget252,primary_evaluation,110,1.2623095015448138,2045.9095517463795,690.965009650301,126.34064154273014,0.6906280999537557,
w45,79,HGA-budget252,primary_evaluation,111,1.2607542783013541,2045.9095517463795,682.8420166996261,127.9652401328651,0.6917456998489797,
w45,79,HGA-budget252,primary_evaluation,112,1.2607542783013541,2045.9095517463795,682.8420166996261,127.9652401328651,0.7041711998172104,
w45,79,HGA-budget252,primary_evaluation,113,1.2607542783013541,2045.9095517463795,682.8420166996261,127.9652401328651,0.706874999916181,
w45,79,HGA-budget252,primary_evaluation,114,1.2607542783013541,2045.9095517463795,682.8420166996261,127.9652401328651,0.7079313998110592,
w45,79,HGA-budget252,primary_evaluation,115,1.2607542783013541,2045.9095517463795,682.8420166996261,127.9652401328651,0.7088564999867231,
w45,79,HGA-budget252,primary_evaluation,116,1.2607542783013541,2045.9095517463795,682.8420166996261,127.9652401328651,0.7101626999210566,
w45,79,HGA-budget252,primary_evaluation,117,1.2607542783013541,2045.9095517463795,682.8420166996261,127.9652401328651,0.7111900998279452,
w45,79,HGA-budget252,primary_evaluation,118,1.2604613477550273,2045.9095517463795,681.3120287876932,128.27123771525171,0.7122923999559134,
w45,79,HGA-budget252,primary_evaluation,119,1.2604613477550273,2045.9095517463795,681.3120287876932,128.27123771525171,0.7259081997908652,
w45,79,HGA-budget252,primary_evaluation,120,1.2604613477550273,2045.9095517463795,681.3120287876932,128.27123771525171,0.7271534998435527,
w45,79,HGA-budget252,primary_evaluation,121,1.2604613477550273,2045.9095517463795,681.3120287876932,128.27123771525171,0.7283564999233931,
w45,79,HGA-budget252,primary_evaluation,122,1.2604613477550273,2045.9095517463795,681.3120287876932,128.27123771525171,0.729654099792242,
w45,79,HGA-budget252,primary_evaluation,123,1.2604613477550273,2045.9095517463795,681.3120287876932,128.27123771525171,0.7308937998022884,
w45,79,HGA-budget252,primary_evaluation,124,1.2604613477550273,2045.9095517463795,681.3120287876932,128.27123771525171,0.7321837998460978,
w45,79,HGA-budget252,primary_evaluation,125,1.2604613477550273,2045.9095517463795,681.3120287876932,128.27123771525171,0.7332539998460561,
w45,79,HGA-budget252,primary_evaluation,126,1.2573667998581743,2045.9095517463795,665.149081855558,131.5038271016787,0.7365156000014395,
w45,79,HGA-budget252,primary_evaluation,127,1.2573667998581743,2045.9095517463795,665.149081855558,131.5038271016787,0.7473687999881804,
w45,79,HGA-budget252,primary_evaluation,128,1.2573667998581743,2045.9095517463795,665.149081855558,131.5038271016787,0.7484926998149604,
w45,79,HGA-budget252,primary_evaluation,129,1.2573667998581743,2045.9095517463795,665.149081855558,131.5038271016787,0.7495345999486744,
w45,79,HGA-budget252,primary_evaluation,130,1.2561853295304792,2045.9095517463795,658.9782152718326,132.73800041842384,0.7516442998312414,
w45,79,HGA-budget252,primary_evaluation,131,1.2561853295304792,2045.9095517463795,658.9782152718326,132.73800041842384,0.7631085999310017,
w45,79,HGA-budget252,primary_evaluation,132,1.2561853295304792,2045.9095517463795,658.9782152718326,132.73800041842384,0.7640966998878866,
w45,79,HGA-budget252,primary_evaluation,133,1.2561853295304792,2045.9095517463795,658.9782152718326,132.73800041842384,0.7652719998732209,
w45,79,HGA-budget252,primary_evaluation,134,1.2561853295304792,2045.9095517463795,658.9782152718326,132.73800041842384,0.7663879999890924,
w45,79,HGA-budget252,primary_evaluation,135,1.2561853295304792,2045.9095517463795,658.9782152718326,132.73800041842384,0.7690494998823851,
w45,79,HGA-budget252,primary_evaluation,136,1.2561853295304792,2045.9095517463795,658.9782152718326,132.73800041842384,0.7705507997889072,
w45,79,HGA-budget252,primary_evaluation,137,1.2561853295304792,2045.9095517463795,658.9782152718326,132.73800041842384,0.7717794999480247,
w45,79,HGA-budget252,primary_evaluation,138,1.2561853295304792,2045.9095517463795,658.9782152718326,132.73800041842384,0.7729857999365777,
w45,79,HGA-budget252,primary_evaluation,139,1.2561853295304792,2045.9095517463795,658.9782152718326,132.73800041842384,0.774038199800998,
w45,79,HGA-budget252,primary_evaluation,140,1.2559053595898992,2045.9095517463795,657.5159211199832,133.03045924879368,0.7753376998007298,
w45,79,HGA-budget252,primary_evaluation,141,1.2559053595898992,2045.9095517463795,657.5159211199832,133.03045924879368,0.7898970998357981,
w45,79,HGA-budget252,primary_evaluation,142,1.2559053595898992,2045.9095517463795,657.5159211199832,133.03045924879368,0.7911041998304427,
w45,79,HGA-budget252,primary_evaluation,143,1.2559053595898992,2045.9095517463795,657.5159211199832,133.03045924879368,0.7923339998815209,
w45,79,HGA-budget252,primary_evaluation,144,1.2559053595898992,2045.9095517463795,657.5159211199832,133.03045924879368,0.7935314998030663,
w45,79,HGA-budget252,primary_evaluation,145,1.2559053595898992,2045.9095517463795,657.5159211199832,133.03045924879368,0.7948543999809772,
w45,79,HGA-budget252,primary_evaluation,146,1.2559053595898992,2045.9095517463795,657.5159211199832,133.03045924879368,0.7960576999466866,
w45,79,HGA-budget252,primary_evaluation,147,1.2559053595898992,2045.9095517463795,657.5159211199832,133.03045924879368,0.7973430999554694,
w45,79,HGA-budget252,primary_evaluation,148,1.2559053595898992,2045.9095517463795,657.5159211199832,133.03045924879368,0.7986922999843955,
w45,79,HGA-budget252,primary_evaluation,149,1.2559053595898992,2045.9095517463795,657.5159211199832,133.03045924879368,0.7999858998227865,
w45,79,HGA-budget252,primary_evaluation,150,1.2559053595898992,2045.9095517463795,657.5159211199832,133.03045924879368,0.8016011998988688,
w45,79,HGA-budget252,primary_evaluation,151,1.2498278769165208,2045.9095517463795,625.7729870291314,139.37904606696404,0.8029143998865038,
w45,79,HGA-budget252,primary_evaluation,152,1.2498278769165208,2045.9095517463795,625.7729870291314,139.37904606696404,0.8156076997984201,
w45,79,HGA-budget252,primary_evaluation,153,1.24902213341482,2045.9095517463795,621.5645566241128,140.22073214796774,0.8169201998971403,
w45,79,HGA-budget252,primary_evaluation,154,1.24902213341482,2045.9095517463795,621.5645566241128,140.22073214796774,0.8321970999240875,
w45,79,HGA-budget252,primary_evaluation,155,1.24902213341482,2045.9095517463795,621.5645566241128,140.22073214796774,0.8332179998978972,
w45,79,HGA-budget252,primary_evaluation,156,1.24902213341482,2045.9095517463795,621.5645566241128,140.22073214796774,0.8360153997782618,
w45,79,HGA-budget252,primary_evaluation,157,1.2473747935420962,2045.9095517463795,612.9604348494579,141.94155650289875,0.8372012998443097,
w45,79,HGA-budget252,primary_evaluation,158,1.2473747935420962,2045.9095517463795,612.9604348494579,141.94155650289875,0.8479717997834086,
w45,79,HGA-budget252,primary_evaluation,159,1.2473747935420962,2045.9095517463795,612.9604348494579,141.94155650289875,0.8492837999947369,
w45,79,HGA-budget252,primary_evaluation,160,1.2473747935420962,2045.9095517463795,612.9604348494579,141.94155650289875,0.8523561998736113,
w45,79,HGA-budget252,primary_evaluation,161,1.2473747935420962,2045.9095517463795,612.9604348494579,141.94155650289875,0.8537454998586327,
w45,79,HGA-budget252,primary_evaluation,162,1.2473747935420962,2045.9095517463795,612.9604348494579,141.94155650289875,0.8551336999516934,
w45,79,HGA-budget252,primary_evaluation,163,1.2473747935420962,2045.9095517463795,612.9604348494579,141.94155650289875,0.8598557999357581,
w45,79,HGA-budget252,primary_evaluation,164,1.2473747935420962,2045.9095517463795,612.9604348494579,141.94155650289875,0.8611835998017341,
w45,79,HGA-budget252,primary_evaluation,165,1.2473747935420962,2045.9095517463795,612.9604348494579,141.94155650289875,0.8627704998943955,
w45,79,HGA-budget252,primary_evaluation,166,1.2473747935420962,2045.9095517463795,612.9604348494579,141.94155650289875,0.8639824998099357,
w45,79,HGA-budget252,primary_evaluation,167,1.2451289969807267,2045.9095517463795,601.2305499513434,144.28753348252164,0.8653138999361545,
w45,79,HGA-budget252,primary_evaluation,168,1.2451289969807267,2045.9095517463795,601.2305499513434,144.28753348252164,0.8806955998297781,
w45,79,HGA-budget252,primary_evaluation,169,1.2451289969807267,2045.9095517463795,601.2305499513434,144.28753348252164,0.8820462999865413,
w45,79,HGA-budget252,primary_evaluation,170,1.2451289969807267,2045.9095517463795,601.2305499513434,144.28753348252164,0.8833204999100417,
w45,79,HGA-budget252,primary_evaluation,171,1.2451289969807267,2045.9095517463795,601.2305499513434,144.28753348252164,0.8866613998543471,
w45,79,HGA-budget252,primary_evaluation,172,1.2437867396683908,2045.9095517463795,594.2198865421208,145.68966616436617,0.8879807000048459,
w45,79,HGA-budget252,primary_evaluation,173,1.2437867396683908,2045.9095517463795,594.2198865421208,145.68966616436617,0.9019627999514341,
w45,79,HGA-budget252,primary_evaluation,174,1.2437867396683908,2045.9095517463795,594.2198865421208,145.68966616436617,0.9032614999450743,
w45,79,HGA-budget252,primary_evaluation,175,1.2437867396683908,2045.9095517463795,594.2198865421208,145.68966616436617,0.904518999857828,
w45,79,HGA-budget252,primary_evaluation,176,1.2437867396683908,2045.9095517463795,594.2198865421208,145.68966616436617,0.9057280998677015,
w45,79,HGA-budget252,primary_evaluation,177,1.2437867396683908,2045.9095517463795,594.2198865421208,145.68966616436617,0.9068154999986291,
w45,79,HGA-budget252,primary_evaluation,178,1.2437867396683908,2045.9095517463795,594.2198865421208,145.68966616436617,0.9080272999126464,
w45,79,HGA-budget252,primary_evaluation,179,1.242656545858617,2045.9095517463795,588.3168392540244,146.87027562198546,0.9095189999789,
w45,79,HGA-budget252,primary_evaluation,180,1.242656545858617,2045.9095517463795,588.3168392540244,146.87027562198546,0.9235943998210132,
w45,79,HGA-budget252,primary_evaluation,181,1.242656545858617,2045.9095517463795,588.3168392540244,146.87027562198546,0.9249875999521464,
w45,79,HGA-budget252,primary_evaluation,182,1.242656545858617,2045.9095517463795,588.3168392540244,146.87027562198546,0.9262466998770833,
w45,79,HGA-budget252,primary_evaluation,183,1.242656545858617,2045.9095517463795,588.3168392540244,146.87027562198546,0.9274993999861181,
w45,79,HGA-budget252,primary_evaluation,184,1.242656545858617,2045.9095517463795,588.3168392540244,146.87027562198546,0.9289516999851912,
w45,79,HGA-budget252,primary_evaluation,185,1.242656545858617,2045.9095517463795,588.3168392540244,146.87027562198546,0.9301253999583423,
w45,79,HGA-budget252,primary_evaluation,186,1.242656545858617,2045.9095517463795,588.3168392540244,146.87027562198546,0.9316500998102129,
w45,79,HGA-budget252,primary_evaluation,187,1.242656545858617,2045.9095517463795,588.3168392540244,146.87027562198546,0.9328665998764336,
w45,79,HGA-budget252,primary_evaluation,188,1.242656545858617,2045.9095517463795,588.3168392540244,146.87027562198546,0.9345637999940664,
w45,79,HGA-budget252,primary_evaluation,189,1.242656545858617,2045.9095517463795,588.3168392540244,146.87027562198546,0.9360234998166561,
w45,79,HGA-budget252,primary_evaluation,190,1.242656545858617,2045.9095517463795,588.3168392540244,146.87027562198546,0.9372488998342305,
w45,79,HGA-budget252,primary_evaluation,191,1.242656545858617,2045.9095517463795,588.3168392540244,146.87027562198546,0.9384431999642402,
w45,79,HGA-budget252,primary_evaluation,192,1.242656545858617,2045.9095517463795,588.3168392540244,146.87027562198546,0.9396396998781711,
w45,79,HGA-budget252,primary_evaluation,193,1.242656545858617,2045.9095517463795,588.3168392540244,146.87027562198546,0.940807499922812,
w45,79,HGA-budget252,primary_evaluation,194,1.242656545858617,2045.9095517463795,588.3168392540244,146.87027562198546,0.9419757998548448,
w45,79,HGA-budget252,primary_evaluation,195,1.242656545858617,2045.9095517463795,588.3168392540244,146.87027562198546,0.9431478998158127,
w45,79,HGA-budget252,primary_evaluation,196,1.242656545858617,2045.9095517463795,588.3168392540244,146.87027562198546,0.9443597998470068,
w45,79,HGA-budget252,primary_evaluation,197,1.242656545858617,2045.9095517463795,588.3168392540244,146.87027562198546,0.9455472999252379,
w45,79,HGA-budget252,primary_evaluation,198,1.242656545858617,2045.9095517463795,588.3168392540244,146.87027562198546,0.9468511999584734,
w45,79,HGA-budget252,primary_evaluation,199,1.242656545858617,2045.9095517463795,588.3168392540244,146.87027562198546,0.9479278998915106,
w45,79,HGA-budget252,primary_evaluation,200,1.242656545858617,2045.9095517463795,588.3168392540244,146.87027562198546,0.9486885999795049,
w45,79,HGA-budget252,primary_evaluation,201,1.242656545858617,2045.9095517463795,588.3168392540244,146.87027562198546,0.9494425999000669,
w45,79,HGA-budget252,primary_evaluation,202,1.2411152800690024,2045.9095517463795,580.2667466407577,148.48029414463883,0.9509590999223292,
w45,79,HGA-budget252,primary_evaluation,203,1.2411152800690024,2045.9095517463795,580.2667466407577,148.48029414463883,0.9623471999075264,
w45,79,HGA-budget252,primary_evaluation,204,1.2411152800690024,2045.9095517463795,580.2667466407577,148.48029414463883,0.9633870997931808,
w45,79,HGA-budget252,primary_evaluation,205,1.2411152800690024,2045.9095517463795,580.2667466407577,148.48029414463883,0.9643311998806894,
w45,79,HGA-budget252,primary_evaluation,206,1.2411152800690024,2045.9095517463795,580.2667466407577,148.48029414463883,0.9650391999166459,
w45,79,HGA-budget252,primary_evaluation,207,1.2411152800690024,2045.9095517463795,580.2667466407577,148.48029414463883,0.9657234998885542,
w45,79,HGA-budget252,primary_evaluation,208,1.2411152800690024,2045.9095517463795,580.2667466407577,148.48029414463883,0.9663993997965008,
w45,79,HGA-budget252,primary_evaluation,209,1.2411152800690024,2045.9095517463795,580.2667466407577,148.48029414463883,0.9686299997847527,
w45,79,HGA-budget252,primary_evaluation,210,1.2411152800690024,2045.9095517463795,580.2667466407577,148.48029414463883,0.9702633998822421,
w45,79,HGA-budget252,primary_evaluation,211,1.2411152800690024,2045.9095517463795,580.2667466407577,148.48029414463883,0.971669599879533,
w45,79,HGA-budget252,primary_evaluation,212,1.2411152800690024,2045.9095517463795,580.2667466407577,148.48029414463883,0.974156399955973,
w45,79,HGA-budget252,primary_evaluation,213,1.2411152800690024,2045.9095517463795,580.2667466407577,148.48029414463883,0.9771647998131812,
w45,79,HGA-budget252,primary_evaluation,214,1.2411152800690024,2045.9095517463795,580.2667466407577,148.48029414463883,0.9789561999496073,
w45,79,HGA-budget252,primary_evaluation,215,1.2411152800690024,2045.9095517463795,580.2667466407577,148.48029414463883,0.9802896999754012,
w45,79,HGA-budget252,primary_evaluation,216,1.240956314835644,2045.9095517463795,579.4364648947753,148.64635049383526,0.9823660999536514,
w45,79,HGA-budget252,primary_evaluation,217,1.240956314835644,2045.9095517463795,579.4364648947753,148.64635049383526,0.9985015999991447,
w45,79,HGA-budget252,primary_evaluation,218,1.240956314835644,2045.9095517463795,579.4364648947753,148.64635049383526,0.9997713000047952,
w45,79,HGA-budget252,primary_evaluation,219,1.240956314835644,2045.9095517463795,579.4364648947753,148.64635049383526,1.0015961998142302,
w45,79,HGA-budget252,primary_evaluation,220,1.240956314835644,2045.9095517463795,579.4364648947753,148.64635049383526,1.003331399988383,
w45,79,HGA-budget252,primary_evaluation,221,1.240956314835644,2045.9095517463795,579.4364648947753,148.64635049383526,1.0047444999217987,
w45,79,HGA-budget252,primary_evaluation,222,1.240956314835644,2045.9095517463795,579.4364648947753,148.64635049383526,1.0064738998189569,
w45,79,HGA-budget252,primary_evaluation,223,1.240956314835644,2045.9095517463795,579.4364648947753,148.64635049383526,1.008816699963063,
w45,79,HGA-budget252,primary_evaluation,224,1.240956314835644,2045.9095517463795,579.4364648947753,148.64635049383526,1.0103622998576611,
w45,79,HGA-budget252,primary_evaluation,225,1.240956314835644,2045.9095517463795,579.4364648947753,148.64635049383526,1.0115233999677002,
w45,79,HGA-budget252,primary_evaluation,226,1.240956314835644,2045.9095517463795,579.4364648947753,148.64635049383526,1.0126277999952435,
w45,79,HGA-budget252,primary_evaluation,227,1.240956314835644,2045.9095517463795,579.4364648947753,148.64635049383526,1.013710399856791,
w45,79,HGA-budget252,primary_evaluation,228,1.240956314835644,2045.9095517463795,579.4364648947753,148.64635049383526,1.0189917997922748,
w45,79,HGA-budget252,primary_evaluation,229,1.240956314835644,2045.9095517463795,579.4364648947753,148.64635049383526,1.0205892999656498,
w45,79,HGA-budget252,primary_evaluation,230,1.240956314835644,2045.9095517463795,579.4364648947753,148.64635049383526,1.0217450999189168,
w45,79,HGA-budget252,primary_evaluation,231,1.240956314835644,2045.9095517463795,579.4364648947753,148.64635049383526,1.023524999851361,
w45,79,HGA-budget252,primary_evaluation,232,1.2409486073649434,2045.9095517463795,579.3962084682903,148.6544017791323,1.0248587999958545,
w45,79,HGA-budget252,primary_evaluation,233,1.2409486073649434,2045.9095517463795,579.3962084682903,148.6544017791323,1.0409407999832183,
w45,79,HGA-budget252,primary_evaluation,234,1.2409486073649434,2045.9095517463795,579.3962084682903,148.6544017791323,1.0424434999004006,
w45,79,HGA-budget252,primary_evaluation,235,1.2409486073649434,2045.9095517463795,579.3962084682903,148.6544017791323,1.0440993998199701,
w45,79,HGA-budget252,primary_evaluation,236,1.2409486073649434,2045.9095517463795,579.3962084682903,148.6544017791323,1.045491399941966,
w45,79,HGA-budget252,primary_evaluation,237,1.2409486073649434,2045.9095517463795,579.3962084682903,148.6544017791323,1.0471240999177098,
w45,79,HGA-budget252,primary_evaluation,238,1.2409486073649434,2045.9095517463795,579.3962084682903,148.6544017791323,1.0494233998470008,
w45,79,HGA-budget252,primary_evaluation,239,1.2409486073649434,2045.9095517463795,579.3962084682903,148.6544017791323,1.0552948999684304,
w45,79,HGA-budget252,primary_evaluation,240,1.2409486073649434,2045.9095517463795,579.3962084682903,148.6544017791323,1.0571651000063866,
w45,79,HGA-budget252,primary_evaluation,241,1.2409486073649434,2045.9095517463795,579.3962084682903,148.6544017791323,1.058647199999541,
w45,79,HGA-budget252,primary_evaluation,242,1.2409486073649434,2045.9095517463795,579.3962084682903,148.6544017791323,1.0602299999445677,
w45,79,HGA-budget252,primary_evaluation,243,1.2409486073649434,2045.9095517463795,579.3962084682903,148.6544017791323,1.0616882999893278,
w45,79,HGA-budget252,primary_evaluation,244,1.2409486073649434,2045.9095517463795,579.3962084682903,148.6544017791323,1.063348599942401,
w45,79,HGA-budget252,primary_evaluation,245,1.2409486073649434,2045.9095517463795,579.3962084682903,148.6544017791323,1.0646039999555796,
w45,79,HGA-budget252,primary_evaluation,246,1.2409486073649434,2045.9095517463795,579.3962084682903,148.6544017791323,1.0658638998866081,
w45,79,HGA-budget252,primary_evaluation,247,1.2409486073649434,2045.9095517463795,579.3962084682903,148.6544017791323,1.067627599928528,
w45,79,HGA-budget252,primary_evaluation,248,1.2409486073649434,2045.9095517463795,579.3962084682903,148.6544017791323,1.0687644998542964,
w45,79,HGA-budget252,primary_evaluation,249,1.2409486073649434,2045.9095517463795,579.3962084682903,148.6544017791323,1.070815799990669,
w45,79,HGA-budget252,primary_evaluation,250,1.2409486073649434,2045.9095517463795,579.3962084682903,148.6544017791323,1.072485099779442,
w45,79,HGA-budget252,primary_evaluation,251,1.2409486073649434,2045.9095517463795,579.3962084682903,148.6544017791323,1.0737342999782413,
w45,79,HGA-budget252,primary_evaluation,252,1.2406176915449953,2045.9095517463795,577.6678219591442,149.00007908096148,1.0749585998710245,
w45,79,HGA-budget252,generation_boundary,12,1.295380712764493,,,,,0
w45,79,HGA-budget72,primary_evaluation,1,1.295380712764493,2045.9095517463795,863.6972631948972,91.79419083381089,0.24152370006777346,
w45,79,HGA-budget72,primary_evaluation,2,1.2935153107983157,2045.9095517463795,853.9541944199448,93.74280458880138,0.30001890007406473,
w45,79,HGA-budget72,primary_evaluation,3,1.2935153107983157,2045.9095517463795,853.9541944199448,93.74280458880138,0.3129351001698524,
w45,79,HGA-budget72,primary_evaluation,4,1.2923341535889463,2045.9095517463795,847.7849632657071,94.97665081964891,0.31440640008077025,
w45,79,HGA-budget72,primary_evaluation,5,1.292203778581562,2045.9095517463795,847.1040094088382,95.11284159102267,0.3267441000789404,
w45,79,HGA-budget72,primary_evaluation,6,1.292203778581562,2045.9095517463795,847.1040094088382,95.11284159102267,0.3400936999823898,
w45,79,HGA-budget72,primary_evaluation,7,1.2903821560518662,2045.9095517463795,837.5896023745188,97.01572299788654,0.3411887001711875,
w45,79,HGA-budget72,primary_evaluation,8,1.2903821560518662,2045.9095517463795,837.5896023745188,97.01572299788654,0.35267220018431544,
w45,79,HGA-budget72,primary_evaluation,9,1.2903821560518662,2045.9095517463795,837.5896023745188,97.01572299788654,0.35361830005422235,
w45,79,HGA-budget72,primary_evaluation,10,1.2900379828578574,2045.9095517463795,835.7919720725663,97.37524905827708,0.3558367001824081,
w45,79,HGA-budget72,primary_evaluation,11,1.2900379828578574,2045.9095517463795,835.7919720725663,97.37524905827708,0.3691746999975294,
w45,79,HGA-budget72,primary_evaluation,12,1.2894285932436944,2045.9095517463795,832.6091058436323,98.01182230406388,0.37040890008211136,
w45,79,HGA-budget72,primary_evaluation,13,1.2894285932436944,2045.9095517463795,832.6091058436323,98.01182230406388,0.3830779001582414,
w45,79,HGA-budget72,primary_evaluation,14,1.2894285932436944,2045.9095517463795,832.6091058436323,98.01182230406388,0.38421460008248687,
w45,79,HGA-budget72,primary_evaluation,15,1.2894285932436944,2045.9095517463795,832.6091058436323,98.01182230406388,0.3857534001581371,
w45,79,HGA-budget72,primary_evaluation,16,1.2885185024691952,2045.9095517463795,827.855665476264,98.96251037753751,0.3874707000795752,
w45,79,HGA-budget72,primary_evaluation,17,1.2885185024691952,2045.9095517463795,827.855665476264,98.96251037753751,0.40245200018398464,
w45,79,HGA-budget72,primary_evaluation,18,1.2872862125160818,2045.9095517463795,821.4193659646512,100.24977027986006,0.4051129000727087,
w45,79,HGA-budget72,primary_evaluation,19,1.2872862125160818,2045.9095517463795,821.4193659646512,100.24977027986006,0.41711170016787946,
w45,79,HGA-budget72,primary_evaluation,20,1.2872862125160818,2045.9095517463795,821.4193659646512,100.24977027986006,0.4187443000264466,
w45,79,HGA-budget72,primary_evaluation,21,1.2872862125160818,2045.9095517463795,821.4193659646512,100.24977027986006,0.42003830010071397,
w45,79,HGA-budget72,primary_evaluation,22,1.2872862125160818,2045.9095517463795,821.4193659646512,100.24977027986006,0.4226669000927359,
w45,79,HGA-budget72,primary_evaluation,23,1.2867214767334438,2045.9095517463795,818.469728476495,100.8396977774913,0.4246940000448376,
w45,79,HGA-budget72,primary_evaluation,24,1.2859836750707254,2045.9095517463795,814.6161610028464,101.61041127222106,0.4373829001560807,
w45,79,HGA-budget72,primary_evaluation,25,1.2859836750707254,2045.9095517463795,814.6161610028464,101.61041127222106,0.45185670000500977,
w45,79,HGA-budget72,primary_evaluation,26,1.2859836750707254,2045.9095517463795,814.6161610028464,101.61041127222106,0.4533901000395417,
w45,79,HGA-budget72,primary_evaluation,27,1.2859836750707254,2045.9095517463795,814.6161610028464,101.61041127222106,0.45499230013228953,
w45,79,HGA-budget72,primary_evaluation,28,1.2859836750707254,2045.9095517463795,814.6161610028464,101.61041127222106,0.4574061001185328,
w45,79,HGA-budget72,primary_evaluation,29,1.2859836750707254,2045.9095517463795,814.6161610028464,101.61041127222106,0.45981320017017424,
w45,79,HGA-budget72,primary_evaluation,30,1.2840445117035926,2045.9095517463795,804.4878334925236,103.6360767742856,0.4615803000051528,
w45,79,HGA-budget72,primary_evaluation,31,1.2840445117035926,2045.9095517463795,804.4878334925236,103.6360767742856,0.470509700011462,
w45,79,HGA-budget72,primary_evaluation,32,1.2840445117035926,2045.9095517463795,804.4878334925236,103.6360767742856,0.4720457000657916,
w45,79,HGA-budget72,primary_evaluation,33,1.2840445117035926,2045.9095517463795,804.4878334925236,103.6360767742856,0.47470590006560087,
w45,79,HGA-budget72,primary_evaluation,34,1.2840445117035926,2045.9095517463795,804.4878334925236,103.6360767742856,0.47601760015822947,
w45,79,HGA-budget72,primary_evaluation,35,1.2840445117035926,2045.9095517463795,804.4878334925236,103.6360767742856,0.4769168000202626,
w45,79,HGA-budget72,primary_evaluation,36,1.2840445117035926,2045.9095517463795,804.4878334925236,103.6360767742856,0.47792920004576445,
w45,79,HGA-budget72,primary_evaluation,37,1.2834752483881506,2045.9095517463795,801.5145485201836,104.23073376875362,0.47916140011511743,
w45,79,HGA-budget72,primary_evaluation,38,1.2824060015409362,2045.9095517463795,795.9298296452691,105.3476775437365,0.49219610006548464,
w45,79,HGA-budget72,primary_evaluation,39,1.2824060015409362,2045.9095517463795,795.9298296452691,105.3476775437365,0.5075801000930369,
w45,79,HGA-budget72,primary_evaluation,40,1.2824060015409362,2045.9095517463795,795.9298296452691,105.3476775437365,0.5105286000762135,
w45,79,HGA-budget72,primary_evaluation,41,1.2824060015409362,2045.9095517463795,795.9298296452691,105.3476775437365,0.5131457999814302,
w45,79,HGA-budget72,primary_evaluation,42,1.2824060015409362,2045.9095517463795,795.9298296452691,105.3476775437365,0.5161536000669003,
w45,79,HGA-budget72,primary_evaluation,43,1.2824060015409362,2045.9095517463795,795.9298296452691,105.3476775437365,0.5185207000467926,
w45,79,HGA-budget72,primary_evaluation,44,1.2824060015409362,2045.9095517463795,795.9298296452691,105.3476775437365,0.5202669000718743,
w45,79,HGA-budget72,primary_evaluation,45,1.2805716121563029,2045.9095517463795,786.348740819062,107.26389530897792,0.5234815001022071,
w45,79,HGA-budget72,primary_evaluation,46,1.2805716121563029,2045.9095517463795,786.348740819062,107.26389530897792,0.5398334001656622,
w45,79,HGA-budget72,primary_evaluation,47,1.2805716121563029,2045.9095517463795,786.348740819062,107.26389530897792,0.5422110001090914,
w45,79,HGA-budget72,primary_evaluation,48,1.2805716121563029,2045.9095517463795,786.348740819062,107.26389530897792,0.543656200170517,
w45,79,HGA-budget72,primary_evaluation,49,1.2805716121563029,2045.9095517463795,786.348740819062,107.26389530897792,0.5450379999820143,
w45,79,HGA-budget72,primary_evaluation,50,1.2805716121563029,2045.9095517463795,786.348740819062,107.26389530897792,0.5463936000596732,
w45,79,HGA-budget72,primary_evaluation,51,1.2805716121563029,2045.9095517463795,786.348740819062,107.26389530897792,0.5476687999907881,
w45,79,HGA-budget72,primary_evaluation,52,1.2805716121563029,2045.9095517463795,786.348740819062,107.26389530897792,0.5488549000583589,
w45,79,HGA-budget72,primary_evaluation,53,1.2778195100332719,2045.9095517463795,771.974401804435,110.13876311190332,0.5500768001656979,
w45,79,HGA-budget72,primary_evaluation,54,1.2778195100332719,2045.9095517463795,771.974401804435,110.13876311190332,0.5629941001534462,
w45,79,HGA-budget72,primary_evaluation,55,1.276798576413207,2045.9095517463795,766.6420248394122,111.20523850490788,0.5643885000608861,
w45,79,HGA-budget72,primary_evaluation,56,1.276798576413207,2045.9095517463795,766.6420248394122,111.20523850490788,0.5747255000751466,
w45,79,HGA-budget72,primary_evaluation,57,1.276798576413207,2045.9095517463795,766.6420248394122,111.20523850490788,0.5756341000087559,
w45,79,HGA-budget72,primary_evaluation,58,1.2749522374376148,2045.9095517463795,756.9985228236319,113.13393890806393,0.5766553001012653,
w45,79,HGA-budget72,primary_evaluation,59,1.2749522374376148,2045.9095517463795,756.9985228236319,113.13393890806393,0.5867548000533134,
w45,79,HGA-budget72,primary_evaluation,60,1.2749522374376148,2045.9095517463795,756.9985228236319,113.13393890806393,0.5874809001106769,
w45,79,HGA-budget72,primary_evaluation,61,1.2749522374376148,2045.9095517463795,756.9985228236319,113.13393890806393,0.5884320000186563,
w45,79,HGA-budget72,primary_evaluation,62,1.2749522374376148,2045.9095517463795,756.9985228236319,113.13393890806393,0.590258700074628,
w45,79,HGA-budget72,primary_evaluation,63,1.2749522374376148,2045.9095517463795,756.9985228236319,113.13393890806393,0.5913041001185775,
w45,79,HGA-budget72,primary_evaluation,64,1.2749522374376148,2045.9095517463795,756.9985228236319,113.13393890806393,0.5922524000052363,
w45,79,HGA-budget72,primary_evaluation,65,1.2749522374376148,2045.9095517463795,756.9985228236319,113.13393890806393,0.5930015000049025,
w45,79,HGA-budget72,primary_evaluation,66,1.27442625568185,2045.9095517463795,754.2512991615431,113.68338364048172,0.593707200139761,
w45,79,HGA-budget72,primary_evaluation,67,1.27442625568185,2045.9095517463795,754.2512991615431,113.68338364048172,0.605362500064075,
w45,79,HGA-budget72,primary_evaluation,68,1.27442625568185,2045.9095517463795,754.2512991615431,113.68338364048172,0.6065046000294387,
w45,79,HGA-budget72,primary_evaluation,69,1.27442625568185,2045.9095517463795,754.2512991615431,113.68338364048172,0.6076382000464946,
w45,79,HGA-budget72,primary_evaluation,70,1.27442625568185,2045.9095517463795,754.2512991615431,113.68338364048172,0.6088873001281172,
w45,79,HGA-budget72,primary_evaluation,71,1.27442625568185,2045.9095517463795,754.2512991615431,113.68338364048172,0.6101803001947701,
w45,79,HGA-budget72,primary_evaluation,72,1.27442625568185,2045.9095517463795,754.2512991615431,113.68338364048172,0.6141013000160456,
w45,79,HGA-budget72,generation_boundary,12,1.295380712764493,,,,,0
w45,80,ABMA1,primary_evaluation,1,1.2475922770690613,2030.218783274917,829.2537076277597,90.1887973954352,0.4130589000415057,
w45,80,ABMA1,primary_evaluation,2,1.0647108606087805,1991.868223994422,579.1756414154174,89.86436392298361,0.7363891000859439,
w45,80,ABMA1,primary_evaluation,3,1.0647108606087805,1991.868223994422,579.1756414154174,89.86436392298361,2.3566096001304686,
w45,80,ABMA1,primary_evaluation,4,1.0647108606087805,1991.868223994422,579.1756414154174,89.86436392298361,3.658879900118336,
w45,80,ABMA1,primary_evaluation,5,1.0647108606087805,1991.868223994422,579.1756414154174,89.86436392298361,4.661801400128752,
w45,80,ABMA1,primary_evaluation,6,1.0647108606087805,1991.868223994422,579.1756414154174,89.86436392298361,6.285696100210771,
w45,80,ABMA1,primary_evaluation,7,1.0647108606087805,1991.868223994422,579.1756414154174,89.86436392298361,8.421610500197858,
w45,80,ABMA1,primary_evaluation,8,1.0647108606087805,1991.868223994422,579.1756414154174,89.86436392298361,8.933101100148633,
w45,80,ABMA1,primary_evaluation,9,1.0647108606087805,1991.868223994422,579.1756414154174,89.86436392298361,10.879768500104547,
w45,80,ABMA1,primary_evaluation,10,1.0647108606087805,1991.868223994422,579.1756414154174,89.86436392298361,12.140797100029886,
w45,80,ABMA1,primary_evaluation,11,1.0647108606087805,1991.868223994422,579.1756414154174,89.86436392298361,13.32929000002332,
w45,80,ABMA1,primary_evaluation,12,1.0647108606087805,1991.868223994422,579.1756414154174,89.86436392298361,15.589082600083202,
w45,80,ABMA1,primary_evaluation,13,1.0647108606087805,1991.868223994422,579.1756414154174,89.86436392298361,15.889933800091967,
w45,80,ABMA1,primary_evaluation,14,1.0647108606087805,1991.868223994422,579.1756414154174,89.86436392298361,16.842242900049314,
w45,80,ABMA1,primary_evaluation,15,1.0647108606087805,1991.868223994422,579.1756414154174,89.86436392298361,18.19699680013582,
w45,80,ABMA1,primary_evaluation,16,1.0647108606087805,1991.868223994422,579.1756414154174,89.86436392298361,19.54808820015751,
w45,80,ABMA1,primary_evaluation,17,1.0647108606087805,1991.868223994422,579.1756414154174,89.86436392298361,21.858075800118968,
w45,80,ABMA1,primary_evaluation,18,1.0647108606087805,1991.868223994422,579.1756414154174,89.86436392298361,24.289319000206888,
w45,80,ABMA1,primary_evaluation,19,1.0647108606087805,1991.868223994422,579.1756414154174,89.86436392298361,26.258642200147733,
w45,80,ABMA1,primary_evaluation,20,1.0647108606087805,1991.868223994422,579.1756414154174,89.86436392298361,27.52125270012766,
w45,80,ABMA1,primary_evaluation,21,1.0647108606087805,1991.868223994422,579.1756414154174,89.86436392298361,30.149640700081363,
w45,80,ABMA1,primary_evaluation,22,1.0647108606087805,1991.868223994422,579.1756414154174,89.86436392298361,31.349138900171965,
w45,80,ABMA1,primary_evaluation,23,1.0647108606087805,1991.868223994422,579.1756414154174,89.86436392298361,33.42475790018216,
w45,80,ABMA1,primary_evaluation,24,1.0647108606087805,1991.868223994422,579.1756414154174,89.86436392298361,35.54485920001753,
w45,80,ABMA1,primary_evaluation,25,1.0647108606087805,1991.868223994422,579.1756414154174,89.86436392298361,36.234687000047415,
w45,80,ABMA1,primary_evaluation,26,1.0630107733322576,1991.3473263225774,565.2074671751441,94.39446160771313,36.65510450000875,
w45,80,ABMA1,primary_evaluation,27,1.0630107733322576,1991.3473263225774,565.2074671751441,94.39446160771313,37.61619110009633,
w45,80,ABMA1,primary_evaluation,28,1.0630107733322576,1991.3473263225774,565.2074671751441,94.39446160771313,39.30541320005432,
w45,80,ABMA1,primary_evaluation,29,1.0630107733322576,1991.3473263225774,565.2074671751441,94.39446160771313,40.546688000205904,
w45,80,ABMA1,primary_evaluation,30,1.0630107733322576,1991.3473263225774,565.2074671751441,94.39446160771313,42.338517900090665,
w45,80,ABMA1,primary_evaluation,31,1.0219521035917327,1988.5670931036875,473.65831927465297,97.20881315331114,42.7963470001705,
w45,80,ABMA1,primary_evaluation,32,1.0219521035917327,1988.5670931036875,473.65831927465297,97.20881315331114,43.75806050002575,
w45,80,ABMA1,primary_evaluation,33,1.0219521035917327,1988.5670931036875,473.65831927465297,97.20881315331114,45.30341830011457,
w45,80,ABMA1,primary_evaluation,34,1.0219521035917327,1988.5670931036875,473.65831927465297,97.20881315331114,46.69754970003851,
w45,80,ABMA1,primary_evaluation,35,1.0219521035917327,1988.5670931036875,473.65831927465297,97.20881315331114,47.75632230006158,
w45,80,ABMA1,primary_evaluation,36,1.0219521035917327,1988.5670931036875,473.65831927465297,97.20881315331114,49.44507830007933,
w45,80,ABMA1,primary_evaluation,37,1.0219521035917327,1988.5670931036875,473.65831927465297,97.20881315331114,50.47690090001561,
w45,80,ABMA1,primary_evaluation,38,1.0219521035917327,1988.5670931036875,473.65831927465297,97.20881315331114,50.93499910016544,
w45,80,ABMA1,primary_evaluation,39,1.0219521035917327,1988.5670931036875,473.65831927465297,97.20881315331114,51.8912874001544,
w45,80,ABMA1,primary_evaluation,40,1.0219521035917327,1988.5670931036875,473.65831927465297,97.20881315331114,52.90193080017343,
w45,80,ABMA1,primary_evaluation,41,1.0219521035917327,1988.5670931036875,473.65831927465297,97.20881315331114,54.41230960004032,
w45,80,ABMA1,primary_evaluation,42,1.0219521035917327,1988.5670931036875,473.65831927465297,97.20881315331114,55.74829860008322,
w45,80,ABMA1,primary_evaluation,43,1.0219521035917327,1988.5670931036875,473.65831927465297,97.20881315331114,57.7588560001459,
w45,80,ABMA1,primary_evaluation,44,1.0219521035917327,1988.5670931036875,473.65831927465297,97.20881315331114,58.59537630015984,
w45,80,ABMA1,primary_evaluation,45,1.0219521035917327,1988.5670931036875,473.65831927465297,97.20881315331114,60.18879949999973,
w45,80,ABMA1,primary_evaluation,46,1.0219521035917327,1988.5670931036875,473.65831927465297,97.20881315331114,61.495209500193596,
w45,80,ABMA1,primary_evaluation,47,1.0219521035917327,1988.5670931036875,473.65831927465297,97.20881315331114,63.82382410019636,
w45,80,ABMA1,primary_evaluation,48,1.0219521035917327,1988.5670931036875,473.65831927465297,97.20881315331114,65.42908030003309,
w45,80,ABMA1,primary_evaluation,49,1.0219521035917327,1988.5670931036875,473.65831927465297,97.20881315331114,65.96661510015838,
w45,80,ABMA1,primary_evaluation,50,1.0219521035917327,1988.5670931036875,473.65831927465297,97.20881315331114,66.6758090001531,
w45,80,ABMA1,primary_evaluation,51,1.0219521035917327,1988.5670931036875,473.65831927465297,97.20881315331114,67.08503970014863,
w45,80,ABMA1,primary_evaluation,52,1.0219521035917327,1988.5670931036875,473.65831927465297,97.20881315331114,67.96657670009881,
w45,80,ABMA1,primary_evaluation,53,1.0219521035917327,1988.5670931036875,473.65831927465297,97.20881315331114,69.20584740000777,
w45,80,ABMA1,primary_evaluation,54,1.0219521035917327,1988.5670931036875,473.65831927465297,97.20881315331114,70.69260160019621,
w45,80,ABMA1,primary_evaluation,55,1.0219521035917327,1988.5670931036875,473.65831927465297,97.20881315331114,71.09906410006806,
w45,80,ABMA1,primary_evaluation,56,1.0219521035917327,1988.5670931036875,473.65831927465297,97.20881315331114,71.63521830015816,
w45,80,ABMA1,primary_evaluation,57,1.0219521035917327,1988.5670931036875,473.65831927465297,97.20881315331114,73.71560220001265,
w45,80,ABMA1,primary_evaluation,58,1.0219521035917327,1988.5670931036875,473.65831927465297,97.20881315331114,74.60749160009436,
w45,80,ABMA1,primary_evaluation,59,1.0219521035917327,1988.5670931036875,473.65831927465297,97.20881315331114,75.60929700010456,
w45,80,ABMA1,primary_evaluation,60,1.0219521035917327,1988.5670931036875,473.65831927465297,97.20881315331114,77.529372200137,
w45,80,ABMA1,primary_evaluation,61,1.0219521035917327,1988.5670931036875,473.65831927465297,97.20881315331114,78.3313175002113,
w45,80,ABMA1,primary_evaluation,62,1.0219521035917327,1988.5670931036875,473.65831927465297,97.20881315331114,78.76658250018954,
w45,80,ABMA1,primary_evaluation,63,1.0219521035917327,1988.5670931036875,473.65831927465297,97.20881315331114,79.33961370005272,
w45,80,ABMA1,primary_evaluation,64,1.0219521035917327,1988.5670931036875,473.65831927465297,97.20881315331114,80.01894650002941,
w45,80,ABMA1,primary_evaluation,65,1.0219521035917327,1988.5670931036875,473.65831927465297,97.20881315331114,80.82138760015368,
w45,80,ABMA1,primary_evaluation,66,1.0219521035917327,1988.5670931036875,473.65831927465297,97.20881315331114,81.16761160013266,
w45,80,ABMA1,primary_evaluation,67,1.0219521035917327,1988.5670931036875,473.65831927465297,97.20881315331114,81.4678028000053,
w45,80,ABMA1,primary_evaluation,68,1.0219521035917327,1988.5670931036875,473.65831927465297,97.20881315331114,82.67913930001669,
w45,80,ABMA1,primary_evaluation,69,1.0219521035917327,1988.5670931036875,473.65831927465297,97.20881315331114,84.07656420022249,
w45,80,ABMA1,primary_evaluation,70,1.0219521035917327,1988.5670931036875,473.65831927465297,97.20881315331114,85.05302330013365,
w45,80,ABMA1,primary_evaluation,71,1.0219521035917327,1988.5670931036875,473.65831927465297,97.20881315331114,85.88177380012348,
w45,80,ABMA1,primary_evaluation,72,1.0219521035917327,1988.5670931036875,473.65831927465297,97.20881315331114,87.46509480010718,
w45,80,ABMA1,generation_boundary,12,1.0647108606087805,,,,,0
w45,80,ABMA1,generation_boundary,24,1.0647108606087805,,,,,1
w45,80,ABMA1,generation_boundary,36,1.0219521035917327,,,,,2
w45,80,ABMA1,generation_boundary,48,1.0219521035917327,,,,,3
w45,80,ABMA1,generation_boundary,60,1.0219521035917327,,,,,4
w45,80,ABMA1,generation_boundary,72,1.0219521035917327,,,,,5
w45,80,ABMA20,primary_evaluation,1,1.2475922770690613,2030.218783274917,829.2537076277597,90.1887973954352,0.19021259993314743,
w45,80,ABMA20,primary_evaluation,2,1.0647108606087805,1991.868223994422,579.1756414154174,89.86436392298361,0.35019659996032715,
w45,80,ABMA20,primary_evaluation,3,1.0647108606087805,1991.868223994422,579.1756414154174,89.86436392298361,1.0643749998416752,
w45,80,ABMA20,primary_evaluation,4,1.0647108606087805,1991.868223994422,579.1756414154174,89.86436392298361,1.5933922999538481,
w45,80,ABMA20,primary_evaluation,5,1.0647108606087805,1991.868223994422,579.1756414154174,89.86436392298361,2.0340111998375505,
w45,80,ABMA20,primary_evaluation,6,1.0647108606087805,1991.868223994422,579.1756414154174,89.86436392298361,2.7595153998117894,
w45,80,ABMA20,primary_evaluation,7,1.0647108606087805,1991.868223994422,579.1756414154174,89.86436392298361,3.658259099815041,
w45,80,ABMA20,primary_evaluation,8,1.0647108606087805,1991.868223994422,579.1756414154174,89.86436392298361,3.8813711998518556,
w45,80,ABMA20,primary_evaluation,9,1.0647108606087805,1991.868223994422,579.1756414154174,89.86436392298361,4.77069879998453,
w45,80,ABMA20,primary_evaluation,10,1.0647108606087805,1991.868223994422,579.1756414154174,89.86436392298361,5.5247924998402596,
w45,80,ABMA20,primary_evaluation,11,1.0647108606087805,1991.868223994422,579.1756414154174,89.86436392298361,6.266527900006622,
w45,80,ABMA20,primary_evaluation,12,1.0647108606087805,1991.868223994422,579.1756414154174,89.86436392298361,8.222608799813315,
w45,80,ABMA20,primary_evaluation,13,1.0647108606087805,1991.868223994422,579.1756414154174,89.86436392298361,8.543370299972594,
w45,80,ABMA20,primary_evaluation,14,1.0647108606087805,1991.868223994422,579.1756414154174,89.86436392298361,9.57864940003492,
w45,80,ABMA20,primary_evaluation,15,1.0647108606087805,1991.868223994422,579.1756414154174,89.86436392298361,10.729561700019985,
w45,80,ABMA20,primary_evaluation,16,1.0647108606087805,1991.868223994422,579.1756414154174,89.86436392298361,12.265322200022638,
w45,80,ABMA20,primary_evaluation,17,1.0647108606087805,1991.868223994422,579.1756414154174,89.86436392298361,14.270681299967691,
w45,80,ABMA20,primary_evaluation,18,1.0647108606087805,1991.868223994422,579.1756414154174,89.86436392298361,16.415538599947467,
w45,80,ABMA20,primary_evaluation,19,1.0647108606087805,1991.868223994422,579.1756414154174,89.86436392298361,18.315699599916115,
w45,80,ABMA20,primary_evaluation,20,1.0647108606087805,1991.868223994422,579.1756414154174,89.86436392298361,19.099228400038555,
w45,80,ABMA20,primary_evaluation,21,1.0647108606087805,1991.868223994422,579.1756414154174,89.86436392298361,21.025136299896985,
w45,80,ABMA20,primary_evaluation,22,1.0647108606087805,1991.868223994422,579.1756414154174,89.86436392298361,21.948368899989873,
w45,80,ABMA20,primary_evaluation,23,1.0647108606087805,1991.868223994422,579.1756414154174,89.86436392298361,23.568693300010636,
w45,80,ABMA20,primary_evaluation,24,1.0647108606087805,1991.868223994422,579.1756414154174,89.86436392298361,25.468942699953914,
w45,80,ABMA20,primary_evaluation,25,1.0647108606087805,1991.868223994422,579.1756414154174,89.86436392298361,26.15343729988672,
w45,80,ABMA20,primary_evaluation,26,1.0630107733322576,1991.3473263225774,565.2074671751441,94.39446160771313,26.491274300031364,
w45,80,ABMA20,primary_evaluation,27,1.0630107733322576,1991.3473263225774,565.2074671751441,94.39446160771313,27.510211399989203,
w45,80,ABMA20,primary_evaluation,28,1.0630107733322576,1991.3473263225774,565.2074671751441,94.39446160771313,29.18264889996499,
w45,80,ABMA20,primary_evaluation,29,1.0630107733322576,1991.3473263225774,565.2074671751441,94.39446160771313,30.31935599981807,
w45,80,ABMA20,primary_evaluation,30,1.0630107733322576,1991.3473263225774,565.2074671751441,94.39446160771313,32.12785439984873,
w45,80,ABMA20,primary_evaluation,31,1.0219521035917327,1988.5670931036875,473.65831927465297,97.20881315331114,32.6005797998514,
w45,80,ABMA20,primary_evaluation,32,1.0219521035917327,1988.5670931036875,473.65831927465297,97.20881315331114,33.53930819989182,
w45,80,ABMA20,primary_evaluation,33,1.0219521035917327,1988.5670931036875,473.65831927465297,97.20881315331114,35.15738300001249,
w45,80,ABMA20,primary_evaluation,34,1.0219521035917327,1988.5670931036875,473.65831927465297,97.20881315331114,36.57262529991567,
w45,80,ABMA20,primary_evaluation,35,1.0219521035917327,1988.5670931036875,473.65831927465297,97.20881315331114,37.627221199916676,
w45,80,ABMA20,primary_evaluation,36,1.0219521035917327,1988.5670931036875,473.65831927465297,97.20881315331114,39.53728869999759,
w45,80,ABMA20,primary_evaluation,37,1.0219521035917327,1988.5670931036875,473.65831927465297,97.20881315331114,40.571676899911836,
w45,80,ABMA20,primary_evaluation,38,1.0219521035917327,1988.5670931036875,473.65831927465297,97.20881315331114,41.029741999926046,
w45,80,ABMA20,primary_evaluation,39,1.0219521035917327,1988.5670931036875,473.65831927465297,97.20881315331114,41.93447560002096,
w45,80,ABMA20,primary_evaluation,40,1.0219521035917327,1988.5670931036875,473.65831927465297,97.20881315331114,42.96509739989415,
w45,80,ABMA20,primary_evaluation,41,1.0219521035917327,1988.5670931036875,473.65831927465297,97.20881315331114,44.45804739999585,
w45,80,ABMA20,primary_evaluation,42,1.0219521035917327,1988.5670931036875,473.65831927465297,97.20881315331114,45.665658599929884,
w45,80,ABMA20,primary_evaluation,43,1.0219521035917327,1988.5670931036875,473.65831927465297,97.20881315331114,47.46509499987587,
w45,80,ABMA20,primary_evaluation,44,1.0219521035917327,1988.5670931036875,473.65831927465297,97.20881315331114,48.25995430001058,
w45,80,ABMA20,primary_evaluation,45,1.0219521035917327,1988.5670931036875,473.65831927465297,97.20881315331114,49.77800849988125,
w45,80,ABMA20,primary_evaluation,46,1.0219521035917327,1988.5670931036875,473.65831927465297,97.20881315331114,50.792410199996084,
w45,80,ABMA20,primary_evaluation,47,1.0219521035917327,1988.5670931036875,473.65831927465297,97.20881315331114,53.068982099881396,
w45,80,ABMA20,primary_evaluation,48,1.0219521035917327,1988.5670931036875,473.65831927465297,97.20881315331114,54.59559849998914,
w45,80,ABMA20,primary_evaluation,49,1.0219521035917327,1988.5670931036875,473.65831927465297,97.20881315331114,54.96867739991285,
w45,80,ABMA20,primary_evaluation,50,1.0219521035917327,1988.5670931036875,473.65831927465297,97.20881315331114,55.629567799856886,
w45,80,ABMA20,primary_evaluation,51,1.0219521035917327,1988.5670931036875,473.65831927465297,97.20881315331114,56.0071852998808,
w45,80,ABMA20,primary_evaluation,52,1.0219521035917327,1988.5670931036875,473.65831927465297,97.20881315331114,56.736281499965116,
w45,80,ABMA20,primary_evaluation,53,1.0219521035917327,1988.5670931036875,473.65831927465297,97.20881315331114,57.823745699832216,
w45,80,ABMA20,primary_evaluation,54,1.0219521035917327,1988.5670931036875,473.65831927465297,97.20881315331114,59.24059409997426,
w45,80,ABMA20,primary_evaluation,55,1.0219521035917327,1988.5670931036875,473.65831927465297,97.20881315331114,59.6101787998341,
w45,80,ABMA20,primary_evaluation,56,1.0219521035917327,1988.5670931036875,473.65831927465297,97.20881315331114,60.10953309992328,
w45,80,ABMA20,primary_evaluation,57,1.0219521035917327,1988.5670931036875,473.65831927465297,97.20881315331114,62.1682249000296,
w45,80,ABMA20,primary_evaluation,58,1.0219521035917327,1988.5670931036875,473.65831927465297,97.20881315331114,63.07632500003092,
w45,80,ABMA20,primary_evaluation,59,1.0219521035917327,1988.5670931036875,473.65831927465297,97.20881315331114,64.01414129999466,
w45,80,ABMA20,primary_evaluation,60,1.0219521035917327,1988.5670931036875,473.65831927465297,97.20881315331114,65.92199019994587,
w45,80,ABMA20,primary_evaluation,61,1.0219521035917327,1988.5670931036875,473.65831927465297,97.20881315331114,66.68020799988881,
w45,80,ABMA20,primary_evaluation,62,1.0219521035917327,1988.5670931036875,473.65831927465297,97.20881315331114,67.1195392999798,
w45,80,ABMA20,primary_evaluation,63,1.0219521035917327,1988.5670931036875,473.65831927465297,97.20881315331114,67.70546670001931,
w45,80,ABMA20,primary_evaluation,64,1.0219521035917327,1988.5670931036875,473.65831927465297,97.20881315331114,68.38930409983732,
w45,80,ABMA20,primary_evaluation,65,1.0219521035917327,1988.5670931036875,473.65831927465297,97.20881315331114,69.20768620003946,
w45,80,ABMA20,primary_evaluation,66,1.0219521035917327,1988.5670931036875,473.65831927465297,97.20881315331114,69.62021199986339,
w45,80,ABMA20,primary_evaluation,67,1.0219521035917327,1988.5670931036875,473.65831927465297,97.20881315331114,69.94846650003456,
w45,80,ABMA20,primary_evaluation,68,1.0219521035917327,1988.5670931036875,473.65831927465297,97.20881315331114,71.20352749992162,
w45,80,ABMA20,primary_evaluation,69,1.0219521035917327,1988.5670931036875,473.65831927465297,97.20881315331114,72.95574350003153,
w45,80,ABMA20,primary_evaluation,70,1.0219521035917327,1988.5670931036875,473.65831927465297,97.20881315331114,74.00733149982989,
w45,80,ABMA20,primary_evaluation,71,1.0219521035917327,1988.5670931036875,473.65831927465297,97.20881315331114,74.86583779985085,
w45,80,ABMA20,primary_evaluation,72,1.0219521035917327,1988.5670931036875,473.65831927465297,97.20881315331114,76.4746892999392,
w45,80,ABMA20,primary_evaluation,73,1.0219521035917327,1988.5670931036875,473.65831927465297,97.20881315331114,77.27985199983232,
w45,80,ABMA20,primary_evaluation,74,1.0219521035917327,1988.5670931036875,473.65831927465297,97.20881315331114,78.36929379985668,
w45,80,ABMA20,primary_evaluation,75,1.0219521035917327,1988.5670931036875,473.65831927465297,97.20881315331114,79.35583469993435,
w45,80,ABMA20,primary_evaluation,76,1.0219521035917327,1988.5670931036875,473.65831927465297,97.20881315331114,80.14798410004005,
w45,80,ABMA20,primary_evaluation,77,1.0219521035917327,1988.5670931036875,473.65831927465297,97.20881315331114,80.89229199988768,
w45,80,ABMA20,primary_evaluation,78,1.0219521035917327,1988.5670931036875,473.65831927465297,97.20881315331114,81.23884479980916,
w45,80,ABMA20,primary_evaluation,79,1.0219521035917327,1988.5670931036875,473.65831927465297,97.20881315331114,82.29824859998189,
w45,80,ABMA20,primary_evaluation,80,1.0219521035917327,1988.5670931036875,473.65831927465297,97.20881315331114,82.89956429996528,
w45,80,ABMA20,primary_evaluation,81,1.0219521035917327,1988.5670931036875,473.65831927465297,97.20881315331114,83.63540929998271,
w45,80,ABMA20,primary_evaluation,82,1.0219521035917327,1988.5670931036875,473.65831927465297,97.20881315331114,84.45308339991607,
w45,80,ABMA20,primary_evaluation,83,1.0219521035917327,1988.5670931036875,473.65831927465297,97.20881315331114,85.13100199983455,
w45,80,ABMA20,primary_evaluation,84,1.0219521035917327,1988.5670931036875,473.65831927465297,97.20881315331114,86.16072499984875,
w45,80,ABMA20,primary_evaluation,85,1.0219521035917327,1988.5670931036875,473.65831927465297,97.20881315331114,86.43968770001084,
w45,80,ABMA20,primary_evaluation,86,1.0219521035917327,1988.5670931036875,473.65831927465297,97.20881315331114,87.07331919996068,
w45,80,ABMA20,primary_evaluation,87,1.0219521035917327,1988.5670931036875,473.65831927465297,97.20881315331114,87.3702385998331,
w45,80,ABMA20,primary_evaluation,88,1.0219521035917327,1988.5670931036875,473.65831927465297,97.20881315331114,87.89914190000854,
w45,80,ABMA20,primary_evaluation,89,1.0219521035917327,1988.5670931036875,473.65831927465297,97.20881315331114,88.51263249991462,
w45,80,ABMA20,primary_evaluation,90,1.0219521035917327,1988.5670931036875,473.65831927465297,97.20881315331114,88.96528110001236,
w45,80,ABMA20,primary_evaluation,91,1.0219521035917327,1988.5670931036875,473.65831927465297,97.20881315331114,89.30674599995837,
w45,80,ABMA20,primary_evaluation,92,1.0219521035917327,1988.5670931036875,473.65831927465297,97.20881315331114,89.56562709994614,
w45,80,ABMA20,primary_evaluation,93,1.0219521035917327,1988.5670931036875,473.65831927465297,97.20881315331114,90.09412719984539,
w45,80,ABMA20,primary_evaluation,94,1.0219521035917327,1988.5670931036875,473.65831927465297,97.20881315331114,90.50386399985291,
w45,80,ABMA20,primary_evaluation,95,1.0219521035917327,1988.5670931036875,473.65831927465297,97.20881315331114,91.04822509991936,
w45,80,ABMA20,primary_evaluation,96,1.0219521035917327,1988.5670931036875,473.65831927465297,97.20881315331114,91.58350069983862,
w45,80,ABMA20,primary_evaluation,97,1.0219521035917327,1988.5670931036875,473.65831927465297,97.20881315331114,92.26049809996039,
w45,80,ABMA20,primary_evaluation,98,1.0219521035917327,1988.5670931036875,473.65831927465297,97.20881315331114,92.52118349983357,
w45,80,ABMA20,primary_evaluation,99,1.0219521035917327,1988.5670931036875,473.65831927465297,97.20881315331114,92.69480029982515,
w45,80,ABMA20,primary_evaluation,100,1.0219521035917327,1988.5670931036875,473.65831927465297,97.20881315331114,93.33003879990429,
w45,80,ABMA20,primary_evaluation,101,1.0219521035917327,1988.5670931036875,473.65831927465297,97.20881315331114,93.70772999990731,
w45,80,ABMA20,primary_evaluation,102,1.0219521035917327,1988.5670931036875,473.65831927465297,97.20881315331114,93.86515399999917,
w45,80,ABMA20,primary_evaluation,103,1.0219521035917327,1988.5670931036875,473.65831927465297,97.20881315331114,94.41929979994893,
w45,80,ABMA20,primary_evaluation,104,1.0219521035917327,1988.5670931036875,473.65831927465297,97.20881315331114,94.7387727999594,
w45,80,ABMA20,primary_evaluation,105,1.0219521035917327,1988.5670931036875,473.65831927465297,97.20881315331114,95.2372325998731,
w45,80,ABMA20,primary_evaluation,106,1.0219521035917327,1988.5670931036875,473.65831927465297,97.20881315331114,95.56217479985207,
w45,80,ABMA20,primary_evaluation,107,1.0219521035917327,1988.5670931036875,473.65831927465297,97.20881315331114,96.3044324000366,
w45,80,ABMA20,primary_evaluation,108,1.0219521035917327,1988.5670931036875,473.65831927465297,97.20881315331114,97.02724079997279,
w45,80,ABMA20,primary_evaluation,109,1.0219521035917327,1988.5670931036875,473.65831927465297,97.20881315331114,97.29198079998605,
w45,80,ABMA20,primary_evaluation,110,1.0219521035917327,1988.5670931036875,473.65831927465297,97.20881315331114,97.67310040001757,
w45,80,ABMA20,primary_evaluation,111,1.0219521035917327,1988.5670931036875,473.65831927465297,97.20881315331114,98.55580319999717,
w45,80,ABMA20,primary_evaluation,112,1.0219521035917327,1988.5670931036875,473.65831927465297,97.20881315331114,99.57208890002221,
w45,80,ABMA20,primary_evaluation,113,1.0219521035917327,1988.5670931036875,473.65831927465297,97.20881315331114,100.34097280004062,
w45,80,ABMA20,primary_evaluation,114,1.0219521035917327,1988.5670931036875,473.65831927465297,97.20881315331114,100.70728780003265,
w45,80,ABMA20,primary_evaluation,115,1.0219521035917327,1988.5670931036875,473.65831927465297,97.20881315331114,102.21620289981365,
w45,80,ABMA20,primary_evaluation,116,1.0219521035917327,1988.5670931036875,473.65831927465297,97.20881315331114,102.61454529990442,
w45,80,ABMA20,primary_evaluation,117,1.0219521035917327,1988.5670931036875,473.65831927465297,97.20881315331114,103.15441880002618,
w45,80,ABMA20,primary_evaluation,118,1.0219521035917327,1988.5670931036875,473.65831927465297,97.20881315331114,104.09686669986695,
w45,80,ABMA20,primary_evaluation,119,1.0219521035917327,1988.5670931036875,473.65831927465297,97.20881315331114,104.69032359984703,
w45,80,ABMA20,primary_evaluation,120,1.0219521035917327,1988.5670931036875,473.65831927465297,97.20881315331114,105.6098028998822,
w45,80,ABMA20,primary_evaluation,121,1.0219521035917327,1988.5670931036875,473.65831927465297,97.20881315331114,107.19681699993089,
w45,80,ABMA20,primary_evaluation,122,1.0219521035917327,1988.5670931036875,473.65831927465297,97.20881315331114,109.0655936000403,
w45,80,ABMA20,primary_evaluation,123,1.0219521035917327,1988.5670931036875,473.65831927465297,97.20881315331114,109.89723949995823,
w45,80,ABMA20,primary_evaluation,124,1.0219521035917327,1988.5670931036875,473.65831927465297,97.20881315331114,110.31092069996521,
w45,80,ABMA20,primary_evaluation,125,1.0219521035917327,1988.5670931036875,473.65831927465297,97.20881315331114,110.84767289995216,
w45,80,ABMA20,primary_evaluation,126,1.0219521035917327,1988.5670931036875,473.65831927465297,97.20881315331114,112.43977159983478,
w45,80,ABMA20,primary_evaluation,127,1.0219521035917327,1988.5670931036875,473.65831927465297,97.20881315331114,113.68152089999057,
w45,80,ABMA20,primary_evaluation,128,1.0219521035917327,1988.5670931036875,473.65831927465297,97.20881315331114,114.22800659993663,
w45,80,ABMA20,primary_evaluation,129,1.0219521035917327,1988.5670931036875,473.65831927465297,97.20881315331114,115.49800050002523,
w45,80,ABMA20,primary_evaluation,130,1.0219521035917327,1988.5670931036875,473.65831927465297,97.20881315331114,116.08958669984713,
w45,80,ABMA20,primary_evaluation,131,1.0219521035917327,1988.5670931036875,473.65831927465297,97.20881315331114,116.8242317000404,
w45,80,ABMA20,primary_evaluation,132,1.0219521035917327,1988.5670931036875,473.65831927465297,97.20881315331114,117.11683129984885,
w45,80,ABMA20,primary_evaluation,133,1.0219521035917327,1988.5670931036875,473.65831927465297,97.20881315331114,117.37680089985952,
w45,80,ABMA20,primary_evaluation,134,1.0219521035917327,1988.5670931036875,473.65831927465297,97.20881315331114,118.06817579991184,
w45,80,ABMA20,primary_evaluation,135,1.0219521035917327,1988.5670931036875,473.65831927465297,97.20881315331114,118.39693729998544,
w45,80,ABMA20,primary_evaluation,136,1.0219521035917327,1988.5670931036875,473.65831927465297,97.20881315331114,118.6874210999813,
w45,80,ABMA20,primary_evaluation,137,1.0075857199781708,1991.868223994422,425.8961187855368,96.57746129184748,119.08850059984252,
w45,80,ABMA20,primary_evaluation,138,1.0075857199781708,1991.868223994422,425.8961187855368,96.57746129184748,120.3132758999709,
w45,80,ABMA20,primary_evaluation,139,1.0075857199781708,1991.868223994422,425.8961187855368,96.57746129184748,120.77865149988793,
w45,80,ABMA20,primary_evaluation,140,1.0075857199781708,1991.868223994422,425.8961187855368,96.57746129184748,121.23349000001326,
w45,80,ABMA20,primary_evaluation,141,1.0075857199781708,1991.868223994422,425.8961187855368,96.57746129184748,122.17790129990317,
w45,80,ABMA20,primary_evaluation,142,1.0075857199781708,1991.868223994422,425.8961187855368,96.57746129184748,122.61163709987886,
w45,80,ABMA20,primary_evaluation,143,1.0075857199781708,1991.868223994422,425.8961187855368,96.57746129184748,122.96978229982778,
w45,80,ABMA20,primary_evaluation,144,1.0075857199781708,1991.868223994422,425.8961187855368,96.57746129184748,123.25718749989755,
w45,80,ABMA20,primary_evaluation,145,1.0075857199781708,1991.868223994422,425.8961187855368,96.57746129184748,123.82351899985224,
w45,80,ABMA20,primary_evaluation,146,1.0075857199781708,1991.868223994422,425.8961187855368,96.57746129184748,124.20325469993986,
w45,80,ABMA20,primary_evaluation,147,1.0075857199781708,1991.868223994422,425.8961187855368,96.57746129184748,124.55171369994059,
w45,80,ABMA20,primary_evaluation,148,1.0075857199781708,1991.868223994422,425.8961187855368,96.57746129184748,125.17608959996141,
w45,80,ABMA20,primary_evaluation,149,1.0075857199781708,1991.868223994422,425.8961187855368,96.57746129184748,125.5570705998689,
w45,80,ABMA20,primary_evaluation,150,1.0075857199781708,1991.868223994422,425.8961187855368,96.57746129184748,126.11450789985247,
w45,80,ABMA20,primary_evaluation,151,1.0075857199781708,1991.868223994422,425.8961187855368,96.57746129184748,126.55445209983736,
w45,80,ABMA20,primary_evaluation,152,1.0075857199781708,1991.868223994422,425.8961187855368,96.57746129184748,127.04823579988442,
w45,80,ABMA20,primary_evaluation,153,1.0075857199781708,1991.868223994422,425.8961187855368,96.57746129184748,128.00388520001434,
w45,80,ABMA20,primary_evaluation,154,1.0075857199781708,1991.868223994422,425.8961187855368,96.57746129184748,128.25611489987932,
w45,80,ABMA20,primary_evaluation,155,1.0075857199781708,1991.868223994422,425.8961187855368,96.57746129184748,128.57799359993078,
w45,80,ABMA20,primary_evaluation,156,1.0075857199781708,1991.868223994422,425.8961187855368,96.57746129184748,128.77002289984375,
w45,80,ABMA20,primary_evaluation,157,1.0075857199781708,1991.868223994422,425.8961187855368,96.57746129184748,129.14653969998471,
w45,80,ABMA20,primary_evaluation,158,1.0075857199781708,1991.868223994422,425.8961187855368,96.57746129184748,129.6382402998861,
w45,80,ABMA20,primary_evaluation,159,1.0075857199781708,1991.868223994422,425.8961187855368,96.57746129184748,131.5130166998133,
w45,80,ABMA20,primary_evaluation,160,1.0075857199781708,1991.868223994422,425.8961187855368,96.57746129184748,131.8926996998489,
w45,80,ABMA20,primary_evaluation,161,1.0075857199781708,1991.868223994422,425.8961187855368,96.57746129184748,132.21488330001011,
w45,80,ABMA20,primary_evaluation,162,1.0075857199781708,1991.868223994422,425.8961187855368,96.57746129184748,132.58408359996974,
w45,80,ABMA20,primary_evaluation,163,1.0075857199781708,1991.868223994422,425.8961187855368,96.57746129184748,132.93888629996218,
w45,80,ABMA20,primary_evaluation,164,1.0075857199781708,1991.868223994422,425.8961187855368,96.57746129184748,133.3782311999239,
w45,80,ABMA20,primary_evaluation,165,1.0075857199781708,1991.868223994422,425.8961187855368,96.57746129184748,134.1997736999765,
w45,80,ABMA20,primary_evaluation,166,1.0075857199781708,1991.868223994422,425.8961187855368,96.57746129184748,134.74593049986288,
w45,80,ABMA20,primary_evaluation,167,1.0075857199781708,1991.868223994422,425.8961187855368,96.57746129184748,135.1973995999433,
w45,80,ABMA20,primary_evaluation,168,1.0075857199781708,1991.868223994422,425.8961187855368,96.57746129184748,135.88253009994514,
w45,80,ABMA20,primary_evaluation,169,1.0075857199781708,1991.868223994422,425.8961187855368,96.57746129184748,136.28786289994605,
w45,80,ABMA20,primary_evaluation,170,1.0075857199781708,1991.868223994422,425.8961187855368,96.57746129184748,137.4516962999478,
w45,80,ABMA20,primary_evaluation,171,1.0075857199781708,1991.868223994422,425.8961187855368,96.57746129184748,137.86095419991761,
w45,80,ABMA20,primary_evaluation,172,1.0075857199781708,1991.868223994422,425.8961187855368,96.57746129184748,138.21994059998542,
w45,80,ABMA20,primary_evaluation,173,1.0075857199781708,1991.868223994422,425.8961187855368,96.57746129184748,138.55439369985834,
w45,80,ABMA20,primary_evaluation,174,1.0075857199781708,1991.868223994422,425.8961187855368,96.57746129184748,138.88409899990074,
w45,80,ABMA20,primary_evaluation,175,1.0075857199781708,1991.868223994422,425.8961187855368,96.57746129184748,140.03772070002742,
w45,80,ABMA20,primary_evaluation,176,1.0075857199781708,1991.868223994422,425.8961187855368,96.57746129184748,140.38137099985033,
w45,80,ABMA20,primary_evaluation,177,1.0075857199781708,1991.868223994422,425.8961187855368,96.57746129184748,140.78778739995323,
w45,80,ABMA20,primary_evaluation,178,1.0075857199781708,1991.868223994422,425.8961187855368,96.57746129184748,141.12319059995934,
w45,80,ABMA20,primary_evaluation,179,1.0075857199781708,1991.868223994422,425.8961187855368,96.57746129184748,141.67241239990108,
w45,80,ABMA20,primary_evaluation,180,1.0075857199781708,1991.868223994422,425.8961187855368,96.57746129184748,142.124306099955,
w45,80,ABMA20,primary_evaluation,181,1.0075857199781708,1991.868223994422,425.8961187855368,96.57746129184748,142.4973042998463,
w45,80,ABMA20,primary_evaluation,182,1.0073850591713855,1991.868223994422,432.14170986698014,94.12472021159893,142.92534099984914,
w45,80,ABMA20,primary_evaluation,183,1.0073850591713855,1991.868223994422,432.14170986698014,94.12472021159893,143.26801939983852,
w45,80,ABMA20,primary_evaluation,184,1.0073850591713855,1991.868223994422,432.14170986698014,94.12472021159893,144.45543810003437,
w45,80,ABMA20,primary_evaluation,185,1.0073850591713855,1991.868223994422,432.14170986698014,94.12472021159893,144.83470499981195,
w45,80,ABMA20,primary_evaluation,186,1.0073850591713855,1991.868223994422,432.14170986698014,94.12472021159893,145.23869000002742,
w45,80,ABMA20,primary_evaluation,187,1.0073850591713855,1991.868223994422,432.14170986698014,94.12472021159893,145.67075759987347,
w45,80,ABMA20,primary_evaluation,188,1.007019939745213,1991.868223994422,439.82531044340567,91.00532126189592,146.06985890003853,
w45,80,ABMA20,primary_evaluation,189,1.007019939745213,1991.868223994422,439.82531044340567,91.00532126189592,146.5882889998611,
w45,80,ABMA20,primary_evaluation,190,1.0045796482424598,1987.5315977583366,427.0634939293218,101.02590340830974,147.02210509986617,
w45,80,ABMA20,primary_evaluation,191,1.0045796482424598,1987.5315977583366,427.0634939293218,101.02590340830974,147.41228559985757,
w45,80,ABMA20,primary_evaluation,192,1.0045796482424598,1987.5315977583366,427.0634939293218,101.02590340830974,147.7642385000363,
w45,80,ABMA20,primary_evaluation,193,1.0045796482424598,1987.5315977583366,427.0634939293218,101.02590340830974,148.15677789994515,
w45,80,ABMA20,primary_evaluation,194,0.9702849139056945,1975.9022884115575,415.82285291401354,95.589583004537,148.53662509983405,
w45,80,ABMA20,primary_evaluation,195,0.9702849139056945,1975.9022884115575,415.82285291401354,95.589583004537,148.9511714000255,
w45,80,ABMA20,primary_evaluation,196,0.9702849139056945,1975.9022884115575,415.82285291401354,95.589583004537,149.33699600002728,
w45,80,ABMA20,primary_evaluation,197,0.9702849139056945,1975.9022884115575,415.82285291401354,95.589583004537,149.73178539983928,
w45,80,ABMA20,primary_evaluation,198,0.9702849139056945,1975.9022884115575,415.82285291401354,95.589583004537,150.1309989998117,
w45,80,ABMA20,primary_evaluation,199,0.9702849139056945,1975.9022884115575,415.82285291401354,95.589583004537,150.465477099875,
w45,80,ABMA20,primary_evaluation,200,0.9702849139056945,1975.9022884115575,415.82285291401354,95.589583004537,150.85371179995127,
w45,80,ABMA20,primary_evaluation,201,0.9702849139056945,1975.9022884115575,415.82285291401354,95.589583004537,151.27109429985285,
w45,80,ABMA20,primary_evaluation,202,0.9702849139056945,1975.9022884115575,415.82285291401354,95.589583004537,151.61359239998274,
w45,80,ABMA20,primary_evaluation,203,0.9702849139056945,1975.9022884115575,415.82285291401354,95.589583004537,151.99623489985242,
w45,80,ABMA20,primary_evaluation,204,0.9702849139056945,1975.9022884115575,415.82285291401354,95.589583004537,152.39703510003164,
w45,80,ABMA20,primary_evaluation,205,0.9702849139056945,1975.9022884115575,415.82285291401354,95.589583004537,152.79685599985532,
w45,80,ABMA20,primary_evaluation,206,0.9702849139056945,1975.9022884115575,415.82285291401354,95.589583004537,153.2558140999172,
w45,80,ABMA20,primary_evaluation,207,0.9702849139056945,1975.9022884115575,415.82285291401354,95.589583004537,153.66716189985164,
w45,80,ABMA20,primary_evaluation,208,0.9702849139056945,1975.9022884115575,415.82285291401354,95.589583004537,154.01777979987673,
w45,80,ABMA20,primary_evaluation,209,0.9702849139056945,1975.9022884115575,415.82285291401354,95.589583004537,154.36712919990532,
w45,80,ABMA20,primary_evaluation,210,0.9702849139056945,1975.9022884115575,415.82285291401354,95.589583004537,154.77255639992654,
w45,80,ABMA20,primary_evaluation,211,0.9702849139056945,1975.9022884115575,415.82285291401354,95.589583004537,155.1838781000115,
w45,80,ABMA20,primary_evaluation,212,0.9702849139056945,1975.9022884115575,415.82285291401354,95.589583004537,155.57619729987346,
w45,80,ABMA20,primary_evaluation,213,0.9702849139056945,1975.9022884115575,415.82285291401354,95.589583004537,155.96166799985804,
w45,80,ABMA20,primary_evaluation,214,0.9702849139056945,1975.9022884115575,415.82285291401354,95.589583004537,156.33463539998047,
w45,80,ABMA20,primary_evaluation,215,0.9702849139056945,1975.9022884115575,415.82285291401354,95.589583004537,156.78399289981462,
w45,80,ABMA20,primary_evaluation,216,0.9702849139056945,1975.9022884115575,415.82285291401354,95.589583004537,157.27419929997995,
w45,80,ABMA20,primary_evaluation,217,0.9680303875252063,1975.0891777909983,415.7202481837826,95.08358830429913,157.68617559992708,
w45,80,ABMA20,primary_evaluation,218,0.9680303875252063,1975.0891777909983,415.7202481837826,95.08358830429913,158.03000209992751,
w45,80,ABMA20,primary_evaluation,219,0.9680303875252063,1975.0891777909983,415.7202481837826,95.08358830429913,158.41531970002688,
w45,80,ABMA20,primary_evaluation,220,0.9680303875252063,1975.0891777909983,415.7202481837826,95.08358830429913,158.7434634999372,
w45,80,ABMA20,primary_evaluation,221,0.9680303875252063,1975.0891777909983,415.7202481837826,95.08358830429913,159.13359309989028,
w45,80,ABMA20,primary_evaluation,222,0.9680303875252063,1975.0891777909983,415.7202481837826,95.08358830429913,159.5740938000381,
w45,80,ABMA20,primary_evaluation,223,0.9680303875252063,1975.0891777909983,415.7202481837826,95.08358830429913,159.93356829998083,
w45,80,ABMA20,primary_evaluation,224,0.9680303875252063,1975.0891777909983,415.7202481837826,95.08358830429913,160.38134490000084,
w45,80,ABMA20,primary_evaluation,225,0.9680303875252063,1975.0891777909983,415.7202481837826,95.08358830429913,160.7855159000028,
w45,80,ABMA20,primary_evaluation,226,0.9680303875252063,1975.0891777909983,415.7202481837826,95.08358830429913,161.14477709983476,
w45,80,ABMA20,primary_evaluation,227,0.9680303875252063,1975.0891777909983,415.7202481837826,95.08358830429913,161.53098849998787,
w45,80,ABMA20,primary_evaluation,228,0.9680303875252063,1975.0891777909983,415.7202481837826,95.08358830429913,161.9337891000323,
w45,80,ABMA20,primary_evaluation,229,0.9680153994676615,1975.0891777909983,419.8254886953355,93.57216096884646,162.3481919998303,
w45,80,ABMA20,primary_evaluation,230,0.9672441656402135,1974.759046957762,416.2194169944005,94.79204182583378,162.69970340002328,
w45,80,ABMA20,primary_evaluation,231,0.9672441656402135,1974.759046957762,416.2194169944005,94.79204182583378,163.02217629994266,
w45,80,ABMA20,primary_evaluation,232,0.9672441656402135,1974.759046957762,416.2194169944005,94.79204182583378,163.44985299999826,
w45,80,ABMA20,primary_evaluation,233,0.9672441656402135,1974.759046957762,416.2194169944005,94.79204182583378,163.81307939998806,
w45,80,ABMA20,primary_evaluation,234,0.9672441656402135,1974.759046957762,416.2194169944005,94.79204182583378,164.2547581999097,
w45,80,ABMA20,primary_evaluation,235,0.9672441656402135,1974.759046957762,416.2194169944005,94.79204182583378,164.6256273998879,
w45,80,ABMA20,primary_evaluation,236,0.9672441656402135,1974.759046957762,416.2194169944005,94.79204182583378,165.06081689987332,
w45,80,ABMA20,primary_evaluation,237,0.9672441656402135,1974.759046957762,416.2194169944005,94.79204182583378,165.3703920999542,
w45,80,ABMA20,primary_evaluation,238,0.9672441656402135,1974.759046957762,416.2194169944005,94.79204182583378,165.75895779998973,
w45,80,ABMA20,primary_evaluation,239,0.9672441656402135,1974.759046957762,416.2194169944005,94.79204182583378,166.07254119985737,
w45,80,ABMA20,primary_evaluation,240,0.9672441656402135,1974.759046957762,416.2194169944005,94.79204182583378,166.40049299993552,
w45,80,ABMA20,primary_evaluation,241,0.9672441656402135,1974.759046957762,416.2194169944005,94.79204182583378,166.77974269981496,
w45,80,ABMA20,primary_evaluation,242,0.9672441656402135,1974.759046957762,416.2194169944005,94.79204182583378,167.11144390003756,
w45,80,ABMA20,primary_evaluation,243,0.9672441656402135,1974.759046957762,416.2194169944005,94.79204182583378,167.5288851999212,
w45,80,ABMA20,primary_evaluation,244,0.9672441656402135,1974.759046957762,416.2194169944005,94.79204182583378,167.9007419999689,
w45,80,ABMA20,primary_evaluation,245,0.9672441656402135,1974.759046957762,416.2194169944005,94.79204182583378,168.33046369999647,
w45,80,ABMA20,primary_evaluation,246,0.9672441656402135,1974.759046957762,416.2194169944005,94.79204182583378,168.66809759987518,
w45,80,ABMA20,primary_evaluation,247,0.9672441656402135,1974.759046957762,416.2194169944005,94.79204182583378,168.99587159999646,
w45,80,ABMA20,primary_evaluation,248,0.9672441656402135,1974.759046957762,416.2194169944005,94.79204182583378,169.40641189995222,
w45,80,ABMA20,primary_evaluation,249,0.9672441656402135,1974.759046957762,416.2194169944005,94.79204182583378,169.7741496998351,
w45,80,ABMA20,primary_evaluation,250,0.9672441656402135,1974.759046957762,416.2194169944005,94.79204182583378,170.14160500001162,
w45,80,ABMA20,primary_evaluation,251,0.9672441656402135,1974.759046957762,416.2194169944005,94.79204182583378,170.48864119988866,
w45,80,ABMA20,primary_evaluation,252,0.9672441656402135,1974.759046957762,416.2194169944005,94.79204182583378,170.9480613998603,
w45,80,ABMA20,generation_boundary,12,1.0647108606087805,,,,,0
w45,80,ABMA20,generation_boundary,24,1.0647108606087805,,,,,1
w45,80,ABMA20,generation_boundary,36,1.0219521035917327,,,,,2
w45,80,ABMA20,generation_boundary,48,1.0219521035917327,,,,,3
w45,80,ABMA20,generation_boundary,60,1.0219521035917327,,,,,4
w45,80,ABMA20,generation_boundary,72,1.0219521035917327,,,,,5
w45,80,ABMA20,generation_boundary,84,1.0219521035917327,,,,,6
w45,80,ABMA20,generation_boundary,96,1.0219521035917327,,,,,7
w45,80,ABMA20,generation_boundary,108,1.0219521035917327,,,,,8
w45,80,ABMA20,generation_boundary,120,1.0219521035917327,,,,,9
w45,80,ABMA20,generation_boundary,132,1.0219521035917327,,,,,10
w45,80,ABMA20,generation_boundary,144,1.0075857199781708,,,,,11
w45,80,ABMA20,generation_boundary,156,1.0075857199781708,,,,,12
w45,80,ABMA20,generation_boundary,168,1.0075857199781708,,,,,13
w45,80,ABMA20,generation_boundary,180,1.0075857199781708,,,,,14
w45,80,ABMA20,generation_boundary,192,1.0045796482424598,,,,,15
w45,80,ABMA20,generation_boundary,204,0.9702849139056945,,,,,16
w45,80,ABMA20,generation_boundary,216,0.9702849139056945,,,,,17
w45,80,ABMA20,generation_boundary,228,0.9680303875252063,,,,,18
w45,80,ABMA20,generation_boundary,240,0.9672441656402135,,,,,19
w45,80,ABMA20,generation_boundary,252,0.9672441656402135,,,,,20
w45,80,HGA-budget72,primary_evaluation,1,1.3141029254432202,2054.291681539805,855.5347265786365,96.48086666050142,0.12341310014016926,
w45,80,HGA-budget72,primary_evaluation,2,1.3120925699240733,2054.291681539805,845.0345596225072,98.5809000517273,0.15129690011963248,
w45,80,HGA-budget72,primary_evaluation,3,1.3120925699240733,2054.291681539805,845.0345596225072,98.5809000517273,0.1588401000481099,
w45,80,HGA-budget72,primary_evaluation,4,1.3105845495782849,2054.291681539805,837.158109286629,100.15619011890294,0.15972530003637075,
w45,80,HGA-budget72,primary_evaluation,5,1.3090584974754302,2054.291681539805,829.187478365325,101.75031630316374,0.16761680017225444,
w45,80,HGA-budget72,primary_evaluation,6,1.3090584974754302,2054.291681539805,829.187478365325,101.75031630316374,0.17349259997718036,
w45,80,HGA-budget72,primary_evaluation,7,1.3076109649500023,2054.291681539805,821.6269583246351,103.26242031130172,0.1741679001133889,
w45,80,HGA-budget72,primary_evaluation,8,1.3076109649500023,2054.291681539805,821.6269583246351,103.26242031130172,0.18251490010879934,
w45,80,HGA-budget72,primary_evaluation,9,1.3076109649500023,2054.291681539805,821.6269583246351,103.26242031130172,0.1830643001012504,
w45,80,HGA-budget72,primary_evaluation,10,1.3076109649500023,2054.291681539805,821.6269583246351,103.26242031130172,0.1837125001475215,
w45,80,HGA-budget72,primary_evaluation,11,1.3063681937146536,2054.291681539805,815.1359146584016,104.56062904454843,0.18436189997009933,
w45,80,HGA-budget72,primary_evaluation,12,1.3063681937146536,2054.291681539805,815.1359146584016,104.56062904454843,0.1910658001434058,
w45,80,HGA-budget72,primary_evaluation,13,1.3063681937146536,2054.291681539805,815.1359146584016,104.56062904454843,0.19172550016082823,
w45,80,HGA-budget72,primary_evaluation,14,1.3063681937146536,2054.291681539805,815.1359146584016,104.56062904454843,0.19237340008839965,
w45,80,HGA-budget72,primary_evaluation,15,1.3063681937146536,2054.291681539805,815.1359146584016,104.56062904454843,0.1929042001720518,
w45,80,HGA-budget72,primary_evaluation,16,1.3037692933160006,2054.291681539805,801.5617543527708,107.2754611056746,0.19384120008908212,
w45,80,HGA-budget72,primary_evaluation,17,1.3027562920005624,2054.291681539805,796.270808130784,108.33365035007195,0.20092019997537136,
w45,80,HGA-budget72,primary_evaluation,18,1.3027562920005624,2054.291681539805,796.270808130784,108.33365035007195,0.20695709995925426,
w45,80,HGA-budget72,primary_evaluation,19,1.3027562920005624,2054.291681539805,796.270808130784,108.33365035007195,0.20761630008928478,
w45,80,HGA-budget72,primary_evaluation,20,1.3027562920005624,2054.291681539805,796.270808130784,108.33365035007195,0.20827349997125566,
w45,80,HGA-budget72,primary_evaluation,21,1.3027562920005624,2054.291681539805,796.270808130784,108.33365035007195,0.2089055001270026,
w45,80,HGA-budget72,primary_evaluation,22,1.3015065997978397,2054.291681539805,789.743615976269,109.63908878097496,0.2095930001232773,
w45,80,HGA-budget72,primary_evaluation,23,1.3015065997978397,2054.291681539805,789.743615976269,109.63908878097496,0.21684090001508594,
w45,80,HGA-budget72,primary_evaluation,24,1.3015065997978397,2054.291681539805,789.743615976269,109.63908878097496,0.21749910013750196,
w45,80,HGA-budget72,primary_evaluation,25,1.3015065997978397,2054.291681539805,789.743615976269,109.63908878097496,0.21814820007421076,
w45,80,HGA-budget72,primary_evaluation,26,1.3015065997978397,2054.291681539805,789.743615976269,109.63908878097496,0.2187910999637097,
w45,80,HGA-budget72,primary_evaluation,27,1.3015065997978397,2054.291681539805,789.743615976269,109.63908878097496,0.21932350005954504,
w45,80,HGA-budget72,primary_evaluation,28,1.2967427992854221,2054.291681539805,764.8620961407585,114.61539274807708,0.21997870015911758,
w45,80,HGA-budget72,primary_evaluation,29,1.2967427992854221,2054.291681539805,764.8620961407585,114.61539274807708,0.22652370017021894,
w45,80,HGA-budget72,primary_evaluation,30,1.2944715374262743,2054.291681539805,752.9992049779751,116.98797098063376,0.22776559996418655,
w45,80,HGA-budget72,primary_evaluation,31,1.2944715374262743,2054.291681539805,752.9992049779751,116.98797098063376,0.23464890010654926,
w45,80,HGA-budget72,primary_evaluation,32,1.2944715374262743,2054.291681539805,752.9992049779751,116.98797098063376,0.23517550015822053,
w45,80,HGA-budget72,primary_evaluation,33,1.2930133082997843,2054.291681539805,745.3828161638539,118.511248743458,0.23576930002309382,
w45,80,HGA-budget72,primary_evaluation,34,1.2930133082997843,2054.291681539805,745.3828161638539,118.511248743458,0.24185920017771423,
w45,80,HGA-budget72,primary_evaluation,35,1.2930133082997843,2054.291681539805,745.3828161638539,118.511248743458,0.24253090005367994,
w45,80,HGA-budget72,primary_evaluation,36,1.2930133082997843,2054.291681539805,745.3828161638539,118.511248743458,0.24305110005661845,
w45,80,HGA-budget72,primary_evaluation,37,1.2930133082997843,2054.291681539805,745.3828161638539,118.511248743458,0.24435880011878908,
w45,80,HGA-budget72,primary_evaluation,38,1.2930133082997843,2054.291681539805,745.3828161638539,118.511248743458,0.24562840000726283,
w45,80,HGA-budget72,primary_evaluation,39,1.2927946310970257,2054.291681539805,744.2406564231542,118.73968069159794,0.24651150009594858,
w45,80,HGA-budget72,primary_evaluation,40,1.2927946310970257,2054.291681539805,744.2406564231542,118.73968069159794,0.25220170011743903,
w45,80,HGA-budget72,primary_evaluation,41,1.2927946310970257,2054.291681539805,744.2406564231542,118.73968069159794,0.2527907001785934,
w45,80,HGA-budget72,primary_evaluation,42,1.2927946310970257,2054.291681539805,744.2406564231542,118.73968069159794,0.2534581001382321,
w45,80,HGA-budget72,primary_evaluation,43,1.2927946310970257,2054.291681539805,744.2406564231542,118.73968069159794,0.254032300086692,
w45,80,HGA-budget72,primary_evaluation,44,1.2927946310970257,2054.291681539805,744.2406564231542,118.73968069159794,0.2546263001859188,
w45,80,HGA-budget72,primary_evaluation,45,1.2927946310970257,2054.291681539805,744.2406564231542,118.73968069159794,0.25514889997430146,
w45,80,HGA-budget72,primary_evaluation,46,1.2879090562289461,2054.291681539805,718.7231042773137,123.84319112076604,0.2557638001162559,
w45,80,HGA-budget72,primary_evaluation,47,1.2879090562289461,2054.291681539805,718.7231042773137,123.84319112076604,0.2621451001614332,
w45,80,HGA-budget72,primary_evaluation,48,1.2873715922470146,2054.291681539805,715.9159084905796,124.40463027811283,0.26320140017196536,
w45,80,HGA-budget72,primary_evaluation,49,1.2873715922470146,2054.291681539805,715.9159084905796,124.40463027811283,0.26897020009346306,
w45,80,HGA-budget72,primary_evaluation,50,1.2873715922470146,2054.291681539805,715.9159084905796,124.40463027811283,0.269456900190562,
w45,80,HGA-budget72,primary_evaluation,51,1.2873715922470146,2054.291681539805,715.9159084905796,124.40463027811283,0.27003680006600916,
w45,80,HGA-budget72,primary_evaluation,52,1.2856286435346753,2054.291681539805,706.8124179381721,126.22532838859438,0.2706558001227677,
w45,80,HGA-budget72,primary_evaluation,53,1.2856286435346753,2054.291681539805,706.8124179381721,126.22532838859438,0.27686940017156303,
w45,80,HGA-budget72,primary_evaluation,54,1.2856286435346753,2054.291681539805,706.8124179381721,126.22532838859438,0.27806819998659194,
w45,80,HGA-budget72,primary_evaluation,55,1.2856286435346753,2054.291681539805,706.8124179381721,126.22532838859438,0.2788562001660466,
w45,80,HGA-budget72,primary_evaluation,56,1.2856286435346753,2054.291681539805,706.8124179381721,126.22532838859438,0.2795290001668036,
w45,80,HGA-budget72,primary_evaluation,57,1.2856286435346753,2054.291681539805,706.8124179381721,126.22532838859438,0.28077670000493526,
w45,80,HGA-budget72,primary_evaluation,58,1.2856286435346753,2054.291681539805,706.8124179381721,126.22532838859438,0.28161740000359714,
w45,80,HGA-budget72,primary_evaluation,59,1.2856286435346753,2054.291681539805,706.8124179381721,126.22532838859438,0.28227640013210475,
w45,80,HGA-budget72,primary_evaluation,60,1.2830279618746363,2054.291681539805,693.2289540333691,128.94202116955492,0.2829001999925822,
w45,80,HGA-budget72,primary_evaluation,61,1.2827317576467838,2054.291681539805,691.681867552426,129.25143846574355,0.28842330002225935,
w45,80,HGA-budget72,primary_evaluation,62,1.2827317576467838,2054.291681539805,691.681867552426,129.25143846574355,0.2952177000697702,
w45,80,HGA-budget72,primary_evaluation,63,1.2827317576467838,2054.291681539805,691.681867552426,129.25143846574355,0.29631690005771816,
w45,80,HGA-budget72,primary_evaluation,64,1.2827317576467838,2054.291681539805,691.681867552426,129.25143846574355,0.2975827001500875,
w45,80,HGA-budget72,primary_evaluation,65,1.2827317576467838,2054.291681539805,691.681867552426,129.25143846574355,0.29919120017439127,
w45,80,HGA-budget72,primary_evaluation,66,1.2827317576467838,2054.291681539805,691.681867552426,129.25143846574355,0.299838500097394,
w45,80,HGA-budget72,primary_evaluation,67,1.2827317576467838,2054.291681539805,691.681867552426,129.25143846574355,0.30043560010381043,
w45,80,HGA-budget72,primary_evaluation,68,1.2827317576467838,2054.291681539805,691.681867552426,129.25143846574355,0.30103290011174977,
w45,80,HGA-budget72,primary_evaluation,69,1.2799359830180124,2054.291681539805,677.0794253006845,132.17192691609185,0.30162420007400215,
w45,80,HGA-budget72,primary_evaluation,70,1.2799359830180124,2054.291681539805,677.0794253006845,132.17192691609185,0.3070479000452906,
w45,80,HGA-budget72,primary_evaluation,71,1.2799359830180124,2054.291681539805,677.0794253006845,132.17192691609185,0.30763990012928843,
w45,80,HGA-budget72,primary_evaluation,72,1.2799359830180124,2054.291681539805,677.0794253006845,132.17192691609185,0.3082123000640422,
w45,80,HGA-budget72,generation_boundary,12,1.3141029254432202,,,,,0
w45,80,HGA-budget252,primary_evaluation,1,1.3141029254432202,2054.291681539805,855.5347265786365,96.48086666050142,0.1116610998287797,
w45,80,HGA-budget252,primary_evaluation,2,1.3120925699240733,2054.291681539805,845.0345596225072,98.5809000517273,0.13392439996823668,
w45,80,HGA-budget252,primary_evaluation,3,1.3120925699240733,2054.291681539805,845.0345596225072,98.5809000517273,0.13944069994613528,
w45,80,HGA-budget252,primary_evaluation,4,1.3105845495782849,2054.291681539805,837.158109286629,100.15619011890294,0.14004269987344742,
w45,80,HGA-budget252,primary_evaluation,5,1.3090584974754302,2054.291681539805,829.187478365325,101.75031630316374,0.1454131999053061,
w45,80,HGA-budget252,primary_evaluation,6,1.3090584974754302,2054.291681539805,829.187478365325,101.75031630316374,0.15198779990896583,
w45,80,HGA-budget252,primary_evaluation,7,1.3076109649500023,2054.291681539805,821.6269583246351,103.26242031130172,0.15275929984636605,
w45,80,HGA-budget252,primary_evaluation,8,1.3076109649500023,2054.291681539805,821.6269583246351,103.26242031130172,0.15829159994609654,
w45,80,HGA-budget252,primary_evaluation,9,1.3076109649500023,2054.291681539805,821.6269583246351,103.26242031130172,0.1587844998575747,
w45,80,HGA-budget252,primary_evaluation,10,1.3076109649500023,2054.291681539805,821.6269583246351,103.26242031130172,0.15938059985637665,
w45,80,HGA-budget252,primary_evaluation,11,1.3063681937146536,2054.291681539805,815.1359146584016,104.56062904454843,0.15996199985966086,
w45,80,HGA-budget252,primary_evaluation,12,1.3063681937146536,2054.291681539805,815.1359146584016,104.56062904454843,0.16562799992971122,
w45,80,HGA-budget252,primary_evaluation,13,1.3063681937146536,2054.291681539805,815.1359146584016,104.56062904454843,0.16632779990322888,
w45,80,HGA-budget252,primary_evaluation,14,1.3063681937146536,2054.291681539805,815.1359146584016,104.56062904454843,0.16704769991338253,
w45,80,HGA-budget252,primary_evaluation,15,1.3063681937146536,2054.291681539805,815.1359146584016,104.56062904454843,0.1677692998200655,
w45,80,HGA-budget252,primary_evaluation,16,1.3037692933160006,2054.291681539805,801.5617543527708,107.2754611056746,0.16842789994552732,
w45,80,HGA-budget252,primary_evaluation,17,1.3027562920005624,2054.291681539805,796.270808130784,108.33365035007195,0.1740671000443399,
w45,80,HGA-budget252,primary_evaluation,18,1.3027562920005624,2054.291681539805,796.270808130784,108.33365035007195,0.1793535000178963,
w45,80,HGA-budget252,primary_evaluation,19,1.3027562920005624,2054.291681539805,796.270808130784,108.33365035007195,0.1799462998751551,
w45,80,HGA-budget252,primary_evaluation,20,1.3027562920005624,2054.291681539805,796.270808130784,108.33365035007195,0.18053080001845956,
w45,80,HGA-budget252,primary_evaluation,21,1.3027562920005624,2054.291681539805,796.270808130784,108.33365035007195,0.1813661998603493,
w45,80,HGA-budget252,primary_evaluation,22,1.3015065997978397,2054.291681539805,789.743615976269,109.63908878097496,0.18220030004158616,
w45,80,HGA-budget252,primary_evaluation,23,1.3015065997978397,2054.291681539805,789.743615976269,109.63908878097496,0.18886250001378357,
w45,80,HGA-budget252,primary_evaluation,24,1.3015065997978397,2054.291681539805,789.743615976269,109.63908878097496,0.18946499982848763,
w45,80,HGA-budget252,primary_evaluation,25,1.3015065997978397,2054.291681539805,789.743615976269,109.63908878097496,0.19005450000986457,
w45,80,HGA-budget252,primary_evaluation,26,1.3015065997978397,2054.291681539805,789.743615976269,109.63908878097496,0.19064359995536506,
w45,80,HGA-budget252,primary_evaluation,27,1.3015065997978397,2054.291681539805,789.743615976269,109.63908878097496,0.19112279987894,
w45,80,HGA-budget252,primary_evaluation,28,1.2967427992854221,2054.291681539805,764.8620961407585,114.61539274807708,0.19170550000853837,
w45,80,HGA-budget252,primary_evaluation,29,1.2967427992854221,2054.291681539805,764.8620961407585,114.61539274807708,0.19707849994301796,
w45,80,HGA-budget252,primary_evaluation,30,1.2944715374262743,2054.291681539805,752.9992049779751,116.98797098063376,0.1978028998710215,
w45,80,HGA-budget252,primary_evaluation,31,1.2944715374262743,2054.291681539805,752.9992049779751,116.98797098063376,0.203943399945274,
w45,80,HGA-budget252,primary_evaluation,32,1.2944715374262743,2054.291681539805,752.9992049779751,116.98797098063376,0.20444849994964898,
w45,80,HGA-budget252,primary_evaluation,33,1.2930133082997843,2054.291681539805,745.3828161638539,118.511248743458,0.20503449998795986,
w45,80,HGA-budget252,primary_evaluation,34,1.2930133082997843,2054.291681539805,745.3828161638539,118.511248743458,0.21051090001128614,
w45,80,HGA-budget252,primary_evaluation,35,1.2930133082997843,2054.291681539805,745.3828161638539,118.511248743458,0.2111223000101745,
w45,80,HGA-budget252,primary_evaluation,36,1.2930133082997843,2054.291681539805,745.3828161638539,118.511248743458,0.2116056999657303,
w45,80,HGA-budget252,primary_evaluation,37,1.2930133082997843,2054.291681539805,745.3828161638539,118.511248743458,0.21218999987468123,
w45,80,HGA-budget252,primary_evaluation,38,1.2930133082997843,2054.291681539805,745.3828161638539,118.511248743458,0.21276699984446168,
w45,80,HGA-budget252,primary_evaluation,39,1.2927946310970257,2054.291681539805,744.2406564231542,118.73968069159794,0.21335219987668097,
w45,80,HGA-budget252,primary_evaluation,40,1.2927946310970257,2054.291681539805,744.2406564231542,118.73968069159794,0.22050759987905622,
w45,80,HGA-budget252,primary_evaluation,41,1.2927946310970257,2054.291681539805,744.2406564231542,118.73968069159794,0.22119720000773668,
w45,80,HGA-budget252,primary_evaluation,42,1.2927946310970257,2054.291681539805,744.2406564231542,118.73968069159794,0.22196160000748932,
w45,80,HGA-budget252,primary_evaluation,43,1.2927946310970257,2054.291681539805,744.2406564231542,118.73968069159794,0.22260789992287755,
w45,80,HGA-budget252,primary_evaluation,44,1.2927946310970257,2054.291681539805,744.2406564231542,118.73968069159794,0.22324439999647439,
w45,80,HGA-budget252,primary_evaluation,45,1.2927946310970257,2054.291681539805,744.2406564231542,118.73968069159794,0.22376760002225637,
w45,80,HGA-budget252,primary_evaluation,46,1.2879090562289461,2054.291681539805,718.7231042773137,123.84319112076604,0.22440439998172224,
w45,80,HGA-budget252,primary_evaluation,47,1.2879090562289461,2054.291681539805,718.7231042773137,123.84319112076604,0.23006249987520278,
w45,80,HGA-budget252,primary_evaluation,48,1.2873715922470146,2054.291681539805,715.9159084905796,124.40463027811283,0.23072939994744956,
w45,80,HGA-budget252,primary_evaluation,49,1.2873715922470146,2054.291681539805,715.9159084905796,124.40463027811283,0.23827650002203882,
w45,80,HGA-budget252,primary_evaluation,50,1.2873715922470146,2054.291681539805,715.9159084905796,124.40463027811283,0.2387718998361379,
w45,80,HGA-budget252,primary_evaluation,51,1.2873715922470146,2054.291681539805,715.9159084905796,124.40463027811283,0.23936169990338385,
w45,80,HGA-budget252,primary_evaluation,52,1.2856286435346753,2054.291681539805,706.8124179381721,126.22532838859438,0.23996469983831048,
w45,80,HGA-budget252,primary_evaluation,53,1.2856286435346753,2054.291681539805,706.8124179381721,126.22532838859438,0.24535569990985096,
w45,80,HGA-budget252,primary_evaluation,54,1.2856286435346753,2054.291681539805,706.8124179381721,126.22532838859438,0.24594069994054735,
w45,80,HGA-budget252,primary_evaluation,55,1.2856286435346753,2054.291681539805,706.8124179381721,126.22532838859438,0.24652329995296896,
w45,80,HGA-budget252,primary_evaluation,56,1.2856286435346753,2054.291681539805,706.8124179381721,126.22532838859438,0.2469998998567462,
w45,80,HGA-budget252,primary_evaluation,57,1.2856286435346753,2054.291681539805,706.8124179381721,126.22532838859438,0.24773439997807145,
w45,80,HGA-budget252,primary_evaluation,58,1.2856286435346753,2054.291681539805,706.8124179381721,126.22532838859438,0.24850280000828207,
w45,80,HGA-budget252,primary_evaluation,59,1.2856286435346753,2054.291681539805,706.8124179381721,126.22532838859438,0.24954189988784492,
w45,80,HGA-budget252,primary_evaluation,60,1.2830279618746363,2054.291681539805,693.2289540333691,128.94202116955492,0.2505449999589473,
w45,80,HGA-budget252,primary_evaluation,61,1.2827317576467838,2054.291681539805,691.681867552426,129.25143846574355,0.25627709995023906,
w45,80,HGA-budget252,primary_evaluation,62,1.2827317576467838,2054.291681539805,691.681867552426,129.25143846574355,0.26154169999063015,
w45,80,HGA-budget252,primary_evaluation,63,1.2827317576467838,2054.291681539805,691.681867552426,129.25143846574355,0.26212870003655553,
w45,80,HGA-budget252,primary_evaluation,64,1.2827317576467838,2054.291681539805,691.681867552426,129.25143846574355,0.26272600004449487,
w45,80,HGA-budget252,primary_evaluation,65,1.2827317576467838,2054.291681539805,691.681867552426,129.25143846574355,0.26340009993873537,
w45,80,HGA-budget252,primary_evaluation,66,1.2827317576467838,2054.291681539805,691.681867552426,129.25143846574355,0.26399219990707934,
w45,80,HGA-budget252,primary_evaluation,67,1.2827317576467838,2054.291681539805,691.681867552426,129.25143846574355,0.2646713999565691,
w45,80,HGA-budget252,primary_evaluation,68,1.2827317576467838,2054.291681539805,691.681867552426,129.25143846574355,0.2652711998671293,
w45,80,HGA-budget252,primary_evaluation,69,1.2799359830180124,2054.291681539805,677.0794253006845,132.17192691609185,0.2658581000287086,
w45,80,HGA-budget252,primary_evaluation,70,1.2799359830180124,2054.291681539805,677.0794253006845,132.17192691609185,0.27205289993435144,
w45,80,HGA-budget252,primary_evaluation,71,1.2799359830180124,2054.291681539805,677.0794253006845,132.17192691609185,0.2726475999224931,
w45,80,HGA-budget252,primary_evaluation,72,1.2799359830180124,2054.291681539805,677.0794253006845,132.17192691609185,0.2732297999318689,
w45,80,HGA-budget252,primary_evaluation,73,1.2799359830180124,2054.291681539805,677.0794253006845,132.17192691609185,0.2738095000386238,
w45,80,HGA-budget252,primary_evaluation,74,1.2799359830180124,2054.291681539805,677.0794253006845,132.17192691609185,0.27439589984714985,
w45,80,HGA-budget252,primary_evaluation,75,1.2799359830180124,2054.291681539805,677.0794253006845,132.17192691609185,0.27497239992953837,
w45,80,HGA-budget252,primary_evaluation,76,1.2799359830180124,2054.291681539805,677.0794253006845,132.17192691609185,0.2755477000027895,
w45,80,HGA-budget252,primary_evaluation,77,1.2799359830180124,2054.291681539805,677.0794253006845,132.17192691609185,0.27601989987306297,
w45,80,HGA-budget252,primary_evaluation,78,1.2796118504164986,2054.291681539805,675.3864678116217,132.5105184139044,0.2765905999112874,
w45,80,HGA-budget252,primary_evaluation,79,1.279067421151495,2054.291681539805,672.5428920739494,133.07923356143888,0.2834049998782575,
w45,80,HGA-budget252,primary_evaluation,80,1.279067421151495,2054.291681539805,672.5428920739494,133.07923356143888,0.28986110002733767,
w45,80,HGA-budget252,primary_evaluation,81,1.279067421151495,2054.291681539805,672.5428920739494,133.07923356143888,0.29035609983839095,
w45,80,HGA-budget252,primary_evaluation,82,1.2759445892645276,2054.291681539805,656.232216734795,136.34136862926977,0.29095369996502995,
w45,80,HGA-budget252,primary_evaluation,83,1.2759445892645276,2054.291681539805,656.232216734795,136.34136862926977,0.2963011998217553,
w45,80,HGA-budget252,primary_evaluation,84,1.2759445892645276,2054.291681539805,656.232216734795,136.34136862926977,0.29690920002758503,
w45,80,HGA-budget252,primary_evaluation,85,1.2759445892645276,2054.291681539805,656.232216734795,136.34136862926977,0.2975212999153882,
w45,80,HGA-budget252,primary_evaluation,86,1.2759445892645276,2054.291681539805,656.232216734795,136.34136862926977,0.298527600010857,
w45,80,HGA-budget252,primary_evaluation,87,1.2759445892645276,2054.291681539805,656.232216734795,136.34136862926977,0.29952709982171655,
w45,80,HGA-budget252,primary_evaluation,88,1.2759445892645276,2054.291681539805,656.232216734795,136.34136862926977,0.30073539982549846,
w45,80,HGA-budget252,primary_evaluation,89,1.2759445892645276,2054.291681539805,656.232216734795,136.34136862926977,0.30142749985679984,
w45,80,HGA-budget252,primary_evaluation,90,1.2759445892645276,2054.291681539805,656.232216734795,136.34136862926977,0.302039299858734,
w45,80,HGA-budget252,primary_evaluation,91,1.2748251842948317,2054.291681539805,650.3855199881837,137.51070797859205,0.3026218998711556,
w45,80,HGA-budget252,primary_evaluation,92,1.2748251842948317,2054.291681539805,650.3855199881837,137.51070797859205,0.3080952998716384,
w45,80,HGA-budget252,primary_evaluation,93,1.2748251842948317,2054.291681539805,650.3855199881837,137.51070797859205,0.3086949000135064,
w45,80,HGA-budget252,primary_evaluation,94,1.2748251842948317,2054.291681539805,650.3855199881837,137.51070797859205,0.30927819991484284,
w45,80,HGA-budget252,primary_evaluation,95,1.2748251842948317,2054.291681539805,650.3855199881837,137.51070797859205,0.3098708000034094,
w45,80,HGA-budget252,primary_evaluation,96,1.2748251842948317,2054.291681539805,650.3855199881837,137.51070797859205,0.3104528998956084,
w45,80,HGA-budget252,primary_evaluation,97,1.2748251842948317,2054.291681539805,650.3855199881837,137.51070797859205,0.31103199999779463,
w45,80,HGA-budget252,primary_evaluation,98,1.2748251842948317,2054.291681539805,650.3855199881837,137.51070797859205,0.3116073999553919,
w45,80,HGA-budget252,primary_evaluation,99,1.2748251842948317,2054.291681539805,650.3855199881837,137.51070797859205,0.3121813000179827,
w45,80,HGA-budget252,primary_evaluation,100,1.2748251842948317,2054.291681539805,650.3855199881837,137.51070797859205,0.31265820004045963,
w45,80,HGA-budget252,primary_evaluation,101,1.2715155174158876,2054.291681539805,633.0989980436307,140.96801236750264,0.3132323999889195,
w45,80,HGA-budget252,primary_evaluation,102,1.2715155174158876,2054.291681539805,633.0989980436307,140.96801236750264,0.3210268998518586,
w45,80,HGA-budget252,primary_evaluation,103,1.2715155174158876,2054.291681539805,633.0989980436307,140.96801236750264,0.32162229996174574,
w45,80,HGA-budget252,primary_evaluation,104,1.2715155174158876,2054.291681539805,633.0989980436307,140.96801236750264,0.32220739987678826,
w45,80,HGA-budget252,primary_evaluation,105,1.270972846527225,2054.291681539805,630.2646063756295,141.53489070110288,0.32279709982685745,
w45,80,HGA-budget252,primary_evaluation,106,1.270972846527225,2054.291681539805,630.2646063756295,141.53489070110288,0.32828000001609325,
w45,80,HGA-budget252,primary_evaluation,107,1.270972846527225,2054.291681539805,630.2646063756295,141.53489070110288,0.32886689994484186,
w45,80,HGA-budget252,primary_evaluation,108,1.270972846527225,2054.291681539805,630.2646063756295,141.53489070110288,0.3294482999481261,
w45,80,HGA-budget252,primary_evaluation,109,1.270972846527225,2054.291681539805,630.2646063756295,141.53489070110288,0.3299236998427659,
w45,80,HGA-budget252,primary_evaluation,110,1.270972846527225,2054.291681539805,630.2646063756295,141.53489070110288,0.33062759996391833,
w45,80,HGA-budget252,primary_evaluation,111,1.2707047448715116,2054.291681539805,628.8643007483947,141.8149518265498,0.33142269984818995,
w45,80,HGA-budget252,primary_evaluation,112,1.2707047448715116,2054.291681539805,628.8643007483947,141.8149518265498,0.3373882998712361,
w45,80,HGA-budget252,primary_evaluation,113,1.2707047448715116,2054.291681539805,628.8643007483947,141.8149518265498,0.3379824999719858,
w45,80,HGA-budget252,primary_evaluation,114,1.2707047448715116,2054.291681539805,628.8643007483947,141.8149518265498,0.33856389997527003,
w45,80,HGA-budget252,primary_evaluation,115,1.2707047448715116,2054.291681539805,628.8643007483947,141.8149518265498,0.33914939989335835,
w45,80,HGA-budget252,primary_evaluation,116,1.2707047448715116,2054.291681539805,628.8643007483947,141.8149518265498,0.33973210002295673,
w45,80,HGA-budget252,primary_evaluation,117,1.2707047448715116,2054.291681539805,628.8643007483947,141.8149518265498,0.34020760003477335,
w45,80,HGA-budget252,primary_evaluation,118,1.2707047448715116,2054.291681539805,628.8643007483947,141.8149518265498,0.3407911998219788,
w45,80,HGA-budget252,primary_evaluation,119,1.2707047448715116,2054.291681539805,628.8643007483947,141.8149518265498,0.34136449988000095,
w45,80,HGA-budget252,primary_evaluation,120,1.2704050083997498,2054.291681539805,627.2987652168099,142.1280589328668,0.3419378998223692,
w45,80,HGA-budget252,primary_evaluation,121,1.2704050083997498,2054.291681539805,627.2987652168099,142.1280589328668,0.34749630000442266,
w45,80,HGA-budget252,primary_evaluation,122,1.2689860508205042,2054.291681539805,619.8874932582726,143.61031332457426,0.3484135000035167,
w45,80,HGA-budget252,primary_evaluation,123,1.2689860508205042,2054.291681539805,619.8874932582726,143.61031332457426,0.35472940001636744,
w45,80,HGA-budget252,primary_evaluation,124,1.2689860508205042,2054.291681539805,619.8874932582726,143.61031332457426,0.3552379999309778,
w45,80,HGA-budget252,primary_evaluation,125,1.2689860508205042,2054.291681539805,619.8874932582726,143.61031332457426,0.35583300003781915,
w45,80,HGA-budget252,primary_evaluation,126,1.2689860508205042,2054.291681539805,619.8874932582726,143.61031332457426,0.35642009996809065,
w45,80,HGA-budget252,primary_evaluation,127,1.2689860508205042,2054.291681539805,619.8874932582726,143.61031332457426,0.35700449999421835,
w45,80,HGA-budget252,primary_evaluation,128,1.266755054151331,2054.291681539805,608.2349087866323,145.9408302189023,0.3576926998794079,
w45,80,HGA-budget252,primary_evaluation,129,1.266755054151331,2054.291681539805,608.2349087866323,145.9408302189023,0.3630982998292893,
w45,80,HGA-budget252,primary_evaluation,130,1.266755054151331,2054.291681539805,608.2349087866323,145.9408302189023,0.36368840001523495,
w45,80,HGA-budget252,primary_evaluation,131,1.266755054151331,2054.291681539805,608.2349087866323,145.9408302189023,0.36443850002251565,
w45,80,HGA-budget252,primary_evaluation,132,1.266755054151331,2054.291681539805,608.2349087866323,145.9408302189023,0.3651564000174403,
w45,80,HGA-budget252,primary_evaluation,133,1.266755054151331,2054.291681539805,608.2349087866323,145.9408302189023,0.36586209991946816,
w45,80,HGA-budget252,primary_evaluation,134,1.266755054151331,2054.291681539805,608.2349087866323,145.9408302189023,0.36640499997884035,
w45,80,HGA-budget252,primary_evaluation,135,1.266755054151331,2054.291681539805,608.2349087866323,145.9408302189023,0.3670808000024408,
w45,80,HGA-budget252,primary_evaluation,136,1.266755054151331,2054.291681539805,608.2349087866323,145.9408302189023,0.3677320999559015,
w45,80,HGA-budget252,primary_evaluation,137,1.266755054151331,2054.291681539805,608.2349087866323,145.9408302189023,0.3683382000308484,
w45,80,HGA-budget252,primary_evaluation,138,1.266542385152763,2054.291681539805,607.1241301357481,146.16298594907911,0.3689200999215245,
w45,80,HGA-budget252,primary_evaluation,139,1.266542385152763,2054.291681539805,607.1241301357481,146.16298594907911,0.3743234998546541,
w45,80,HGA-budget252,primary_evaluation,140,1.266542385152763,2054.291681539805,607.1241301357481,146.16298594907911,0.37491499981842935,
w45,80,HGA-budget252,primary_evaluation,141,1.266542385152763,2054.291681539805,607.1241301357481,146.16298594907911,0.37549589993432164,
w45,80,HGA-budget252,primary_evaluation,142,1.266542385152763,2054.291681539805,607.1241301357481,146.16298594907911,0.37607240001671016,
w45,80,HGA-budget252,primary_evaluation,143,1.266542385152763,2054.291681539805,607.1241301357481,146.16298594907911,0.3766560999210924,
w45,80,HGA-budget252,primary_evaluation,144,1.266542385152763,2054.291681539805,607.1241301357481,146.16298594907911,0.3773224998731166,
w45,80,HGA-budget252,primary_evaluation,145,1.266542385152763,2054.291681539805,607.1241301357481,146.16298594907911,0.37789490004070103,
w45,80,HGA-budget252,primary_evaluation,146,1.266542385152763,2054.291681539805,607.1241301357481,146.16298594907911,0.3784696999937296,
w45,80,HGA-budget252,primary_evaluation,147,1.266542385152763,2054.291681539805,607.1241301357481,146.16298594907911,0.3790402999147773,
w45,80,HGA-budget252,primary_evaluation,148,1.266542385152763,2054.291681539805,607.1241301357481,146.16298594907911,0.3795167999342084,
w45,80,HGA-budget252,primary_evaluation,149,1.2645294597796888,2054.291681539805,596.6105407301891,148.26570383019092,0.38009139988571405,
w45,80,HGA-budget252,primary_evaluation,150,1.2645294597796888,2054.291681539805,596.6105407301891,148.26570383019092,0.38717839983291924,
w45,80,HGA-budget252,primary_evaluation,151,1.2645294597796888,2054.291681539805,596.6105407301891,148.26570383019092,0.38778309989720583,
w45,80,HGA-budget252,primary_evaluation,152,1.2645294597796888,2054.291681539805,596.6105407301891,148.26570383019092,0.3883706999476999,
w45,80,HGA-budget252,primary_evaluation,153,1.263893158950452,2054.291681539805,593.2871161529561,148.93038874563757,0.38896659994497895,
w45,80,HGA-budget252,primary_evaluation,154,1.263893158950452,2054.291681539805,593.2871161529561,148.93038874563757,0.39436439983546734,
w45,80,HGA-budget252,primary_evaluation,155,1.263893158950452,2054.291681539805,593.2871161529561,148.93038874563757,0.3949523998890072,
w45,80,HGA-budget252,primary_evaluation,156,1.263893158950452,2054.291681539805,593.2871161529561,148.93038874563757,0.395536300027743,
w45,80,HGA-budget252,primary_evaluation,157,1.263893158950452,2054.291681539805,593.2871161529561,148.93038874563757,0.3960176999680698,
w45,80,HGA-budget252,primary_evaluation,158,1.263893158950452,2054.291681539805,593.2871161529561,148.93038874563757,0.3965982999652624,
w45,80,HGA-budget252,primary_evaluation,159,1.2637622842000926,2054.291681539805,592.6035521186209,149.06710155250457,0.39725639997050166,
w45,80,HGA-budget252,primary_evaluation,160,1.2637622842000926,2054.291681539805,592.6035521186209,149.06710155250457,0.40356969996355474,
w45,80,HGA-budget252,primary_evaluation,161,1.2637622842000926,2054.291681539805,592.6035521186209,149.06710155250457,0.40417389990761876,
w45,80,HGA-budget252,primary_evaluation,162,1.2637622842000926,2054.291681539805,592.6035521186209,149.06710155250457,0.4047764998394996,
w45,80,HGA-budget252,primary_evaluation,163,1.2637622842000926,2054.291681539805,592.6035521186209,149.06710155250457,0.4053553999401629,
w45,80,HGA-budget252,primary_evaluation,164,1.2637622842000926,2054.291681539805,592.6035521186209,149.06710155250457,0.4059323000255972,
w45,80,HGA-budget252,primary_evaluation,165,1.2637622842000926,2054.291681539805,592.6035521186209,149.06710155250457,0.4064062999095768,
w45,80,HGA-budget252,primary_evaluation,166,1.2637622842000926,2054.291681539805,592.6035521186209,149.06710155250457,0.40709719993174076,
w45,80,HGA-budget252,primary_evaluation,167,1.2637622842000926,2054.291681539805,592.6035521186209,149.06710155250457,0.40768119995482266,
w45,80,HGA-budget252,primary_evaluation,168,1.2637622842000926,2054.291681539805,592.6035521186209,149.06710155250457,0.4082577999215573,
w45,80,HGA-budget252,primary_evaluation,169,1.2635944585055774,2054.291681539805,591.7269918310726,149.24241361001424,0.4088343000039458,
w45,80,HGA-budget252,primary_evaluation,170,1.2635944585055774,2054.291681539805,591.7269918310726,149.24241361001424,0.4142755998764187,
w45,80,HGA-budget252,primary_evaluation,171,1.2635944585055774,2054.291681539805,591.7269918310726,149.24241361001424,0.415301299886778,
w45,80,HGA-budget252,primary_evaluation,172,1.2635944585055774,2054.291681539805,591.7269918310726,149.24241361001424,0.4165979998651892,
w45,80,HGA-budget252,primary_evaluation,173,1.2635944585055774,2054.291681539805,591.7269918310726,149.24241361001424,0.4178314998280257,
w45,80,HGA-budget252,primary_evaluation,174,1.2635944585055774,2054.291681539805,591.7269918310726,149.24241361001424,0.41869489988312125,
w45,80,HGA-budget252,primary_evaluation,175,1.2635944585055774,2054.291681539805,591.7269918310726,149.24241361001424,0.4193094000220299,
w45,80,HGA-budget252,primary_evaluation,176,1.2635944585055774,2054.291681539805,591.7269918310726,149.24241361001424,0.4199138998519629,
w45,80,HGA-budget252,primary_evaluation,177,1.2635944585055774,2054.291681539805,591.7269918310726,149.24241361001424,0.42048670002259314,
w45,80,HGA-budget252,primary_evaluation,178,1.2635944585055774,2054.291681539805,591.7269918310726,149.24241361001424,0.42106830002740026,
w45,80,HGA-budget252,primary_evaluation,179,1.2635944585055774,2054.291681539805,591.7269918310726,149.24241361001424,0.4215404000133276,
w45,80,HGA-budget252,primary_evaluation,180,1.2635944585055774,2054.291681539805,591.7269918310726,149.24241361001424,0.4221110998187214,
w45,80,HGA-budget252,primary_evaluation,181,1.2635944585055774,2054.291681539805,591.7269918310726,149.24241361001424,0.42282989993691444,
w45,80,HGA-budget252,primary_evaluation,182,1.2635944585055774,2054.291681539805,591.7269918310726,149.24241361001424,0.42341089993715286,
w45,80,HGA-budget252,primary_evaluation,183,1.2625984917467161,2054.291681539805,586.5250177766341,150.28280842090197,0.42398329987190664,
w45,80,HGA-budget252,primary_evaluation,184,1.2625984917467161,2054.291681539805,586.5250177766341,150.28280842090197,0.42939009983092546,
w45,80,HGA-budget252,primary_evaluation,185,1.2625984917467161,2054.291681539805,586.5250177766341,150.28280842090197,0.42997929989360273,
w45,80,HGA-budget252,primary_evaluation,186,1.2625984917467161,2054.291681539805,586.5250177766341,150.28280842090197,0.43056009989231825,
w45,80,HGA-budget252,primary_evaluation,187,1.2625984917467161,2054.291681539805,586.5250177766341,150.28280842090197,0.43161530001088977,
w45,80,HGA-budget252,primary_evaluation,188,1.2625984917467161,2054.291681539805,586.5250177766341,150.28280842090197,0.4322967999614775,
w45,80,HGA-budget252,primary_evaluation,189,1.2625984917467161,2054.291681539805,586.5250177766341,150.28280842090197,0.43300169985741377,
w45,80,HGA-budget252,primary_evaluation,190,1.2625984917467161,2054.291681539805,586.5250177766341,150.28280842090197,0.4336702998261899,
w45,80,HGA-budget252,primary_evaluation,191,1.2625984917467161,2054.291681539805,586.5250177766341,150.28280842090197,0.43433699989691377,
w45,80,HGA-budget252,primary_evaluation,192,1.2625984917467161,2054.291681539805,586.5250177766341,150.28280842090197,0.43492789985612035,
w45,80,HGA-budget252,primary_evaluation,193,1.2625984917467161,2054.291681539805,586.5250177766341,150.28280842090197,0.43550659995526075,
w45,80,HGA-budget252,primary_evaluation,194,1.2625984917467161,2054.291681539805,586.5250177766341,150.28280842090197,0.43607349996455014,
w45,80,HGA-budget252,primary_evaluation,195,1.2625984917467161,2054.291681539805,586.5250177766341,150.28280842090197,0.43677239981479943,
w45,80,HGA-budget252,primary_evaluation,196,1.2625984917467161,2054.291681539805,586.5250177766341,150.28280842090197,0.43735169991850853,
w45,80,HGA-budget252,primary_evaluation,197,1.2625984917467161,2054.291681539805,586.5250177766341,150.28280842090197,0.43782150000333786,
w45,80,HGA-budget252,primary_evaluation,198,1.2625984917467161,2054.291681539805,586.5250177766341,150.28280842090197,0.43839319981634617,
w45,80,HGA-budget252,primary_evaluation,199,1.2625984917467161,2054.291681539805,586.5250177766341,150.28280842090197,0.4389601999428123,
w45,80,HGA-budget252,primary_evaluation,200,1.2625984917467161,2054.291681539805,586.5250177766341,150.28280842090197,0.4395790998823941,
w45,80,HGA-budget252,primary_evaluation,201,1.2624488601019141,2054.291681539805,585.743485735471,150.43911482913458,0.4401589999906719,
w45,80,HGA-budget252,primary_evaluation,202,1.2624488601019141,2054.291681539805,585.743485735471,150.43911482913458,0.44555629999376833,
w45,80,HGA-budget252,primary_evaluation,203,1.2624488601019141,2054.291681539805,585.743485735471,150.43911482913458,0.44614569982513785,
w45,80,HGA-budget252,primary_evaluation,204,1.2624488601019141,2054.291681539805,585.743485735471,150.43911482913458,0.4468127000145614,
w45,80,HGA-budget252,primary_evaluation,205,1.2624488601019141,2054.291681539805,585.743485735471,150.43911482913458,0.44808629993349314,
w45,80,HGA-budget252,primary_evaluation,206,1.2624488601019141,2054.291681539805,585.743485735471,150.43911482913458,0.4489213000051677,
w45,80,HGA-budget252,primary_evaluation,207,1.2624488601019141,2054.291681539805,585.743485735471,150.43911482913458,0.44973189989104867,
w45,80,HGA-budget252,primary_evaluation,208,1.2624488601019141,2054.291681539805,585.743485735471,150.43911482913458,0.4504243000410497,
w45,80,HGA-budget252,primary_evaluation,209,1.2624488601019141,2054.291681539805,585.743485735471,150.43911482913458,0.45109089999459684,
w45,80,HGA-budget252,primary_evaluation,210,1.2624488601019141,2054.291681539805,585.743485735471,150.43911482913458,0.4519350999034941,
w45,80,HGA-budget252,primary_evaluation,211,1.2624488601019141,2054.291681539805,585.743485735471,150.43911482913458,0.45268909982405603,
w45,80,HGA-budget252,primary_evaluation,212,1.2624488601019141,2054.291681539805,585.743485735471,150.43911482913458,0.4533010998275131,
w45,80,HGA-budget252,primary_evaluation,213,1.2624488601019141,2054.291681539805,585.743485735471,150.43911482913458,0.45437669986858964,
w45,80,HGA-budget252,primary_evaluation,214,1.2624488601019141,2054.291681539805,585.743485735471,150.43911482913458,0.45499520003795624,
w45,80,HGA-budget252,primary_evaluation,215,1.2624488601019141,2054.291681539805,585.743485735471,150.43911482913458,0.45556759997271,
w45,80,HGA-budget252,primary_evaluation,216,1.2624488601019141,2054.291681539805,585.743485735471,150.43911482913458,0.45614290004596114,
w45,80,HGA-budget252,primary_evaluation,217,1.2624488601019141,2054.291681539805,585.743485735471,150.43911482913458,0.4567537000402808,
w45,80,HGA-budget252,primary_evaluation,218,1.2624488601019141,2054.291681539805,585.743485735471,150.43911482913458,0.45733989984728396,
w45,80,HGA-budget252,primary_evaluation,219,1.2624488601019141,2054.291681539805,585.743485735471,150.43911482913458,0.457808000035584,
w45,80,HGA-budget252,primary_evaluation,220,1.2624488601019141,2054.291681539805,585.743485735471,150.43911482913458,0.4583808998577297,
w45,80,HGA-budget252,primary_evaluation,221,1.2624488601019141,2054.291681539805,585.743485735471,150.43911482913458,0.45895179989747703,
w45,80,HGA-budget252,primary_evaluation,222,1.2624488601019141,2054.291681539805,585.743485735471,150.43911482913458,0.4595190000254661,
w45,80,HGA-budget252,primary_evaluation,223,1.2619857947966726,2054.291681539805,583.3248772006532,150.92283653609812,0.4600861999206245,
w45,80,HGA-budget252,primary_evaluation,224,1.2619857947966726,2054.291681539805,583.3248772006532,150.92283653609812,0.46674259984865785,
w45,80,HGA-budget252,primary_evaluation,225,1.2619857947966726,2054.291681539805,583.3248772006532,150.92283653609812,0.467792599927634,
w45,80,HGA-budget252,primary_evaluation,226,1.2619857947966726,2054.291681539805,583.3248772006532,150.92283653609812,0.4685372000094503,
w45,80,HGA-budget252,primary_evaluation,227,1.2619857947966726,2054.291681539805,583.3248772006532,150.92283653609812,0.4691274999640882,
w45,80,HGA-budget252,primary_evaluation,228,1.2619857947966726,2054.291681539805,583.3248772006532,150.92283653609812,0.4697086999658495,
w45,80,HGA-budget252,primary_evaluation,229,1.2619857947966726,2054.291681539805,583.3248772006532,150.92283653609812,0.4702857998199761,
w45,80,HGA-budget252,primary_evaluation,230,1.2619857947966726,2054.291681539805,583.3248772006532,150.92283653609812,0.4708765000104904,
w45,80,HGA-budget252,primary_evaluation,231,1.2619857947966726,2054.291681539805,583.3248772006532,150.92283653609812,0.47144779982045293,
w45,80,HGA-budget252,primary_evaluation,232,1.2619857947966726,2054.291681539805,583.3248772006532,150.92283653609812,0.47201999998651445,
w45,80,HGA-budget252,primary_evaluation,233,1.2619857947966726,2054.291681539805,583.3248772006532,150.92283653609812,0.4725919000338763,
w45,80,HGA-budget252,primary_evaluation,234,1.2619857947966726,2054.291681539805,583.3248772006532,150.92283653609812,0.4731769999489188,
w45,80,HGA-budget252,primary_evaluation,235,1.2619857947966726,2054.291681539805,583.3248772006532,150.92283653609812,0.47390310000628233,
w45,80,HGA-budget252,primary_evaluation,236,1.2619857947966726,2054.291681539805,583.3248772006532,150.92283653609812,0.47448579990305007,
w45,80,HGA-budget252,primary_evaluation,237,1.2619857947966726,2054.291681539805,583.3248772006532,150.92283653609812,0.4750605998560786,
w45,80,HGA-budget252,primary_evaluation,238,1.2619857947966726,2054.291681539805,583.3248772006532,150.92283653609812,0.4756363998167217,
w45,80,HGA-budget252,primary_evaluation,239,1.2616625271300974,2054.291681539805,581.6364373012282,151.26052451598312,0.4762051999568939,
w45,80,HGA-budget252,primary_evaluation,240,1.2616625271300974,2054.291681539805,581.6364373012282,151.26052451598312,0.4825847998727113,
w45,80,HGA-budget252,primary_evaluation,241,1.2616625271300974,2054.291681539805,581.6364373012282,151.26052451598312,0.48361289990134537,
w45,80,HGA-budget252,primary_evaluation,242,1.2616625271300974,2054.291681539805,581.6364373012282,151.26052451598312,0.4846132998354733,
w45,80,HGA-budget252,primary_evaluation,243,1.2616625271300974,2054.291681539805,581.6364373012282,151.26052451598312,0.485318899853155,
w45,80,HGA-budget252,primary_evaluation,244,1.2616625271300974,2054.291681539805,581.6364373012282,151.26052451598312,0.4860172998160124,
w45,80,HGA-budget252,primary_evaluation,245,1.2616625271300974,2054.291681539805,581.6364373012282,151.26052451598312,0.4866591999307275,
w45,80,HGA-budget252,primary_evaluation,246,1.2616625271300974,2054.291681539805,581.6364373012282,151.26052451598312,0.4872669999022037,
w45,80,HGA-budget252,primary_evaluation,247,1.2616625271300974,2054.291681539805,581.6364373012282,151.26052451598312,0.48784019984304905,
w45,80,HGA-budget252,primary_evaluation,248,1.2616625271300974,2054.291681539805,581.6364373012282,151.26052451598312,0.48841969994828105,
w45,80,HGA-budget252,primary_evaluation,249,1.2616625271300974,2054.291681539805,581.6364373012282,151.26052451598312,0.4889974999241531,
w45,80,HGA-budget252,primary_evaluation,250,1.2616625271300974,2054.291681539805,581.6364373012282,151.26052451598312,0.48957329988479614,
w45,80,HGA-budget252,primary_evaluation,251,1.2616625271300974,2054.291681539805,581.6364373012282,151.26052451598312,0.4902923998888582,
w45,80,HGA-budget252,primary_evaluation,252,1.2616625271300974,2054.291681539805,581.6364373012282,151.26052451598312,0.49086260003969073,
w45,80,HGA-budget252,generation_boundary,12,1.3141029254432202,,,,,0
w60,78,ABMA1,primary_evaluation,1,1.2791913787946039,3517.784612056076,2074.2844814137707,100.55076878471763,0.5989181001204997,
w60,78,ABMA1,primary_evaluation,2,1.2791913787946039,3517.784612056076,2074.2844814137707,100.55076878471763,1.0387083000969142,
w60,78,ABMA1,primary_evaluation,3,1.2791913787946039,3517.784612056076,2074.2844814137707,100.55076878471763,1.6425674001220614,
w60,78,ABMA1,primary_evaluation,4,1.2791913787946039,3517.784612056076,2074.2844814137707,100.55076878471763,2.4896240001544356,
w60,78,ABMA1,primary_evaluation,5,1.2791913787946039,3517.784612056076,2074.2844814137707,100.55076878471763,3.5898554001469165,
w60,78,ABMA1,primary_evaluation,6,1.2791913787946039,3517.784612056076,2074.2844814137707,100.55076878471763,6.509827600093558,
w60,78,ABMA1,primary_evaluation,7,1.2791913787946039,3517.784612056076,2074.2844814137707,100.55076878471763,11.70494020008482,
w60,78,ABMA1,primary_evaluation,8,1.2791913787946039,3517.784612056076,2074.2844814137707,100.55076878471763,19.05349240009673,
w60,78,ABMA1,primary_evaluation,9,1.2791913787946039,3517.784612056076,2074.2844814137707,100.55076878471763,26.193194800056517,
w60,78,ABMA1,primary_evaluation,10,1.2791913787946039,3517.784612056076,2074.2844814137707,100.55076878471763,27.458381900098175,
w60,78,ABMA1,primary_evaluation,11,1.2791913787946039,3517.784612056076,2074.2844814137707,100.55076878471763,34.03790930006653,
w60,78,ABMA1,primary_evaluation,12,1.2791913787946039,3517.784612056076,2074.2844814137707,100.55076878471763,38.37369629996829,
w60,78,ABMA1,primary_evaluation,13,1.2791913787946039,3517.784612056076,2074.2844814137707,100.55076878471763,40.89660310000181,
w60,78,ABMA1,primary_evaluation,14,1.2791913787946039,3517.784612056076,2074.2844814137707,100.55076878471763,41.75819059996866,
w60,78,ABMA1,primary_evaluation,15,1.2791913787946039,3517.784612056076,2074.2844814137707,100.55076878471763,44.59179430012591,
w60,78,ABMA1,primary_evaluation,16,1.2791913787946039,3517.784612056076,2074.2844814137707,100.55076878471763,46.41064030001871,
w60,78,ABMA1,primary_evaluation,17,1.2791913787946039,3517.784612056076,2074.2844814137707,100.55076878471763,49.109343599993736,
w60,78,ABMA1,primary_evaluation,18,1.2791913787946039,3517.784612056076,2074.2844814137707,100.55076878471763,53.15066840010695,
w60,78,ABMA1,primary_evaluation,19,1.2791913787946039,3517.784612056076,2074.2844814137707,100.55076878471763,58.81725240009837,
w60,78,ABMA1,primary_evaluation,20,1.2791913787946039,3517.784612056076,2074.2844814137707,100.55076878471763,65.88060580007732,
w60,78,ABMA1,primary_evaluation,21,1.2791913787946039,3517.784612056076,2074.2844814137707,100.55076878471763,71.8895606000442,
w60,78,ABMA1,primary_evaluation,22,1.2791913787946039,3517.784612056076,2074.2844814137707,100.55076878471763,74.62322519998997,
w60,78,ABMA1,primary_evaluation,23,1.2791913787946039,3517.784612056076,2074.2844814137707,100.55076878471763,83.80586770013906,
w60,78,ABMA1,primary_evaluation,24,1.2791913787946039,3517.784612056076,2074.2844814137707,100.55076878471763,87.23647470003925,
w60,78,ABMA1,primary_evaluation,25,1.2791913787946039,3517.784612056076,2074.2844814137707,100.55076878471763,88.53164890012704,
w60,78,ABMA1,primary_evaluation,26,1.2791913787946039,3517.784612056076,2074.2844814137707,100.55076878471763,94.66685379995033,
w60,78,ABMA1,primary_evaluation,27,1.2791913787946039,3517.784612056076,2074.2844814137707,100.55076878471763,98.03281470015645,
w60,78,ABMA1,primary_evaluation,28,1.2791913787946039,3517.784612056076,2074.2844814137707,100.55076878471763,102.69640629994683,
w60,78,ABMA1,primary_evaluation,29,1.2791913787946039,3517.784612056076,2074.2844814137707,100.55076878471763,103.93024370004423,
w60,78,ABMA1,primary_evaluation,30,1.2791913787946039,3517.784612056076,2074.2844814137707,100.55076878471763,112.13610460003838,
w60,78,ABMA1,primary_evaluation,31,1.2791913787946039,3517.784612056076,2074.2844814137707,100.55076878471763,118.89716659998521,
w60,78,ABMA1,primary_evaluation,32,1.2791913787946039,3517.784612056076,2074.2844814137707,100.55076878471763,123.57421260001138,
w60,78,ABMA1,primary_evaluation,33,1.2791913787946039,3517.784612056076,2074.2844814137707,100.55076878471763,126.04211020004004,
w60,78,ABMA1,primary_evaluation,34,1.2791913787946039,3517.784612056076,2074.2844814137707,100.55076878471763,128.90409910003655,
w60,78,ABMA1,primary_evaluation,35,1.2791913787946039,3517.784612056076,2074.2844814137707,100.55076878471763,130.53257320006378,
w60,78,ABMA1,primary_evaluation,36,1.2791913787946039,3517.784612056076,2074.2844814137707,100.55076878471763,133.6487551999744,
w60,78,ABMA1,primary_evaluation,37,1.2791913787946039,3517.784612056076,2074.2844814137707,100.55076878471763,136.72164210001938,
w60,78,ABMA1,primary_evaluation,38,1.2791913787946039,3517.784612056076,2074.2844814137707,100.55076878471763,139.4727877001278,
w60,78,ABMA1,primary_evaluation,39,1.2251568520309835,3384.7317106334176,2450.492742151395,100.28857187240938,140.55598119995557,
w60,78,ABMA1,primary_evaluation,40,1.2251568520309835,3384.7317106334176,2450.492742151395,100.28857187240938,145.48021219996735,
w60,78,ABMA1,primary_evaluation,41,1.2251568520309835,3384.7317106334176,2450.492742151395,100.28857187240938,146.6181518000085,
w60,78,ABMA1,primary_evaluation,42,1.2251568520309835,3384.7317106334176,2450.492742151395,100.28857187240938,150.00890740007162,
w60,78,ABMA1,primary_evaluation,43,1.2251568520309835,3384.7317106334176,2450.492742151395,100.28857187240938,155.00270069995895,
w60,78,ABMA1,primary_evaluation,44,1.2251568520309835,3384.7317106334176,2450.492742151395,100.28857187240938,157.78717990010045,
w60,78,ABMA1,primary_evaluation,45,1.2251568520309835,3384.7317106334176,2450.492742151395,100.28857187240938,160.4621978001669,
w60,78,ABMA1,primary_evaluation,46,1.2251568520309835,3384.7317106334176,2450.492742151395,100.28857187240938,161.49379900004715,
w60,78,ABMA1,primary_evaluation,47,1.2251568520309835,3384.7317106334176,2450.492742151395,100.28857187240938,162.6804689001292,
w60,78,ABMA1,primary_evaluation,48,1.2251568520309835,3384.7317106334176,2450.492742151395,100.28857187240938,163.88262200006284,
w60,78,ABMA1,primary_evaluation,49,1.2251568520309835,3384.7317106334176,2450.492742151395,100.28857187240938,165.0215398001019,
w60,78,ABMA1,primary_evaluation,50,1.2251568520309835,3384.7317106334176,2450.492742151395,100.28857187240938,168.32717559998855,
w60,78,ABMA1,primary_evaluation,51,1.2251568520309835,3384.7317106334176,2450.492742151395,100.28857187240938,170.72782220016234,
w60,78,ABMA1,primary_evaluation,52,1.2251568520309835,3384.7317106334176,2450.492742151395,100.28857187240938,171.7032329000067,
w60,78,ABMA1,primary_evaluation,53,1.2251568520309835,3384.7317106334176,2450.492742151395,100.28857187240938,173.7973116999492,
w60,78,ABMA1,primary_evaluation,54,1.2251568520309835,3384.7317106334176,2450.492742151395,100.28857187240938,176.6770810999442,
w60,78,ABMA1,primary_evaluation,55,1.2251568520309835,3384.7317106334176,2450.492742151395,100.28857187240938,183.24416130012833,
w60,78,ABMA1,primary_evaluation,56,1.2251568520309835,3384.7317106334176,2450.492742151395,100.28857187240938,185.8115638999734,
w60,78,ABMA1,primary_evaluation,57,1.2251568520309835,3384.7317106334176,2450.492742151395,100.28857187240938,188.6325169999618,
w60,78,ABMA1,primary_evaluation,58,1.2251568520309835,3384.7317106334176,2450.492742151395,100.28857187240938,190.03641379997134,
w60,78,ABMA1,primary_evaluation,59,1.2251568520309835,3384.7317106334176,2450.492742151395,100.28857187240938,191.13022590009496,
w60,78,ABMA1,primary_evaluation,60,1.2251568520309835,3384.7317106334176,2450.492742151395,100.28857187240938,192.3630850999616,
w60,78,ABMA1,primary_evaluation,61,1.2251568520309835,3384.7317106334176,2450.492742151395,100.28857187240938,197.08287560008466,
w60,78,ABMA1,primary_evaluation,62,1.2251568520309835,3384.7317106334176,2450.492742151395,100.28857187240938,198.02075630007312,
w60,78,ABMA1,primary_evaluation,63,1.2251568520309835,3384.7317106334176,2450.492742151395,100.28857187240938,200.0647577000782,
w60,78,ABMA1,primary_evaluation,64,1.2251568520309835,3384.7317106334176,2450.492742151395,100.28857187240938,201.51822070009075,
w60,78,ABMA1,primary_evaluation,65,1.2251568520309835,3384.7317106334176,2450.492742151395,100.28857187240938,205.4843433999922,
w60,78,ABMA1,primary_evaluation,66,1.2251568520309835,3384.7317106334176,2450.492742151395,100.28857187240938,207.74915460008197,
w60,78,ABMA1,primary_evaluation,67,1.2251568520309835,3384.7317106334176,2450.492742151395,100.28857187240938,210.3828533999622,
w60,78,ABMA1,primary_evaluation,68,1.2251568520309835,3384.7317106334176,2450.492742151395,100.28857187240938,212.781964099966,
w60,78,ABMA1,primary_evaluation,69,1.2251568520309835,3384.7317106334176,2450.492742151395,100.28857187240938,213.6286734000314,
w60,78,ABMA1,primary_evaluation,70,1.196765716606657,3419.8016706575004,2058.581999093539,95.95503129777346,214.7027276000008,
w60,78,ABMA1,primary_evaluation,71,1.196765716606657,3419.8016706575004,2058.581999093539,95.95503129777346,215.56918750004843,
w60,78,ABMA1,primary_evaluation,72,1.196765716606657,3419.8016706575004,2058.581999093539,95.95503129777346,217.03375730011612,
w60,78,ABMA1,generation_boundary,12,1.2791913787946039,,,,,0
w60,78,ABMA1,generation_boundary,24,1.2791913787946039,,,,,1
w60,78,ABMA1,generation_boundary,36,1.2791913787946039,,,,,2
w60,78,ABMA1,generation_boundary,48,1.2251568520309835,,,,,3
w60,78,ABMA1,generation_boundary,60,1.2251568520309835,,,,,4
w60,78,ABMA1,generation_boundary,72,1.196765716606657,,,,,5
w60,78,ABMA20,primary_evaluation,1,1.2791913787946039,3517.784612056076,2074.2844814137707,100.55076878471763,1.4089558999985456,
w60,78,ABMA20,primary_evaluation,2,1.2791913787946039,3517.784612056076,2074.2844814137707,100.55076878471763,2.6329028999898583,
w60,78,ABMA20,primary_evaluation,3,1.2791913787946039,3517.784612056076,2074.2844814137707,100.55076878471763,4.204224599990994,
w60,78,ABMA20,primary_evaluation,4,1.2791913787946039,3517.784612056076,2074.2844814137707,100.55076878471763,6.437093200162053,
w60,78,ABMA20,primary_evaluation,5,1.2791913787946039,3517.784612056076,2074.2844814137707,100.55076878471763,9.245062100002542,
w60,78,ABMA20,primary_evaluation,6,1.2791913787946039,3517.784612056076,2074.2844814137707,100.55076878471763,14.432120600016788,
w60,78,ABMA20,primary_evaluation,7,1.2791913787946039,3517.784612056076,2074.2844814137707,100.55076878471763,19.750482300063595,
w60,78,ABMA20,primary_evaluation,8,1.2791913787946039,3517.784612056076,2074.2844814137707,100.55076878471763,27.325883600162342,
w60,78,ABMA20,primary_evaluation,9,1.2791913787946039,3517.784612056076,2074.2844814137707,100.55076878471763,34.579208000097424,
w60,78,ABMA20,primary_evaluation,10,1.2791913787946039,3517.784612056076,2074.2844814137707,100.55076878471763,36.057727799983695,
w60,78,ABMA20,primary_evaluation,11,1.2791913787946039,3517.784612056076,2074.2844814137707,100.55076878471763,43.268144899979234,
w60,78,ABMA20,primary_evaluation,12,1.2791913787946039,3517.784612056076,2074.2844814137707,100.55076878471763,47.44106710003689,
w60,78,ABMA20,primary_evaluation,13,1.2791913787946039,3517.784612056076,2074.2844814137707,100.55076878471763,49.160085200099275,
w60,78,ABMA20,primary_evaluation,14,1.2791913787946039,3517.784612056076,2074.2844814137707,100.55076878471763,50.150438100099564,
w60,78,ABMA20,primary_evaluation,15,1.2791913787946039,3517.784612056076,2074.2844814137707,100.55076878471763,53.152755100047216,
w60,78,ABMA20,primary_evaluation,16,1.2791913787946039,3517.784612056076,2074.2844814137707,100.55076878471763,55.06214589998126,
w60,78,ABMA20,primary_evaluation,17,1.2791913787946039,3517.784612056076,2074.2844814137707,100.55076878471763,58.06840920005925,
w60,78,ABMA20,primary_evaluation,18,1.2791913787946039,3517.784612056076,2074.2844814137707,100.55076878471763,62.254597400082275,
w60,78,ABMA20,primary_evaluation,19,1.2791913787946039,3517.784612056076,2074.2844814137707,100.55076878471763,68.07750719995238,
w60,78,ABMA20,primary_evaluation,20,1.2791913787946039,3517.784612056076,2074.2844814137707,100.55076878471763,75.35810810001567,
w60,78,ABMA20,primary_evaluation,21,1.2791913787946039,3517.784612056076,2074.2844814137707,100.55076878471763,81.67566750012338,
w60,78,ABMA20,primary_evaluation,22,1.2791913787946039,3517.784612056076,2074.2844814137707,100.55076878471763,84.70376139995642,
w60,78,ABMA20,primary_evaluation,23,1.2791913787946039,3517.784612056076,2074.2844814137707,100.55076878471763,95.51216290006414,
w60,78,ABMA20,primary_evaluation,24,1.2791913787946039,3517.784612056076,2074.2844814137707,100.55076878471763,100.46271550003439,
w60,78,ABMA20,primary_evaluation,25,1.2791913787946039,3517.784612056076,2074.2844814137707,100.55076878471763,102.36938340007327,
w60,78,ABMA20,primary_evaluation,26,1.2791913787946039,3517.784612056076,2074.2844814137707,100.55076878471763,110.03597500012256,
w60,78,ABMA20,primary_evaluation,27,1.2791913787946039,3517.784612056076,2074.2844814137707,100.55076878471763,114.14205959998071,
w60,78,ABMA20,primary_evaluation,28,1.2791913787946039,3517.784612056076,2074.2844814137707,100.55076878471763,119.01515900017694,
w60,78,ABMA20,primary_evaluation,29,1.2791913787946039,3517.784612056076,2074.2844814137707,100.55076878471763,120.36367930006236,
w60,78,ABMA20,primary_evaluation,30,1.2791913787946039,3517.784612056076,2074.2844814137707,100.55076878471763,128.49277600017376,
w60,78,ABMA20,primary_evaluation,31,1.2791913787946039,3517.784612056076,2074.2844814137707,100.55076878471763,134.6237284000963,
w60,78,ABMA20,primary_evaluation,32,1.2791913787946039,3517.784612056076,2074.2844814137707,100.55076878471763,143.69800590001978,
w60,78,ABMA20,primary_evaluation,33,1.2791913787946039,3517.784612056076,2074.2844814137707,100.55076878471763,148.7675367000047,
w60,78,ABMA20,primary_evaluation,34,1.2791913787946039,3517.784612056076,2074.2844814137707,100.55076878471763,154.7257687000092,
w60,78,ABMA20,primary_evaluation,35,1.2791913787946039,3517.784612056076,2074.2844814137707,100.55076878471763,157.99966610013507,
w60,78,ABMA20,primary_evaluation,36,1.2791913787946039,3517.784612056076,2074.2844814137707,100.55076878471763,161.7059920001775,
w60,78,ABMA20,primary_evaluation,37,1.2791913787946039,3517.784612056076,2074.2844814137707,100.55076878471763,164.75106770009734,
w60,78,ABMA20,primary_evaluation,38,1.2791913787946039,3517.784612056076,2074.2844814137707,100.55076878471763,168.04431450017728,
w60,78,ABMA20,primary_evaluation,39,1.2251568520309835,3384.7317106334176,2450.492742151395,100.28857187240938,169.19298309995793,
w60,78,ABMA20,primary_evaluation,40,1.2251568520309835,3384.7317106334176,2450.492742151395,100.28857187240938,173.7935103001073,
w60,78,ABMA20,primary_evaluation,41,1.2251568520309835,3384.7317106334176,2450.492742151395,100.28857187240938,174.8383460000623,
w60,78,ABMA20,primary_evaluation,42,1.2251568520309835,3384.7317106334176,2450.492742151395,100.28857187240938,178.13800300005823,
w60,78,ABMA20,primary_evaluation,43,1.2251568520309835,3384.7317106334176,2450.492742151395,100.28857187240938,183.10155980009586,
w60,78,ABMA20,primary_evaluation,44,1.2251568520309835,3384.7317106334176,2450.492742151395,100.28857187240938,185.54243730008602,
w60,78,ABMA20,primary_evaluation,45,1.2251568520309835,3384.7317106334176,2450.492742151395,100.28857187240938,188.03739620000124,
w60,78,ABMA20,primary_evaluation,46,1.2251568520309835,3384.7317106334176,2450.492742151395,100.28857187240938,189.01722780009732,
w60,78,ABMA20,primary_evaluation,47,1.2251568520309835,3384.7317106334176,2450.492742151395,100.28857187240938,190.18301929999143,
w60,78,ABMA20,primary_evaluation,48,1.2251568520309835,3384.7317106334176,2450.492742151395,100.28857187240938,191.6014350000769,
w60,78,ABMA20,primary_evaluation,49,1.2251568520309835,3384.7317106334176,2450.492742151395,100.28857187240938,193.27741660014726,
w60,78,ABMA20,primary_evaluation,50,1.2251568520309835,3384.7317106334176,2450.492742151395,100.28857187240938,196.65043519996107,
w60,78,ABMA20,primary_evaluation,51,1.2251568520309835,3384.7317106334176,2450.492742151395,100.28857187240938,198.74891480011865,
w60,78,ABMA20,primary_evaluation,52,1.2251568520309835,3384.7317106334176,2450.492742151395,100.28857187240938,199.61333730001934,
w60,78,ABMA20,primary_evaluation,53,1.2251568520309835,3384.7317106334176,2450.492742151395,100.28857187240938,201.46927020000294,
w60,78,ABMA20,primary_evaluation,54,1.2251568520309835,3384.7317106334176,2450.492742151395,100.28857187240938,204.0517190999817,
w60,78,ABMA20,primary_evaluation,55,1.2251568520309835,3384.7317106334176,2450.492742151395,100.28857187240938,210.06597970006987,
w60,78,ABMA20,primary_evaluation,56,1.2251568520309835,3384.7317106334176,2450.492742151395,100.28857187240938,212.6052525001578,
w60,78,ABMA20,primary_evaluation,57,1.2251568520309835,3384.7317106334176,2450.492742151395,100.28857187240938,215.22269439999945,
w60,78,ABMA20,primary_evaluation,58,1.2251568520309835,3384.7317106334176,2450.492742151395,100.28857187240938,216.40884279995225,
w60,78,ABMA20,primary_evaluation,59,1.2251568520309835,3384.7317106334176,2450.492742151395,100.28857187240938,217.35417960002087,
w60,78,ABMA20,primary_evaluation,60,1.2251568520309835,3384.7317106334176,2450.492742151395,100.28857187240938,218.50799269997515,
w60,78,ABMA20,primary_evaluation,61,1.2251568520309835,3384.7317106334176,2450.492742151395,100.28857187240938,220.6035913999658,
w60,78,ABMA20,primary_evaluation,62,1.2251568520309835,3384.7317106334176,2450.492742151395,100.28857187240938,221.0982745999936,
w60,78,ABMA20,primary_evaluation,63,1.2251568520309835,3384.7317106334176,2450.492742151395,100.28857187240938,222.73815170000307,
w60,78,ABMA20,primary_evaluation,64,1.2251568520309835,3384.7317106334176,2450.492742151395,100.28857187240938,224.02741450001486,
w60,78,ABMA20,primary_evaluation,65,1.2251568520309835,3384.7317106334176,2450.492742151395,100.28857187240938,227.47710050013848,
w60,78,ABMA20,primary_evaluation,66,1.2251568520309835,3384.7317106334176,2450.492742151395,100.28857187240938,229.43641990004107,
w60,78,ABMA20,primary_evaluation,67,1.2251568520309835,3384.7317106334176,2450.492742151395,100.28857187240938,231.84088250016794,
w60,78,ABMA20,primary_evaluation,68,1.2251568520309835,3384.7317106334176,2450.492742151395,100.28857187240938,234.35199780017138,
w60,78,ABMA20,primary_evaluation,69,1.2251568520309835,3384.7317106334176,2450.492742151395,100.28857187240938,235.2241928000003,
w60,78,ABMA20,primary_evaluation,70,1.196765716606657,3419.8016706575004,2058.581999093539,95.95503129777346,236.29213690012693,
w60,78,ABMA20,primary_evaluation,71,1.196765716606657,3419.8016706575004,2058.581999093539,95.95503129777346,237.11657910002396,
w60,78,ABMA20,primary_evaluation,72,1.196765716606657,3419.8016706575004,2058.581999093539,95.95503129777346,238.50909930001944,
w60,78,ABMA20,primary_evaluation,73,1.196765716606657,3419.8016706575004,2058.581999093539,95.95503129777346,240.92594270012341,
w60,78,ABMA20,primary_evaluation,74,1.196765716606657,3419.8016706575004,2058.581999093539,95.95503129777346,242.1065934000071,
w60,78,ABMA20,primary_evaluation,75,1.196765716606657,3419.8016706575004,2058.581999093539,95.95503129777346,243.00378779997118,
w60,78,ABMA20,primary_evaluation,76,1.196765716606657,3419.8016706575004,2058.581999093539,95.95503129777346,243.9792647000868,
w60,78,ABMA20,primary_evaluation,77,1.196765716606657,3419.8016706575004,2058.581999093539,95.95503129777346,245.7581921000965,
w60,78,ABMA20,primary_evaluation,78,1.196765716606657,3419.8016706575004,2058.581999093539,95.95503129777346,247.10698470007628,
w60,78,ABMA20,primary_evaluation,79,1.196765716606657,3419.8016706575004,2058.581999093539,95.95503129777346,249.5741557001602,
w60,78,ABMA20,primary_evaluation,80,1.196765716606657,3419.8016706575004,2058.581999093539,95.95503129777346,251.6219579000026,
w60,78,ABMA20,primary_evaluation,81,1.196765716606657,3419.8016706575004,2058.581999093539,95.95503129777346,252.426039500162,
w60,78,ABMA20,primary_evaluation,82,1.196765716606657,3419.8016706575004,2058.581999093539,95.95503129777346,254.17474220017903,
w60,78,ABMA20,primary_evaluation,83,1.196765716606657,3419.8016706575004,2058.581999093539,95.95503129777346,255.596026299987,
w60,78,ABMA20,primary_evaluation,84,1.1958193076513586,3419.398771539426,2014.0355173428634,101.29973809729795,257.00636300002225,
w60,78,ABMA20,primary_evaluation,85,1.1958193076513586,3419.398771539426,2014.0355173428634,101.29973809729795,259.77909780014306,
w60,78,ABMA20,primary_evaluation,86,1.1958193076513586,3419.398771539426,2014.0355173428634,101.29973809729795,261.85951980017126,
w60,78,ABMA20,primary_evaluation,87,1.1958193076513586,3419.398771539426,2014.0355173428634,101.29973809729795,263.17340290010907,
w60,78,ABMA20,primary_evaluation,88,1.1958193076513586,3419.398771539426,2014.0355173428634,101.29973809729795,264.8936850000173,
w60,78,ABMA20,primary_evaluation,89,1.1958193076513586,3419.398771539426,2014.0355173428634,101.29973809729795,265.9954538999591,
w60,78,ABMA20,primary_evaluation,90,1.1958193076513586,3419.398771539426,2014.0355173428634,101.29973809729795,268.4669474000111,
w60,78,ABMA20,primary_evaluation,91,1.1958193076513586,3419.398771539426,2014.0355173428634,101.29973809729795,269.75570820015855,
w60,78,ABMA20,primary_evaluation,92,1.1958193076513586,3419.398771539426,2014.0355173428634,101.29973809729795,272.5621644000057,
w60,78,ABMA20,primary_evaluation,93,1.1958193076513586,3419.398771539426,2014.0355173428634,101.29973809729795,273.61974620004185,
w60,78,ABMA20,primary_evaluation,94,1.1958193076513586,3419.398771539426,2014.0355173428634,101.29973809729795,275.5021349999588,
w60,78,ABMA20,primary_evaluation,95,1.1958193076513586,3419.398771539426,2014.0355173428634,101.29973809729795,278.04608320002444,
w60,78,ABMA20,primary_evaluation,96,1.1958193076513586,3419.398771539426,2014.0355173428634,101.29973809729795,279.45309279998764,
w60,78,ABMA20,primary_evaluation,97,1.1958193076513586,3419.398771539426,2014.0355173428634,101.29973809729795,280.37335360003635,
w60,78,ABMA20,primary_evaluation,98,1.1958193076513586,3419.398771539426,2014.0355173428634,101.29973809729795,281.4874273999594,
w60,78,ABMA20,primary_evaluation,99,1.1958193076513586,3419.398771539426,2014.0355173428634,101.29973809729795,282.60929060005583,
w60,78,ABMA20,primary_evaluation,100,1.1958193076513586,3419.398771539426,2014.0355173428634,101.29973809729795,283.95508340001106,
w60,78,ABMA20,primary_evaluation,101,1.1958193076513586,3419.398771539426,2014.0355173428634,101.29973809729795,285.92677470017225,
w60,78,ABMA20,primary_evaluation,102,1.1958193076513586,3419.398771539426,2014.0355173428634,101.29973809729795,286.87236190005206,
w60,78,ABMA20,primary_evaluation,103,1.1958193076513586,3419.398771539426,2014.0355173428634,101.29973809729795,288.1522439001128,
w60,78,ABMA20,primary_evaluation,104,1.1958193076513586,3419.398771539426,2014.0355173428634,101.29973809729795,291.13672850001603,
w60,78,ABMA20,primary_evaluation,105,1.1958193076513586,3419.398771539426,2014.0355173428634,101.29973809729795,292.12560450006276,
w60,78,ABMA20,primary_evaluation,106,1.1958193076513586,3419.398771539426,2014.0355173428634,101.29973809729795,293.2291878000833,
w60,78,ABMA20,primary_evaluation,107,1.1958193076513586,3419.398771539426,2014.0355173428634,101.29973809729795,295.99235690012574,
w60,78,ABMA20,primary_evaluation,108,1.1803853079645972,3415.6635222946734,1926.5357063002944,100.19138082437124,297.5538550999481,
w60,78,ABMA20,primary_evaluation,109,1.1803853079645972,3415.6635222946734,1926.5357063002944,100.19138082437124,298.7089029001072,
w60,78,ABMA20,primary_evaluation,110,1.1803853079645972,3415.6635222946734,1926.5357063002944,100.19138082437124,299.8013130000327,
w60,78,ABMA20,primary_evaluation,111,1.1803853079645972,3415.6635222946734,1926.5357063002944,100.19138082437124,301.4357462001499,
w60,78,ABMA20,primary_evaluation,112,1.1803853079645972,3415.6635222946734,1926.5357063002944,100.19138082437124,302.6980566000566,
w60,78,ABMA20,primary_evaluation,113,1.1803853079645972,3415.6635222946734,1926.5357063002944,100.19138082437124,303.6526309000328,
w60,78,ABMA20,primary_evaluation,114,1.1803853079645972,3415.6635222946734,1926.5357063002944,100.19138082437124,304.7078925999813,
w60,78,ABMA20,primary_evaluation,115,1.1803853079645972,3415.6635222946734,1926.5357063002944,100.19138082437124,305.79626250010915,
w60,78,ABMA20,primary_evaluation,116,1.1803853079645972,3415.6635222946734,1926.5357063002944,100.19138082437124,308.5598880001344,
w60,78,ABMA20,primary_evaluation,117,1.1803853079645972,3415.6635222946734,1926.5357063002944,100.19138082437124,309.8441501001362,
w60,78,ABMA20,primary_evaluation,118,1.1803853079645972,3415.6635222946734,1926.5357063002944,100.19138082437124,311.7449924000539,
w60,78,ABMA20,primary_evaluation,119,1.1803853079645972,3415.6635222946734,1926.5357063002944,100.19138082437124,317.0098145001102,
w60,78,ABMA20,primary_evaluation,120,1.063847886933883,3308.188694771991,1645.8994729933875,103.7609109336711,318.38085020007566,
w60,78,ABMA20,primary_evaluation,121,1.063847886933883,3308.188694771991,1645.8994729933875,103.7609109336711,321.37774730008096,
w60,78,ABMA20,primary_evaluation,122,1.063847886933883,3308.188694771991,1645.8994729933875,103.7609109336711,322.28543090005405,
w60,78,ABMA20,primary_evaluation,123,1.063847886933883,3308.188694771991,1645.8994729933875,103.7609109336711,324.10392180015333,
w60,78,ABMA20,primary_evaluation,124,1.063847886933883,3308.188694771991,1645.8994729933875,103.7609109336711,324.96980289998464,
w60,78,ABMA20,primary_evaluation,125,1.063847886933883,3308.188694771991,1645.8994729933875,103.7609109336711,326.6372442001011,
w60,78,ABMA20,primary_evaluation,126,1.063847886933883,3308.188694771991,1645.8994729933875,103.7609109336711,328.0676868001465,
w60,78,ABMA20,primary_evaluation,127,1.063847886933883,3308.188694771991,1645.8994729933875,103.7609109336711,329.46581980003975,
w60,78,ABMA20,primary_evaluation,128,1.063847886933883,3308.188694771991,1645.8994729933875,103.7609109336711,331.80455470015295,
w60,78,ABMA20,primary_evaluation,129,1.063847886933883,3308.188694771991,1645.8994729933875,103.7609109336711,332.6505632000044,
w60,78,ABMA20,primary_evaluation,130,1.063847886933883,3308.188694771991,1645.8994729933875,103.7609109336711,334.85690380004235,
w60,78,ABMA20,primary_evaluation,131,1.063847886933883,3308.188694771991,1645.8994729933875,103.7609109336711,335.8404860000592,
w60,78,ABMA20,primary_evaluation,132,1.063847886933883,3308.188694771991,1645.8994729933875,103.7609109336711,337.57960449997336,
w60,78,ABMA20,primary_evaluation,133,1.063847886933883,3308.188694771991,1645.8994729933875,103.7609109336711,338.1123475001659,
w60,78,ABMA20,primary_evaluation,134,1.0525632180931297,3288.269312071348,1687.243805329444,102.45451015300773,338.8168433001265,
w60,78,ABMA20,primary_evaluation,135,1.0525632180931297,3288.269312071348,1687.243805329444,102.45451015300773,339.54371510003693,
w60,78,ABMA20,primary_evaluation,136,1.0525632180931297,3288.269312071348,1687.243805329444,102.45451015300773,340.44124680012465,
w60,78,ABMA20,primary_evaluation,137,1.0525632180931297,3288.269312071348,1687.243805329444,102.45451015300773,341.5535155001562,
w60,78,ABMA20,primary_evaluation,138,1.0525632180931297,3288.269312071348,1687.243805329444,102.45451015300773,342.54930020007305,
w60,78,ABMA20,primary_evaluation,139,1.0525632180931297,3288.269312071348,1687.243805329444,102.45451015300773,343.7796762001235,
w60,78,ABMA20,primary_evaluation,140,1.0525632180931297,3288.269312071348,1687.243805329444,102.45451015300773,344.9372777000535,
w60,78,ABMA20,primary_evaluation,141,1.0525632180931297,3288.269312071348,1687.243805329444,102.45451015300773,345.853220900055,
w60,78,ABMA20,primary_evaluation,142,1.0525632180931297,3288.269312071348,1687.243805329444,102.45451015300773,346.9045192999765,
w60,78,ABMA20,primary_evaluation,143,1.0525632180931297,3288.269312071348,1687.243805329444,102.45451015300773,347.97745879995637,
w60,78,ABMA20,primary_evaluation,144,1.0525632180931297,3288.269312071348,1687.243805329444,102.45451015300773,350.4489517000038,
w60,78,ABMA20,primary_evaluation,145,1.0525632180931297,3288.269312071348,1687.243805329444,102.45451015300773,352.54146290011704,
w60,78,ABMA20,primary_evaluation,146,1.045554819261393,3288.269312071348,1634.6227609894001,102.33608668191401,354.2596100999508,
w60,78,ABMA20,primary_evaluation,147,1.045554819261393,3288.269312071348,1634.6227609894001,102.33608668191401,355.4157663001679,
w60,78,ABMA20,primary_evaluation,148,1.045554819261393,3288.269312071348,1634.6227609894001,102.33608668191401,356.7524161001202,
w60,78,ABMA20,primary_evaluation,149,1.045554819261393,3288.269312071348,1634.6227609894001,102.33608668191401,357.8458447000012,
w60,78,ABMA20,primary_evaluation,150,1.045554819261393,3288.269312071348,1634.6227609894001,102.33608668191401,359.06125110015273,
w60,78,ABMA20,primary_evaluation,151,1.045554819261393,3288.269312071348,1634.6227609894001,102.33608668191401,360.1610566000454,
w60,78,ABMA20,primary_evaluation,152,1.045554819261393,3288.269312071348,1634.6227609894001,102.33608668191401,361.6590299999807,
w60,78,ABMA20,primary_evaluation,153,1.045554819261393,3288.269312071348,1634.6227609894001,102.33608668191401,363.84766540001146,
w60,78,ABMA20,primary_evaluation,154,1.045554819261393,3288.269312071348,1634.6227609894001,102.33608668191401,365.2300530001521,
w60,78,ABMA20,primary_evaluation,155,1.045554819261393,3288.269312071348,1634.6227609894001,102.33608668191401,372.8359324999619,
w60,78,ABMA20,primary_evaluation,156,1.045554819261393,3288.269312071348,1634.6227609894001,102.33608668191401,373.9124360999558,
w60,78,ABMA20,primary_evaluation,157,1.045554819261393,3288.269312071348,1634.6227609894001,102.33608668191401,376.09556509996764,
w60,78,ABMA20,primary_evaluation,158,1.045554819261393,3288.269312071348,1634.6227609894001,102.33608668191401,378.06744290003553,
w60,78,ABMA20,primary_evaluation,159,1.045554819261393,3288.269312071348,1634.6227609894001,102.33608668191401,379.87779880012386,
w60,78,ABMA20,primary_evaluation,160,1.045554819261393,3288.269312071348,1634.6227609894001,102.33608668191401,382.17714329995215,
w60,78,ABMA20,primary_evaluation,161,1.045554819261393,3288.269312071348,1634.6227609894001,102.33608668191401,383.35418280004524,
w60,78,ABMA20,primary_evaluation,162,1.045554819261393,3288.269312071348,1634.6227609894001,102.33608668191401,384.432595100021,
w60,78,ABMA20,primary_evaluation,163,1.045554819261393,3288.269312071348,1634.6227609894001,102.33608668191401,385.2201898000203,
w60,78,ABMA20,primary_evaluation,164,1.045554819261393,3288.269312071348,1634.6227609894001,102.33608668191401,386.97461030003615,
w60,78,ABMA20,primary_evaluation,165,1.045554819261393,3288.269312071348,1634.6227609894001,102.33608668191401,388.6643247001339,
w60,78,ABMA20,primary_evaluation,166,1.045554819261393,3288.269312071348,1634.6227609894001,102.33608668191401,390.2078656000085,
w60,78,ABMA20,primary_evaluation,167,1.045554819261393,3288.269312071348,1634.6227609894001,102.33608668191401,391.56957910000347,
w60,78,ABMA20,primary_evaluation,168,1.045554819261393,3288.269312071348,1634.6227609894001,102.33608668191401,393.2861963000614,
w60,78,ABMA20,primary_evaluation,169,1.045554819261393,3288.269312071348,1634.6227609894001,102.33608668191401,394.7580283000134,
w60,78,ABMA20,primary_evaluation,170,1.045554819261393,3288.269312071348,1634.6227609894001,102.33608668191401,397.5699424999766,
w60,78,ABMA20,primary_evaluation,171,1.045554819261393,3288.269312071348,1634.6227609894001,102.33608668191401,404.1108862000983,
w60,78,ABMA20,primary_evaluation,172,1.045554819261393,3288.269312071348,1634.6227609894001,102.33608668191401,406.59446300007403,
w60,78,ABMA20,primary_evaluation,173,1.045554819261393,3288.269312071348,1634.6227609894001,102.33608668191401,407.8508699000813,
w60,78,ABMA20,primary_evaluation,174,1.045554819261393,3288.269312071348,1634.6227609894001,102.33608668191401,409.01351680001244,
w60,78,ABMA20,primary_evaluation,175,1.045554819261393,3288.269312071348,1634.6227609894001,102.33608668191401,410.1099849999882,
w60,78,ABMA20,primary_evaluation,176,1.045554819261393,3288.269312071348,1634.6227609894001,102.33608668191401,411.79541470017284,
w60,78,ABMA20,primary_evaluation,177,1.045554819261393,3288.269312071348,1634.6227609894001,102.33608668191401,413.1655623000115,
w60,78,ABMA20,primary_evaluation,178,1.045554819261393,3288.269312071348,1634.6227609894001,102.33608668191401,414.236617699964,
w60,78,ABMA20,primary_evaluation,179,1.045554819261393,3288.269312071348,1634.6227609894001,102.33608668191401,415.5586280000862,
w60,78,ABMA20,primary_evaluation,180,1.045554819261393,3288.269312071348,1634.6227609894001,102.33608668191401,417.11868360009976,
w60,78,ABMA20,primary_evaluation,181,1.045554819261393,3288.269312071348,1634.6227609894001,102.33608668191401,418.51613510004245,
w60,78,ABMA20,primary_evaluation,182,1.045554819261393,3288.269312071348,1634.6227609894001,102.33608668191401,419.86375769996084,
w60,78,ABMA20,primary_evaluation,183,1.018171143761991,3254.1777516763023,1628.3066186871395,102.18260447452644,421.12740730005316,
w60,78,ABMA20,primary_evaluation,184,1.018171143761991,3254.1777516763023,1628.3066186871395,102.18260447452644,422.84139390010387,
w60,78,ABMA20,primary_evaluation,185,1.018171143761991,3254.1777516763023,1628.3066186871395,102.18260447452644,424.72011060011573,
w60,78,ABMA20,primary_evaluation,186,1.018171143761991,3254.1777516763023,1628.3066186871395,102.18260447452644,426.61927890009247,
w60,78,ABMA20,primary_evaluation,187,1.0178592107450697,3256.8688253357486,1609.3351991440427,102.27383247576333,428.3980231001042,
w60,78,ABMA20,primary_evaluation,188,1.0178592107450697,3256.8688253357486,1609.3351991440427,102.27383247576333,429.5142514000181,
w60,78,ABMA20,primary_evaluation,189,1.0178592107450697,3256.8688253357486,1609.3351991440427,102.27383247576333,431.8918482000008,
w60,78,ABMA20,primary_evaluation,190,1.0178592107450697,3256.8688253357486,1609.3351991440427,102.27383247576333,433.57313759997487,
w60,78,ABMA20,primary_evaluation,191,1.0178592107450697,3256.8688253357486,1609.3351991440427,102.27383247576333,435.0474944000598,
w60,78,ABMA20,primary_evaluation,192,1.0178592107450697,3256.8688253357486,1609.3351991440427,102.27383247576333,436.3642031000927,
w60,78,ABMA20,primary_evaluation,193,1.0178592107450697,3256.8688253357486,1609.3351991440427,102.27383247576333,437.462793600047,
w60,78,ABMA20,primary_evaluation,194,1.0178592107450697,3256.8688253357486,1609.3351991440427,102.27383247576333,438.74445230001584,
w60,78,ABMA20,primary_evaluation,195,1.0178592107450697,3256.8688253357486,1609.3351991440427,102.27383247576333,440.3921549001243,
w60,78,ABMA20,primary_evaluation,196,1.0178592107450697,3256.8688253357486,1609.3351991440427,102.27383247576333,441.7141720999498,
w60,78,ABMA20,primary_evaluation,197,1.0078315625620085,3245.309039511302,1601.4495190316497,102.23213388643856,442.83006040006876,
w60,78,ABMA20,primary_evaluation,198,1.0078315625620085,3245.309039511302,1601.4495190316497,102.23213388643856,444.48985270014964,
w60,78,ABMA20,primary_evaluation,199,1.0078315625620085,3245.309039511302,1601.4495190316497,102.23213388643856,447.1164691001177,
w60,78,ABMA20,primary_evaluation,200,1.0078315625620085,3245.309039511302,1601.4495190316497,102.23213388643856,448.6473811001051,
w60,78,ABMA20,primary_evaluation,201,1.0047326225164275,3236.5014028235,1635.7981135089271,101.43451893903216,450.0140295000747,
w60,78,ABMA20,primary_evaluation,202,1.0047326225164275,3236.5014028235,1635.7981135089271,101.43451893903216,451.97382690012455,
w60,78,ABMA20,primary_evaluation,203,1.0047326225164275,3236.5014028235,1635.7981135089271,101.43451893903216,453.7295725001022,
w60,78,ABMA20,primary_evaluation,204,1.0047326225164275,3236.5014028235,1635.7981135089271,101.43451893903216,455.40667419997044,
w60,78,ABMA20,primary_evaluation,205,1.0047326225164275,3236.5014028235,1635.7981135089271,101.43451893903216,457.2819887001533,
w60,78,ABMA20,primary_evaluation,206,1.0047326225164275,3236.5014028235,1635.7981135089271,101.43451893903216,457.9900732000824,
w60,78,ABMA20,primary_evaluation,207,1.0047326225164275,3236.5014028235,1635.7981135089271,101.43451893903216,459.4456952000037,
w60,78,ABMA20,primary_evaluation,208,1.0047326225164275,3236.5014028235,1635.7981135089271,101.43451893903216,461.1772894000169,
w60,78,ABMA20,primary_evaluation,209,1.0047326225164275,3236.5014028235,1635.7981135089271,101.43451893903216,462.02120540011674,
w60,78,ABMA20,primary_evaluation,210,1.0047326225164275,3236.5014028235,1635.7981135089271,101.43451893903216,463.7085728000384,
w60,78,ABMA20,primary_evaluation,211,1.0024349963139851,3239.8625498297993,1592.3289236380933,102.2495877184172,464.78685649996623,
w60,78,ABMA20,primary_evaluation,212,1.0024349963139851,3239.8625498297993,1592.3289236380933,102.2495877184172,466.4273060001433,
w60,78,ABMA20,primary_evaluation,213,1.0024349963139851,3239.8625498297993,1592.3289236380933,102.2495877184172,467.4364740001038,
w60,78,ABMA20,primary_evaluation,214,1.0024349963139851,3239.8625498297993,1592.3289236380933,102.2495877184172,468.33128080004826,
w60,78,ABMA20,primary_evaluation,215,1.0024349963139851,3239.8625498297993,1592.3289236380933,102.2495877184172,469.9128170001786,
w60,78,ABMA20,primary_evaluation,216,1.0024349963139851,3239.8625498297993,1592.3289236380933,102.2495877184172,471.2388272001408,
w60,78,ABMA20,primary_evaluation,217,1.0024349963139851,3239.8625498297993,1592.3289236380933,102.2495877184172,472.59654780011624,
w60,78,ABMA20,primary_evaluation,218,1.0024349963139851,3239.8625498297993,1592.3289236380933,102.2495877184172,473.8032813000027,
w60,78,ABMA20,primary_evaluation,219,1.0024349963139851,3239.8625498297993,1592.3289236380933,102.2495877184172,474.65900380001403,
w60,78,ABMA20,primary_evaluation,220,1.0024349963139851,3239.8625498297993,1592.3289236380933,102.2495877184172,475.6171885000076,
w60,78,ABMA20,primary_evaluation,221,1.0024349963139851,3239.8625498297993,1592.3289236380933,102.2495877184172,477.58900070004165,
w60,78,ABMA20,primary_evaluation,222,1.0024349963139851,3239.8625498297993,1592.3289236380933,102.2495877184172,478.99038200010546,
w60,78,ABMA20,primary_evaluation,223,1.0024349963139851,3239.8625498297993,1592.3289236380933,102.2495877184172,479.81027769995853,
w60,78,ABMA20,primary_evaluation,224,1.0024349963139851,3239.8625498297993,1592.3289236380933,102.2495877184172,480.39964670012705,
w60,78,ABMA20,primary_evaluation,225,1.0024349963139851,3239.8625498297993,1592.3289236380933,102.2495877184172,481.35464210016653,
w60,78,ABMA20,primary_evaluation,226,1.0024349963139851,3239.8625498297993,1592.3289236380933,102.2495877184172,482.9711104000453,
w60,78,ABMA20,primary_evaluation,227,1.0024349963139851,3239.8625498297993,1592.3289236380933,102.2495877184172,484.7717718000058,
w60,78,ABMA20,primary_evaluation,228,1.0024349963139851,3239.8625498297993,1592.3289236380933,102.2495877184172,485.67968349996954,
w60,78,ABMA20,primary_evaluation,229,1.0024349963139851,3239.8625498297993,1592.3289236380933,102.2495877184172,486.6164200999774,
w60,78,ABMA20,primary_evaluation,230,1.0024349963139851,3239.8625498297993,1592.3289236380933,102.2495877184172,488.3729505999945,
w60,78,ABMA20,primary_evaluation,231,1.0024349963139851,3239.8625498297993,1592.3289236380933,102.2495877184172,489.7023836001754,
w60,78,ABMA20,primary_evaluation,232,1.0024349963139851,3239.8625498297993,1592.3289236380933,102.2495877184172,491.96485610003583,
w60,78,ABMA20,primary_evaluation,233,1.0024349963139851,3239.8625498297993,1592.3289236380933,102.2495877184172,493.2054184000008,
w60,78,ABMA20,primary_evaluation,234,1.0024349963139851,3239.8625498297993,1592.3289236380933,102.2495877184172,495.07130150008015,
w60,78,ABMA20,primary_evaluation,235,1.0024349963139851,3239.8625498297993,1592.3289236380933,102.2495877184172,496.8052668001037,
w60,78,ABMA20,primary_evaluation,236,1.0024349963139851,3239.8625498297993,1592.3289236380933,102.2495877184172,498.68925349996425,
w60,78,ABMA20,primary_evaluation,237,1.0024349963139851,3239.8625498297993,1592.3289236380933,102.2495877184172,499.7843444000464,
w60,78,ABMA20,primary_evaluation,238,1.0024349963139851,3239.8625498297993,1592.3289236380933,102.2495877184172,501.2753999000415,
w60,78,ABMA20,primary_evaluation,239,1.0024349963139851,3239.8625498297993,1592.3289236380933,102.2495877184172,502.1180191000458,
w60,78,ABMA20,primary_evaluation,240,1.0024349963139851,3239.8625498297993,1592.3289236380933,102.2495877184172,503.247573700035,
w60,78,ABMA20,primary_evaluation,241,1.0024349963139851,3239.8625498297993,1592.3289236380933,102.2495877184172,504.03773570014164,
w60,78,ABMA20,primary_evaluation,242,1.0024349963139851,3239.8625498297993,1592.3289236380933,102.2495877184172,505.13522220007144,
w60,78,ABMA20,primary_evaluation,243,1.0024349963139851,3239.8625498297993,1592.3289236380933,102.2495877184172,506.49612960009836,
w60,78,ABMA20,primary_evaluation,244,1.0024349963139851,3239.8625498297993,1592.3289236380933,102.2495877184172,508.1214728001505,
w60,78,ABMA20,primary_evaluation,245,1.0024349963139851,3239.8625498297993,1592.3289236380933,102.2495877184172,509.17134030000307,
w60,78,ABMA20,primary_evaluation,246,1.0024349963139851,3239.8625498297993,1592.3289236380933,102.2495877184172,510.1865523001179,
w60,78,ABMA20,primary_evaluation,247,1.0024349963139851,3239.8625498297993,1592.3289236380933,102.2495877184172,511.69793689996004,
w60,78,ABMA20,primary_evaluation,248,1.0024349963139851,3239.8625498297993,1592.3289236380933,102.2495877184172,512.8682807001751,
w60,78,ABMA20,primary_evaluation,249,0.9913705187461362,3240.1277334350407,1494.0027821956824,103.90452279473989,514.1476847000886,
w60,78,ABMA20,primary_evaluation,250,0.9913705187461362,3240.1277334350407,1494.0027821956824,103.90452279473989,515.527432900155,
w60,78,ABMA20,primary_evaluation,251,0.9913705187461362,3240.1277334350407,1494.0027821956824,103.90452279473989,516.4637516001239,
w60,78,ABMA20,primary_evaluation,252,0.9913705187461362,3240.1277334350407,1494.0027821956824,103.90452279473989,518.0796572000254,
w60,78,ABMA20,generation_boundary,12,1.2791913787946039,,,,,0
w60,78,ABMA20,generation_boundary,24,1.2791913787946039,,,,,1
w60,78,ABMA20,generation_boundary,36,1.2791913787946039,,,,,2
w60,78,ABMA20,generation_boundary,48,1.2251568520309835,,,,,3
w60,78,ABMA20,generation_boundary,60,1.2251568520309835,,,,,4
w60,78,ABMA20,generation_boundary,72,1.196765716606657,,,,,5
w60,78,ABMA20,generation_boundary,84,1.1958193076513586,,,,,6
w60,78,ABMA20,generation_boundary,96,1.1958193076513586,,,,,7
w60,78,ABMA20,generation_boundary,108,1.1803853079645972,,,,,8
w60,78,ABMA20,generation_boundary,120,1.063847886933883,,,,,9
w60,78,ABMA20,generation_boundary,132,1.063847886933883,,,,,10
w60,78,ABMA20,generation_boundary,144,1.0525632180931297,,,,,11
w60,78,ABMA20,generation_boundary,156,1.045554819261393,,,,,12
w60,78,ABMA20,generation_boundary,168,1.045554819261393,,,,,13
w60,78,ABMA20,generation_boundary,180,1.045554819261393,,,,,14
w60,78,ABMA20,generation_boundary,192,1.0178592107450697,,,,,15
w60,78,ABMA20,generation_boundary,204,1.0047326225164275,,,,,16
w60,78,ABMA20,generation_boundary,216,1.0024349963139851,,,,,17
w60,78,ABMA20,generation_boundary,228,1.0024349963139851,,,,,18
w60,78,ABMA20,generation_boundary,240,1.0024349963139851,,,,,19
w60,78,ABMA20,generation_boundary,252,0.9913705187461362,,,,,20
w60,78,HGA-budget72,primary_evaluation,1,1.289172623661267,3523.4533229869257,2071.667766011622,106.6477029012463,0.4357638999354094,
w60,78,HGA-budget72,primary_evaluation,2,1.289172623661267,3523.4533229869257,2071.667766011622,106.6477029012463,0.5092539999168366,
w60,78,HGA-budget72,primary_evaluation,3,1.289172623661267,3523.4533229869257,2071.667766011622,106.6477029012463,0.5114295000676066,
w60,78,HGA-budget72,primary_evaluation,4,1.289172623661267,3523.4533229869257,2071.667766011622,106.6477029012463,0.5130640000570565,
w60,78,HGA-budget72,primary_evaluation,5,1.289172623661267,3523.4533229869257,2071.667766011622,106.6477029012463,0.5146264000795782,
w60,78,HGA-budget72,primary_evaluation,6,1.289172623661267,3523.4533229869257,2071.667766011622,106.6477029012463,0.5161115999799222,
w60,78,HGA-budget72,primary_evaluation,7,1.289172623661267,3523.4533229869257,2071.667766011622,106.6477029012463,0.5175858000293374,
w60,78,HGA-budget72,primary_evaluation,8,1.289172623661267,3523.4533229869257,2071.667766011622,106.6477029012463,0.5191114000044763,
w60,78,HGA-budget72,primary_evaluation,9,1.289172623661267,3523.4533229869257,2071.667766011622,106.6477029012463,0.5205655999016017,
w60,78,HGA-budget72,primary_evaluation,10,1.289172623661267,3523.4533229869257,2071.667766011622,106.6477029012463,0.5220290999859571,
w60,78,HGA-budget72,primary_evaluation,11,1.289172623661267,3523.4533229869257,2071.667766011622,106.6477029012463,0.5234759000595659,
w60,78,HGA-budget72,primary_evaluation,12,1.289172623661267,3523.4533229869257,2071.667766011622,106.6477029012463,0.5249483999796212,
w60,78,HGA-budget72,primary_evaluation,13,1.289172623661267,3523.4533229869257,2071.667766011622,106.6477029012463,0.5264009998645633,
w60,78,HGA-budget72,primary_evaluation,14,1.289172623661267,3523.4533229869257,2071.667766011622,106.6477029012463,0.5281917999964207,
w60,78,HGA-budget72,primary_evaluation,15,1.289172623661267,3523.4533229869257,2071.667766011622,106.6477029012463,0.5303458999842405,
w60,78,HGA-budget72,primary_evaluation,16,1.289172623661267,3523.4533229869257,2071.667766011622,106.6477029012463,0.5320598999969661,
w60,78,HGA-budget72,primary_evaluation,17,1.289172623661267,3523.4533229869257,2071.667766011622,106.6477029012463,0.533573399996385,
w60,78,HGA-budget72,primary_evaluation,18,1.289172623661267,3523.4533229869257,2071.667766011622,106.6477029012463,0.5350256999954581,
w60,78,HGA-budget72,primary_evaluation,19,1.289172623661267,3523.4533229869257,2071.667766011622,106.6477029012463,0.5378439999185503,
w60,78,HGA-budget72,primary_evaluation,20,1.2889751868711037,3523.4533229869257,2074.7706686925594,106.02712236505877,0.5393749999348074,
w60,78,HGA-budget72,primary_evaluation,21,1.2889751868711037,3523.4533229869257,2074.7706686925594,106.02712236505877,0.5611397000029683,
w60,78,HGA-budget72,primary_evaluation,22,1.2889751868711037,3523.4533229869257,2074.7706686925594,106.02712236505877,0.5630713999271393,
w60,78,HGA-budget72,primary_evaluation,23,1.2889751868711037,3523.4533229869257,2074.7706686925594,106.02712236505877,0.564584800042212,
w60,78,HGA-budget72,primary_evaluation,24,1.2889751868711037,3523.4533229869257,2074.7706686925594,106.02712236505877,0.5660830000415444,
w60,78,HGA-budget72,primary_evaluation,25,1.2889751868711037,3523.4533229869257,2074.7706686925594,106.02712236505877,0.5675562000833452,
w60,78,HGA-budget72,primary_evaluation,26,1.2889751868711037,3523.4533229869257,2074.7706686925594,106.02712236505877,0.569035799941048,
w60,78,HGA-budget72,primary_evaluation,27,1.2889751868711037,3523.4533229869257,2074.7706686925594,106.02712236505877,0.5705820999573916,
w60,78,HGA-budget72,primary_evaluation,28,1.2889751868711037,3523.4533229869257,2074.7706686925594,106.02712236505877,0.5721060000360012,
w60,78,HGA-budget72,primary_evaluation,29,1.2889751868711037,3523.4533229869257,2074.7706686925594,106.02712236505877,0.5737862999085337,
w60,78,HGA-budget72,primary_evaluation,30,1.2889751868711037,3523.4533229869257,2074.7706686925594,106.02712236505877,0.5753579000011086,
w60,78,HGA-budget72,primary_evaluation,31,1.2889751868711037,3523.4533229869257,2074.7706686925594,106.02712236505877,0.5769261000677943,
w60,78,HGA-budget72,primary_evaluation,32,1.2889751868711037,3523.4533229869257,2074.7706686925594,106.02712236505877,0.5790172000415623,
w60,78,HGA-budget72,primary_evaluation,33,1.2889751868711037,3523.4533229869257,2074.7706686925594,106.02712236505877,0.5805740999057889,
w60,78,HGA-budget72,primary_evaluation,34,1.2889751868711037,3523.4533229869257,2074.7706686925594,106.02712236505877,0.5821551000699401,
w60,78,HGA-budget72,primary_evaluation,35,1.2889751868711037,3523.4533229869257,2074.7706686925594,106.02712236505877,0.5855022000614554,
w60,78,HGA-budget72,primary_evaluation,36,1.2889751868711037,3523.4533229869257,2074.7706686925594,106.02712236505877,0.5870886999182403,
w60,78,HGA-budget72,primary_evaluation,37,1.2889751868711037,3523.4533229869257,2074.7706686925594,106.02712236505877,0.5886406998615712,
w60,78,HGA-budget72,primary_evaluation,38,1.2889751868711037,3523.4533229869257,2074.7706686925594,106.02712236505877,0.59015419986099,
w60,78,HGA-budget72,primary_evaluation,39,1.2889751868711037,3523.4533229869257,2074.7706686925594,106.02712236505877,0.5912552999798208,
w60,78,HGA-budget72,primary_evaluation,40,1.2889751868711037,3523.4533229869257,2074.7706686925594,106.02712236505877,0.5927188999485224,
w60,78,HGA-budget72,primary_evaluation,41,1.2888524696018229,3523.4533229869257,2076.6992846487547,105.64139917381969,0.5944678999949247,
w60,78,HGA-budget72,primary_evaluation,42,1.2888524696018229,3523.4533229869257,2076.6992846487547,105.64139917381969,0.6151359998621047,
w60,78,HGA-budget72,primary_evaluation,43,1.2888524696018229,3523.4533229869257,2076.6992846487547,105.64139917381969,0.6165899999905378,
w60,78,HGA-budget72,primary_evaluation,44,1.2888524696018229,3523.4533229869257,2076.6992846487547,105.64139917381969,0.6195413998793811,
w60,78,HGA-budget72,primary_evaluation,45,1.2888524696018229,3523.4533229869257,2076.6992846487547,105.64139917381969,0.6235603999812156,
w60,78,HGA-budget72,primary_evaluation,46,1.2888524696018229,3523.4533229869257,2076.6992846487547,105.64139917381969,0.6257924998644739,
w60,78,HGA-budget72,primary_evaluation,47,1.2888524696018229,3523.4533229869257,2076.6992846487547,105.64139917381969,0.6300194999203086,
w60,78,HGA-budget72,primary_evaluation,48,1.2888524696018229,3523.4533229869257,2076.6992846487547,105.64139917381969,0.6317328999284655,
w60,78,HGA-budget72,primary_evaluation,49,1.2888524696018229,3523.4533229869257,2076.6992846487547,105.64139917381969,0.6331515000201762,
w60,78,HGA-budget72,primary_evaluation,50,1.2888524696018229,3523.4533229869257,2076.6992846487547,105.64139917381969,0.6345424999017268,
w60,78,HGA-budget72,primary_evaluation,51,1.2888524696018229,3523.4533229869257,2076.6992846487547,105.64139917381969,0.6359157999977469,
w60,78,HGA-budget72,primary_evaluation,52,1.2888524696018229,3523.4533229869257,2076.6992846487547,105.64139917381969,0.6372308998834342,
w60,78,HGA-budget72,primary_evaluation,53,1.2888524696018229,3523.4533229869257,2076.6992846487547,105.64139917381969,0.6385536999441683,
w60,78,HGA-budget72,primary_evaluation,54,1.2888524696018229,3523.4533229869257,2076.6992846487547,105.64139917381969,0.6398396000731736,
w60,78,HGA-budget72,primary_evaluation,55,1.2888524696018229,3523.4533229869257,2076.6992846487547,105.64139917381969,0.6411124998703599,
w60,78,HGA-budget72,primary_evaluation,56,1.2888524696018229,3523.4533229869257,2076.6992846487547,105.64139917381969,0.6424034000374377,
w60,78,HGA-budget72,primary_evaluation,57,1.2888524696018229,3523.4533229869257,2076.6992846487547,105.64139917381969,0.6439505000598729,
w60,78,HGA-budget72,primary_evaluation,58,1.2888524696018229,3523.4533229869257,2076.6992846487547,105.64139917381969,0.6478313999250531,
w60,78,HGA-budget72,primary_evaluation,59,1.2888524696018229,3523.4533229869257,2076.6992846487547,105.64139917381969,0.6494398999493569,
w60,78,HGA-budget72,primary_evaluation,60,1.2888524696018229,3523.4533229869257,2076.6992846487547,105.64139917381969,0.6510296000633389,
w60,78,HGA-budget72,primary_evaluation,61,1.2888524696018229,3523.4533229869257,2076.6992846487547,105.64139917381969,0.6535545999649912,
w60,78,HGA-budget72,primary_evaluation,62,1.2888524696018229,3523.4533229869257,2076.6992846487547,105.64139917381969,0.6552309000398964,
w60,78,HGA-budget72,primary_evaluation,63,1.2888524696018229,3523.4533229869257,2076.6992846487547,105.64139917381969,0.6569920999463648,
w60,78,HGA-budget72,primary_evaluation,64,1.2888524696018229,3523.4533229869257,2076.6992846487547,105.64139917381969,0.6586597000714391,
w60,78,HGA-budget72,primary_evaluation,65,1.2888524696018229,3523.4533229869257,2076.6992846487547,105.64139917381969,0.6601859000511467,
w60,78,HGA-budget72,primary_evaluation,66,1.2888524696018229,3523.4533229869257,2076.6992846487547,105.64139917381969,0.6631272998638451,
w60,78,HGA-budget72,primary_evaluation,67,1.2888524696018229,3523.4533229869257,2076.6992846487547,105.64139917381969,0.6648275000043213,
w60,78,HGA-budget72,primary_evaluation,68,1.2888524696018229,3523.4533229869257,2076.6992846487547,105.64139917381969,0.6677589998580515,
w60,78,HGA-budget72,primary_evaluation,69,1.2888524696018229,3523.4533229869257,2076.6992846487547,105.64139917381969,0.6693472000770271,
w60,78,HGA-budget72,primary_evaluation,70,1.2888524696018229,3523.4533229869257,2076.6992846487547,105.64139917381969,0.670834899879992,
w60,78,HGA-budget72,primary_evaluation,71,1.2888524696018229,3523.4533229869257,2076.6992846487547,105.64139917381969,0.6723912998568267,
w60,78,HGA-budget72,primary_evaluation,72,1.2888524696018229,3523.4533229869257,2076.6992846487547,105.64139917381969,0.673966399859637,
w60,78,HGA-budget72,generation_boundary,12,1.289172623661267,,,,,0
w60,78,HGA-budget252,primary_evaluation,1,1.289172623661267,3523.4533229869257,2071.667766011622,106.6477029012463,0.4450044999830425,
w60,78,HGA-budget252,primary_evaluation,2,1.289172623661267,3523.4533229869257,2071.667766011622,106.6477029012463,0.5223205999936908,
w60,78,HGA-budget252,primary_evaluation,3,1.289172623661267,3523.4533229869257,2071.667766011622,106.6477029012463,0.5231985000427812,
w60,78,HGA-budget252,primary_evaluation,4,1.289172623661267,3523.4533229869257,2071.667766011622,106.6477029012463,0.5240652000065893,
w60,78,HGA-budget252,primary_evaluation,5,1.289172623661267,3523.4533229869257,2071.667766011622,106.6477029012463,0.5250264001078904,
w60,78,HGA-budget252,primary_evaluation,6,1.289172623661267,3523.4533229869257,2071.667766011622,106.6477029012463,0.5262708999216557,
w60,78,HGA-budget252,primary_evaluation,7,1.289172623661267,3523.4533229869257,2071.667766011622,106.6477029012463,0.5278264000080526,
w60,78,HGA-budget252,primary_evaluation,8,1.289172623661267,3523.4533229869257,2071.667766011622,106.6477029012463,0.5293028000742197,
w60,78,HGA-budget252,primary_evaluation,9,1.289172623661267,3523.4533229869257,2071.667766011622,106.6477029012463,0.5310804999899119,
w60,78,HGA-budget252,primary_evaluation,10,1.289172623661267,3523.4533229869257,2071.667766011622,106.6477029012463,0.5328917999286205,
w60,78,HGA-budget252,primary_evaluation,11,1.289172623661267,3523.4533229869257,2071.667766011622,106.6477029012463,0.5361025999300182,
w60,78,HGA-budget252,primary_evaluation,12,1.289172623661267,3523.4533229869257,2071.667766011622,106.6477029012463,0.5383731001056731,
w60,78,HGA-budget252,primary_evaluation,13,1.289172623661267,3523.4533229869257,2071.667766011622,106.6477029012463,0.5398975000716746,
w60,78,HGA-budget252,primary_evaluation,14,1.289172623661267,3523.4533229869257,2071.667766011622,106.6477029012463,0.5419715000316501,
w60,78,HGA-budget252,primary_evaluation,15,1.289172623661267,3523.4533229869257,2071.667766011622,106.6477029012463,0.5432279000524431,
w60,78,HGA-budget252,primary_evaluation,16,1.289172623661267,3523.4533229869257,2071.667766011622,106.6477029012463,0.5448690000921488,
w60,78,HGA-budget252,primary_evaluation,17,1.289172623661267,3523.4533229869257,2071.667766011622,106.6477029012463,0.5469126999378204,
w60,78,HGA-budget252,primary_evaluation,18,1.289172623661267,3523.4533229869257,2071.667766011622,106.6477029012463,0.5486602000892162,
w60,78,HGA-budget252,primary_evaluation,19,1.289172623661267,3523.4533229869257,2071.667766011622,106.6477029012463,0.5505576999858022,
w60,78,HGA-budget252,primary_evaluation,20,1.2889751868711037,3523.4533229869257,2074.7706686925594,106.02712236505877,0.5545898999553174,
w60,78,HGA-budget252,primary_evaluation,21,1.2889751868711037,3523.4533229869257,2074.7706686925594,106.02712236505877,0.582787600113079,
w60,78,HGA-budget252,primary_evaluation,22,1.2889751868711037,3523.4533229869257,2074.7706686925594,106.02712236505877,0.5877648000605404,
w60,78,HGA-budget252,primary_evaluation,23,1.2889751868711037,3523.4533229869257,2074.7706686925594,106.02712236505877,0.5917628998868167,
w60,78,HGA-budget252,primary_evaluation,24,1.2889751868711037,3523.4533229869257,2074.7706686925594,106.02712236505877,0.5933479000814259,
w60,78,HGA-budget252,primary_evaluation,25,1.2889751868711037,3523.4533229869257,2074.7706686925594,106.02712236505877,0.5948868000414222,
w60,78,HGA-budget252,primary_evaluation,26,1.2889751868711037,3523.4533229869257,2074.7706686925594,106.02712236505877,0.5962869999930263,
w60,78,HGA-budget252,primary_evaluation,27,1.2889751868711037,3523.4533229869257,2074.7706686925594,106.02712236505877,0.5980680000502616,
w60,78,HGA-budget252,primary_evaluation,28,1.2889751868711037,3523.4533229869257,2074.7706686925594,106.02712236505877,0.5995962000451982,
w60,78,HGA-budget252,primary_evaluation,29,1.2889751868711037,3523.4533229869257,2074.7706686925594,106.02712236505877,0.6040157999377698,
w60,78,HGA-budget252,primary_evaluation,30,1.2889751868711037,3523.4533229869257,2074.7706686925594,106.02712236505877,0.6066215999890119,
w60,78,HGA-budget252,primary_evaluation,31,1.2889751868711037,3523.4533229869257,2074.7706686925594,106.02712236505877,0.6083213998936117,
w60,78,HGA-budget252,primary_evaluation,32,1.2889751868711037,3523.4533229869257,2074.7706686925594,106.02712236505877,0.6092789999675006,
w60,78,HGA-budget252,primary_evaluation,33,1.2889751868711037,3523.4533229869257,2074.7706686925594,106.02712236505877,0.6105736000463367,
w60,78,HGA-budget252,primary_evaluation,34,1.2889751868711037,3523.4533229869257,2074.7706686925594,106.02712236505877,0.6121513999532908,
w60,78,HGA-budget252,primary_evaluation,35,1.2889751868711037,3523.4533229869257,2074.7706686925594,106.02712236505877,0.6136443999130279,
w60,78,HGA-budget252,primary_evaluation,36,1.2889751868711037,3523.4533229869257,2074.7706686925594,106.02712236505877,0.615211799973622,
w60,78,HGA-budget252,primary_evaluation,37,1.2889751868711037,3523.4533229869257,2074.7706686925594,106.02712236505877,0.6178393000736833,
w60,78,HGA-budget252,primary_evaluation,38,1.2889751868711037,3523.4533229869257,2074.7706686925594,106.02712236505877,0.6196471999865025,
w60,78,HGA-budget252,primary_evaluation,39,1.2889751868711037,3523.4533229869257,2074.7706686925594,106.02712236505877,0.6207971998956054,
w60,78,HGA-budget252,primary_evaluation,40,1.2889751868711037,3523.4533229869257,2074.7706686925594,106.02712236505877,0.6219858999829739,
w60,78,HGA-budget252,primary_evaluation,41,1.2888524696018229,3523.4533229869257,2076.6992846487547,105.64139917381969,0.6229113999288529,
w60,78,HGA-budget252,primary_evaluation,42,1.2888524696018229,3523.4533229869257,2076.6992846487547,105.64139917381969,0.6383750000968575,
w60,78,HGA-budget252,primary_evaluation,43,1.2888524696018229,3523.4533229869257,2076.6992846487547,105.64139917381969,0.6400065999478102,
w60,78,HGA-budget252,primary_evaluation,44,1.2888524696018229,3523.4533229869257,2076.6992846487547,105.64139917381969,0.6411186999175698,
w60,78,HGA-budget252,primary_evaluation,45,1.2888524696018229,3523.4533229869257,2076.6992846487547,105.64139917381969,0.6422717999666929,
w60,78,HGA-budget252,primary_evaluation,46,1.2888524696018229,3523.4533229869257,2076.6992846487547,105.64139917381969,0.6440975000150502,
w60,78,HGA-budget252,primary_evaluation,47,1.2888524696018229,3523.4533229869257,2076.6992846487547,105.64139917381969,0.6457551999483258,
w60,78,HGA-budget252,primary_evaluation,48,1.2888524696018229,3523.4533229869257,2076.6992846487547,105.64139917381969,0.6478198000695556,
w60,78,HGA-budget252,primary_evaluation,49,1.2888524696018229,3523.4533229869257,2076.6992846487547,105.64139917381969,0.649792900076136,
w60,78,HGA-budget252,primary_evaluation,50,1.2888524696018229,3523.4533229869257,2076.6992846487547,105.64139917381969,0.6529612001031637,
w60,78,HGA-budget252,primary_evaluation,51,1.2888524696018229,3523.4533229869257,2076.6992846487547,105.64139917381969,0.6553992000408471,
w60,78,HGA-budget252,primary_evaluation,52,1.2888524696018229,3523.4533229869257,2076.6992846487547,105.64139917381969,0.656991200055927,
w60,78,HGA-budget252,primary_evaluation,53,1.2888524696018229,3523.4533229869257,2076.6992846487547,105.64139917381969,0.6586249000392854,
w60,78,HGA-budget252,primary_evaluation,54,1.2888524696018229,3523.4533229869257,2076.6992846487547,105.64139917381969,0.6602509999647737,
w60,78,HGA-budget252,primary_evaluation,55,1.2888524696018229,3523.4533229869257,2076.6992846487547,105.64139917381969,0.6618357000406832,
w60,78,HGA-budget252,primary_evaluation,56,1.2888524696018229,3523.4533229869257,2076.6992846487547,105.64139917381969,0.663472699932754,
w60,78,HGA-budget252,primary_evaluation,57,1.2888524696018229,3523.4533229869257,2076.6992846487547,105.64139917381969,0.6650030000600964,
w60,78,HGA-budget252,primary_evaluation,58,1.2888524696018229,3523.4533229869257,2076.6992846487547,105.64139917381969,0.6670117999892682,
w60,78,HGA-budget252,primary_evaluation,59,1.2888524696018229,3523.4533229869257,2076.6992846487547,105.64139917381969,0.6687791000586003,
w60,78,HGA-budget252,primary_evaluation,60,1.2888524696018229,3523.4533229869257,2076.6992846487547,105.64139917381969,0.6716318998951465,
w60,78,HGA-budget252,primary_evaluation,61,1.2888524696018229,3523.4533229869257,2076.6992846487547,105.64139917381969,0.6741845000069588,
w60,78,HGA-budget252,primary_evaluation,62,1.2888524696018229,3523.4533229869257,2076.6992846487547,105.64139917381969,0.6757837000768632,
w60,78,HGA-budget252,primary_evaluation,63,1.2888524696018229,3523.4533229869257,2076.6992846487547,105.64139917381969,0.6775034999009222,
w60,78,HGA-budget252,primary_evaluation,64,1.2888524696018229,3523.4533229869257,2076.6992846487547,105.64139917381969,0.6790740001015365,
w60,78,HGA-budget252,primary_evaluation,65,1.2888524696018229,3523.4533229869257,2076.6992846487547,105.64139917381969,0.6807333999313414,
w60,78,HGA-budget252,primary_evaluation,66,1.2888524696018229,3523.4533229869257,2076.6992846487547,105.64139917381969,0.6826728999149054,
w60,78,HGA-budget252,primary_evaluation,67,1.2888524696018229,3523.4533229869257,2076.6992846487547,105.64139917381969,0.6846493000630289,
w60,78,HGA-budget252,primary_evaluation,68,1.2888524696018229,3523.4533229869257,2076.6992846487547,105.64139917381969,0.6865884999278933,
w60,78,HGA-budget252,primary_evaluation,69,1.2888524696018229,3523.4533229869257,2076.6992846487547,105.64139917381969,0.688144400017336,
w60,78,HGA-budget252,primary_evaluation,70,1.2888524696018229,3523.4533229869257,2076.6992846487547,105.64139917381969,0.6897114000748843,
w60,78,HGA-budget252,primary_evaluation,71,1.2888524696018229,3523.4533229869257,2076.6992846487547,105.64139917381969,0.6912469998933375,
w60,78,HGA-budget252,primary_evaluation,72,1.2888524696018229,3523.4533229869257,2076.6992846487547,105.64139917381969,0.6928852999117225,
w60,78,HGA-budget252,primary_evaluation,73,1.2888524696018229,3523.4533229869257,2076.6992846487547,105.64139917381969,0.6944603999145329,
w60,78,HGA-budget252,primary_evaluation,74,1.2888524696018229,3523.4533229869257,2076.6992846487547,105.64139917381969,0.6959836001042277,
w60,78,HGA-budget252,primary_evaluation,75,1.2888524696018229,3523.4533229869257,2076.6992846487547,105.64139917381969,0.6974144999403507,
w60,78,HGA-budget252,primary_evaluation,76,1.2888524696018229,3523.4533229869257,2076.6992846487547,105.64139917381969,0.6989617999643087,
w60,78,HGA-budget252,primary_evaluation,77,1.2888524696018229,3523.4533229869257,2076.6992846487547,105.64139917381969,0.7009250998962671,
w60,78,HGA-budget252,primary_evaluation,78,1.2888524696018229,3523.4533229869257,2076.6992846487547,105.64139917381969,0.7023537000641227,
w60,78,HGA-budget252,primary_evaluation,79,1.2888524696018229,3523.4533229869257,2076.6992846487547,105.64139917381969,0.7037279000505805,
w60,78,HGA-budget252,primary_evaluation,80,1.2888524696018229,3523.4533229869257,2076.6992846487547,105.64139917381969,0.7050737000536174,
w60,78,HGA-budget252,primary_evaluation,81,1.2888524696018229,3523.4533229869257,2076.6992846487547,105.64139917381969,0.7065341998822987,
w60,78,HGA-budget252,primary_evaluation,82,1.2888524696018229,3523.4533229869257,2076.6992846487547,105.64139917381969,0.7081478999461979,
w60,78,HGA-budget252,primary_evaluation,83,1.2888524696018229,3523.4533229869257,2076.6992846487547,105.64139917381969,0.7098077000118792,
w60,78,HGA-budget252,primary_evaluation,84,1.2888524696018229,3523.4533229869257,2076.6992846487547,105.64139917381969,0.7114208999555558,
w60,78,HGA-budget252,primary_evaluation,85,1.2888524696018229,3523.4533229869257,2076.6992846487547,105.64139917381969,0.7127588000148535,
w60,78,HGA-budget252,primary_evaluation,86,1.2888524696018229,3523.4533229869257,2076.6992846487547,105.64139917381969,0.7136621999088675,
w60,78,HGA-budget252,primary_evaluation,87,1.2888524696018229,3523.4533229869257,2076.6992846487547,105.64139917381969,0.7146391000133008,
w60,78,HGA-budget252,primary_evaluation,88,1.2888524696018229,3523.4533229869257,2076.6992846487547,105.64139917381969,0.7155504999682307,
w60,78,HGA-budget252,primary_evaluation,89,1.2888524696018229,3523.4533229869257,2076.6992846487547,105.64139917381969,0.7164869999978691,
w60,78,HGA-budget252,primary_evaluation,90,1.2888524696018229,3523.4533229869257,2076.6992846487547,105.64139917381969,0.7179590000305325,
w60,78,HGA-budget252,primary_evaluation,91,1.2888524696018229,3523.4533229869257,2076.6992846487547,105.64139917381969,0.7196357001084834,
w60,78,HGA-budget252,primary_evaluation,92,1.2888524696018229,3523.4533229869257,2076.6992846487547,105.64139917381969,0.7211752999573946,
w60,78,HGA-budget252,primary_evaluation,93,1.2888524696018229,3523.4533229869257,2076.6992846487547,105.64139917381969,0.7225335999391973,
w60,78,HGA-budget252,primary_evaluation,94,1.2888524696018229,3523.4533229869257,2076.6992846487547,105.64139917381969,0.7235348001122475,
w60,78,HGA-budget252,primary_evaluation,95,1.2888524696018229,3523.4533229869257,2076.6992846487547,105.64139917381969,0.724388400092721,
w60,78,HGA-budget252,primary_evaluation,96,1.2888524696018229,3523.4533229869257,2076.6992846487547,105.64139917381969,0.7252227999269962,
w60,78,HGA-budget252,primary_evaluation,97,1.2888524696018229,3523.4533229869257,2076.6992846487547,105.64139917381969,0.7260521999560297,
w60,78,HGA-budget252,primary_evaluation,98,1.2888524696018229,3523.4533229869257,2076.6992846487547,105.64139917381969,0.7268952000886202,
w60,78,HGA-budget252,primary_evaluation,99,1.2888524696018229,3523.4533229869257,2076.6992846487547,105.64139917381969,0.7277780999429524,
w60,78,HGA-budget252,primary_evaluation,100,1.2888524696018229,3523.4533229869257,2076.6992846487547,105.64139917381969,0.7289493000134826,
w60,78,HGA-budget252,primary_evaluation,101,1.2888524696018229,3523.4533229869257,2076.6992846487547,105.64139917381969,0.7299009000416845,
w60,78,HGA-budget252,primary_evaluation,102,1.2888524696018229,3523.4533229869257,2076.6992846487547,105.64139917381969,0.7313401000574231,
w60,78,HGA-budget252,primary_evaluation,103,1.2888524696018229,3523.4533229869257,2076.6992846487547,105.64139917381969,0.7327320999465883,
w60,78,HGA-budget252,primary_evaluation,104,1.2888524696018229,3523.4533229869257,2076.6992846487547,105.64139917381969,0.7344029999803752,
w60,78,HGA-budget252,primary_evaluation,105,1.2888524696018229,3523.4533229869257,2076.6992846487547,105.64139917381969,0.7361063999123871,
w60,78,HGA-budget252,primary_evaluation,106,1.2888524696018229,3523.4533229869257,2076.6992846487547,105.64139917381969,0.7377001000568271,
w60,78,HGA-budget252,primary_evaluation,107,1.2888524696018229,3523.4533229869257,2076.6992846487547,105.64139917381969,0.739169399952516,
w60,78,HGA-budget252,primary_evaluation,108,1.2888524696018229,3523.4533229869257,2076.6992846487547,105.64139917381969,0.7408082000911236,
w60,78,HGA-budget252,primary_evaluation,109,1.2888524696018229,3523.4533229869257,2076.6992846487547,105.64139917381969,0.7428617000114173,
w60,78,HGA-budget252,primary_evaluation,110,1.2888524696018229,3523.4533229869257,2076.6992846487547,105.64139917381969,0.7438048999756575,
w60,78,HGA-budget252,primary_evaluation,111,1.2888524696018229,3523.4533229869257,2076.6992846487547,105.64139917381969,0.745213899994269,
w60,78,HGA-budget252,primary_evaluation,112,1.2888524696018229,3523.4533229869257,2076.6992846487547,105.64139917381969,0.7464536998886615,
w60,78,HGA-budget252,primary_evaluation,113,1.2888524696018229,3523.4533229869257,2076.6992846487547,105.64139917381969,0.7479552999138832,
w60,78,HGA-budget252,primary_evaluation,114,1.2888524696018229,3523.4533229869257,2076.6992846487547,105.64139917381969,0.7490177000872791,
w60,78,HGA-budget252,primary_evaluation,115,1.2888524696018229,3523.4533229869257,2076.6992846487547,105.64139917381969,0.7504469000268728,
w60,78,HGA-budget252,primary_evaluation,116,1.2888524696018229,3523.4533229869257,2076.6992846487547,105.64139917381969,0.7519229999743402,
w60,78,HGA-budget252,primary_evaluation,117,1.2888524696018229,3523.4533229869257,2076.6992846487547,105.64139917381969,0.7530608000233769,
w60,78,HGA-budget252,primary_evaluation,118,1.2888524696018229,3523.4533229869257,2076.6992846487547,105.64139917381969,0.7540726000443101,
w60,78,HGA-budget252,primary_evaluation,119,1.2888524696018229,3523.4533229869257,2076.6992846487547,105.64139917381969,0.7564232998993248,
w60,78,HGA-budget252,primary_evaluation,120,1.2888524696018229,3523.4533229869257,2076.6992846487547,105.64139917381969,0.757834899937734,
w60,78,HGA-budget252,primary_evaluation,121,1.2888524696018229,3523.4533229869257,2076.6992846487547,105.64139917381969,0.7591798000503331,
w60,78,HGA-budget252,primary_evaluation,122,1.2888524696018229,3523.4533229869257,2076.6992846487547,105.64139917381969,0.7601731000468135,
w60,78,HGA-budget252,primary_evaluation,123,1.288831116207256,3523.4533229869257,2077.034873093002,105.57428148497031,0.7610683999955654,
w60,78,HGA-budget252,primary_evaluation,124,1.288831116207256,3523.4533229869257,2077.034873093002,105.57428148497031,0.7786183999851346,
w60,78,HGA-budget252,primary_evaluation,125,1.288831116207256,3523.4533229869257,2077.034873093002,105.57428148497031,0.7801699000410736,
w60,78,HGA-budget252,primary_evaluation,126,1.288831116207256,3523.4533229869257,2077.034873093002,105.57428148497031,0.7817744999192655,
w60,78,HGA-budget252,primary_evaluation,127,1.288831116207256,3523.4533229869257,2077.034873093002,105.57428148497031,0.7834330000914633,
w60,78,HGA-budget252,primary_evaluation,128,1.288831116207256,3523.4533229869257,2077.034873093002,105.57428148497031,0.7854804000817239,
w60,78,HGA-budget252,primary_evaluation,129,1.288831116207256,3523.4533229869257,2077.034873093002,105.57428148497031,0.7870420999825001,
w60,78,HGA-budget252,primary_evaluation,130,1.288831116207256,3523.4533229869257,2077.034873093002,105.57428148497031,0.7885247999802232,
w60,78,HGA-budget252,primary_evaluation,131,1.288831116207256,3523.4533229869257,2077.034873093002,105.57428148497031,0.7898172000423074,
w60,78,HGA-budget252,primary_evaluation,132,1.288831116207256,3523.4533229869257,2077.034873093002,105.57428148497031,0.7912540000397712,
w60,78,HGA-budget252,primary_evaluation,133,1.288831116207256,3523.4533229869257,2077.034873093002,105.57428148497031,0.7928677001036704,
w60,78,HGA-budget252,primary_evaluation,134,1.288831116207256,3523.4533229869257,2077.034873093002,105.57428148497031,0.7943110999185592,
w60,78,HGA-budget252,primary_evaluation,135,1.288831116207256,3523.4533229869257,2077.034873093002,105.57428148497031,0.7951843999326229,
w60,78,HGA-budget252,primary_evaluation,136,1.288831116207256,3523.4533229869257,2077.034873093002,105.57428148497031,0.7965386998839676,
w60,78,HGA-budget252,primary_evaluation,137,1.288831116207256,3523.4533229869257,2077.034873093002,105.57428148497031,0.798143400112167,
w60,78,HGA-budget252,primary_evaluation,138,1.288831116207256,3523.4533229869257,2077.034873093002,105.57428148497031,0.8001220000442117,
w60,78,HGA-budget252,primary_evaluation,139,1.288831116207256,3523.4533229869257,2077.034873093002,105.57428148497031,0.8017142000608146,
w60,78,HGA-budget252,primary_evaluation,140,1.288831116207256,3523.4533229869257,2077.034873093002,105.57428148497031,0.8032565000467002,
w60,78,HGA-budget252,primary_evaluation,141,1.288831116207256,3523.4533229869257,2077.034873093002,105.57428148497031,0.8048688000999391,
w60,78,HGA-budget252,primary_evaluation,142,1.288831116207256,3523.4533229869257,2077.034873093002,105.57428148497031,0.8062396999448538,
w60,78,HGA-budget252,primary_evaluation,143,1.288831116207256,3523.4533229869257,2077.034873093002,105.57428148497031,0.8076853000093251,
w60,78,HGA-budget252,primary_evaluation,144,1.288831116207256,3523.4533229869257,2077.034873093002,105.57428148497031,0.8090663000475615,
w60,78,HGA-budget252,primary_evaluation,145,1.288831116207256,3523.4533229869257,2077.034873093002,105.57428148497031,0.8103859000839293,
w60,78,HGA-budget252,primary_evaluation,146,1.288831116207256,3523.4533229869257,2077.034873093002,105.57428148497031,0.8117148000746965,
w60,78,HGA-budget252,primary_evaluation,147,1.288831116207256,3523.4533229869257,2077.034873093002,105.57428148497031,0.8130493999924511,
w60,78,HGA-budget252,primary_evaluation,148,1.288831116207256,3523.4533229869257,2077.034873093002,105.57428148497031,0.8148632000666112,
w60,78,HGA-budget252,primary_evaluation,149,1.288831116207256,3523.4533229869257,2077.034873093002,105.57428148497031,0.8159113998990506,
w60,78,HGA-budget252,primary_evaluation,150,1.288831116207256,3523.4533229869257,2077.034873093002,105.57428148497031,0.8172855000011623,
w60,78,HGA-budget252,primary_evaluation,151,1.288831116207256,3523.4533229869257,2077.034873093002,105.57428148497031,0.8185513999778777,
w60,78,HGA-budget252,primary_evaluation,152,1.288831116207256,3523.4533229869257,2077.034873093002,105.57428148497031,0.8202253999188542,
w60,78,HGA-budget252,primary_evaluation,153,1.288831116207256,3523.4533229869257,2077.034873093002,105.57428148497031,0.8210988999344409,
w60,78,HGA-budget252,primary_evaluation,154,1.288831116207256,3523.4533229869257,2077.034873093002,105.57428148497031,0.8219800998922437,
w60,78,HGA-budget252,primary_evaluation,155,1.288831116207256,3523.4533229869257,2077.034873093002,105.57428148497031,0.8228186999913305,
w60,78,HGA-budget252,primary_evaluation,156,1.288831116207256,3523.4533229869257,2077.034873093002,105.57428148497031,0.8236603001132607,
w60,78,HGA-budget252,primary_evaluation,157,1.288831116207256,3523.4533229869257,2077.034873093002,105.57428148497031,0.8245377999264747,
w60,78,HGA-budget252,primary_evaluation,158,1.288831116207256,3523.4533229869257,2077.034873093002,105.57428148497031,0.8259161999449134,
w60,78,HGA-budget252,primary_evaluation,159,1.288831116207256,3523.4533229869257,2077.034873093002,105.57428148497031,0.8276327000930905,
w60,78,HGA-budget252,primary_evaluation,160,1.288831116207256,3523.4533229869257,2077.034873093002,105.57428148497031,0.8291253999341279,
w60,78,HGA-budget252,primary_evaluation,161,1.288831116207256,3523.4533229869257,2077.034873093002,105.57428148497031,0.8307401998899877,
w60,78,HGA-budget252,primary_evaluation,162,1.288831116207256,3523.4533229869257,2077.034873093002,105.57428148497031,0.8316353999543935,
w60,78,HGA-budget252,primary_evaluation,163,1.288831116207256,3523.4533229869257,2077.034873093002,105.57428148497031,0.8325225000735372,
w60,78,HGA-budget252,primary_evaluation,164,1.288831116207256,3523.4533229869257,2077.034873093002,105.57428148497031,0.8339825998991728,
w60,78,HGA-budget252,primary_evaluation,165,1.288831116207256,3523.4533229869257,2077.034873093002,105.57428148497031,0.8354708000551909,
w60,78,HGA-budget252,primary_evaluation,166,1.288831116207256,3523.4533229869257,2077.034873093002,105.57428148497031,0.8369378000497818,
w60,78,HGA-budget252,primary_evaluation,167,1.288831116207256,3523.4533229869257,2077.034873093002,105.57428148497031,0.8383923000656068,
w60,78,HGA-budget252,primary_evaluation,168,1.288831116207256,3523.4533229869257,2077.034873093002,105.57428148497031,0.8395334999077022,
w60,78,HGA-budget252,primary_evaluation,169,1.288831116207256,3523.4533229869257,2077.034873093002,105.57428148497031,0.8405575999058783,
w60,78,HGA-budget252,primary_evaluation,170,1.288831116207256,3523.4533229869257,2077.034873093002,105.57428148497031,0.8414588999003172,
w60,78,HGA-budget252,primary_evaluation,171,1.288831116207256,3523.4533229869257,2077.034873093002,105.57428148497031,0.8423564999829978,
w60,78,HGA-budget252,primary_evaluation,172,1.288831116207256,3523.4533229869257,2077.034873093002,105.57428148497031,0.8432116999756545,
w60,78,HGA-budget252,primary_evaluation,173,1.288831116207256,3523.4533229869257,2077.034873093002,105.57428148497031,0.8440765999257565,
w60,78,HGA-budget252,primary_evaluation,174,1.288831116207256,3523.4533229869257,2077.034873093002,105.57428148497031,0.8451453999150544,
w60,78,HGA-budget252,primary_evaluation,175,1.288831116207256,3523.4533229869257,2077.034873093002,105.57428148497031,0.8468102000188082,
w60,78,HGA-budget252,primary_evaluation,176,1.288831116207256,3523.4533229869257,2077.034873093002,105.57428148497031,0.848710099933669,
w60,78,HGA-budget252,primary_evaluation,177,1.288831116207256,3523.4533229869257,2077.034873093002,105.57428148497031,0.8504085999447852,
w60,78,HGA-budget252,primary_evaluation,178,1.288831116207256,3523.4533229869257,2077.034873093002,105.57428148497031,0.8526934999972582,
w60,78,HGA-budget252,primary_evaluation,179,1.288831116207256,3523.4533229869257,2077.034873093002,105.57428148497031,0.8544743999373168,
w60,78,HGA-budget252,primary_evaluation,180,1.288831116207256,3523.4533229869257,2077.034873093002,105.57428148497031,0.8560879998840392,
w60,78,HGA-budget252,primary_evaluation,181,1.288831116207256,3523.4533229869257,2077.034873093002,105.57428148497031,0.8576732999645174,
w60,78,HGA-budget252,primary_evaluation,182,1.288831116207256,3523.4533229869257,2077.034873093002,105.57428148497031,0.8589453001040965,
w60,78,HGA-budget252,primary_evaluation,183,1.288831116207256,3523.4533229869257,2077.034873093002,105.57428148497031,0.859920300077647,
w60,78,HGA-budget252,primary_evaluation,184,1.288831116207256,3523.4533229869257,2077.034873093002,105.57428148497031,0.8608840999659151,
w60,78,HGA-budget252,primary_evaluation,185,1.288831116207256,3523.4533229869257,2077.034873093002,105.57428148497031,0.8623589999042451,
w60,78,HGA-budget252,primary_evaluation,186,1.288831116207256,3523.4533229869257,2077.034873093002,105.57428148497031,0.8640328999608755,
w60,78,HGA-budget252,primary_evaluation,187,1.288831116207256,3523.4533229869257,2077.034873093002,105.57428148497031,0.8653293000534177,
w60,78,HGA-budget252,primary_evaluation,188,1.288831116207256,3523.4533229869257,2077.034873093002,105.57428148497031,0.8662658999674022,
w60,78,HGA-budget252,primary_evaluation,189,1.288831116207256,3523.4533229869257,2077.034873093002,105.57428148497031,0.8695650999434292,
w60,78,HGA-budget252,primary_evaluation,190,1.288831116207256,3523.4533229869257,2077.034873093002,105.57428148497031,0.8712458000518382,
w60,78,HGA-budget252,primary_evaluation,191,1.288831116207256,3523.4533229869257,2077.034873093002,105.57428148497031,0.8727204001042992,
w60,78,HGA-budget252,primary_evaluation,192,1.288831116207256,3523.4533229869257,2077.034873093002,105.57428148497031,0.873735599918291,
w60,78,HGA-budget252,primary_evaluation,193,1.288831116207256,3523.4533229869257,2077.034873093002,105.57428148497031,0.8747441000305116,
w60,78,HGA-budget252,primary_evaluation,194,1.288831116207256,3523.4533229869257,2077.034873093002,105.57428148497031,0.8759544999338686,
w60,78,HGA-budget252,primary_evaluation,195,1.288831116207256,3523.4533229869257,2077.034873093002,105.57428148497031,0.8770151999779046,
w60,78,HGA-budget252,primary_evaluation,196,1.288831116207256,3523.4533229869257,2077.034873093002,105.57428148497031,0.878082999959588,
w60,78,HGA-budget252,primary_evaluation,197,1.288831116207256,3523.4533229869257,2077.034873093002,105.57428148497031,0.878927499987185,
w60,78,HGA-budget252,primary_evaluation,198,1.288831116207256,3523.4533229869257,2077.034873093002,105.57428148497031,0.8801440999377519,
w60,78,HGA-budget252,primary_evaluation,199,1.288831116207256,3523.4533229869257,2077.034873093002,105.57428148497031,0.8813779999036342,
w60,78,HGA-budget252,primary_evaluation,200,1.288831116207256,3523.4533229869257,2077.034873093002,105.57428148497031,0.8827392000239342,
w60,78,HGA-budget252,primary_evaluation,201,1.288831116207256,3523.4533229869257,2077.034873093002,105.57428148497031,0.8850906000006944,
w60,78,HGA-budget252,primary_evaluation,202,1.288831116207256,3523.4533229869257,2077.034873093002,105.57428148497031,0.8872638000175357,
w60,78,HGA-budget252,primary_evaluation,203,1.288831116207256,3523.4533229869257,2077.034873093002,105.57428148497031,0.8886911999434233,
w60,78,HGA-budget252,primary_evaluation,204,1.288831116207256,3523.4533229869257,2077.034873093002,105.57428148497031,0.8902296000160277,
w60,78,HGA-budget252,primary_evaluation,205,1.288831116207256,3523.4533229869257,2077.034873093002,105.57428148497031,0.8915422998834401,
w60,78,HGA-budget252,primary_evaluation,206,1.288831116207256,3523.4533229869257,2077.034873093002,105.57428148497031,0.8931269999593496,
w60,78,HGA-budget252,primary_evaluation,207,1.288831116207256,3523.4533229869257,2077.034873093002,105.57428148497031,0.8941715999972075,
w60,78,HGA-budget252,primary_evaluation,208,1.288831116207256,3523.4533229869257,2077.034873093002,105.57428148497031,0.8951528000179678,
w60,78,HGA-budget252,primary_evaluation,209,1.288831116207256,3523.4533229869257,2077.034873093002,105.57428148497031,0.8966224000323564,
w60,78,HGA-budget252,primary_evaluation,210,1.288831116207256,3523.4533229869257,2077.034873093002,105.57428148497031,0.8981268000788987,
w60,78,HGA-budget252,primary_evaluation,211,1.288831116207256,3523.4533229869257,2077.034873093002,105.57428148497031,0.8996488999109715,
w60,78,HGA-budget252,primary_evaluation,212,1.288831116207256,3523.4533229869257,2077.034873093002,105.57428148497031,0.9011190000455827,
w60,78,HGA-budget252,primary_evaluation,213,1.288831116207256,3523.4533229869257,2077.034873093002,105.57428148497031,0.9025296000763774,
w60,78,HGA-budget252,primary_evaluation,214,1.288831116207256,3523.4533229869257,2077.034873093002,105.57428148497031,0.9044979999307543,
w60,78,HGA-budget252,primary_evaluation,215,1.288831116207256,3523.4533229869257,2077.034873093002,105.57428148497031,0.9062081999145448,
w60,78,HGA-budget252,primary_evaluation,216,1.288831116207256,3523.4533229869257,2077.034873093002,105.57428148497031,0.9077858999371529,
w60,78,HGA-budget252,primary_evaluation,217,1.288831116207256,3523.4533229869257,2077.034873093002,105.57428148497031,0.9092526000458747,
w60,78,HGA-budget252,primary_evaluation,218,1.288831116207256,3523.4533229869257,2077.034873093002,105.57428148497031,0.9105418999679387,
w60,78,HGA-budget252,primary_evaluation,219,1.288831116207256,3523.4533229869257,2077.034873093002,105.57428148497031,0.9118180999066681,
w60,78,HGA-budget252,primary_evaluation,220,1.288831116207256,3523.4533229869257,2077.034873093002,105.57428148497031,0.9130430000368506,
w60,78,HGA-budget252,primary_evaluation,221,1.288831116207256,3523.4533229869257,2077.034873093002,105.57428148497031,0.9143648999743164,
w60,78,HGA-budget252,primary_evaluation,222,1.288831116207256,3523.4533229869257,2077.034873093002,105.57428148497031,0.9156629999633878,
w60,78,HGA-budget252,primary_evaluation,223,1.288831116207256,3523.4533229869257,2077.034873093002,105.57428148497031,0.9176390001084656,
w60,78,HGA-budget252,primary_evaluation,224,1.288831116207256,3523.4533229869257,2077.034873093002,105.57428148497031,0.919630799908191,
w60,78,HGA-budget252,primary_evaluation,225,1.288831116207256,3523.4533229869257,2077.034873093002,105.57428148497031,0.9209753999020904,
w60,78,HGA-budget252,primary_evaluation,226,1.288831116207256,3523.4533229869257,2077.034873093002,105.57428148497031,0.9224215999711305,
w60,78,HGA-budget252,primary_evaluation,227,1.288831116207256,3523.4533229869257,2077.034873093002,105.57428148497031,0.9237414998933673,
w60,78,HGA-budget252,primary_evaluation,228,1.288831116207256,3523.4533229869257,2077.034873093002,105.57428148497031,0.9250376999843866,
w60,78,HGA-budget252,primary_evaluation,229,1.288831116207256,3523.4533229869257,2077.034873093002,105.57428148497031,0.926323699997738,
w60,78,HGA-budget252,primary_evaluation,230,1.288831116207256,3523.4533229869257,2077.034873093002,105.57428148497031,0.9277196999173611,
w60,78,HGA-budget252,primary_evaluation,231,1.288831116207256,3523.4533229869257,2077.034873093002,105.57428148497031,0.929044600110501,
w60,78,HGA-budget252,primary_evaluation,232,1.288831116207256,3523.4533229869257,2077.034873093002,105.57428148497031,0.9303502000402659,
w60,78,HGA-budget252,primary_evaluation,233,1.288831116207256,3523.4533229869257,2077.034873093002,105.57428148497031,0.9316652999259531,
w60,78,HGA-budget252,primary_evaluation,234,1.288831116207256,3523.4533229869257,2077.034873093002,105.57428148497031,0.9329403999727219,
w60,78,HGA-budget252,primary_evaluation,235,1.288831116207256,3523.4533229869257,2077.034873093002,105.57428148497031,0.9347091000527143,
w60,78,HGA-budget252,primary_evaluation,236,1.288831116207256,3523.4533229869257,2077.034873093002,105.57428148497031,0.936089500086382,
w60,78,HGA-budget252,primary_evaluation,237,1.288831116207256,3523.4533229869257,2077.034873093002,105.57428148497031,0.9374206000939012,
w60,78,HGA-budget252,primary_evaluation,238,1.288831116207256,3523.4533229869257,2077.034873093002,105.57428148497031,0.938742300029844,
w60,78,HGA-budget252,primary_evaluation,239,1.288831116207256,3523.4533229869257,2077.034873093002,105.57428148497031,0.9402057998813689,
w60,78,HGA-budget252,primary_evaluation,240,1.288831116207256,3523.4533229869257,2077.034873093002,105.57428148497031,0.9415561999194324,
w60,78,HGA-budget252,primary_evaluation,241,1.288831116207256,3523.4533229869257,2077.034873093002,105.57428148497031,0.9424910999368876,
w60,78,HGA-budget252,primary_evaluation,242,1.288831116207256,3523.4533229869257,2077.034873093002,105.57428148497031,0.9432969000190496,
w60,78,HGA-budget252,primary_evaluation,243,1.288831116207256,3523.4533229869257,2077.034873093002,105.57428148497031,0.9445887000765651,
w60,78,HGA-budget252,primary_evaluation,244,1.288831116207256,3523.4533229869257,2077.034873093002,105.57428148497031,0.9459053999744356,
w60,78,HGA-budget252,primary_evaluation,245,1.288831116207256,3523.4533229869257,2077.034873093002,105.57428148497031,0.9470249998848885,
w60,78,HGA-budget252,primary_evaluation,246,1.288831116207256,3523.4533229869257,2077.034873093002,105.57428148497031,0.947890100069344,
w60,78,HGA-budget252,primary_evaluation,247,1.288831116207256,3523.4533229869257,2077.034873093002,105.57428148497031,0.9488578999880701,
w60,78,HGA-budget252,primary_evaluation,248,1.288831116207256,3523.4533229869257,2077.034873093002,105.57428148497031,0.9497597001027316,
w60,78,HGA-budget252,primary_evaluation,249,1.288831116207256,3523.4533229869257,2077.034873093002,105.57428148497031,0.9512070999480784,
w60,78,HGA-budget252,primary_evaluation,250,1.288831116207256,3523.4533229869257,2077.034873093002,105.57428148497031,0.9527580998837948,
w60,78,HGA-budget252,primary_evaluation,251,1.288831116207256,3523.4533229869257,2077.034873093002,105.57428148497031,0.9536588001064956,
w60,78,HGA-budget252,primary_evaluation,252,1.288831116207256,3523.4533229869257,2077.034873093002,105.57428148497031,0.95461819996126,
w60,78,HGA-budget252,generation_boundary,12,1.289172623661267,,,,,0
w60,79,ABMA20,primary_evaluation,1,1.275931967914827,3513.15461940894,2066.534441220636,101.92998236333491,0.6833508999552578,
w60,79,ABMA20,primary_evaluation,2,1.275931967914827,3513.15461940894,2066.534441220636,101.92998236333491,1.4154067998751998,
w60,79,ABMA20,primary_evaluation,3,1.275931967914827,3513.15461940894,2066.534441220636,101.92998236333491,6.99745859997347,
w60,79,ABMA20,primary_evaluation,4,1.275931967914827,3513.15461940894,2066.534441220636,101.92998236333491,10.128939799964428,
w60,79,ABMA20,primary_evaluation,5,1.275931967914827,3513.15461940894,2066.534441220636,101.92998236333491,17.97143130004406,
w60,79,ABMA20,primary_evaluation,6,1.186127105897115,3349.4643761104144,2400.467237173473,94.98719490700725,19.17356380005367,
w60,79,ABMA20,primary_evaluation,7,1.186127105897115,3349.4643761104144,2400.467237173473,94.98719490700725,20.97348879999481,
w60,79,ABMA20,primary_evaluation,8,1.186127105897115,3349.4643761104144,2400.467237173473,94.98719490700725,23.663976799929515,
w60,79,ABMA20,primary_evaluation,9,1.186127105897115,3349.4643761104144,2400.467237173473,94.98719490700725,30.825106099946424,
w60,79,ABMA20,primary_evaluation,10,1.186127105897115,3349.4643761104144,2400.467237173473,94.98719490700725,37.620394999859855,
w60,79,ABMA20,primary_evaluation,11,1.186127105897115,3349.4643761104144,2400.467237173473,94.98719490700725,43.29242699989118,
w60,79,ABMA20,primary_evaluation,12,1.186127105897115,3349.4643761104144,2400.467237173473,94.98719490700725,44.52337219985202,
w60,79,ABMA20,primary_evaluation,13,1.186127105897115,3349.4643761104144,2400.467237173473,94.98719490700725,45.92381369997747,
w60,79,ABMA20,primary_evaluation,14,1.186127105897115,3349.4643761104144,2400.467237173473,94.98719490700725,50.60901200002991,
w60,79,ABMA20,primary_evaluation,15,1.186127105897115,3349.4643761104144,2400.467237173473,94.98719490700725,55.49860169994645,
w60,79,ABMA20,primary_evaluation,16,1.186127105897115,3349.4643761104144,2400.467237173473,94.98719490700725,58.39712350000627,
w60,79,ABMA20,primary_evaluation,17,1.186127105897115,3349.4643761104144,2400.467237173473,94.98719490700725,67.30990180000663,
w60,79,ABMA20,primary_evaluation,18,1.186127105897115,3349.4643761104144,2400.467237173473,94.98719490700725,72.88894940004684,
w60,79,ABMA20,primary_evaluation,19,1.186127105897115,3349.4643761104144,2400.467237173473,94.98719490700725,77.31326179997995,
w60,79,ABMA20,primary_evaluation,20,1.186127105897115,3349.4643761104144,2400.467237173473,94.98719490700725,82.3975396999158,
w60,79,ABMA20,primary_evaluation,21,1.186127105897115,3349.4643761104144,2400.467237173473,94.98719490700725,86.57443200005218,
w60,79,ABMA20,primary_evaluation,22,1.186127105897115,3349.4643761104144,2400.467237173473,94.98719490700725,89.03821829985827,
w60,79,ABMA20,primary_evaluation,23,1.186127105897115,3349.4643761104144,2400.467237173473,94.98719490700725,93.80674969987012,
w60,79,ABMA20,primary_evaluation,24,1.186127105897115,3349.4643761104144,2400.467237173473,94.98719490700725,94.85355810006149,
w60,79,ABMA20,primary_evaluation,25,1.186127105897115,3349.4643761104144,2400.467237173473,94.98719490700725,96.18921849993058,
w60,79,ABMA20,primary_evaluation,26,1.186127105897115,3349.4643761104144,2400.467237173473,94.98719490700725,97.30273150000721,
w60,79,ABMA20,primary_evaluation,27,1.186127105897115,3349.4643761104144,2400.467237173473,94.98719490700725,100.92754189996049,
w60,79,ABMA20,primary_evaluation,28,1.186127105897115,3349.4643761104144,2400.467237173473,94.98719490700725,101.83118849992752,
w60,79,ABMA20,primary_evaluation,29,1.186127105897115,3349.4643761104144,2400.467237173473,94.98719490700725,104.0455934999045,
w60,79,ABMA20,primary_evaluation,30,1.186127105897115,3349.4643761104144,2400.467237173473,94.98719490700725,106.80696169985458,
w60,79,ABMA20,primary_evaluation,31,1.186127105897115,3349.4643761104144,2400.467237173473,94.98719490700725,113.85435999999754,
w60,79,ABMA20,primary_evaluation,32,1.186127105897115,3349.4643761104144,2400.467237173473,94.98719490700725,116.04535149992444,
w60,79,ABMA20,primary_evaluation,33,1.186127105897115,3349.4643761104144,2400.467237173473,94.98719490700725,119.84816200006753,
w60,79,ABMA20,primary_evaluation,34,1.186127105897115,3349.4643761104144,2400.467237173473,94.98719490700725,122.21904790005647,
w60,79,ABMA20,primary_evaluation,35,1.186127105897115,3349.4643761104144,2400.467237173473,94.98719490700725,128.40782519988716,
w60,79,ABMA20,primary_evaluation,36,1.186127105897115,3349.4643761104144,2400.467237173473,94.98719490700725,134.2174327999819,
w60,79,ABMA20,primary_evaluation,37,1.186127105897115,3349.4643761104144,2400.467237173473,94.98719490700725,135.22538429987617,
w60,79,ABMA20,primary_evaluation,38,1.186127105897115,3349.4643761104144,2400.467237173473,94.98719490700725,137.90677429991774,
w60,79,ABMA20,primary_evaluation,39,1.186127105897115,3349.4643761104144,2400.467237173473,94.98719490700725,141.81356819998473,
w60,79,ABMA20,primary_evaluation,40,1.186127105897115,3349.4643761104144,2400.467237173473,94.98719490700725,144.54748880001716,
w60,79,ABMA20,primary_evaluation,41,1.186127105897115,3349.4643761104144,2400.467237173473,94.98719490700725,147.16870109993033,
w60,79,ABMA20,primary_evaluation,42,1.186127105897115,3349.4643761104144,2400.467237173473,94.98719490700725,148.24363290006295,
w60,79,ABMA20,primary_evaluation,43,1.186127105897115,3349.4643761104144,2400.467237173473,94.98719490700725,150.21748019987717,
w60,79,ABMA20,primary_evaluation,44,1.186127105897115,3349.4643761104144,2400.467237173473,94.98719490700725,152.97888079984114,
w60,79,ABMA20,primary_evaluation,45,1.186127105897115,3349.4643761104144,2400.467237173473,94.98719490700725,154.09354520007037,
w60,79,ABMA20,primary_evaluation,46,1.186127105897115,3349.4643761104144,2400.467237173473,94.98719490700725,155.42647439986467,
w60,79,ABMA20,primary_evaluation,47,1.186127105897115,3349.4643761104144,2400.467237173473,94.98719490700725,157.78522199997678,
w60,79,ABMA20,primary_evaluation,48,1.186127105897115,3349.4643761104144,2400.467237173473,94.98719490700725,159.82679990003817,
w60,79,ABMA20,primary_evaluation,49,1.186127105897115,3349.4643761104144,2400.467237173473,94.98719490700725,161.08949949988164,
w60,79,ABMA20,primary_evaluation,50,1.186127105897115,3349.4643761104144,2400.467237173473,94.98719490700725,162.14860259997658,
w60,79,ABMA20,primary_evaluation,51,1.186127105897115,3349.4643761104144,2400.467237173473,94.98719490700725,167.1618796000257,
w60,79,ABMA20,primary_evaluation,52,1.186127105897115,3349.4643761104144,2400.467237173473,94.98719490700725,169.45508149988018,
w60,79,ABMA20,primary_evaluation,53,1.186127105897115,3349.4643761104144,2400.467237173473,94.98719490700725,171.2204070999287,
w60,79,ABMA20,primary_evaluation,54,1.186127105897115,3349.4643761104144,2400.467237173473,94.98719490700725,173.71717449999414,
w60,79,ABMA20,primary_evaluation,55,1.186127105897115,3349.4643761104144,2400.467237173473,94.98719490700725,176.32716579991393,
w60,79,ABMA20,primary_evaluation,56,1.186127105897115,3349.4643761104144,2400.467237173473,94.98719490700725,180.46597729995847,
w60,79,ABMA20,primary_evaluation,57,1.186127105897115,3349.4643761104144,2400.467237173473,94.98719490700725,183.5182455999311,
w60,79,ABMA20,primary_evaluation,58,1.186127105897115,3349.4643761104144,2400.467237173473,94.98719490700725,186.0955775999464,
w60,79,ABMA20,primary_evaluation,59,1.186127105897115,3349.4643761104144,2400.467237173473,94.98719490700725,189.0796224998776,
w60,79,ABMA20,primary_evaluation,60,1.186127105897115,3349.4643761104144,2400.467237173473,94.98719490700725,191.65883219987154,
w60,79,ABMA20,primary_evaluation,61,1.186127105897115,3349.4643761104144,2400.467237173473,94.98719490700725,195.05414099991322,
w60,79,ABMA20,primary_evaluation,62,1.186127105897115,3349.4643761104144,2400.467237173473,94.98719490700725,197.99182290001772,
w60,79,ABMA20,primary_evaluation,63,1.186127105897115,3349.4643761104144,2400.467237173473,94.98719490700725,199.73736979998648,
w60,79,ABMA20,primary_evaluation,64,1.186127105897115,3349.4643761104144,2400.467237173473,94.98719490700725,206.70587669988163,
w60,79,ABMA20,primary_evaluation,65,1.186127105897115,3349.4643761104144,2400.467237173473,94.98719490700725,208.33274700003676,
w60,79,ABMA20,primary_evaluation,66,1.186127105897115,3349.4643761104144,2400.467237173473,94.98719490700725,208.87924819998443,
w60,79,ABMA20,primary_evaluation,67,1.186127105897115,3349.4643761104144,2400.467237173473,94.98719490700725,213.0496602000203,
w60,79,ABMA20,primary_evaluation,68,1.186127105897115,3349.4643761104144,2400.467237173473,94.98719490700725,214.8223184000235,
w60,79,ABMA20,primary_evaluation,69,1.186127105897115,3349.4643761104144,2400.467237173473,94.98719490700725,216.78137349989265,
w60,79,ABMA20,primary_evaluation,70,1.186127105897115,3349.4643761104144,2400.467237173473,94.98719490700725,218.18420080002397,
w60,79,ABMA20,primary_evaluation,71,1.186127105897115,3349.4643761104144,2400.467237173473,94.98719490700725,220.98474089987576,
w60,79,ABMA20,primary_evaluation,72,1.186127105897115,3349.4643761104144,2400.467237173473,94.98719490700725,222.8991415000055,
w60,79,ABMA20,primary_evaluation,73,1.186127105897115,3349.4643761104144,2400.467237173473,94.98719490700725,224.01423790003173,
w60,79,ABMA20,primary_evaluation,74,1.186127105897115,3349.4643761104144,2400.467237173473,94.98719490700725,225.2462172000669,
w60,79,ABMA20,primary_evaluation,75,1.186127105897115,3349.4643761104144,2400.467237173473,94.98719490700725,226.29356419993564,
w60,79,ABMA20,primary_evaluation,76,1.186127105897115,3349.4643761104144,2400.467237173473,94.98719490700725,233.04050370003097,
w60,79,ABMA20,primary_evaluation,77,1.186127105897115,3349.4643761104144,2400.467237173473,94.98719490700725,236.92488899989985,
w60,79,ABMA20,primary_evaluation,78,1.186127105897115,3349.4643761104144,2400.467237173473,94.98719490700725,238.24581740004942,
w60,79,ABMA20,primary_evaluation,79,1.186127105897115,3349.4643761104144,2400.467237173473,94.98719490700725,241.15104759996757,
w60,79,ABMA20,primary_evaluation,80,1.186127105897115,3349.4643761104144,2400.467237173473,94.98719490700725,244.55123339989223,
w60,79,ABMA20,primary_evaluation,81,1.186127105897115,3349.4643761104144,2400.467237173473,94.98719490700725,248.97762189991772,
w60,79,ABMA20,primary_evaluation,82,1.186127105897115,3349.4643761104144,2400.467237173473,94.98719490700725,250.20293759997003,
w60,79,ABMA20,primary_evaluation,83,1.186127105897115,3349.4643761104144,2400.467237173473,94.98719490700725,254.59679770004004,
w60,79,ABMA20,primary_evaluation,84,1.186127105897115,3349.4643761104144,2400.467237173473,94.98719490700725,257.1636109999381,
w60,79,ABMA20,primary_evaluation,85,1.186127105897115,3349.4643761104144,2400.467237173473,94.98719490700725,259.4585877000354,
w60,79,ABMA20,primary_evaluation,86,1.186127105897115,3349.4643761104144,2400.467237173473,94.98719490700725,260.4523914998863,
w60,79,ABMA20,primary_evaluation,87,1.186127105897115,3349.4643761104144,2400.467237173473,94.98719490700725,261.6308980998583,
w60,79,ABMA20,primary_evaluation,88,1.186127105897115,3349.4643761104144,2400.467237173473,94.98719490700725,264.7508038999513,
w60,79,ABMA20,primary_evaluation,89,1.186127105897115,3349.4643761104144,2400.467237173473,94.98719490700725,268.03665749984793,
w60,79,ABMA20,primary_evaluation,90,1.186127105897115,3349.4643761104144,2400.467237173473,94.98719490700725,271.6325848000124,
w60,79,ABMA20,primary_evaluation,91,1.186127105897115,3349.4643761104144,2400.467237173473,94.98719490700725,274.0202237998601,
w60,79,ABMA20,primary_evaluation,92,1.186127105897115,3349.4643761104144,2400.467237173473,94.98719490700725,275.87016039993614,
w60,79,ABMA20,primary_evaluation,93,1.186127105897115,3349.4643761104144,2400.467237173473,94.98719490700725,277.1939042999875,
w60,79,ABMA20,primary_evaluation,94,1.186127105897115,3349.4643761104144,2400.467237173473,94.98719490700725,278.33921959996223,
w60,79,ABMA20,primary_evaluation,95,1.1725374416093166,3311.338179310447,2491.4267143752922,99.12549060563927,280.12266750005074,
w60,79,ABMA20,primary_evaluation,96,1.1725374416093166,3311.338179310447,2491.4267143752922,99.12549060563927,283.632985800039,
w60,79,ABMA20,primary_evaluation,97,1.1725374416093166,3311.338179310447,2491.4267143752922,99.12549060563927,285.20030749985017,
w60,79,ABMA20,primary_evaluation,98,1.1725374416093166,3311.338179310447,2491.4267143752922,99.12549060563927,286.1095320000313,
w60,79,ABMA20,primary_evaluation,99,1.1725374416093166,3311.338179310447,2491.4267143752922,99.12549060563927,287.42954410007223,
w60,79,ABMA20,primary_evaluation,100,1.1725374416093166,3311.338179310447,2491.4267143752922,99.12549060563927,288.3275078998413,
w60,79,ABMA20,primary_evaluation,101,1.1725374416093166,3311.338179310447,2491.4267143752922,99.12549060563927,292.31305969995447,
w60,79,ABMA20,primary_evaluation,102,1.1725374416093166,3311.338179310447,2491.4267143752922,99.12549060563927,295.64679929986596,
w60,79,ABMA20,primary_evaluation,103,1.1725374416093166,3311.338179310447,2491.4267143752922,99.12549060563927,298.3017581999302,
w60,79,ABMA20,primary_evaluation,104,1.1725374416093166,3311.338179310447,2491.4267143752922,99.12549060563927,299.25385589990765,
w60,79,ABMA20,primary_evaluation,105,1.1725374416093166,3311.338179310447,2491.4267143752922,99.12549060563927,300.2913595000282,
w60,79,ABMA20,primary_evaluation,106,1.1725374416093166,3311.338179310447,2491.4267143752922,99.12549060563927,304.87996479985304,
w60,79,ABMA20,primary_evaluation,107,1.1725374416093166,3311.338179310447,2491.4267143752922,99.12549060563927,306.30347059993073,
w60,79,ABMA20,primary_evaluation,108,1.1725374416093166,3311.338179310447,2491.4267143752922,99.12549060563927,309.16431819996797,
w60,79,ABMA20,primary_evaluation,109,1.1725374416093166,3311.338179310447,2491.4267143752922,99.12549060563927,311.6533275998663,
w60,79,ABMA20,primary_evaluation,110,1.1725374416093166,3311.338179310447,2491.4267143752922,99.12549060563927,314.1688546000514,
w60,79,ABMA20,primary_evaluation,111,1.1725374416093166,3311.338179310447,2491.4267143752922,99.12549060563927,319.2466481998563,
w60,79,ABMA20,primary_evaluation,112,1.1725374416093166,3311.338179310447,2491.4267143752922,99.12549060563927,326.81524110003375,
w60,79,ABMA20,primary_evaluation,113,1.1725374416093166,3311.338179310447,2491.4267143752922,99.12549060563927,329.5300993998535,
w60,79,ABMA20,primary_evaluation,114,1.1725374416093166,3311.338179310447,2491.4267143752922,99.12549060563927,335.17210019985214,
w60,79,ABMA20,primary_evaluation,115,1.1725374416093166,3311.338179310447,2491.4267143752922,99.12549060563927,336.29379649995826,
w60,79,ABMA20,primary_evaluation,116,1.1725374416093166,3311.338179310447,2491.4267143752922,99.12549060563927,337.4137359999586,
w60,79,ABMA20,primary_evaluation,117,1.1725374416093166,3311.338179310447,2491.4267143752922,99.12549060563927,339.86485129990615,
w60,79,ABMA20,primary_evaluation,118,1.1725374416093166,3311.338179310447,2491.4267143752922,99.12549060563927,341.0129344998859,
w60,79,ABMA20,primary_evaluation,119,1.1725374416093166,3311.338179310447,2491.4267143752922,99.12549060563927,342.71236460004,
w60,79,ABMA20,primary_evaluation,120,1.1725374416093166,3311.338179310447,2491.4267143752922,99.12549060563927,345.12839259998873,
w60,79,ABMA20,primary_evaluation,121,1.1725374416093166,3311.338179310447,2491.4267143752922,99.12549060563927,351.0906757998746,
w60,79,ABMA20,primary_evaluation,122,1.1725374416093166,3311.338179310447,2491.4267143752922,99.12549060563927,352.21633960003965,
w60,79,ABMA20,primary_evaluation,123,1.1725374416093166,3311.338179310447,2491.4267143752922,99.12549060563927,353.4090116000734,
w60,79,ABMA20,primary_evaluation,124,1.1725374416093166,3311.338179310447,2491.4267143752922,99.12549060563927,354.3621622000355,
w60,79,ABMA20,primary_evaluation,125,1.1725374416093166,3311.338179310447,2491.4267143752922,99.12549060563927,362.514829199994,
w60,79,ABMA20,primary_evaluation,126,1.1725374416093166,3311.338179310447,2491.4267143752922,99.12549060563927,363.7212981998455,
w60,79,ABMA20,primary_evaluation,127,1.1725374416093166,3311.338179310447,2491.4267143752922,99.12549060563927,366.68260759999976,
w60,79,ABMA20,primary_evaluation,128,1.1725374416093166,3311.338179310447,2491.4267143752922,99.12549060563927,368.8008758998476,
w60,79,ABMA20,primary_evaluation,129,1.1725374416093166,3311.338179310447,2491.4267143752922,99.12549060563927,370.09937269985676,
w60,79,ABMA20,primary_evaluation,130,1.1725374416093166,3311.338179310447,2491.4267143752922,99.12549060563927,371.32312630000524,
w60,79,ABMA20,primary_evaluation,131,1.1725374416093166,3311.338179310447,2491.4267143752922,99.12549060563927,373.4268577999901,
w60,79,ABMA20,primary_evaluation,132,1.1725374416093166,3311.338179310447,2491.4267143752922,99.12549060563927,375.51803459995426,
w60,79,ABMA20,primary_evaluation,133,1.1725374416093166,3311.338179310447,2491.4267143752922,99.12549060563927,378.4368419998791,
w60,79,ABMA20,primary_evaluation,134,1.1725374416093166,3311.338179310447,2491.4267143752922,99.12549060563927,380.22170450002886,
w60,79,ABMA20,primary_evaluation,135,1.1725374416093166,3311.338179310447,2491.4267143752922,99.12549060563927,381.91012739995494,
w60,79,ABMA20,primary_evaluation,136,1.164155271561814,3412.4892091308666,1801.4190060936621,102.88224895319064,383.025782099925,
w60,79,ABMA20,primary_evaluation,137,1.164155271561814,3412.4892091308666,1801.4190060936621,102.88224895319064,385.1379610998556,
w60,79,ABMA20,primary_evaluation,138,1.164155271561814,3412.4892091308666,1801.4190060936621,102.88224895319064,388.2214963999577,
w60,79,ABMA20,primary_evaluation,139,1.164155271561814,3412.4892091308666,1801.4190060936621,102.88224895319064,389.210989800049,
w60,79,ABMA20,primary_evaluation,140,1.164155271561814,3412.4892091308666,1801.4190060936621,102.88224895319064,391.64449129998684,
w60,79,ABMA20,primary_evaluation,141,1.164155271561814,3412.4892091308666,1801.4190060936621,102.88224895319064,392.44866389990784,
w60,79,ABMA20,primary_evaluation,142,1.164155271561814,3412.4892091308666,1801.4190060936621,102.88224895319064,393.31497279996984,
w60,79,ABMA20,primary_evaluation,143,1.164155271561814,3412.4892091308666,1801.4190060936621,102.88224895319064,397.0209127999842,
w60,79,ABMA20,primary_evaluation,144,1.164155271561814,3412.4892091308666,1801.4190060936621,102.88224895319064,402.9804280998651,
w60,79,ABMA20,primary_evaluation,145,1.164155271561814,3412.4892091308666,1801.4190060936621,102.88224895319064,404.0569382000249,
w60,79,ABMA20,primary_evaluation,146,1.164155271561814,3412.4892091308666,1801.4190060936621,102.88224895319064,409.1797896998469,
w60,79,ABMA20,primary_evaluation,147,1.164155271561814,3412.4892091308666,1801.4190060936621,102.88224895319064,411.84423829987645,
w60,79,ABMA20,primary_evaluation,148,1.164155271561814,3412.4892091308666,1801.4190060936621,102.88224895319064,416.6605368000455,
w60,79,ABMA20,primary_evaluation,149,1.164155271561814,3412.4892091308666,1801.4190060936621,102.88224895319064,417.8149250000715,
w60,79,ABMA20,primary_evaluation,150,1.164155271561814,3412.4892091308666,1801.4190060936621,102.88224895319064,419.95264799986035,
w60,79,ABMA20,primary_evaluation,151,1.164155271561814,3412.4892091308666,1801.4190060936621,102.88224895319064,421.92772989999503,
w60,79,ABMA20,primary_evaluation,152,1.164155271561814,3412.4892091308666,1801.4190060936621,102.88224895319064,424.1107288999483,
w60,79,ABMA20,primary_evaluation,153,1.1591130402734173,3379.9658642690315,1988.469473663252,98.40912561116124,425.51270129997283,
w60,79,ABMA20,primary_evaluation,154,1.1591130402734173,3379.9658642690315,1988.469473663252,98.40912561116124,426.3712011000607,
w60,79,ABMA20,primary_evaluation,155,1.1591130402734173,3379.9658642690315,1988.469473663252,98.40912561116124,427.81095259985887,
w60,79,ABMA20,primary_evaluation,156,1.1591130402734173,3379.9658642690315,1988.469473663252,98.40912561116124,428.5944477999583,
w60,79,ABMA20,primary_evaluation,157,1.1591130402734173,3379.9658642690315,1988.469473663252,98.40912561116124,429.59167520003393,
w60,79,ABMA20,primary_evaluation,158,1.1591130402734173,3379.9658642690315,1988.469473663252,98.40912561116124,430.52742539998144,
w60,79,ABMA20,primary_evaluation,159,1.1591130402734173,3379.9658642690315,1988.469473663252,98.40912561116124,431.9929041999858,
w60,79,ABMA20,primary_evaluation,160,1.1591130402734173,3379.9658642690315,1988.469473663252,98.40912561116124,432.826157100033,
w60,79,ABMA20,primary_evaluation,161,1.1591130402734173,3379.9658642690315,1988.469473663252,98.40912561116124,435.0864240999799,
w60,79,ABMA20,primary_evaluation,162,1.1351210834224843,3393.777127445662,1695.262862676441,102.23076901894333,436.7295357999392,
w60,79,ABMA20,primary_evaluation,163,1.1351210834224843,3393.777127445662,1695.262862676441,102.23076901894333,439.03012340003625,
w60,79,ABMA20,primary_evaluation,164,1.1351210834224843,3393.777127445662,1695.262862676441,102.23076901894333,441.1528495999519,
w60,79,ABMA20,primary_evaluation,165,1.1351210834224843,3393.777127445662,1695.262862676441,102.23076901894333,442.19221689994447,
w60,79,ABMA20,primary_evaluation,166,1.1351210834224843,3393.777127445662,1695.262862676441,102.23076901894333,443.6036550998688,
w60,79,ABMA20,primary_evaluation,167,1.1351210834224843,3393.777127445662,1695.262862676441,102.23076901894333,445.2268022999633,
w60,79,ABMA20,primary_evaluation,168,1.1351210834224843,3393.777127445662,1695.262862676441,102.23076901894333,446.2929580998607,
w60,79,ABMA20,primary_evaluation,169,1.1351210834224843,3393.777127445662,1695.262862676441,102.23076901894333,447.5140535000246,
w60,79,ABMA20,primary_evaluation,170,1.1351210834224843,3393.777127445662,1695.262862676441,102.23076901894333,449.9292832000647,
w60,79,ABMA20,primary_evaluation,171,1.1351210834224843,3393.777127445662,1695.262862676441,102.23076901894333,451.94251480000094,
w60,79,ABMA20,primary_evaluation,172,1.1351210834224843,3393.777127445662,1695.262862676441,102.23076901894333,452.8283795998432,
w60,79,ABMA20,primary_evaluation,173,1.1351210834224843,3393.777127445662,1695.262862676441,102.23076901894333,454.31337619991973,
w60,79,ABMA20,primary_evaluation,174,1.1351210834224843,3393.777127445662,1695.262862676441,102.23076901894333,455.65962439985014,
w60,79,ABMA20,primary_evaluation,175,1.1351210834224843,3393.777127445662,1695.262862676441,102.23076901894333,462.306328299921,
w60,79,ABMA20,primary_evaluation,176,1.1351210834224843,3393.777127445662,1695.262862676441,102.23076901894333,463.70434239995666,
w60,79,ABMA20,primary_evaluation,177,1.1351210834224843,3393.777127445662,1695.262862676441,102.23076901894333,465.6298346000258,
w60,79,ABMA20,primary_evaluation,178,1.1351210834224843,3393.777127445662,1695.262862676441,102.23076901894333,467.0342907998711,
w60,79,ABMA20,primary_evaluation,179,1.1351210834224843,3393.777127445662,1695.262862676441,102.23076901894333,469.7905190999154,
w60,79,ABMA20,primary_evaluation,180,1.1351210834224843,3393.777127445662,1695.262862676441,102.23076901894333,471.06271529989317,
w60,79,ABMA20,primary_evaluation,181,1.1351210834224843,3393.777127445662,1695.262862676441,102.23076901894333,472.3868199000135,
w60,79,ABMA20,primary_evaluation,182,1.1351210834224843,3393.777127445662,1695.262862676441,102.23076901894333,474.1506411000155,
w60,79,ABMA20,primary_evaluation,183,1.1351210834224843,3393.777127445662,1695.262862676441,102.23076901894333,475.3216217998415,
w60,79,ABMA20,primary_evaluation,184,1.1351210834224843,3393.777127445662,1695.262862676441,102.23076901894333,476.76051909988746,
w60,79,ABMA20,primary_evaluation,185,1.1351210834224843,3393.777127445662,1695.262862676441,102.23076901894333,477.89572130003944,
w60,79,ABMA20,primary_evaluation,186,1.1351210834224843,3393.777127445662,1695.262862676441,102.23076901894333,485.02240050002,
w60,79,ABMA20,primary_evaluation,187,1.1351210834224843,3393.777127445662,1695.262862676441,102.23076901894333,486.03595889988355,
w60,79,ABMA20,primary_evaluation,188,1.1351210834224843,3393.777127445662,1695.262862676441,102.23076901894333,488.69423679984175,
w60,79,ABMA20,primary_evaluation,189,1.1351210834224843,3393.777127445662,1695.262862676441,102.23076901894333,491.0213549998589,
w60,79,ABMA20,primary_evaluation,190,1.1351210834224843,3393.777127445662,1695.262862676441,102.23076901894333,493.1654044999741,
w60,79,ABMA20,primary_evaluation,191,1.1351210834224843,3393.777127445662,1695.262862676441,102.23076901894333,496.8732580000069,
w60,79,ABMA20,primary_evaluation,192,1.1351210834224843,3393.777127445662,1695.262862676441,102.23076901894333,497.9952489999123,
w60,79,ABMA20,primary_evaluation,193,1.1351210834224843,3393.777127445662,1695.262862676441,102.23076901894333,499.06041709985584,
w60,79,ABMA20,primary_evaluation,194,1.0463537168050627,3288.3849725479845,1642.325291847206,102.02811734239805,500.60488329990767,
w60,79,ABMA20,primary_evaluation,195,1.0463537168050627,3288.3849725479845,1642.325291847206,102.02811734239805,502.54324049991556,
w60,79,ABMA20,primary_evaluation,196,1.0463537168050627,3288.3849725479845,1642.325291847206,102.02811734239805,504.2644529999234,
w60,79,ABMA20,primary_evaluation,197,1.0463537168050627,3288.3849725479845,1642.325291847206,102.02811734239805,507.1033194998745,
w60,79,ABMA20,primary_evaluation,198,1.0463537168050627,3288.3849725479845,1642.325291847206,102.02811734239805,508.84157399996184,
w60,79,ABMA20,primary_evaluation,199,1.0463537168050627,3288.3849725479845,1642.325291847206,102.02811734239805,510.3123592999764,
w60,79,ABMA20,primary_evaluation,200,1.0463537168050627,3288.3849725479845,1642.325291847206,102.02811734239805,514.1790101998486,
w60,79,ABMA20,primary_evaluation,201,1.0463537168050627,3288.3849725479845,1642.325291847206,102.02811734239805,516.6372483000159,
w60,79,ABMA20,primary_evaluation,202,1.0463537168050627,3288.3849725479845,1642.325291847206,102.02811734239805,518.074445300037,
w60,79,ABMA20,primary_evaluation,203,1.0463537168050627,3288.3849725479845,1642.325291847206,102.02811734239805,519.0032303999178,
w60,79,ABMA20,primary_evaluation,204,1.0463537168050627,3288.3849725479845,1642.325291847206,102.02811734239805,521.0537407000083,
w60,79,ABMA20,primary_evaluation,205,1.0463537168050627,3288.3849725479845,1642.325291847206,102.02811734239805,522.1471336998511,
w60,79,ABMA20,primary_evaluation,206,1.0463537168050627,3288.3849725479845,1642.325291847206,102.02811734239805,524.058944700053,
w60,79,ABMA20,primary_evaluation,207,1.0463537168050627,3288.3849725479845,1642.325291847206,102.02811734239805,525.1738984000403,
w60,79,ABMA20,primary_evaluation,208,1.0463537168050627,3288.3849725479845,1642.325291847206,102.02811734239805,525.8702066999394,
w60,79,ABMA20,primary_evaluation,209,1.0463537168050627,3288.3849725479845,1642.325291847206,102.02811734239805,527.0260884999298,
w60,79,ABMA20,primary_evaluation,210,1.0463537168050627,3288.3849725479845,1642.325291847206,102.02811734239805,528.1353909999598,
w60,79,ABMA20,primary_evaluation,211,1.0463537168050627,3288.3849725479845,1642.325291847206,102.02811734239805,529.8886799998581,
w60,79,ABMA20,primary_evaluation,212,1.0463537168050627,3288.3849725479845,1642.325291847206,102.02811734239805,531.7054262999445,
w60,79,ABMA20,primary_evaluation,213,1.0463537168050627,3288.3849725479845,1642.325291847206,102.02811734239805,533.6754844998941,
w60,79,ABMA20,primary_evaluation,214,1.0463537168050627,3288.3849725479845,1642.325291847206,102.02811734239805,535.3555588999297,
w60,79,ABMA20,primary_evaluation,215,1.0463537168050627,3288.3849725479845,1642.325291847206,102.02811734239805,537.2340136000421,
w60,79,ABMA20,primary_evaluation,216,1.0463537168050627,3288.3849725479845,1642.325291847206,102.02811734239805,538.4165292000398,
w60,79,ABMA20,primary_evaluation,217,1.0463537168050627,3288.3849725479845,1642.325291847206,102.02811734239805,539.6855091999751,
w60,79,ABMA20,primary_evaluation,218,1.0463537168050627,3288.3849725479845,1642.325291847206,102.02811734239805,541.4850504999049,
w60,79,ABMA20,primary_evaluation,219,1.0463537168050627,3288.3849725479845,1642.325291847206,102.02811734239805,543.9546994999982,
w60,79,ABMA20,primary_evaluation,220,1.0463537168050627,3288.3849725479845,1642.325291847206,102.02811734239805,545.1575875000563,
w60,79,ABMA20,primary_evaluation,221,1.0463537168050627,3288.3849725479845,1642.325291847206,102.02811734239805,546.7640000998508,
w60,79,ABMA20,primary_evaluation,222,1.0463537168050627,3288.3849725479845,1642.325291847206,102.02811734239805,548.3075761999935,
w60,79,ABMA20,primary_evaluation,223,1.0463537168050627,3288.3849725479845,1642.325291847206,102.02811734239805,549.2705081999302,
w60,79,ABMA20,primary_evaluation,224,1.0463537168050627,3288.3849725479845,1642.325291847206,102.02811734239805,550.1332612999249,
w60,79,ABMA20,primary_evaluation,225,1.0463537168050627,3288.3849725479845,1642.325291847206,102.02811734239805,551.2203096998855,
w60,79,ABMA20,primary_evaluation,226,1.0463537168050627,3288.3849725479845,1642.325291847206,102.02811734239805,552.9035135998856,
w60,79,ABMA20,primary_evaluation,227,1.0463537168050627,3288.3849725479845,1642.325291847206,102.02811734239805,554.5085489000194,
w60,79,ABMA20,primary_evaluation,228,1.0463537168050627,3288.3849725479845,1642.325291847206,102.02811734239805,555.9105279999785,
w60,79,ABMA20,primary_evaluation,229,1.0463537168050627,3288.3849725479845,1642.325291847206,102.02811734239805,556.9088089999277,
w60,79,ABMA20,primary_evaluation,230,1.0463537168050627,3288.3849725479845,1642.325291847206,102.02811734239805,558.3743602000177,
w60,79,ABMA20,primary_evaluation,231,1.0463537168050627,3288.3849725479845,1642.325291847206,102.02811734239805,560.0924970000051,
w60,79,ABMA20,primary_evaluation,232,1.0463537168050627,3288.3849725479845,1642.325291847206,102.02811734239805,561.0578900000546,
w60,79,ABMA20,primary_evaluation,233,1.0463537168050627,3288.3849725479845,1642.325291847206,102.02811734239805,561.9351971000433,
w60,79,ABMA20,primary_evaluation,234,1.0463537168050627,3288.3849725479845,1642.325291847206,102.02811734239805,563.8169372000266,
w60,79,ABMA20,primary_evaluation,235,1.0463537168050627,3288.3849725479845,1642.325291847206,102.02811734239805,564.7265451999847,
w60,79,ABMA20,primary_evaluation,236,1.0463537168050627,3288.3849725479845,1642.325291847206,102.02811734239805,566.333622999955,
w60,79,ABMA20,primary_evaluation,237,1.0463537168050627,3288.3849725479845,1642.325291847206,102.02811734239805,567.2876446999144,
w60,79,ABMA20,primary_evaluation,238,1.0463537168050627,3288.3849725479845,1642.325291847206,102.02811734239805,570.2494242999237,
w60,79,ABMA20,primary_evaluation,239,1.0463537168050627,3288.3849725479845,1642.325291847206,102.02811734239805,573.3283981999848,
w60,79,ABMA20,primary_evaluation,240,1.0463537168050627,3288.3849725479845,1642.325291847206,102.02811734239805,574.6224918998778,
w60,79,ABMA20,primary_evaluation,241,1.0463537168050627,3288.3849725479845,1642.325291847206,102.02811734239805,575.7911439000163,
w60,79,ABMA20,primary_evaluation,242,1.0463537168050627,3288.3849725479845,1642.325291847206,102.02811734239805,577.4530728000682,
w60,79,ABMA20,primary_evaluation,243,1.0463537168050627,3288.3849725479845,1642.325291847206,102.02811734239805,578.618544699857,
w60,79,ABMA20,primary_evaluation,244,1.0463537168050627,3288.3849725479845,1642.325291847206,102.02811734239805,579.5067411998753,
w60,79,ABMA20,primary_evaluation,245,1.0463537168050627,3288.3849725479845,1642.325291847206,102.02811734239805,582.2212143000215,
w60,79,ABMA20,primary_evaluation,246,1.0463537168050627,3288.3849725479845,1642.325291847206,102.02811734239805,584.3312061000615,
w60,79,ABMA20,primary_evaluation,247,1.0463537168050627,3288.3849725479845,1642.325291847206,102.02811734239805,585.3722502999008,
w60,79,ABMA20,primary_evaluation,248,1.0463537168050627,3288.3849725479845,1642.325291847206,102.02811734239805,588.3343922998756,
w60,79,ABMA20,primary_evaluation,249,1.0463537168050627,3288.3849725479845,1642.325291847206,102.02811734239805,589.4832731999923,
w60,79,ABMA20,primary_evaluation,250,1.0463537168050627,3288.3849725479845,1642.325291847206,102.02811734239805,591.600580799859,
w60,79,ABMA20,primary_evaluation,251,1.0463537168050627,3288.3849725479845,1642.325291847206,102.02811734239805,593.0955085998867,
w60,79,ABMA20,primary_evaluation,252,1.0463537168050627,3288.3849725479845,1642.325291847206,102.02811734239805,595.0456282000523,
w60,79,ABMA20,generation_boundary,12,1.186127105897115,,,,,0
w60,79,ABMA20,generation_boundary,24,1.186127105897115,,,,,1
w60,79,ABMA20,generation_boundary,36,1.186127105897115,,,,,2
w60,79,ABMA20,generation_boundary,48,1.186127105897115,,,,,3
w60,79,ABMA20,generation_boundary,60,1.186127105897115,,,,,4
w60,79,ABMA20,generation_boundary,72,1.186127105897115,,,,,5
w60,79,ABMA20,generation_boundary,84,1.186127105897115,,,,,6
w60,79,ABMA20,generation_boundary,96,1.1725374416093166,,,,,7
w60,79,ABMA20,generation_boundary,108,1.1725374416093166,,,,,8
w60,79,ABMA20,generation_boundary,120,1.1725374416093166,,,,,9
w60,79,ABMA20,generation_boundary,132,1.1725374416093166,,,,,10
w60,79,ABMA20,generation_boundary,144,1.164155271561814,,,,,11
w60,79,ABMA20,generation_boundary,156,1.1591130402734173,,,,,12
w60,79,ABMA20,generation_boundary,168,1.1351210834224843,,,,,13
w60,79,ABMA20,generation_boundary,180,1.1351210834224843,,,,,14
w60,79,ABMA20,generation_boundary,192,1.1351210834224843,,,,,15
w60,79,ABMA20,generation_boundary,204,1.0463537168050627,,,,,16
w60,79,ABMA20,generation_boundary,216,1.0463537168050627,,,,,17
w60,79,ABMA20,generation_boundary,228,1.0463537168050627,,,,,18
w60,79,ABMA20,generation_boundary,240,1.0463537168050627,,,,,19
w60,79,ABMA20,generation_boundary,252,1.0463537168050627,,,,,20
w60,79,ABMA1,primary_evaluation,1,1.275931967914827,3513.15461940894,2066.534441220636,101.92998236333491,1.3028335000853986,
w60,79,ABMA1,primary_evaluation,2,1.275931967914827,3513.15461940894,2066.534441220636,101.92998236333491,2.2421961000654846,
w60,79,ABMA1,primary_evaluation,3,1.275931967914827,3513.15461940894,2066.534441220636,101.92998236333491,9.133139500161633,
w60,79,ABMA1,primary_evaluation,4,1.275931967914827,3513.15461940894,2066.534441220636,101.92998236333491,13.269465600140393,
w60,79,ABMA1,primary_evaluation,5,1.275931967914827,3513.15461940894,2066.534441220636,101.92998236333491,21.614842700073496,
w60,79,ABMA1,primary_evaluation,6,1.186127105897115,3349.4643761104144,2400.467237173473,94.98719490700725,22.73068829998374,
w60,79,ABMA1,primary_evaluation,7,1.186127105897115,3349.4643761104144,2400.467237173473,94.98719490700725,24.84444020013325,
w60,79,ABMA1,primary_evaluation,8,1.186127105897115,3349.4643761104144,2400.467237173473,94.98719490700725,28.22108990000561,
w60,79,ABMA1,primary_evaluation,9,1.186127105897115,3349.4643761104144,2400.467237173473,94.98719490700725,36.14836830017157,
w60,79,ABMA1,primary_evaluation,10,1.186127105897115,3349.4643761104144,2400.467237173473,94.98719490700725,43.51163440011442,
w60,79,ABMA1,primary_evaluation,11,1.186127105897115,3349.4643761104144,2400.467237173473,94.98719490700725,49.848806500202045,
w60,79,ABMA1,primary_evaluation,12,1.186127105897115,3349.4643761104144,2400.467237173473,94.98719490700725,51.51240870007314,
w60,79,ABMA1,primary_evaluation,13,1.186127105897115,3349.4643761104144,2400.467237173473,94.98719490700725,53.04576260014437,
w60,79,ABMA1,primary_evaluation,14,1.186127105897115,3349.4643761104144,2400.467237173473,94.98719490700725,58.431246400112286,
w60,79,ABMA1,primary_evaluation,15,1.186127105897115,3349.4643761104144,2400.467237173473,94.98719490700725,62.30273210001178,
w60,79,ABMA1,primary_evaluation,16,1.186127105897115,3349.4643761104144,2400.467237173473,94.98719490700725,65.11637050006539,
w60,79,ABMA1,primary_evaluation,17,1.186127105897115,3349.4643761104144,2400.467237173473,94.98719490700725,74.02598340017721,
w60,79,ABMA1,primary_evaluation,18,1.186127105897115,3349.4643761104144,2400.467237173473,94.98719490700725,79.48029910004698,
w60,79,ABMA1,primary_evaluation,19,1.186127105897115,3349.4643761104144,2400.467237173473,94.98719490700725,84.69635330000892,
w60,79,ABMA1,primary_evaluation,20,1.186127105897115,3349.4643761104144,2400.467237173473,94.98719490700725,90.27055530017242,
w60,79,ABMA1,primary_evaluation,21,1.186127105897115,3349.4643761104144,2400.467237173473,94.98719490700725,95.3085185000673,
w60,79,ABMA1,primary_evaluation,22,1.186127105897115,3349.4643761104144,2400.467237173473,94.98719490700725,97.7912449000869,
w60,79,ABMA1,primary_evaluation,23,1.186127105897115,3349.4643761104144,2400.467237173473,94.98719490700725,102.57182370009832,
w60,79,ABMA1,primary_evaluation,24,1.186127105897115,3349.4643761104144,2400.467237173473,94.98719490700725,103.57423220016062,
w60,79,ABMA1,primary_evaluation,25,1.186127105897115,3349.4643761104144,2400.467237173473,94.98719490700725,104.87337750010192,
w60,79,ABMA1,primary_evaluation,26,1.186127105897115,3349.4643761104144,2400.467237173473,94.98719490700725,105.887977699982,
w60,79,ABMA1,primary_evaluation,27,1.186127105897115,3349.4643761104144,2400.467237173473,94.98719490700725,110.80289400019683,
w60,79,ABMA1,primary_evaluation,28,1.186127105897115,3349.4643761104144,2400.467237173473,94.98719490700725,111.90632589999586,
w60,79,ABMA1,primary_evaluation,29,1.186127105897115,3349.4643761104144,2400.467237173473,94.98719490700725,114.41480970010161,
w60,79,ABMA1,primary_evaluation,30,1.186127105897115,3349.4643761104144,2400.467237173473,94.98719490700725,117.71936630015261,
w60,79,ABMA1,primary_evaluation,31,1.186127105897115,3349.4643761104144,2400.467237173473,94.98719490700725,127.24338210001588,
w60,79,ABMA1,primary_evaluation,32,1.186127105897115,3349.4643761104144,2400.467237173473,94.98719490700725,129.73673260002397,
w60,79,ABMA1,primary_evaluation,33,1.186127105897115,3349.4643761104144,2400.467237173473,94.98719490700725,133.9825596001465,
w60,79,ABMA1,primary_evaluation,34,1.186127105897115,3349.4643761104144,2400.467237173473,94.98719490700725,136.49150660005398,
w60,79,ABMA1,primary_evaluation,35,1.186127105897115,3349.4643761104144,2400.467237173473,94.98719490700725,143.9426822999958,
w60,79,ABMA1,primary_evaluation,36,1.186127105897115,3349.4643761104144,2400.467237173473,94.98719490700725,148.7333528001327,
w60,79,ABMA1,primary_evaluation,37,1.186127105897115,3349.4643761104144,2400.467237173473,94.98719490700725,149.75310340011492,
w60,79,ABMA1,primary_evaluation,38,1.186127105897115,3349.4643761104144,2400.467237173473,94.98719490700725,152.76067050010897,
w60,79,ABMA1,primary_evaluation,39,1.186127105897115,3349.4643761104144,2400.467237173473,94.98719490700725,157.38376029999927,
w60,79,ABMA1,primary_evaluation,40,1.186127105897115,3349.4643761104144,2400.467237173473,94.98719490700725,160.27992230001837,
w60,79,ABMA1,primary_evaluation,41,1.186127105897115,3349.4643761104144,2400.467237173473,94.98719490700725,163.2009095000103,
w60,79,ABMA1,primary_evaluation,42,1.186127105897115,3349.4643761104144,2400.467237173473,94.98719490700725,164.23893320001662,
w60,79,ABMA1,primary_evaluation,43,1.186127105897115,3349.4643761104144,2400.467237173473,94.98719490700725,166.92038740008138,
w60,79,ABMA1,primary_evaluation,44,1.186127105897115,3349.4643761104144,2400.467237173473,94.98719490700725,170.72444500005804,
w60,79,ABMA1,primary_evaluation,45,1.186127105897115,3349.4643761104144,2400.467237173473,94.98719490700725,172.57467010011896,
w60,79,ABMA1,primary_evaluation,46,1.186127105897115,3349.4643761104144,2400.467237173473,94.98719490700725,174.39827280002646,
w60,79,ABMA1,primary_evaluation,47,1.186127105897115,3349.4643761104144,2400.467237173473,94.98719490700725,177.25280690006912,
w60,79,ABMA1,primary_evaluation,48,1.186127105897115,3349.4643761104144,2400.467237173473,94.98719490700725,179.81989630009048,
w60,79,ABMA1,primary_evaluation,49,1.186127105897115,3349.4643761104144,2400.467237173473,94.98719490700725,181.60359130008146,
w60,79,ABMA1,primary_evaluation,50,1.186127105897115,3349.4643761104144,2400.467237173473,94.98719490700725,182.70878940005787,
w60,79,ABMA1,primary_evaluation,51,1.186127105897115,3349.4643761104144,2400.467237173473,94.98719490700725,187.61566760018468,
w60,79,ABMA1,primary_evaluation,52,1.186127105897115,3349.4643761104144,2400.467237173473,94.98719490700725,189.97571790008806,
w60,79,ABMA1,primary_evaluation,53,1.186127105897115,3349.4643761104144,2400.467237173473,94.98719490700725,191.66822910006158,
w60,79,ABMA1,primary_evaluation,54,1.186127105897115,3349.4643761104144,2400.467237173473,94.98719490700725,194.23986550001428,
w60,79,ABMA1,primary_evaluation,55,1.186127105897115,3349.4643761104144,2400.467237173473,94.98719490700725,196.23244890011847,
w60,79,ABMA1,primary_evaluation,56,1.186127105897115,3349.4643761104144,2400.467237173473,94.98719490700725,199.22976670018397,
w60,79,ABMA1,primary_evaluation,57,1.186127105897115,3349.4643761104144,2400.467237173473,94.98719490700725,201.93019940005615,
w60,79,ABMA1,primary_evaluation,58,1.186127105897115,3349.4643761104144,2400.467237173473,94.98719490700725,205.1132898000069,
w60,79,ABMA1,primary_evaluation,59,1.186127105897115,3349.4643761104144,2400.467237173473,94.98719490700725,208.50721519999206,
w60,79,ABMA1,primary_evaluation,60,1.186127105897115,3349.4643761104144,2400.467237173473,94.98719490700725,211.2575029002037,
w60,79,ABMA1,primary_evaluation,61,1.186127105897115,3349.4643761104144,2400.467237173473,94.98719490700725,214.45497970003635,
w60,79,ABMA1,primary_evaluation,62,1.186127105897115,3349.4643761104144,2400.467237173473,94.98719490700725,217.253224800108,
w60,79,ABMA1,primary_evaluation,63,1.186127105897115,3349.4643761104144,2400.467237173473,94.98719490700725,218.94274169998243,
w60,79,ABMA1,primary_evaluation,64,1.186127105897115,3349.4643761104144,2400.467237173473,94.98719490700725,225.98052219999954,
w60,79,ABMA1,primary_evaluation,65,1.186127105897115,3349.4643761104144,2400.467237173473,94.98719490700725,227.77259240020066,
w60,79,ABMA1,primary_evaluation,66,1.186127105897115,3349.4643761104144,2400.467237173473,94.98719490700725,229.16201280010864,
w60,79,ABMA1,primary_evaluation,67,1.186127105897115,3349.4643761104144,2400.467237173473,94.98719490700725,234.1440589001868,
w60,79,ABMA1,primary_evaluation,68,1.186127105897115,3349.4643761104144,2400.467237173473,94.98719490700725,235.79671160015278,
w60,79,ABMA1,primary_evaluation,69,1.186127105897115,3349.4643761104144,2400.467237173473,94.98719490700725,237.66908040014096,
w60,79,ABMA1,primary_evaluation,70,1.186127105897115,3349.4643761104144,2400.467237173473,94.98719490700725,238.91259950003587,
w60,79,ABMA1,primary_evaluation,71,1.186127105897115,3349.4643761104144,2400.467237173473,94.98719490700725,240.82915620016865,
w60,79,ABMA1,primary_evaluation,72,1.186127105897115,3349.4643761104144,2400.467237173473,94.98719490700725,242.28800539998338,
w60,79,ABMA1,generation_boundary,12,1.186127105897115,,,,,0
w60,79,ABMA1,generation_boundary,24,1.186127105897115,,,,,1
w60,79,ABMA1,generation_boundary,36,1.186127105897115,,,,,2
w60,79,ABMA1,generation_boundary,48,1.186127105897115,,,,,3
w60,79,ABMA1,generation_boundary,60,1.186127105897115,,,,,4
w60,79,ABMA1,generation_boundary,72,1.186127105897115,,,,,5
w60,79,HGA-budget252,primary_evaluation,1,1.289647146362869,3522.4407926196427,2068.8011616409303,108.32716192150659,0.4236703999340534,
w60,79,HGA-budget252,primary_evaluation,2,1.289647146362869,3522.4407926196427,2068.8011616409303,108.32716192150659,0.49146940000355244,
w60,79,HGA-budget252,primary_evaluation,3,1.289647146362869,3522.4407926196427,2068.8011616409303,108.32716192150659,0.4936079999897629,
w60,79,HGA-budget252,primary_evaluation,4,1.289647146362869,3522.4407926196427,2068.8011616409303,108.32716192150659,0.494963499950245,
w60,79,HGA-budget252,primary_evaluation,5,1.289647146362869,3522.4407926196427,2068.8011616409303,108.32716192150659,0.49814789998345077,
w60,79,HGA-budget252,primary_evaluation,6,1.289647146362869,3522.4407926196427,2068.8011616409303,108.32716192150659,0.4999208999797702,
w60,79,HGA-budget252,primary_evaluation,7,1.289647146362869,3522.4407926196427,2068.8011616409303,108.32716192150659,0.5018796999938786,
w60,79,HGA-budget252,primary_evaluation,8,1.289647146362869,3522.4407926196427,2068.8011616409303,108.32716192150659,0.5032921000383794,
w60,79,HGA-budget252,primary_evaluation,9,1.289647146362869,3522.4407926196427,2068.8011616409303,108.32716192150659,0.504804499913007,
w60,79,HGA-budget252,primary_evaluation,10,1.289647146362869,3522.4407926196427,2068.8011616409303,108.32716192150659,0.5069236000999808,
w60,79,HGA-budget252,primary_evaluation,11,1.289647146362869,3522.4407926196427,2068.8011616409303,108.32716192150659,0.5098192000295967,
w60,79,HGA-budget252,primary_evaluation,12,1.289647146362869,3522.4407926196427,2068.8011616409303,108.32716192150659,0.5117365000769496,
w60,79,HGA-budget252,primary_evaluation,13,1.289647146362869,3522.4407926196427,2068.8011616409303,108.32716192150659,0.5139834999572486,
w60,79,HGA-budget252,primary_evaluation,14,1.289647146362869,3522.4407926196427,2068.8011616409303,108.32716192150659,0.5156342000700533,
w60,79,HGA-budget252,primary_evaluation,15,1.289647146362869,3522.4407926196427,2068.8011616409303,108.32716192150659,0.5176395999733359,
w60,79,HGA-budget252,primary_evaluation,16,1.289647146362869,3522.4407926196427,2068.8011616409303,108.32716192150659,0.5198522000573575,
w60,79,HGA-budget252,primary_evaluation,17,1.289647146362869,3522.4407926196427,2068.8011616409303,108.32716192150659,0.5213289000093937,
w60,79,HGA-budget252,primary_evaluation,18,1.289647146362869,3522.4407926196427,2068.8011616409303,108.32716192150659,0.5227093000430614,
w60,79,HGA-budget252,primary_evaluation,19,1.289647146362869,3522.4407926196427,2068.8011616409303,108.32716192150659,0.5240593000780791,
w60,79,HGA-budget252,primary_evaluation,20,1.289647146362869,3522.4407926196427,2068.8011616409303,108.32716192150659,0.5253840000368655,
w60,79,HGA-budget252,primary_evaluation,21,1.289647146362869,3522.4407926196427,2068.8011616409303,108.32716192150659,0.5285948000382632,
w60,79,HGA-budget252,primary_evaluation,22,1.289647146362869,3522.4407926196427,2068.8011616409303,108.32716192150659,0.5312435999512672,
w60,79,HGA-budget252,primary_evaluation,23,1.289647146362869,3522.4407926196427,2068.8011616409303,108.32716192150659,0.5331729999743402,
w60,79,HGA-budget252,primary_evaluation,24,1.289647146362869,3522.4407926196427,2068.8011616409303,108.32716192150659,0.534866499947384,
w60,79,HGA-budget252,primary_evaluation,25,1.289647146362869,3522.4407926196427,2068.8011616409303,108.32716192150659,0.5364882999565452,
w60,79,HGA-budget252,primary_evaluation,26,1.289647146362869,3522.4407926196427,2068.8011616409303,108.32716192150659,0.538209900027141,
w60,79,HGA-budget252,primary_evaluation,27,1.289647146362869,3522.4407926196427,2068.8011616409303,108.32716192150659,0.5397568000480533,
w60,79,HGA-budget252,primary_evaluation,28,1.289647146362869,3522.4407926196427,2068.8011616409303,108.32716192150659,0.5413027999456972,
w60,79,HGA-budget252,primary_evaluation,29,1.289647146362869,3522.4407926196427,2068.8011616409303,108.32716192150659,0.5438993000425398,
w60,79,HGA-budget252,primary_evaluation,30,1.289647146362869,3522.4407926196427,2068.8011616409303,108.32716192150659,0.5457828999496996,
w60,79,HGA-budget252,primary_evaluation,31,1.289647146362869,3522.4407926196427,2068.8011616409303,108.32716192150659,0.5473519000224769,
w60,79,HGA-budget252,primary_evaluation,32,1.289647146362869,3522.4407926196427,2068.8011616409303,108.32716192150659,0.5490089000668377,
w60,79,HGA-budget252,primary_evaluation,33,1.289647146362869,3522.4407926196427,2068.8011616409303,108.32716192150659,0.5514112999662757,
w60,79,HGA-budget252,primary_evaluation,34,1.289647146362869,3522.4407926196427,2068.8011616409303,108.32716192150659,0.5532029999885708,
w60,79,HGA-budget252,primary_evaluation,35,1.289647146362869,3522.4407926196427,2068.8011616409303,108.32716192150659,0.5548978999722749,
w60,79,HGA-budget252,primary_evaluation,36,1.289647146362869,3522.4407926196427,2068.8011616409303,108.32716192150659,0.5572947000619024,
w60,79,HGA-budget252,primary_evaluation,37,1.289647146362869,3522.4407926196427,2068.8011616409303,108.32716192150659,0.5588541999459267,
w60,79,HGA-budget252,primary_evaluation,38,1.289647146362869,3522.4407926196427,2068.8011616409303,108.32716192150659,0.5607076000887901,
w60,79,HGA-budget252,primary_evaluation,39,1.289647146362869,3522.4407926196427,2068.8011616409303,108.32716192150659,0.5621398999355733,
w60,79,HGA-budget252,primary_evaluation,40,1.289647146362869,3522.4407926196427,2068.8011616409303,108.32716192150659,0.5637052999809384,
w60,79,HGA-budget252,primary_evaluation,41,1.289647146362869,3522.4407926196427,2068.8011616409303,108.32716192150659,0.5656622000969946,
w60,79,HGA-budget252,primary_evaluation,42,1.289647146362869,3522.4407926196427,2068.8011616409303,108.32716192150659,0.5672665999736637,
w60,79,HGA-budget252,primary_evaluation,43,1.289647146362869,3522.4407926196427,2068.8011616409303,108.32716192150659,0.5689397000242025,
w60,79,HGA-budget252,primary_evaluation,44,1.289647146362869,3522.4407926196427,2068.8011616409303,108.32716192150659,0.5706585999578238,
w60,79,HGA-budget252,primary_evaluation,45,1.289647146362869,3522.4407926196427,2068.8011616409303,108.32716192150659,0.5724758999422193,
w60,79,HGA-budget252,primary_evaluation,46,1.289647146362869,3522.4407926196427,2068.8011616409303,108.32716192150659,0.5740288000088185,
w60,79,HGA-budget252,primary_evaluation,47,1.289647146362869,3522.4407926196427,2068.8011616409303,108.32716192150659,0.5756612999830395,
w60,79,HGA-budget252,primary_evaluation,48,1.289647146362869,3522.4407926196427,2068.8011616409303,108.32716192150659,0.5784700999502093,
w60,79,HGA-budget252,primary_evaluation,49,1.289647146362869,3522.4407926196427,2068.8011616409303,108.32716192150659,0.580203799996525,
w60,79,HGA-budget252,primary_evaluation,50,1.289647146362869,3522.4407926196427,2068.8011616409303,108.32716192150659,0.581815900048241,
w60,79,HGA-budget252,primary_evaluation,51,1.289647146362869,3522.4407926196427,2068.8011616409303,108.32716192150659,0.5833638999611139,
w60,79,HGA-budget252,primary_evaluation,52,1.289647146362869,3522.4407926196427,2068.8011616409303,108.32716192150659,0.5849057999439538,
w60,79,HGA-budget252,primary_evaluation,53,1.289647146362869,3522.4407926196427,2068.8011616409303,108.32716192150659,0.58645089995116,
w60,79,HGA-budget252,primary_evaluation,54,1.289647146362869,3522.4407926196427,2068.8011616409303,108.32716192150659,0.5878872000612319,
w60,79,HGA-budget252,primary_evaluation,55,1.289647146362869,3522.4407926196427,2068.8011616409303,108.32716192150659,0.5893224000465125,
w60,79,HGA-budget252,primary_evaluation,56,1.289647146362869,3522.4407926196427,2068.8011616409303,108.32716192150659,0.5905403001233935,
w60,79,HGA-budget252,primary_evaluation,57,1.289647146362869,3522.4407926196427,2068.8011616409303,108.32716192150659,0.5918576999101788,
w60,79,HGA-budget252,primary_evaluation,58,1.289647146362869,3522.4407926196427,2068.8011616409303,108.32716192150659,0.5942607999313623,
w60,79,HGA-budget252,primary_evaluation,59,1.289647146362869,3522.4407926196427,2068.8011616409303,108.32716192150659,0.5955370001029223,
w60,79,HGA-budget252,primary_evaluation,60,1.289647146362869,3522.4407926196427,2068.8011616409303,108.32716192150659,0.5973165000323206,
w60,79,HGA-budget252,primary_evaluation,61,1.289647146362869,3522.4407926196427,2068.8011616409303,108.32716192150659,0.598938100039959,
w60,79,HGA-budget252,primary_evaluation,62,1.289647146362869,3522.4407926196427,2068.8011616409303,108.32716192150659,0.6003084999974817,
w60,79,HGA-budget252,primary_evaluation,63,1.289647146362869,3522.4407926196427,2068.8011616409303,108.32716192150659,0.6014920000452548,
w60,79,HGA-budget252,primary_evaluation,64,1.289647146362869,3522.4407926196427,2068.8011616409303,108.32716192150659,0.6027569000143558,
w60,79,HGA-budget252,primary_evaluation,65,1.289647146362869,3522.4407926196427,2068.8011616409303,108.32716192150659,0.6043720000889152,
w60,79,HGA-budget252,primary_evaluation,66,1.289647146362869,3522.4407926196427,2068.8011616409303,108.32716192150659,0.6080428001005203,
w60,79,HGA-budget252,primary_evaluation,67,1.289647146362869,3522.4407926196427,2068.8011616409303,108.32716192150659,0.6114399000070989,
w60,79,HGA-budget252,primary_evaluation,68,1.289647146362869,3522.4407926196427,2068.8011616409303,108.32716192150659,0.6132008999120444,
w60,79,HGA-budget252,primary_evaluation,69,1.289647146362869,3522.4407926196427,2068.8011616409303,108.32716192150659,0.6149180999491364,
w60,79,HGA-budget252,primary_evaluation,70,1.289647146362869,3522.4407926196427,2068.8011616409303,108.32716192150659,0.6188856000080705,
w60,79,HGA-budget252,primary_evaluation,71,1.289647146362869,3522.4407926196427,2068.8011616409303,108.32716192150659,0.6211856999434531,
w60,79,HGA-budget252,primary_evaluation,72,1.289647146362869,3522.4407926196427,2068.8011616409303,108.32716192150659,0.6228976999409497,
w60,79,HGA-budget252,primary_evaluation,73,1.289647146362869,3522.4407926196427,2068.8011616409303,108.32716192150659,0.6245544000994414,
w60,79,HGA-budget252,primary_evaluation,74,1.289647146362869,3522.4407926196427,2068.8011616409303,108.32716192150659,0.6268255999311805,
w60,79,HGA-budget252,primary_evaluation,75,1.289647146362869,3522.4407926196427,2068.8011616409303,108.32716192150659,0.6282786999363452,
w60,79,HGA-budget252,primary_evaluation,76,1.289647146362869,3522.4407926196427,2068.8011616409303,108.32716192150659,0.630252999952063,
w60,79,HGA-budget252,primary_evaluation,77,1.289647146362869,3522.4407926196427,2068.8011616409303,108.32716192150659,0.6323428000323474,
w60,79,HGA-budget252,primary_evaluation,78,1.289647146362869,3522.4407926196427,2068.8011616409303,108.32716192150659,0.6347670999821275,
w60,79,HGA-budget252,primary_evaluation,79,1.289647146362869,3522.4407926196427,2068.8011616409303,108.32716192150659,0.6363115001004189,
w60,79,HGA-budget252,primary_evaluation,80,1.289647146362869,3522.4407926196427,2068.8011616409303,108.32716192150659,0.6379239000380039,
w60,79,HGA-budget252,primary_evaluation,81,1.289647146362869,3522.4407926196427,2068.8011616409303,108.32716192150659,0.6412277000490576,
w60,79,HGA-budget252,primary_evaluation,82,1.289647146362869,3522.4407926196427,2068.8011616409303,108.32716192150659,0.6427684999071062,
w60,79,HGA-budget252,primary_evaluation,83,1.289647146362869,3522.4407926196427,2068.8011616409303,108.32716192150659,0.6445510000921786,
w60,79,HGA-budget252,primary_evaluation,84,1.289647146362869,3522.4407926196427,2068.8011616409303,108.32716192150659,0.6470127000939101,
w60,79,HGA-budget252,primary_evaluation,85,1.289647146362869,3522.4407926196427,2068.8011616409303,108.32716192150659,0.6486385001335293,
w60,79,HGA-budget252,primary_evaluation,86,1.289647146362869,3522.4407926196427,2068.8011616409303,108.32716192150659,0.6502270000055432,
w60,79,HGA-budget252,primary_evaluation,87,1.289647146362869,3522.4407926196427,2068.8011616409303,108.32716192150659,0.6518260999582708,
w60,79,HGA-budget252,primary_evaluation,88,1.289647146362869,3522.4407926196427,2068.8011616409303,108.32716192150659,0.6534128000494093,
w60,79,HGA-budget252,primary_evaluation,89,1.289647146362869,3522.4407926196427,2068.8011616409303,108.32716192150659,0.6549186001066118,
w60,79,HGA-budget252,primary_evaluation,90,1.289647146362869,3522.4407926196427,2068.8011616409303,108.32716192150659,0.6564766999799758,
w60,79,HGA-budget252,primary_evaluation,91,1.289647146362869,3522.4407926196427,2068.8011616409303,108.32716192150659,0.6581802000291646,
w60,79,HGA-budget252,primary_evaluation,92,1.2892117779383132,3522.4407926196427,2068.8011616409303,107.87977194699627,0.660331099992618,
w60,79,HGA-budget252,primary_evaluation,93,1.2892117779383132,3522.4407926196427,2068.8011616409303,107.87977194699627,0.6803469001315534,
w60,79,HGA-budget252,primary_evaluation,94,1.2892117779383132,3522.4407926196427,2068.8011616409303,107.87977194699627,0.6816283999942243,
w60,79,HGA-budget252,primary_evaluation,95,1.2892117779383132,3522.4407926196427,2068.8011616409303,107.87977194699627,0.682865200098604,
w60,79,HGA-budget252,primary_evaluation,96,1.2892117779383132,3522.4407926196427,2068.8011616409303,107.87977194699627,0.684051200048998,
w60,79,HGA-budget252,primary_evaluation,97,1.2892117779383132,3522.4407926196427,2068.8011616409303,107.87977194699627,0.6853096999693662,
w60,79,HGA-budget252,primary_evaluation,98,1.2892117779383132,3522.4407926196427,2068.8011616409303,107.87977194699627,0.6866731001064181,
w60,79,HGA-budget252,primary_evaluation,99,1.2892117779383132,3522.4407926196427,2068.8011616409303,107.87977194699627,0.687897700117901,
w60,79,HGA-budget252,primary_evaluation,100,1.2892117779383132,3522.4407926196427,2068.8011616409303,107.87977194699627,0.6891711999196559,
w60,79,HGA-budget252,primary_evaluation,101,1.2892117779383132,3522.4407926196427,2068.8011616409303,107.87977194699627,0.6904058000072837,
w60,79,HGA-budget252,primary_evaluation,102,1.2892117779383132,3522.4407926196427,2068.8011616409303,107.87977194699627,0.6916297001298517,
w60,79,HGA-budget252,primary_evaluation,103,1.2892117779383132,3522.4407926196427,2068.8011616409303,107.87977194699627,0.6932504000142217,
w60,79,HGA-budget252,primary_evaluation,104,1.2892117779383132,3522.4407926196427,2068.8011616409303,107.87977194699627,0.6946062999777496,
w60,79,HGA-budget252,primary_evaluation,105,1.2892117779383132,3522.4407926196427,2068.8011616409303,107.87977194699627,0.6959138000383973,
w60,79,HGA-budget252,primary_evaluation,106,1.2892117779383132,3522.4407926196427,2068.8011616409303,107.87977194699627,0.6971944000106305,
w60,79,HGA-budget252,primary_evaluation,107,1.2892117779383132,3522.4407926196427,2068.8011616409303,107.87977194699627,0.6982162001077086,
w60,79,HGA-budget252,primary_evaluation,108,1.2892117779383132,3522.4407926196427,2068.8011616409303,107.87977194699627,0.6992832999676466,
w60,79,HGA-budget252,primary_evaluation,109,1.2892117779383132,3522.4407926196427,2068.8011616409303,107.87977194699627,0.7006898000836372,
w60,79,HGA-budget252,primary_evaluation,110,1.2892117779383132,3522.4407926196427,2068.8011616409303,107.87977194699627,0.7025705999694765,
w60,79,HGA-budget252,primary_evaluation,111,1.2892117779383132,3522.4407926196427,2068.8011616409303,107.87977194699627,0.7039032999891788,
w60,79,HGA-budget252,primary_evaluation,112,1.2892117779383132,3522.4407926196427,2068.8011616409303,107.87977194699627,0.7050268000457436,
w60,79,HGA-budget252,primary_evaluation,113,1.2892117779383132,3522.4407926196427,2068.8011616409303,107.87977194699627,0.7061286000534892,
w60,79,HGA-budget252,primary_evaluation,114,1.2892117779383132,3522.4407926196427,2068.8011616409303,107.87977194699627,0.707163600018248,
w60,79,HGA-budget252,primary_evaluation,115,1.2892117779383132,3522.4407926196427,2068.8011616409303,107.87977194699627,0.7082152001094073,
w60,79,HGA-budget252,primary_evaluation,116,1.2892117779383132,3522.4407926196427,2068.8011616409303,107.87977194699627,0.7095856999512762,
w60,79,HGA-budget252,primary_evaluation,117,1.2892117779383132,3522.4407926196427,2068.8011616409303,107.87977194699627,0.7115939999930561,
w60,79,HGA-budget252,primary_evaluation,118,1.2892117779383132,3522.4407926196427,2068.8011616409303,107.87977194699627,0.71298209996894,
w60,79,HGA-budget252,primary_evaluation,119,1.2892117779383132,3522.4407926196427,2068.8011616409303,107.87977194699627,0.7137388000264764,
w60,79,HGA-budget252,primary_evaluation,120,1.2892117779383132,3522.4407926196427,2068.8011616409303,107.87977194699627,0.7144407001323998,
w60,79,HGA-budget252,primary_evaluation,121,1.2892117779383132,3522.4407926196427,2068.8011616409303,107.87977194699627,0.7151335999369621,
w60,79,HGA-budget252,primary_evaluation,122,1.2892117779383132,3522.4407926196427,2068.8011616409303,107.87977194699627,0.71600649994798,
w60,79,HGA-budget252,primary_evaluation,123,1.2892117779383132,3522.4407926196427,2068.8011616409303,107.87977194699627,0.7168930999469012,
w60,79,HGA-budget252,primary_evaluation,124,1.2892117779383132,3522.4407926196427,2068.8011616409303,107.87977194699627,0.7183662999887019,
w60,79,HGA-budget252,primary_evaluation,125,1.2892117779383132,3522.4407926196427,2068.8011616409303,107.87977194699627,0.7196180000901222,
w60,79,HGA-budget252,primary_evaluation,126,1.2892117779383132,3522.4407926196427,2068.8011616409303,107.87977194699627,0.721533500123769,
w60,79,HGA-budget252,primary_evaluation,127,1.2892117779383132,3522.4407926196427,2068.8011616409303,107.87977194699627,0.7227340000681579,
w60,79,HGA-budget252,primary_evaluation,128,1.2892117779383132,3522.4407926196427,2068.8011616409303,107.87977194699627,0.7238932999316603,
w60,79,HGA-budget252,primary_evaluation,129,1.2892117779383132,3522.4407926196427,2068.8011616409303,107.87977194699627,0.7250294000841677,
w60,79,HGA-budget252,primary_evaluation,130,1.2892117779383132,3522.4407926196427,2068.8011616409303,107.87977194699627,0.7274325999896973,
w60,79,HGA-budget252,primary_evaluation,131,1.2892117779383132,3522.4407926196427,2068.8011616409303,107.87977194699627,0.730506099993363,
w60,79,HGA-budget252,primary_evaluation,132,1.2892117779383132,3522.4407926196427,2068.8011616409303,107.87977194699627,0.7318003000691533,
w60,79,HGA-budget252,primary_evaluation,133,1.2892117779383132,3522.4407926196427,2068.8011616409303,107.87977194699627,0.7339256999548525,
w60,79,HGA-budget252,primary_evaluation,134,1.2892117779383132,3522.4407926196427,2068.8011616409303,107.87977194699627,0.7359861999284476,
w60,79,HGA-budget252,primary_evaluation,135,1.2892117779383132,3522.4407926196427,2068.8011616409303,107.87977194699627,0.7373627000488341,
w60,79,HGA-budget252,primary_evaluation,136,1.2892117779383132,3522.4407926196427,2068.8011616409303,107.87977194699627,0.738615500042215,
w60,79,HGA-budget252,primary_evaluation,137,1.2892117779383132,3522.4407926196427,2068.8011616409303,107.87977194699627,0.7404010000173002,
w60,79,HGA-budget252,primary_evaluation,138,1.2892117779383132,3522.4407926196427,2068.8011616409303,107.87977194699627,0.7419404000975192,
w60,79,HGA-budget252,primary_evaluation,139,1.2892117779383132,3522.4407926196427,2068.8011616409303,107.87977194699627,0.7439200000371784,
w60,79,HGA-budget252,primary_evaluation,140,1.2892117779383132,3522.4407926196427,2068.8011616409303,107.87977194699627,0.7454069999512285,
w60,79,HGA-budget252,primary_evaluation,141,1.2892117779383132,3522.4407926196427,2068.8011616409303,107.87977194699627,0.748278500046581,
w60,79,HGA-budget252,primary_evaluation,142,1.2892117779383132,3522.4407926196427,2068.8011616409303,107.87977194699627,0.7499470000620931,
w60,79,HGA-budget252,primary_evaluation,143,1.2892117779383132,3522.4407926196427,2068.8011616409303,107.87977194699627,0.7511617001146078,
w60,79,HGA-budget252,primary_evaluation,144,1.2892117779383132,3522.4407926196427,2068.8011616409303,107.87977194699627,0.752406100044027,
w60,79,HGA-budget252,primary_evaluation,145,1.2892117779383132,3522.4407926196427,2068.8011616409303,107.87977194699627,0.7538278000429273,
w60,79,HGA-budget252,primary_evaluation,146,1.2892117779383132,3522.4407926196427,2068.8011616409303,107.87977194699627,0.7565514000598341,
w60,79,HGA-budget252,primary_evaluation,147,1.2892117779383132,3522.4407926196427,2068.8011616409303,107.87977194699627,0.758881000103429,
w60,79,HGA-budget252,primary_evaluation,148,1.2892117779383132,3522.4407926196427,2068.8011616409303,107.87977194699627,0.7606989999767393,
w60,79,HGA-budget252,primary_evaluation,149,1.2892117779383132,3522.4407926196427,2068.8011616409303,107.87977194699627,0.7620187001302838,
w60,79,HGA-budget252,primary_evaluation,150,1.2892117779383132,3522.4407926196427,2068.8011616409303,107.87977194699627,0.7633017001207918,
w60,79,HGA-budget252,primary_evaluation,151,1.2892117779383132,3522.4407926196427,2068.8011616409303,107.87977194699627,0.7644682000391185,
w60,79,HGA-budget252,primary_evaluation,152,1.2892117779383132,3522.4407926196427,2068.8011616409303,107.87977194699627,0.7656582000199705,
w60,79,HGA-budget252,primary_evaluation,153,1.2892117779383132,3522.4407926196427,2068.8011616409303,107.87977194699627,0.767006800044328,
w60,79,HGA-budget252,primary_evaluation,154,1.2892117779383132,3522.4407926196427,2068.8011616409303,107.87977194699627,0.7683339000213891,
w60,79,HGA-budget252,primary_evaluation,155,1.2892117779383132,3522.4407926196427,2068.8011616409303,107.87977194699627,0.7697187999729067,
w60,79,HGA-budget252,primary_evaluation,156,1.2892117779383132,3522.4407926196427,2068.8011616409303,107.87977194699627,0.7714460999704897,
w60,79,HGA-budget252,primary_evaluation,157,1.2892117779383132,3522.4407926196427,2068.8011616409303,107.87977194699627,0.7727524000220001,
w60,79,HGA-budget252,primary_evaluation,158,1.2892117779383132,3522.4407926196427,2068.8011616409303,107.87977194699627,0.7741390001028776,
w60,79,HGA-budget252,primary_evaluation,159,1.2892117779383132,3522.4407926196427,2068.8011616409303,107.87977194699627,0.77543959999457,
w60,79,HGA-budget252,primary_evaluation,160,1.2892117779383132,3522.4407926196427,2068.8011616409303,107.87977194699627,0.777252099942416,
w60,79,HGA-budget252,primary_evaluation,161,1.2892117779383132,3522.4407926196427,2068.8011616409303,107.87977194699627,0.7789759999141097,
w60,79,HGA-budget252,primary_evaluation,162,1.2892117779383132,3522.4407926196427,2068.8011616409303,107.87977194699627,0.7803197000175714,
w60,79,HGA-budget252,primary_evaluation,163,1.2892117779383132,3522.4407926196427,2068.8011616409303,107.87977194699627,0.7816177001222968,
w60,79,HGA-budget252,primary_evaluation,164,1.2892117779383132,3522.4407926196427,2068.8011616409303,107.87977194699627,0.782904899911955,
w60,79,HGA-budget252,primary_evaluation,165,1.2892117779383132,3522.4407926196427,2068.8011616409303,107.87977194699627,0.784181100083515,
w60,79,HGA-budget252,primary_evaluation,166,1.2892117779383132,3522.4407926196427,2068.8011616409303,107.87977194699627,0.7854450999293476,
w60,79,HGA-budget252,primary_evaluation,167,1.2892117779383132,3522.4407926196427,2068.8011616409303,107.87977194699627,0.7868584000971168,
w60,79,HGA-budget252,primary_evaluation,168,1.2892117779383132,3522.4407926196427,2068.8011616409303,107.87977194699627,0.788104800041765,
w60,79,HGA-budget252,primary_evaluation,169,1.2892117779383132,3522.4407926196427,2068.8011616409303,107.87977194699627,0.7894228999502957,
w60,79,HGA-budget252,primary_evaluation,170,1.2892117779383132,3522.4407926196427,2068.8011616409303,107.87977194699627,0.7906999001279473,
w60,79,HGA-budget252,primary_evaluation,171,1.2892117779383132,3522.4407926196427,2068.8011616409303,107.87977194699627,0.7919890000484884,
w60,79,HGA-budget252,primary_evaluation,172,1.2892117779383132,3522.4407926196427,2068.8011616409303,107.87977194699627,0.7936531000304967,
w60,79,HGA-budget252,primary_evaluation,173,1.2892117779383132,3522.4407926196427,2068.8011616409303,107.87977194699627,0.7949188000056893,
w60,79,HGA-budget252,primary_evaluation,174,1.2892117779383132,3522.4407926196427,2068.8011616409303,107.87977194699627,0.7961641000583768,
w60,79,HGA-budget252,primary_evaluation,175,1.2892117779383132,3522.4407926196427,2068.8011616409303,107.87977194699627,0.797372099943459,
w60,79,HGA-budget252,primary_evaluation,176,1.2892117779383132,3522.4407926196427,2068.8011616409303,107.87977194699627,0.798604000126943,
w60,79,HGA-budget252,primary_evaluation,177,1.2892117779383132,3522.4407926196427,2068.8011616409303,107.87977194699627,0.7997926000971347,
w60,79,HGA-budget252,primary_evaluation,178,1.2892117779383132,3522.4407926196427,2068.8011616409303,107.87977194699627,0.8013061999808997,
w60,79,HGA-budget252,primary_evaluation,179,1.2892117779383132,3522.4407926196427,2068.8011616409303,107.87977194699627,0.8025243999436498,
w60,79,HGA-budget252,primary_evaluation,180,1.2892117779383132,3522.4407926196427,2068.8011616409303,107.87977194699627,0.8038176000118256,
w60,79,HGA-budget252,primary_evaluation,181,1.2892117779383132,3522.4407926196427,2068.8011616409303,107.87977194699627,0.805505600059405,
w60,79,HGA-budget252,primary_evaluation,182,1.2892117779383132,3522.4407926196427,2068.8011616409303,107.87977194699627,0.8069054000079632,
w60,79,HGA-budget252,primary_evaluation,183,1.2892117779383132,3522.4407926196427,2068.8011616409303,107.87977194699627,0.808250900125131,
w60,79,HGA-budget252,primary_evaluation,184,1.2892117779383132,3522.4407926196427,2068.8011616409303,107.87977194699627,0.8099144999869168,
w60,79,HGA-budget252,primary_evaluation,185,1.2892117779383132,3522.4407926196427,2068.8011616409303,107.87977194699627,0.8117905000690371,
w60,79,HGA-budget252,primary_evaluation,186,1.2892117779383132,3522.4407926196427,2068.8011616409303,107.87977194699627,0.8132971001323313,
w60,79,HGA-budget252,primary_evaluation,187,1.2892117779383132,3522.4407926196427,2068.8011616409303,107.87977194699627,0.8148060000967234,
w60,79,HGA-budget252,primary_evaluation,188,1.2892117779383132,3522.4407926196427,2068.8011616409303,107.87977194699627,0.8163634000811726,
w60,79,HGA-budget252,primary_evaluation,189,1.2892117779383132,3522.4407926196427,2068.8011616409303,107.87977194699627,0.817920699948445,
w60,79,HGA-budget252,primary_evaluation,190,1.2892117779383132,3522.4407926196427,2068.8011616409303,107.87977194699627,0.8193185001146048,
w60,79,HGA-budget252,primary_evaluation,191,1.2892117779383132,3522.4407926196427,2068.8011616409303,107.87977194699627,0.820595599943772,
w60,79,HGA-budget252,primary_evaluation,192,1.2892117779383132,3522.4407926196427,2068.8011616409303,107.87977194699627,0.8217742000706494,
w60,79,HGA-budget252,primary_evaluation,193,1.2892117779383132,3522.4407926196427,2068.8011616409303,107.87977194699627,0.8228396999184042,
w60,79,HGA-budget252,primary_evaluation,194,1.2892117779383132,3522.4407926196427,2068.8011616409303,107.87977194699627,0.8236988000571728,
w60,79,HGA-budget252,primary_evaluation,195,1.2892117779383132,3522.4407926196427,2068.8011616409303,107.87977194699627,0.824520600028336,
w60,79,HGA-budget252,primary_evaluation,196,1.2892117779383132,3522.4407926196427,2068.8011616409303,107.87977194699627,0.8253415999934077,
w60,79,HGA-budget252,primary_evaluation,197,1.2892117779383132,3522.4407926196427,2068.8011616409303,107.87977194699627,0.8266507000662386,
w60,79,HGA-budget252,primary_evaluation,198,1.2892117779383132,3522.4407926196427,2068.8011616409303,107.87977194699627,0.827938900096342,
w60,79,HGA-budget252,primary_evaluation,199,1.2892117779383132,3522.4407926196427,2068.8011616409303,107.87977194699627,0.8294756999239326,
w60,79,HGA-budget252,primary_evaluation,200,1.2892117779383132,3522.4407926196427,2068.8011616409303,107.87977194699627,0.8307123000267893,
w60,79,HGA-budget252,primary_evaluation,201,1.2892117779383132,3522.4407926196427,2068.8011616409303,107.87977194699627,0.8321233000606298,
w60,79,HGA-budget252,primary_evaluation,202,1.2892117779383132,3522.4407926196427,2068.8011616409303,107.87977194699627,0.8333751000463963,
w60,79,HGA-budget252,primary_evaluation,203,1.2892117779383132,3522.4407926196427,2068.8011616409303,107.87977194699627,0.8349103999789804,
w60,79,HGA-budget252,primary_evaluation,204,1.2892117779383132,3522.4407926196427,2068.8011616409303,107.87977194699627,0.8364047999493778,
w60,79,HGA-budget252,primary_evaluation,205,1.2892117779383132,3522.4407926196427,2068.8011616409303,107.87977194699627,0.8377410999964923,
w60,79,HGA-budget252,primary_evaluation,206,1.2892117779383132,3522.4407926196427,2068.8011616409303,107.87977194699627,0.8397069999482483,
w60,79,HGA-budget252,primary_evaluation,207,1.2892117779383132,3522.4407926196427,2068.8011616409303,107.87977194699627,0.8413859000429511,
w60,79,HGA-budget252,primary_evaluation,208,1.2892117779383132,3522.4407926196427,2068.8011616409303,107.87977194699627,0.8452109000645578,
w60,79,HGA-budget252,primary_evaluation,209,1.2892117779383132,3522.4407926196427,2068.8011616409303,107.87977194699627,0.8501224999781698,
w60,79,HGA-budget252,primary_evaluation,210,1.2892117779383132,3522.4407926196427,2068.8011616409303,107.87977194699627,0.8526137999724597,
w60,79,HGA-budget252,primary_evaluation,211,1.2892117779383132,3522.4407926196427,2068.8011616409303,107.87977194699627,0.855506099993363,
w60,79,HGA-budget252,primary_evaluation,212,1.2892117779383132,3522.4407926196427,2068.8011616409303,107.87977194699627,0.8576690999325365,
w60,79,HGA-budget252,primary_evaluation,213,1.2892117779383132,3522.4407926196427,2068.8011616409303,107.87977194699627,0.8611598999705166,
w60,79,HGA-budget252,primary_evaluation,214,1.2892117779383132,3522.4407926196427,2068.8011616409303,107.87977194699627,0.8654110999777913,
w60,79,HGA-budget252,primary_evaluation,215,1.2892117779383132,3522.4407926196427,2068.8011616409303,107.87977194699627,0.8675766000524163,
w60,79,HGA-budget252,primary_evaluation,216,1.2892117779383132,3522.4407926196427,2068.8011616409303,107.87977194699627,0.869122700067237,
w60,79,HGA-budget252,primary_evaluation,217,1.2892117779383132,3522.4407926196427,2068.8011616409303,107.87977194699627,0.8706022999249399,
w60,79,HGA-budget252,primary_evaluation,218,1.2892117779383132,3522.4407926196427,2068.8011616409303,107.87977194699627,0.8720482001081109,
w60,79,HGA-budget252,primary_evaluation,219,1.2892117779383132,3522.4407926196427,2068.8011616409303,107.87977194699627,0.873535200022161,
w60,79,HGA-budget252,primary_evaluation,220,1.2892117779383132,3522.4407926196427,2068.8011616409303,107.87977194699627,0.87670290004462,
w60,79,HGA-budget252,primary_evaluation,221,1.2892117779383132,3522.4407926196427,2068.8011616409303,107.87977194699627,0.8785153001081198,
w60,79,HGA-budget252,primary_evaluation,222,1.2892117779383132,3522.4407926196427,2068.8011616409303,107.87977194699627,0.8800399000756443,
w60,79,HGA-budget252,primary_evaluation,223,1.2892117779383132,3522.4407926196427,2068.8011616409303,107.87977194699627,0.8815162000246346,
w60,79,HGA-budget252,primary_evaluation,224,1.2892117779383132,3522.4407926196427,2068.8011616409303,107.87977194699627,0.8830566999968141,
w60,79,HGA-budget252,primary_evaluation,225,1.2892117779383132,3522.4407926196427,2068.8011616409303,107.87977194699627,0.8850638999138027,
w60,79,HGA-budget252,primary_evaluation,226,1.2892117779383132,3522.4407926196427,2068.8011616409303,107.87977194699627,0.8866067000199109,
w60,79,HGA-budget252,primary_evaluation,227,1.2892117779383132,3522.4407926196427,2068.8011616409303,107.87977194699627,0.8884225999936461,
w60,79,HGA-budget252,primary_evaluation,228,1.2892117779383132,3522.4407926196427,2068.8011616409303,107.87977194699627,0.8901647999882698,
w60,79,HGA-budget252,primary_evaluation,229,1.2892117779383132,3522.4407926196427,2068.8011616409303,107.87977194699627,0.8917223000898957,
w60,79,HGA-budget252,primary_evaluation,230,1.2892117779383132,3522.4407926196427,2068.8011616409303,107.87977194699627,0.8940274000633508,
w60,79,HGA-budget252,primary_evaluation,231,1.2892117779383132,3522.4407926196427,2068.8011616409303,107.87977194699627,0.8958024999592453,
w60,79,HGA-budget252,primary_evaluation,232,1.2892117779383132,3522.4407926196427,2068.8011616409303,107.87977194699627,0.8973147999495268,
w60,79,HGA-budget252,primary_evaluation,233,1.2892117779383132,3522.4407926196427,2068.8011616409303,107.87977194699627,0.8987938999198377,
w60,79,HGA-budget252,primary_evaluation,234,1.2892117779383132,3522.4407926196427,2068.8011616409303,107.87977194699627,0.9004500999581069,
w60,79,HGA-budget252,primary_evaluation,235,1.2892117779383132,3522.4407926196427,2068.8011616409303,107.87977194699627,0.9021717000287026,
w60,79,HGA-budget252,primary_evaluation,236,1.2892117779383132,3522.4407926196427,2068.8011616409303,107.87977194699627,0.9037824999541044,
w60,79,HGA-budget252,primary_evaluation,237,1.2892117779383132,3522.4407926196427,2068.8011616409303,107.87977194699627,0.905288000125438,
w60,79,HGA-budget252,primary_evaluation,238,1.2892117779383132,3522.4407926196427,2068.8011616409303,107.87977194699627,0.9072267999872565,
w60,79,HGA-budget252,primary_evaluation,239,1.2892117779383132,3522.4407926196427,2068.8011616409303,107.87977194699627,0.9088047000113875,
w60,79,HGA-budget252,primary_evaluation,240,1.2892117779383132,3522.4407926196427,2068.8011616409303,107.87977194699627,0.9109277001116425,
w60,79,HGA-budget252,primary_evaluation,241,1.2892117779383132,3522.4407926196427,2068.8011616409303,107.87977194699627,0.9132548000197858,
w60,79,HGA-budget252,primary_evaluation,242,1.2892117779383132,3522.4407926196427,2068.8011616409303,107.87977194699627,0.9148657999467105,
w60,79,HGA-budget252,primary_evaluation,243,1.2892117779383132,3522.4407926196427,2068.8011616409303,107.87977194699627,0.9164448000956327,
w60,79,HGA-budget252,primary_evaluation,244,1.2892117779383132,3522.4407926196427,2068.8011616409303,107.87977194699627,0.9181377000641078,
w60,79,HGA-budget252,primary_evaluation,245,1.2892117779383132,3522.4407926196427,2068.8011616409303,107.87977194699627,0.9197297999635339,
w60,79,HGA-budget252,primary_evaluation,246,1.2892117779383132,3522.4407926196427,2068.8011616409303,107.87977194699627,0.9213249001186341,
w60,79,HGA-budget252,primary_evaluation,247,1.2892117779383132,3522.4407926196427,2068.8011616409303,107.87977194699627,0.922840200131759,
w60,79,HGA-budget252,primary_evaluation,248,1.2892117779383132,3522.4407926196427,2068.8011616409303,107.87977194699627,0.924376199953258,
w60,79,HGA-budget252,primary_evaluation,249,1.2892117779383132,3522.4407926196427,2068.8011616409303,107.87977194699627,0.9279927001334727,
w60,79,HGA-budget252,primary_evaluation,250,1.2892117779383132,3522.4407926196427,2068.8011616409303,107.87977194699627,0.9290426000952721,
w60,79,HGA-budget252,primary_evaluation,251,1.2892117779383132,3522.4407926196427,2068.8011616409303,107.87977194699627,0.9298847001045942,
w60,79,HGA-budget252,primary_evaluation,252,1.2892117779383132,3522.4407926196427,2068.8011616409303,107.87977194699627,0.9307222999632359,
w60,79,HGA-budget252,generation_boundary,12,1.289647146362869,,,,,0
w60,79,HGA-budget72,primary_evaluation,1,1.289647146362869,3522.4407926196427,2068.8011616409303,108.32716192150659,0.393378600012511,
w60,79,HGA-budget72,primary_evaluation,2,1.289647146362869,3522.4407926196427,2068.8011616409303,108.32716192150659,0.4588085999712348,
w60,79,HGA-budget72,primary_evaluation,3,1.289647146362869,3522.4407926196427,2068.8011616409303,108.32716192150659,0.46042719995602965,
w60,79,HGA-budget72,primary_evaluation,4,1.289647146362869,3522.4407926196427,2068.8011616409303,108.32716192150659,0.4621562999673188,
w60,79,HGA-budget72,primary_evaluation,5,1.289647146362869,3522.4407926196427,2068.8011616409303,108.32716192150659,0.4636739999987185,
w60,79,HGA-budget72,primary_evaluation,6,1.289647146362869,3522.4407926196427,2068.8011616409303,108.32716192150659,0.46522750006988645,
w60,79,HGA-budget72,primary_evaluation,7,1.289647146362869,3522.4407926196427,2068.8011616409303,108.32716192150659,0.4671700999606401,
w60,79,HGA-budget72,primary_evaluation,8,1.289647146362869,3522.4407926196427,2068.8011616409303,108.32716192150659,0.4685859000310302,
w60,79,HGA-budget72,primary_evaluation,9,1.289647146362869,3522.4407926196427,2068.8011616409303,108.32716192150659,0.4710923000238836,
w60,79,HGA-budget72,primary_evaluation,10,1.289647146362869,3522.4407926196427,2068.8011616409303,108.32716192150659,0.47278880001977086,
w60,79,HGA-budget72,primary_evaluation,11,1.289647146362869,3522.4407926196427,2068.8011616409303,108.32716192150659,0.4743206000421196,
w60,79,HGA-budget72,primary_evaluation,12,1.289647146362869,3522.4407926196427,2068.8011616409303,108.32716192150659,0.4759593000635505,
w60,79,HGA-budget72,primary_evaluation,13,1.289647146362869,3522.4407926196427,2068.8011616409303,108.32716192150659,0.4774835999123752,
w60,79,HGA-budget72,primary_evaluation,14,1.289647146362869,3522.4407926196427,2068.8011616409303,108.32716192150659,0.47903689998202026,
w60,79,HGA-budget72,primary_evaluation,15,1.289647146362869,3522.4407926196427,2068.8011616409303,108.32716192150659,0.48062100005336106,
w60,79,HGA-budget72,primary_evaluation,16,1.289647146362869,3522.4407926196427,2068.8011616409303,108.32716192150659,0.48212910001166165,
w60,79,HGA-budget72,primary_evaluation,17,1.289647146362869,3522.4407926196427,2068.8011616409303,108.32716192150659,0.483837699983269,
w60,79,HGA-budget72,primary_evaluation,18,1.289647146362869,3522.4407926196427,2068.8011616409303,108.32716192150659,0.48547539999708533,
w60,79,HGA-budget72,primary_evaluation,19,1.289647146362869,3522.4407926196427,2068.8011616409303,108.32716192150659,0.4872196998912841,
w60,79,HGA-budget72,primary_evaluation,20,1.289647146362869,3522.4407926196427,2068.8011616409303,108.32716192150659,0.48902119998820126,
w60,79,HGA-budget72,primary_evaluation,21,1.289647146362869,3522.4407926196427,2068.8011616409303,108.32716192150659,0.4905015998519957,
w60,79,HGA-budget72,primary_evaluation,22,1.289647146362869,3522.4407926196427,2068.8011616409303,108.32716192150659,0.4920216000173241,
w60,79,HGA-budget72,primary_evaluation,23,1.289647146362869,3522.4407926196427,2068.8011616409303,108.32716192150659,0.4934524998534471,
w60,79,HGA-budget72,primary_evaluation,24,1.289647146362869,3522.4407926196427,2068.8011616409303,108.32716192150659,0.49489139998331666,
w60,79,HGA-budget72,primary_evaluation,25,1.289647146362869,3522.4407926196427,2068.8011616409303,108.32716192150659,0.49637699988670647,
w60,79,HGA-budget72,primary_evaluation,26,1.289647146362869,3522.4407926196427,2068.8011616409303,108.32716192150659,0.4978267999831587,
w60,79,HGA-budget72,primary_evaluation,27,1.289647146362869,3522.4407926196427,2068.8011616409303,108.32716192150659,0.4993962999433279,
w60,79,HGA-budget72,primary_evaluation,28,1.289647146362869,3522.4407926196427,2068.8011616409303,108.32716192150659,0.5009379000402987,
w60,79,HGA-budget72,primary_evaluation,29,1.289647146362869,3522.4407926196427,2068.8011616409303,108.32716192150659,0.5025361999869347,
w60,79,HGA-budget72,primary_evaluation,30,1.289647146362869,3522.4407926196427,2068.8011616409303,108.32716192150659,0.5042520998977125,
w60,79,HGA-budget72,primary_evaluation,31,1.289647146362869,3522.4407926196427,2068.8011616409303,108.32716192150659,0.5057272999547422,
w60,79,HGA-budget72,primary_evaluation,32,1.289647146362869,3522.4407926196427,2068.8011616409303,108.32716192150659,0.5071711998898536,
w60,79,HGA-budget72,primary_evaluation,33,1.289647146362869,3522.4407926196427,2068.8011616409303,108.32716192150659,0.5086238998919725,
w60,79,HGA-budget72,primary_evaluation,34,1.289647146362869,3522.4407926196427,2068.8011616409303,108.32716192150659,0.5101125000510365,
w60,79,HGA-budget72,primary_evaluation,35,1.289647146362869,3522.4407926196427,2068.8011616409303,108.32716192150659,0.5116059000138193,
w60,79,HGA-budget72,primary_evaluation,36,1.289647146362869,3522.4407926196427,2068.8011616409303,108.32716192150659,0.513071299996227,
w60,79,HGA-budget72,primary_evaluation,37,1.289647146362869,3522.4407926196427,2068.8011616409303,108.32716192150659,0.5148583999834955,
w60,79,HGA-budget72,primary_evaluation,38,1.289647146362869,3522.4407926196427,2068.8011616409303,108.32716192150659,0.516952499980107,
w60,79,HGA-budget72,primary_evaluation,39,1.289647146362869,3522.4407926196427,2068.8011616409303,108.32716192150659,0.5187772000208497,
w60,79,HGA-budget72,primary_evaluation,40,1.289647146362869,3522.4407926196427,2068.8011616409303,108.32716192150659,0.5203239999245852,
w60,79,HGA-budget72,primary_evaluation,41,1.289647146362869,3522.4407926196427,2068.8011616409303,108.32716192150659,0.5218483998905867,
w60,79,HGA-budget72,primary_evaluation,42,1.289647146362869,3522.4407926196427,2068.8011616409303,108.32716192150659,0.5233539999462664,
w60,79,HGA-budget72,primary_evaluation,43,1.289647146362869,3522.4407926196427,2068.8011616409303,108.32716192150659,0.52482739998959,
w60,79,HGA-budget72,primary_evaluation,44,1.289647146362869,3522.4407926196427,2068.8011616409303,108.32716192150659,0.526282100006938,
w60,79,HGA-budget72,primary_evaluation,45,1.289647146362869,3522.4407926196427,2068.8011616409303,108.32716192150659,0.5280863000079989,
w60,79,HGA-budget72,primary_evaluation,46,1.289647146362869,3522.4407926196427,2068.8011616409303,108.32716192150659,0.5296543999575078,
w60,79,HGA-budget72,primary_evaluation,47,1.289647146362869,3522.4407926196427,2068.8011616409303,108.32716192150659,0.5312305998522788,
w60,79,HGA-budget72,primary_evaluation,48,1.289647146362869,3522.4407926196427,2068.8011616409303,108.32716192150659,0.5332432999275625,
w60,79,HGA-budget72,primary_evaluation,49,1.289647146362869,3522.4407926196427,2068.8011616409303,108.32716192150659,0.5351984999142587,
w60,79,HGA-budget72,primary_evaluation,50,1.289647146362869,3522.4407926196427,2068.8011616409303,108.32716192150659,0.5367060999851674,
w60,79,HGA-budget72,primary_evaluation,51,1.289647146362869,3522.4407926196427,2068.8011616409303,108.32716192150659,0.5382981000002474,
w60,79,HGA-budget72,primary_evaluation,52,1.289647146362869,3522.4407926196427,2068.8011616409303,108.32716192150659,0.5399843999184668,
w60,79,HGA-budget72,primary_evaluation,53,1.289647146362869,3522.4407926196427,2068.8011616409303,108.32716192150659,0.5415068999864161,
w60,79,HGA-budget72,primary_evaluation,54,1.289647146362869,3522.4407926196427,2068.8011616409303,108.32716192150659,0.5443954998627305,
w60,79,HGA-budget72,primary_evaluation,55,1.289647146362869,3522.4407926196427,2068.8011616409303,108.32716192150659,0.5489071998745203,
w60,79,HGA-budget72,primary_evaluation,56,1.289647146362869,3522.4407926196427,2068.8011616409303,108.32716192150659,0.5506499998737127,
w60,79,HGA-budget72,primary_evaluation,57,1.289647146362869,3522.4407926196427,2068.8011616409303,108.32716192150659,0.5528603999409825,
w60,79,HGA-budget72,primary_evaluation,58,1.289647146362869,3522.4407926196427,2068.8011616409303,108.32716192150659,0.5597625998780131,
w60,79,HGA-budget72,primary_evaluation,59,1.289647146362869,3522.4407926196427,2068.8011616409303,108.32716192150659,0.5609587000217289,
w60,79,HGA-budget72,primary_evaluation,60,1.289647146362869,3522.4407926196427,2068.8011616409303,108.32716192150659,0.5780044000130147,
w60,79,HGA-budget72,primary_evaluation,61,1.289647146362869,3522.4407926196427,2068.8011616409303,108.32716192150659,0.5821813999209553,
w60,79,HGA-budget72,primary_evaluation,62,1.289647146362869,3522.4407926196427,2068.8011616409303,108.32716192150659,0.5867226999253035,
w60,79,HGA-budget72,primary_evaluation,63,1.289647146362869,3522.4407926196427,2068.8011616409303,108.32716192150659,0.5882069999352098,
w60,79,HGA-budget72,primary_evaluation,64,1.289647146362869,3522.4407926196427,2068.8011616409303,108.32716192150659,0.5894752999302,
w60,79,HGA-budget72,primary_evaluation,65,1.289647146362869,3522.4407926196427,2068.8011616409303,108.32716192150659,0.5910642000380903,
w60,79,HGA-budget72,primary_evaluation,66,1.289647146362869,3522.4407926196427,2068.8011616409303,108.32716192150659,0.592616599984467,
w60,79,HGA-budget72,primary_evaluation,67,1.289647146362869,3522.4407926196427,2068.8011616409303,108.32716192150659,0.5942192000802606,
w60,79,HGA-budget72,primary_evaluation,68,1.289647146362869,3522.4407926196427,2068.8011616409303,108.32716192150659,0.5957927999552339,
w60,79,HGA-budget72,primary_evaluation,69,1.289647146362869,3522.4407926196427,2068.8011616409303,108.32716192150659,0.5976172999944538,
w60,79,HGA-budget72,primary_evaluation,70,1.289647146362869,3522.4407926196427,2068.8011616409303,108.32716192150659,0.6003516998607665,
w60,79,HGA-budget72,primary_evaluation,71,1.289647146362869,3522.4407926196427,2068.8011616409303,108.32716192150659,0.603742599952966,
w60,79,HGA-budget72,primary_evaluation,72,1.289647146362869,3522.4407926196427,2068.8011616409303,108.32716192150659,0.6053311999421567,
w60,79,HGA-budget72,generation_boundary,12,1.289647146362869,,,,,0
w60,80,ABMA1,primary_evaluation,1,1.276113114543958,3513.293387716747,2069.7932570744415,101.56699451190546,0.9986328000668436,
w60,80,ABMA1,primary_evaluation,2,1.276113114543958,3513.293387716747,2069.7932570744415,101.56699451190546,2.011466800002381,
w60,80,ABMA1,primary_evaluation,3,1.276113114543958,3513.293387716747,2069.7932570744415,101.56699451190546,7.496529599884525,
w60,80,ABMA1,primary_evaluation,4,1.276113114543958,3513.293387716747,2069.7932570744415,101.56699451190546,11.605628299992532,
w60,80,ABMA1,primary_evaluation,5,1.276113114543958,3513.293387716747,2069.7932570744415,101.56699451190546,12.56301819998771,
w60,80,ABMA1,primary_evaluation,6,1.276113114543958,3513.293387716747,2069.7932570744415,101.56699451190546,18.179748199880123,
w60,80,ABMA1,primary_evaluation,7,1.276113114543958,3513.293387716747,2069.7932570744415,101.56699451190546,24.250844199908897,
w60,80,ABMA1,primary_evaluation,8,1.276113114543958,3513.293387716747,2069.7932570744415,101.56699451190546,26.26871269987896,
w60,80,ABMA1,primary_evaluation,9,1.276113114543958,3513.293387716747,2069.7932570744415,101.56699451190546,33.14470519986935,
w60,80,ABMA1,primary_evaluation,10,1.276113114543958,3513.293387716747,2069.7932570744415,101.56699451190546,34.9719581999816,
w60,80,ABMA1,primary_evaluation,11,1.276113114543958,3513.293387716747,2069.7932570744415,101.56699451190546,41.91051029996015,
w60,80,ABMA1,primary_evaluation,12,1.276113114543958,3513.293387716747,2069.7932570744415,101.56699451190546,43.78760199993849,
w60,80,ABMA1,primary_evaluation,13,1.1736792273466667,3401.113668264362,1957.6135376220564,100.69798257535996,45.41139349993318,
w60,80,ABMA1,primary_evaluation,14,1.1736792273466667,3401.113668264362,1957.6135376220564,100.69798257535996,46.79484439990483,
w60,80,ABMA1,primary_evaluation,15,1.1736792273466667,3401.113668264362,1957.6135376220564,100.69798257535996,51.0649111000821,
w60,80,ABMA1,primary_evaluation,16,1.1736792273466667,3401.113668264362,1957.6135376220564,100.69798257535996,53.4811549000442,
w60,80,ABMA1,primary_evaluation,17,1.1736792273466667,3401.113668264362,1957.6135376220564,100.69798257535996,58.47241789987311,
w60,80,ABMA1,primary_evaluation,18,1.1736792273466667,3401.113668264362,1957.6135376220564,100.69798257535996,64.88695740001276,
w60,80,ABMA1,primary_evaluation,19,1.1736792273466667,3401.113668264362,1957.6135376220564,100.69798257535996,71.27967399987392,
w60,80,ABMA1,primary_evaluation,20,1.1736792273466667,3401.113668264362,1957.6135376220564,100.69798257535996,72.52177540003322,
w60,80,ABMA1,primary_evaluation,21,1.1736792273466667,3401.113668264362,1957.6135376220564,100.69798257535996,78.55172330001369,
w60,80,ABMA1,primary_evaluation,22,1.1736792273466667,3401.113668264362,1957.6135376220564,100.69798257535996,82.71118279988877,
w60,80,ABMA1,primary_evaluation,23,1.1736792273466667,3401.113668264362,1957.6135376220564,100.69798257535996,87.59848829987459,
w60,80,ABMA1,primary_evaluation,24,1.1736792273466667,3401.113668264362,1957.6135376220564,100.69798257535996,90.23076379997656,
w60,80,ABMA1,primary_evaluation,25,1.1736792273466667,3401.113668264362,1957.6135376220564,100.69798257535996,94.74446600000374,
w60,80,ABMA1,primary_evaluation,26,1.1736792273466667,3401.113668264362,1957.6135376220564,100.69798257535996,97.10780650004745,
w60,80,ABMA1,primary_evaluation,27,1.1736792273466667,3401.113668264362,1957.6135376220564,100.69798257535996,101.26057729986496,
w60,80,ABMA1,primary_evaluation,28,1.1736792273466667,3401.113668264362,1957.6135376220564,100.69798257535996,104.09420499997213,
w60,80,ABMA1,primary_evaluation,29,1.1736792273466667,3401.113668264362,1957.6135376220564,100.69798257535996,104.8494279999286,
w60,80,ABMA1,primary_evaluation,30,1.1736792273466667,3401.113668264362,1957.6135376220564,100.69798257535996,110.46422349987552,
w60,80,ABMA1,primary_evaluation,31,1.1736792273466667,3401.113668264362,1957.6135376220564,100.69798257535996,112.8917894999031,
w60,80,ABMA1,primary_evaluation,32,1.1736792273466667,3401.113668264362,1957.6135376220564,100.69798257535996,114.67951749986969,
w60,80,ABMA1,primary_evaluation,33,1.1736792273466667,3401.113668264362,1957.6135376220564,100.69798257535996,120.7013274000492,
w60,80,ABMA1,primary_evaluation,34,1.1736792273466667,3401.113668264362,1957.6135376220564,100.69798257535996,126.18379250005819,
w60,80,ABMA1,primary_evaluation,35,1.1736792273466667,3401.113668264362,1957.6135376220564,100.69798257535996,130.16481480002403,
w60,80,ABMA1,primary_evaluation,36,1.1736792273466667,3401.113668264362,1957.6135376220564,100.69798257535996,131.42735669994727,
w60,80,ABMA1,primary_evaluation,37,1.1736792273466667,3401.113668264362,1957.6135376220564,100.69798257535996,133.55476059997454,
w60,80,ABMA1,primary_evaluation,38,1.1736792273466667,3401.113668264362,1957.6135376220564,100.69798257535996,136.35447530006059,
w60,80,ABMA1,primary_evaluation,39,1.1736792273466667,3401.113668264362,1957.6135376220564,100.69798257535996,140.57843580003828,
w60,80,ABMA1,primary_evaluation,40,1.1736792273466667,3401.113668264362,1957.6135376220564,100.69798257535996,142.5768474000506,
w60,80,ABMA1,primary_evaluation,41,1.1736792273466667,3401.113668264362,1957.6135376220564,100.69798257535996,147.9540291999001,
w60,80,ABMA1,primary_evaluation,42,1.1736792273466667,3401.113668264362,1957.6135376220564,100.69798257535996,150.46416849992238,
w60,80,ABMA1,primary_evaluation,43,1.1736792273466667,3401.113668264362,1957.6135376220564,100.69798257535996,153.9748038998805,
w60,80,ABMA1,primary_evaluation,44,1.1736792273466667,3401.113668264362,1957.6135376220564,100.69798257535996,156.4367285000626,
w60,80,ABMA1,primary_evaluation,45,1.1736792273466667,3401.113668264362,1957.6135376220564,100.69798257535996,160.7929293999914,
w60,80,ABMA1,primary_evaluation,46,1.1736792273466667,3401.113668264362,1957.6135376220564,100.69798257535996,163.23563260002993,
w60,80,ABMA1,primary_evaluation,47,1.1736792273466667,3401.113668264362,1957.6135376220564,100.69798257535996,165.12045529996976,
w60,80,ABMA1,primary_evaluation,48,1.1736792273466667,3401.113668264362,1957.6135376220564,100.69798257535996,172.29199089994654,
w60,80,ABMA1,primary_evaluation,49,1.1736792273466667,3401.113668264362,1957.6135376220564,100.69798257535996,175.11204500007443,
w60,80,ABMA1,primary_evaluation,50,1.1736792273466667,3401.113668264362,1957.6135376220564,100.69798257535996,176.49140290007927,
w60,80,ABMA1,primary_evaluation,51,1.1736792273466667,3401.113668264362,1957.6135376220564,100.69798257535996,178.53450469998643,
w60,80,ABMA1,primary_evaluation,52,1.1736792273466667,3401.113668264362,1957.6135376220564,100.69798257535996,180.70791070000269,
w60,80,ABMA1,primary_evaluation,53,1.1736792273466667,3401.113668264362,1957.6135376220564,100.69798257535996,182.49158579995856,
w60,80,ABMA1,primary_evaluation,54,1.1736792273466667,3401.113668264362,1957.6135376220564,100.69798257535996,185.64001720002852,
w60,80,ABMA1,primary_evaluation,55,1.1736792273466667,3401.113668264362,1957.6135376220564,100.69798257535996,187.42516679991968,
w60,80,ABMA1,primary_evaluation,56,1.1736792273466667,3401.113668264362,1957.6135376220564,100.69798257535996,188.51321169990115,
w60,80,ABMA1,primary_evaluation,57,1.1736792273466667,3401.113668264362,1957.6135376220564,100.69798257535996,191.02412949991412,
w60,80,ABMA1,primary_evaluation,58,1.1736792273466667,3401.113668264362,1957.6135376220564,100.69798257535996,195.57775619998574,
w60,80,ABMA1,primary_evaluation,59,1.1736792273466667,3401.113668264362,1957.6135376220564,100.69798257535996,202.00153420004062,
w60,80,ABMA1,primary_evaluation,60,1.1736792273466667,3401.113668264362,1957.6135376220564,100.69798257535996,203.94711559987627,
w60,80,ABMA1,primary_evaluation,61,1.1736792273466667,3401.113668264362,1957.6135376220564,100.69798257535996,206.96293989988044,
w60,80,ABMA1,primary_evaluation,62,1.1736792273466667,3401.113668264362,1957.6135376220564,100.69798257535996,209.84847699990496,
w60,80,ABMA1,primary_evaluation,63,1.1736792273466667,3401.113668264362,1957.6135376220564,100.69798257535996,212.1996209998615,
w60,80,ABMA1,primary_evaluation,64,1.1736792273466667,3401.113668264362,1957.6135376220564,100.69798257535996,214.40790029987693,
w60,80,ABMA1,primary_evaluation,65,1.1736792273466667,3401.113668264362,1957.6135376220564,100.69798257535996,215.34852469991893,
w60,80,ABMA1,primary_evaluation,66,1.1736792273466667,3401.113668264362,1957.6135376220564,100.69798257535996,218.5736455998849,
w60,80,ABMA1,primary_evaluation,67,1.1736792273466667,3401.113668264362,1957.6135376220564,100.69798257535996,220.025505800033,
w60,80,ABMA1,primary_evaluation,68,1.1736792273466667,3401.113668264362,1957.6135376220564,100.69798257535996,221.25912910001352,
w60,80,ABMA1,primary_evaluation,69,1.1736792273466667,3401.113668264362,1957.6135376220564,100.69798257535996,222.18739059986547,
w60,80,ABMA1,primary_evaluation,70,1.1736792273466667,3401.113668264362,1957.6135376220564,100.69798257535996,224.45341550000012,
w60,80,ABMA1,primary_evaluation,71,1.1736792273466667,3401.113668264362,1957.6135376220564,100.69798257535996,226.50945140002295,
w60,80,ABMA1,primary_evaluation,72,1.1736792273466667,3401.113668264362,1957.6135376220564,100.69798257535996,227.77582039986737,
w60,80,ABMA1,generation_boundary,12,1.276113114543958,,,,,0
w60,80,ABMA1,generation_boundary,24,1.1736792273466667,,,,,1
w60,80,ABMA1,generation_boundary,36,1.1736792273466667,,,,,2
w60,80,ABMA1,generation_boundary,48,1.1736792273466667,,,,,3
w60,80,ABMA1,generation_boundary,60,1.1736792273466667,,,,,4
w60,80,ABMA1,generation_boundary,72,1.1736792273466667,,,,,5
w60,80,ABMA20,primary_evaluation,1,1.276113114543958,3513.293387716747,2069.7932570744415,101.56699451190546,1.16681810002774,
w60,80,ABMA20,primary_evaluation,2,1.276113114543958,3513.293387716747,2069.7932570744415,101.56699451190546,2.1118687000125647,
w60,80,ABMA20,primary_evaluation,3,1.276113114543958,3513.293387716747,2069.7932570744415,101.56699451190546,7.8225398999638855,
w60,80,ABMA20,primary_evaluation,4,1.276113114543958,3513.293387716747,2069.7932570744415,101.56699451190546,12.405116699868813,
w60,80,ABMA20,primary_evaluation,5,1.276113114543958,3513.293387716747,2069.7932570744415,101.56699451190546,13.444263499928638,
w60,80,ABMA20,primary_evaluation,6,1.276113114543958,3513.293387716747,2069.7932570744415,101.56699451190546,20.594506999943405,
w60,80,ABMA20,primary_evaluation,7,1.276113114543958,3513.293387716747,2069.7932570744415,101.56699451190546,27.425830999854952,
w60,80,ABMA20,primary_evaluation,8,1.276113114543958,3513.293387716747,2069.7932570744415,101.56699451190546,29.70504379994236,
w60,80,ABMA20,primary_evaluation,9,1.276113114543958,3513.293387716747,2069.7932570744415,101.56699451190546,36.203281600028276,
w60,80,ABMA20,primary_evaluation,10,1.276113114543958,3513.293387716747,2069.7932570744415,101.56699451190546,39.2195822999347,
w60,80,ABMA20,primary_evaluation,11,1.276113114543958,3513.293387716747,2069.7932570744415,101.56699451190546,45.119425899814814,
w60,80,ABMA20,primary_evaluation,12,1.276113114543958,3513.293387716747,2069.7932570744415,101.56699451190546,46.85035629989579,
w60,80,ABMA20,primary_evaluation,13,1.1736792273466667,3401.113668264362,1957.6135376220564,100.69798257535996,48.651014499831945,
w60,80,ABMA20,primary_evaluation,14,1.1736792273466667,3401.113668264362,1957.6135376220564,100.69798257535996,50.221538099925965,
w60,80,ABMA20,primary_evaluation,15,1.1736792273466667,3401.113668264362,1957.6135376220564,100.69798257535996,54.44243809999898,
w60,80,ABMA20,primary_evaluation,16,1.1736792273466667,3401.113668264362,1957.6135376220564,100.69798257535996,56.73297180002555,
w60,80,ABMA20,primary_evaluation,17,1.1736792273466667,3401.113668264362,1957.6135376220564,100.69798257535996,61.72464539995417,
w60,80,ABMA20,primary_evaluation,18,1.1736792273466667,3401.113668264362,1957.6135376220564,100.69798257535996,68.424306999892,
w60,80,ABMA20,primary_evaluation,19,1.1736792273466667,3401.113668264362,1957.6135376220564,100.69798257535996,74.82951730000786,
w60,80,ABMA20,primary_evaluation,20,1.1736792273466667,3401.113668264362,1957.6135376220564,100.69798257535996,76.21395269990899,
w60,80,ABMA20,primary_evaluation,21,1.1736792273466667,3401.113668264362,1957.6135376220564,100.69798257535996,82.9360026998911,
w60,80,ABMA20,primary_evaluation,22,1.1736792273466667,3401.113668264362,1957.6135376220564,100.69798257535996,87.55251149996184,
w60,80,ABMA20,primary_evaluation,23,1.1736792273466667,3401.113668264362,1957.6135376220564,100.69798257535996,92.48365009995177,
w60,80,ABMA20,primary_evaluation,24,1.1736792273466667,3401.113668264362,1957.6135376220564,100.69798257535996,94.99258619989268,
w60,80,ABMA20,primary_evaluation,25,1.1736792273466667,3401.113668264362,1957.6135376220564,100.69798257535996,99.24957209988497,
w60,80,ABMA20,primary_evaluation,26,1.1736792273466667,3401.113668264362,1957.6135376220564,100.69798257535996,101.6183541000355,
w60,80,ABMA20,primary_evaluation,27,1.1736792273466667,3401.113668264362,1957.6135376220564,100.69798257535996,105.41254389984533,
w60,80,ABMA20,primary_evaluation,28,1.1736792273466667,3401.113668264362,1957.6135376220564,100.69798257535996,109.29506889986806,
w60,80,ABMA20,primary_evaluation,29,1.1736792273466667,3401.113668264362,1957.6135376220564,100.69798257535996,110.44502500002272,
w60,80,ABMA20,primary_evaluation,30,1.1736792273466667,3401.113668264362,1957.6135376220564,100.69798257535996,115.28177489992231,
w60,80,ABMA20,primary_evaluation,31,1.1736792273466667,3401.113668264362,1957.6135376220564,100.69798257535996,116.85363809997216,
w60,80,ABMA20,primary_evaluation,32,1.1736792273466667,3401.113668264362,1957.6135376220564,100.69798257535996,117.59641349990852,
w60,80,ABMA20,primary_evaluation,33,1.1736792273466667,3401.113668264362,1957.6135376220564,100.69798257535996,120.05343519989401,
w60,80,ABMA20,primary_evaluation,34,1.1736792273466667,3401.113668264362,1957.6135376220564,100.69798257535996,122.56885010004044,
w60,80,ABMA20,primary_evaluation,35,1.1736792273466667,3401.113668264362,1957.6135376220564,100.69798257535996,124.47013369994238,
w60,80,ABMA20,primary_evaluation,36,1.1736792273466667,3401.113668264362,1957.6135376220564,100.69798257535996,125.039802899817,
w60,80,ABMA20,primary_evaluation,37,1.1736792273466667,3401.113668264362,1957.6135376220564,100.69798257535996,126.11578779993579,
w60,80,ABMA20,primary_evaluation,38,1.1736792273466667,3401.113668264362,1957.6135376220564,100.69798257535996,127.81545749981888,
w60,80,ABMA20,primary_evaluation,39,1.1736792273466667,3401.113668264362,1957.6135376220564,100.69798257535996,132.43842200003564,
w60,80,ABMA20,primary_evaluation,40,1.1736792273466667,3401.113668264362,1957.6135376220564,100.69798257535996,134.54069409985095,
w60,80,ABMA20,primary_evaluation,41,1.1736792273466667,3401.113668264362,1957.6135376220564,100.69798257535996,139.72820919984952,
w60,80,ABMA20,primary_evaluation,42,1.1736792273466667,3401.113668264362,1957.6135376220564,100.69798257535996,142.28965709987096,
w60,80,ABMA20,primary_evaluation,43,1.1736792273466667,3401.113668264362,1957.6135376220564,100.69798257535996,145.3644175999798,
w60,80,ABMA20,primary_evaluation,44,1.1736792273466667,3401.113668264362,1957.6135376220564,100.69798257535996,147.75093630002812,
w60,80,ABMA20,primary_evaluation,45,1.1736792273466667,3401.113668264362,1957.6135376220564,100.69798257535996,152.31665929988958,
w60,80,ABMA20,primary_evaluation,46,1.1736792273466667,3401.113668264362,1957.6135376220564,100.69798257535996,154.28923959983513,
w60,80,ABMA20,primary_evaluation,47,1.1736792273466667,3401.113668264362,1957.6135376220564,100.69798257535996,155.76543130003847,
w60,80,ABMA20,primary_evaluation,48,1.1736792273466667,3401.113668264362,1957.6135376220564,100.69798257535996,163.08057569991797,
w60,80,ABMA20,primary_evaluation,49,1.1736792273466667,3401.113668264362,1957.6135376220564,100.69798257535996,165.42853569984436,
w60,80,ABMA20,primary_evaluation,50,1.1736792273466667,3401.113668264362,1957.6135376220564,100.69798257535996,166.31995739997365,
w60,80,ABMA20,primary_evaluation,51,1.1736792273466667,3401.113668264362,1957.6135376220564,100.69798257535996,168.28619689983316,
w60,80,ABMA20,primary_evaluation,52,1.1736792273466667,3401.113668264362,1957.6135376220564,100.69798257535996,170.50367809995078,
w60,80,ABMA20,primary_evaluation,53,1.1736792273466667,3401.113668264362,1957.6135376220564,100.69798257535996,172.49594999989495,
w60,80,ABMA20,primary_evaluation,54,1.1736792273466667,3401.113668264362,1957.6135376220564,100.69798257535996,175.0817080999259,
w60,80,ABMA20,primary_evaluation,55,1.1736792273466667,3401.113668264362,1957.6135376220564,100.69798257535996,177.06928239995614,
w60,80,ABMA20,primary_evaluation,56,1.1736792273466667,3401.113668264362,1957.6135376220564,100.69798257535996,178.42023089993745,
w60,80,ABMA20,primary_evaluation,57,1.1736792273466667,3401.113668264362,1957.6135376220564,100.69798257535996,180.83536759996787,
w60,80,ABMA20,primary_evaluation,58,1.1736792273466667,3401.113668264362,1957.6135376220564,100.69798257535996,186.05727089988068,
w60,80,ABMA20,primary_evaluation,59,1.1736792273466667,3401.113668264362,1957.6135376220564,100.69798257535996,193.50037659984082,
w60,80,ABMA20,primary_evaluation,60,1.1736792273466667,3401.113668264362,1957.6135376220564,100.69798257535996,195.41365340002812,
w60,80,ABMA20,primary_evaluation,61,1.1736792273466667,3401.113668264362,1957.6135376220564,100.69798257535996,198.75149649986997,
w60,80,ABMA20,primary_evaluation,62,1.1736792273466667,3401.113668264362,1957.6135376220564,100.69798257535996,202.04329849989153,
w60,80,ABMA20,primary_evaluation,63,1.1736792273466667,3401.113668264362,1957.6135376220564,100.69798257535996,204.64088850002736,
w60,80,ABMA20,primary_evaluation,64,1.1736792273466667,3401.113668264362,1957.6135376220564,100.69798257535996,207.03271629987285,
w60,80,ABMA20,primary_evaluation,65,1.1736792273466667,3401.113668264362,1957.6135376220564,100.69798257535996,208.0001965998672,
w60,80,ABMA20,primary_evaluation,66,1.1736792273466667,3401.113668264362,1957.6135376220564,100.69798257535996,210.84428999992087,
w60,80,ABMA20,primary_evaluation,67,1.1736792273466667,3401.113668264362,1957.6135376220564,100.69798257535996,212.01642949995585,
w60,80,ABMA20,primary_evaluation,68,1.1736792273466667,3401.113668264362,1957.6135376220564,100.69798257535996,213.43737539998256,
w60,80,ABMA20,primary_evaluation,69,1.1736792273466667,3401.113668264362,1957.6135376220564,100.69798257535996,214.749128599884,
w60,80,ABMA20,primary_evaluation,70,1.1736792273466667,3401.113668264362,1957.6135376220564,100.69798257535996,217.22530149994418,
w60,80,ABMA20,primary_evaluation,71,1.1736792273466667,3401.113668264362,1957.6135376220564,100.69798257535996,219.36117729987018,
w60,80,ABMA20,primary_evaluation,72,1.1736792273466667,3401.113668264362,1957.6135376220564,100.69798257535996,220.41682049981318,
w60,80,ABMA20,primary_evaluation,73,1.1736792273466667,3401.113668264362,1957.6135376220564,100.69798257535996,223.25529000000097,
w60,80,ABMA20,primary_evaluation,74,1.1736792273466667,3401.113668264362,1957.6135376220564,100.69798257535996,228.65903029986657,
w60,80,ABMA20,primary_evaluation,75,1.1736792273466667,3401.113668264362,1957.6135376220564,100.69798257535996,230.83227639994584,
w60,80,ABMA20,primary_evaluation,76,1.1736792273466667,3401.113668264362,1957.6135376220564,100.69798257535996,233.2413281998597,
w60,80,ABMA20,primary_evaluation,77,1.1736792273466667,3401.113668264362,1957.6135376220564,100.69798257535996,236.31324689998291,
w60,80,ABMA20,primary_evaluation,78,1.1736792273466667,3401.113668264362,1957.6135376220564,100.69798257535996,238.16358789987862,
w60,80,ABMA20,primary_evaluation,79,1.1736792273466667,3401.113668264362,1957.6135376220564,100.69798257535996,240.3551196998451,
w60,80,ABMA20,primary_evaluation,80,1.1736792273466667,3401.113668264362,1957.6135376220564,100.69798257535996,242.10195979988202,
w60,80,ABMA20,primary_evaluation,81,1.1736792273466667,3401.113668264362,1957.6135376220564,100.69798257535996,244.8665377998259,
w60,80,ABMA20,primary_evaluation,82,1.1736792273466667,3401.113668264362,1957.6135376220564,100.69798257535996,250.05704849981703,
w60,80,ABMA20,primary_evaluation,83,1.1736792273466667,3401.113668264362,1957.6135376220564,100.69798257535996,252.67336559994146,
w60,80,ABMA20,primary_evaluation,84,1.1736792273466667,3401.113668264362,1957.6135376220564,100.69798257535996,255.37135679996572,
w60,80,ABMA20,primary_evaluation,85,1.1736792273466667,3401.113668264362,1957.6135376220564,100.69798257535996,256.54837389988825,
w60,80,ABMA20,primary_evaluation,86,1.1736792273466667,3401.113668264362,1957.6135376220564,100.69798257535996,258.24595769983716,
w60,80,ABMA20,primary_evaluation,87,1.1736792273466667,3401.113668264362,1957.6135376220564,100.69798257535996,259.93678909982555,
w60,80,ABMA20,primary_evaluation,88,1.1736792273466667,3401.113668264362,1957.6135376220564,100.69798257535996,262.23952559987083,
w60,80,ABMA20,primary_evaluation,89,1.1736792273466667,3401.113668264362,1957.6135376220564,100.69798257535996,263.4121216998901,
w60,80,ABMA20,primary_evaluation,90,1.1736792273466667,3401.113668264362,1957.6135376220564,100.69798257535996,265.0656902999617,
w60,80,ABMA20,primary_evaluation,91,1.1736792273466667,3401.113668264362,1957.6135376220564,100.69798257535996,267.6145792999305,
w60,80,ABMA20,primary_evaluation,92,1.1736792273466667,3401.113668264362,1957.6135376220564,100.69798257535996,269.1596549998503,
w60,80,ABMA20,primary_evaluation,93,1.1736792273466667,3401.113668264362,1957.6135376220564,100.69798257535996,270.33563019987196,
w60,80,ABMA20,primary_evaluation,94,1.1736792273466667,3401.113668264362,1957.6135376220564,100.69798257535996,272.76355759985745,
w60,80,ABMA20,primary_evaluation,95,1.1736792273466667,3401.113668264362,1957.6135376220564,100.69798257535996,274.19669649982825,
w60,80,ABMA20,primary_evaluation,96,1.1736792273466667,3401.113668264362,1957.6135376220564,100.69798257535996,276.2489099998493,
w60,80,ABMA20,primary_evaluation,97,1.1736792273466667,3401.113668264362,1957.6135376220564,100.69798257535996,281.76698369998485,
w60,80,ABMA20,primary_evaluation,98,1.1736792273466667,3401.113668264362,1957.6135376220564,100.69798257535996,284.18186729983427,
w60,80,ABMA20,primary_evaluation,99,1.1736792273466667,3401.113668264362,1957.6135376220564,100.69798257535996,291.1503043998964,
w60,80,ABMA20,primary_evaluation,100,1.1736792273466667,3401.113668264362,1957.6135376220564,100.69798257535996,293.32375489990227,
w60,80,ABMA20,primary_evaluation,101,1.1736792273466667,3401.113668264362,1957.6135376220564,100.69798257535996,295.0943177000154,
w60,80,ABMA20,primary_evaluation,102,1.1736792273466667,3401.113668264362,1957.6135376220564,100.69798257535996,296.16593889985234,
w60,80,ABMA20,primary_evaluation,103,1.1736792273466667,3401.113668264362,1957.6135376220564,100.69798257535996,298.3127695999574,
w60,80,ABMA20,primary_evaluation,104,1.1736792273466667,3401.113668264362,1957.6135376220564,100.69798257535996,303.4599329000339,
w60,80,ABMA20,primary_evaluation,105,1.1736792273466667,3401.113668264362,1957.6135376220564,100.69798257535996,307.09348469995894,
w60,80,ABMA20,primary_evaluation,106,1.1736792273466667,3401.113668264362,1957.6135376220564,100.69798257535996,309.6612172999885,
w60,80,ABMA20,primary_evaluation,107,1.1736792273466667,3401.113668264362,1957.6135376220564,100.69798257535996,311.10995860002004,
w60,80,ABMA20,primary_evaluation,108,1.1736792273466667,3401.113668264362,1957.6135376220564,100.69798257535996,312.1287363998126,
w60,80,ABMA20,primary_evaluation,109,1.1736792273466667,3401.113668264362,1957.6135376220564,100.69798257535996,314.2121901998762,
w60,80,ABMA20,primary_evaluation,110,1.1736792273466667,3401.113668264362,1957.6135376220564,100.69798257535996,315.98644489981234,
w60,80,ABMA20,primary_evaluation,111,1.1736792273466667,3401.113668264362,1957.6135376220564,100.69798257535996,317.2439094998408,
w60,80,ABMA20,primary_evaluation,112,1.1736792273466667,3401.113668264362,1957.6135376220564,100.69798257535996,317.95060019986704,
w60,80,ABMA20,primary_evaluation,113,1.1736792273466667,3401.113668264362,1957.6135376220564,100.69798257535996,318.46737219998613,
w60,80,ABMA20,primary_evaluation,114,1.1736792273466667,3401.113668264362,1957.6135376220564,100.69798257535996,319.32408529985696,
w60,80,ABMA20,primary_evaluation,115,1.1736792273466667,3401.113668264362,1957.6135376220564,100.69798257535996,319.82363229990005,
w60,80,ABMA20,primary_evaluation,116,1.1736792273466667,3401.113668264362,1957.6135376220564,100.69798257535996,320.3960742999334,
w60,80,ABMA20,primary_evaluation,117,1.1736792273466667,3401.113668264362,1957.6135376220564,100.69798257535996,320.94423449994065,
w60,80,ABMA20,primary_evaluation,118,1.1736792273466667,3401.113668264362,1957.6135376220564,100.69798257535996,322.4352261000313,
w60,80,ABMA20,primary_evaluation,119,1.1736792273466667,3401.113668264362,1957.6135376220564,100.69798257535996,323.6539751000237,
w60,80,ABMA20,primary_evaluation,120,1.1736792273466667,3401.113668264362,1957.6135376220564,100.69798257535996,324.63086149981245,
w60,80,ABMA20,primary_evaluation,121,1.1736792273466667,3401.113668264362,1957.6135376220564,100.69798257535996,325.92467889981344,
w60,80,ABMA20,primary_evaluation,122,1.1736792273466667,3401.113668264362,1957.6135376220564,100.69798257535996,329.9109914000146,
w60,80,ABMA20,primary_evaluation,123,1.1736792273466667,3401.113668264362,1957.6135376220564,100.69798257535996,332.3420916998293,
w60,80,ABMA20,primary_evaluation,124,1.1736792273466667,3401.113668264362,1957.6135376220564,100.69798257535996,333.72712639998645,
w60,80,ABMA20,primary_evaluation,125,1.1736792273466667,3401.113668264362,1957.6135376220564,100.69798257535996,334.8088609999977,
w60,80,ABMA20,primary_evaluation,126,1.1736792273466667,3401.113668264362,1957.6135376220564,100.69798257535996,335.8123539998196,
w60,80,ABMA20,primary_evaluation,127,1.1736792273466667,3401.113668264362,1957.6135376220564,100.69798257535996,337.643356599845,
w60,80,ABMA20,primary_evaluation,128,1.1736792273466667,3401.113668264362,1957.6135376220564,100.69798257535996,339.1805830998346,
w60,80,ABMA20,primary_evaluation,129,1.1736792273466667,3401.113668264362,1957.6135376220564,100.69798257535996,341.19907790003344,
w60,80,ABMA20,primary_evaluation,130,1.1736792273466667,3401.113668264362,1957.6135376220564,100.69798257535996,342.6343912000302,
w60,80,ABMA20,primary_evaluation,131,1.1736792273466667,3401.113668264362,1957.6135376220564,100.69798257535996,344.21047139982693,
w60,80,ABMA20,primary_evaluation,132,1.1736792273466667,3401.113668264362,1957.6135376220564,100.69798257535996,347.3731181998737,
w60,80,ABMA20,primary_evaluation,133,1.1736792273466667,3401.113668264362,1957.6135376220564,100.69798257535996,348.4237907999195,
w60,80,ABMA20,primary_evaluation,134,1.1736792273466667,3401.113668264362,1957.6135376220564,100.69798257535996,350.09834759985097,
w60,80,ABMA20,primary_evaluation,135,1.1736792273466667,3401.113668264362,1957.6135376220564,100.69798257535996,351.1606493999716,
w60,80,ABMA20,primary_evaluation,136,1.1736792273466667,3401.113668264362,1957.6135376220564,100.69798257535996,352.6764259999618,
w60,80,ABMA20,primary_evaluation,137,1.1736792273466667,3401.113668264362,1957.6135376220564,100.69798257535996,354.3670887998305,
w60,80,ABMA20,primary_evaluation,138,1.1158433173115077,3326.8537617145903,1982.0598725618554,97.083431925669,355.51607319992036,
w60,80,ABMA20,primary_evaluation,139,1.1158433173115077,3326.8537617145903,1982.0598725618554,97.083431925669,357.4588208999485,
w60,80,ABMA20,primary_evaluation,140,1.1158433173115077,3326.8537617145903,1982.0598725618554,97.083431925669,358.85068499995396,
w60,80,ABMA20,primary_evaluation,141,1.1158433173115077,3326.8537617145903,1982.0598725618554,97.083431925669,361.14233579998836,
w60,80,ABMA20,primary_evaluation,142,1.1158433173115077,3326.8537617145903,1982.0598725618554,97.083431925669,367.0702479998581,
w60,80,ABMA20,primary_evaluation,143,1.1158433173115077,3326.8537617145903,1982.0598725618554,97.083431925669,369.11291399993934,
w60,80,ABMA20,primary_evaluation,144,1.1158433173115077,3326.8537617145903,1982.0598725618554,97.083431925669,370.6712517000269,
w60,80,ABMA20,primary_evaluation,145,1.1158433173115077,3326.8537617145903,1982.0598725618554,97.083431925669,373.1045317000244,
w60,80,ABMA20,primary_evaluation,146,1.1158433173115077,3326.8537617145903,1982.0598725618554,97.083431925669,374.6465865999926,
w60,80,ABMA20,primary_evaluation,147,1.1158433173115077,3326.8537617145903,1982.0598725618554,97.083431925669,376.0161917998921,
w60,80,ABMA20,primary_evaluation,148,1.1158433173115077,3326.8537617145903,1982.0598725618554,97.083431925669,377.2859777000267,
w60,80,ABMA20,primary_evaluation,149,1.1158433173115077,3326.8537617145903,1982.0598725618554,97.083431925669,379.3591589999851,
w60,80,ABMA20,primary_evaluation,150,1.1158433173115077,3326.8537617145903,1982.0598725618554,97.083431925669,380.9771902000066,
w60,80,ABMA20,primary_evaluation,151,1.1158433173115077,3326.8537617145903,1982.0598725618554,97.083431925669,383.0179208999034,
w60,80,ABMA20,primary_evaluation,152,1.1158433173115077,3326.8537617145903,1982.0598725618554,97.083431925669,384.2804423000198,
w60,80,ABMA20,primary_evaluation,153,1.1158433173115077,3326.8537617145903,1982.0598725618554,97.083431925669,385.55246849986725,
w60,80,ABMA20,primary_evaluation,154,1.1158433173115077,3326.8537617145903,1982.0598725618554,97.083431925669,386.74006039998494,
w60,80,ABMA20,primary_evaluation,155,1.1158433173115077,3326.8537617145903,1982.0598725618554,97.083431925669,388.45119239995256,
w60,80,ABMA20,primary_evaluation,156,1.1158433173115077,3326.8537617145903,1982.0598725618554,97.083431925669,389.5237360999454,
w60,80,ABMA20,primary_evaluation,157,1.1158433173115077,3326.8537617145903,1982.0598725618554,97.083431925669,390.6232190998271,
w60,80,ABMA20,primary_evaluation,158,1.1158433173115077,3326.8537617145903,1982.0598725618554,97.083431925669,391.63816039985977,
w60,80,ABMA20,primary_evaluation,159,1.1158433173115077,3326.8537617145903,1982.0598725618554,97.083431925669,392.65417620004155,
w60,80,ABMA20,primary_evaluation,160,1.1158433173115077,3326.8537617145903,1982.0598725618554,97.083431925669,394.14774469984695,
w60,80,ABMA20,primary_evaluation,161,1.1158433173115077,3326.8537617145903,1982.0598725618554,97.083431925669,395.60732209985144,
w60,80,ABMA20,primary_evaluation,162,1.1158433173115077,3326.8537617145903,1982.0598725618554,97.083431925669,397.17005179985426,
w60,80,ABMA20,primary_evaluation,163,1.1158433173115077,3326.8537617145903,1982.0598725618554,97.083431925669,399.98395160003565,
w60,80,ABMA20,primary_evaluation,164,1.1158433173115077,3326.8537617145903,1982.0598725618554,97.083431925669,401.1899456998799,
w60,80,ABMA20,primary_evaluation,165,1.1158433173115077,3326.8537617145903,1982.0598725618554,97.083431925669,402.413189599989,
w60,80,ABMA20,primary_evaluation,166,1.1158433173115077,3326.8537617145903,1982.0598725618554,97.083431925669,404.00248729996383,
w60,80,ABMA20,primary_evaluation,167,1.1158433173115077,3326.8537617145903,1982.0598725618554,97.083431925669,405.0712500999216,
w60,80,ABMA20,primary_evaluation,168,1.1158433173115077,3326.8537617145903,1982.0598725618554,97.083431925669,405.49489929992706,
w60,80,ABMA20,primary_evaluation,169,1.1158433173115077,3326.8537617145903,1982.0598725618554,97.083431925669,406.6891032999847,
w60,80,ABMA20,primary_evaluation,170,1.1158433173115077,3326.8537617145903,1982.0598725618554,97.083431925669,408.6879035998136,
w60,80,ABMA20,primary_evaluation,171,1.1158433173115077,3326.8537617145903,1982.0598725618554,97.083431925669,409.75365329999477,
w60,80,ABMA20,primary_evaluation,172,1.1158433173115077,3326.8537617145903,1982.0598725618554,97.083431925669,411.21555590000935,
w60,80,ABMA20,primary_evaluation,173,1.1158433173115077,3326.8537617145903,1982.0598725618554,97.083431925669,413.24540699995123,
w60,80,ABMA20,primary_evaluation,174,1.1158433173115077,3326.8537617145903,1982.0598725618554,97.083431925669,414.2715445999056,
w60,80,ABMA20,primary_evaluation,175,1.1158433173115077,3326.8537617145903,1982.0598725618554,97.083431925669,416.200464699883,
w60,80,ABMA20,primary_evaluation,176,1.1158433173115077,3326.8537617145903,1982.0598725618554,97.083431925669,417.26888319989666,
w60,80,ABMA20,primary_evaluation,177,1.1158433173115077,3326.8537617145903,1982.0598725618554,97.083431925669,420.50578369991854,
w60,80,ABMA20,primary_evaluation,178,1.104129612038511,3346.7604063986378,1745.2274093290494,101.08186585092237,421.53741999994963,
w60,80,ABMA20,primary_evaluation,179,1.104129612038511,3346.7604063986378,1745.2274093290494,101.08186585092237,422.8362475000322,
w60,80,ABMA20,primary_evaluation,180,1.104129612038511,3346.7604063986378,1745.2274093290494,101.08186585092237,424.35854509985074,
w60,80,ABMA20,primary_evaluation,181,1.104129612038511,3346.7604063986378,1745.2274093290494,101.08186585092237,426.14723969995975,
w60,80,ABMA20,primary_evaluation,182,1.104129612038511,3346.7604063986378,1745.2274093290494,101.08186585092237,427.49869919987395,
w60,80,ABMA20,primary_evaluation,183,1.104129612038511,3346.7604063986378,1745.2274093290494,101.08186585092237,428.3496943998616,
w60,80,ABMA20,primary_evaluation,184,1.104129612038511,3346.7604063986378,1745.2274093290494,101.08186585092237,432.87334189983085,
w60,80,ABMA20,primary_evaluation,185,1.104129612038511,3346.7604063986378,1745.2274093290494,101.08186585092237,433.92377929994836,
w60,80,ABMA20,primary_evaluation,186,1.104129612038511,3346.7604063986378,1745.2274093290494,101.08186585092237,433.9239125000313,
w60,80,ABMA20,primary_evaluation,187,1.0650186161183817,3276.6640848763655,1850.1197895139805,102.56604243386414,434.9421528999228,
w60,80,ABMA20,primary_evaluation,188,1.0650186161183817,3276.6640848763655,1850.1197895139805,102.56604243386414,436.0448395998683,
w60,80,ABMA20,primary_evaluation,189,1.0650186161183817,3276.6640848763655,1850.1197895139805,102.56604243386414,437.3075289998669,
w60,80,ABMA20,primary_evaluation,190,1.0650186161183817,3276.6640848763655,1850.1197895139805,102.56604243386414,438.41738909995183,
w60,80,ABMA20,primary_evaluation,191,1.0650186161183817,3276.6640848763655,1850.1197895139805,102.56604243386414,439.87460529990494,
w60,80,ABMA20,primary_evaluation,192,1.0650186161183817,3276.6640848763655,1850.1197895139805,102.56604243386414,442.1034234999679,
w60,80,ABMA20,primary_evaluation,193,1.0650186161183817,3276.6640848763655,1850.1197895139805,102.56604243386414,444.11705559981056,
w60,80,ABMA20,primary_evaluation,194,0.991099007497268,3240.8863342215213,1491.2139398308427,103.39710135188453,445.90883579989895,
w60,80,ABMA20,primary_evaluation,195,0.991099007497268,3240.8863342215213,1491.2139398308427,103.39710135188453,447.0930464998819,
w60,80,ABMA20,primary_evaluation,196,0.991099007497268,3240.8863342215213,1491.2139398308427,103.39710135188453,448.7476188999135,
w60,80,ABMA20,primary_evaluation,197,0.991099007497268,3240.8863342215213,1491.2139398308427,103.39710135188453,450.4393316998612,
w60,80,ABMA20,primary_evaluation,198,0.991099007497268,3240.8863342215213,1491.2139398308427,103.39710135188453,451.42632539989427,
w60,80,ABMA20,primary_evaluation,199,0.991099007497268,3240.8863342215213,1491.2139398308427,103.39710135188453,451.42673709988594,
w60,80,ABMA20,primary_evaluation,200,0.991099007497268,3240.8863342215213,1491.2139398308427,103.39710135188453,452.4874338998925,
w60,80,ABMA20,primary_evaluation,201,0.991099007497268,3240.8863342215213,1491.2139398308427,103.39710135188453,453.56980219995603,
w60,80,ABMA20,primary_evaluation,202,0.991099007497268,3240.8863342215213,1491.2139398308427,103.39710135188453,454.6750315998215,
w60,80,ABMA20,primary_evaluation,203,0.991099007497268,3240.8863342215213,1491.2139398308427,103.39710135188453,456.1742128999904,
w60,80,ABMA20,primary_evaluation,204,0.991099007497268,3240.8863342215213,1491.2139398308427,103.39710135188453,457.1692112998571,
w60,80,ABMA20,primary_evaluation,205,0.991099007497268,3240.8863342215213,1491.2139398308427,103.39710135188453,458.53784070000984,
w60,80,ABMA20,primary_evaluation,206,0.991099007497268,3240.8863342215213,1491.2139398308427,103.39710135188453,459.8218427998945,
w60,80,ABMA20,primary_evaluation,207,0.991099007497268,3240.8863342215213,1491.2139398308427,103.39710135188453,460.4922191000078,
w60,80,ABMA20,primary_evaluation,208,0.991099007497268,3240.8863342215213,1491.2139398308427,103.39710135188453,462.076066999929,
w60,80,ABMA20,primary_evaluation,209,0.991099007497268,3240.8863342215213,1491.2139398308427,103.39710135188453,463.78287100000307,
w60,80,ABMA20,primary_evaluation,210,0.991099007497268,3240.8863342215213,1491.2139398308427,103.39710135188453,464.8143551000394,
w60,80,ABMA20,primary_evaluation,211,0.991099007497268,3240.8863342215213,1491.2139398308427,103.39710135188453,466.477065899875,
w60,80,ABMA20,primary_evaluation,212,0.991099007497268,3240.8863342215213,1491.2139398308427,103.39710135188453,468.2893164998386,
w60,80,ABMA20,primary_evaluation,213,0.991099007497268,3240.8863342215213,1491.2139398308427,103.39710135188453,469.2175823999569,
w60,80,ABMA20,primary_evaluation,214,0.991099007497268,3240.8863342215213,1491.2139398308427,103.39710135188453,470.3003232998308,
w60,80,ABMA20,primary_evaluation,215,0.991099007497268,3240.8863342215213,1491.2139398308427,103.39710135188453,471.40494589996524,
w60,80,ABMA20,primary_evaluation,216,0.991099007497268,3240.8863342215213,1491.2139398308427,103.39710135188453,472.95409999997355,
w60,80,ABMA20,primary_evaluation,217,0.991099007497268,3240.8863342215213,1491.2139398308427,103.39710135188453,474.75356219988316,
w60,80,ABMA20,primary_evaluation,218,0.991099007497268,3240.8863342215213,1491.2139398308427,103.39710135188453,476.13069649995305,
w60,80,ABMA20,primary_evaluation,219,0.991099007497268,3240.8863342215213,1491.2139398308427,103.39710135188453,477.25519539997913,
w60,80,ABMA20,primary_evaluation,220,0.991099007497268,3240.8863342215213,1491.2139398308427,103.39710135188453,478.81495819985867,
w60,80,ABMA20,primary_evaluation,221,0.991099007497268,3240.8863342215213,1491.2139398308427,103.39710135188453,479.93756809993647,
w60,80,ABMA20,primary_evaluation,222,0.991099007497268,3240.8863342215213,1491.2139398308427,103.39710135188453,481.05226639984176,
w60,80,ABMA20,primary_evaluation,223,0.991099007497268,3240.8863342215213,1491.2139398308427,103.39710135188453,482.61830219998956,
w60,80,ABMA20,primary_evaluation,224,0.991099007497268,3240.8863342215213,1491.2139398308427,103.39710135188453,484.50034449994564,
w60,80,ABMA20,primary_evaluation,225,0.991099007497268,3240.8863342215213,1491.2139398308427,103.39710135188453,485.76667789998464,
w60,80,ABMA20,primary_evaluation,226,0.991099007497268,3240.8863342215213,1491.2139398308427,103.39710135188453,486.8029593999963,
w60,80,ABMA20,primary_evaluation,227,0.991099007497268,3240.8863342215213,1491.2139398308427,103.39710135188453,488.3520172999706,
w60,80,ABMA20,primary_evaluation,228,0.991099007497268,3240.8863342215213,1491.2139398308427,103.39710135188453,489.3479919999372,
w60,80,ABMA20,primary_evaluation,229,0.991099007497268,3240.8863342215213,1491.2139398308427,103.39710135188453,490.45671519986354,
w60,80,ABMA20,primary_evaluation,230,0.991099007497268,3240.8863342215213,1491.2139398308427,103.39710135188453,491.91966789984144,
w60,80,ABMA20,primary_evaluation,231,0.991099007497268,3240.8863342215213,1491.2139398308427,103.39710135188453,492.93069819989614,
w60,80,ABMA20,primary_evaluation,232,0.991099007497268,3240.8863342215213,1491.2139398308427,103.39710135188453,493.8300230000168,
w60,80,ABMA20,primary_evaluation,233,0.991099007497268,3240.8863342215213,1491.2139398308427,103.39710135188453,495.58733809995465,
w60,80,ABMA20,primary_evaluation,234,0.991099007497268,3240.8863342215213,1491.2139398308427,103.39710135188453,496.7823405000381,
w60,80,ABMA20,primary_evaluation,235,0.991099007497268,3240.8863342215213,1491.2139398308427,103.39710135188453,497.9407003999222,
w60,80,ABMA20,primary_evaluation,236,0.991099007497268,3240.8863342215213,1491.2139398308427,103.39710135188453,499.51452369987965,
w60,80,ABMA20,primary_evaluation,237,0.991099007497268,3240.8863342215213,1491.2139398308427,103.39710135188453,500.94725460000336,
w60,80,ABMA20,primary_evaluation,238,0.991099007497268,3240.8863342215213,1491.2139398308427,103.39710135188453,502.07507439982146,
w60,80,ABMA20,primary_evaluation,239,0.991099007497268,3240.8863342215213,1491.2139398308427,103.39710135188453,503.8939220998436,
w60,80,ABMA20,primary_evaluation,240,0.991099007497268,3240.8863342215213,1491.2139398308427,103.39710135188453,506.30806940002367,
w60,80,ABMA20,primary_evaluation,241,0.991099007497268,3240.8863342215213,1491.2139398308427,103.39710135188453,507.57090609986335,
w60,80,ABMA20,primary_evaluation,242,0.991099007497268,3240.8863342215213,1491.2139398308427,103.39710135188453,508.7175916999113,
w60,80,ABMA20,primary_evaluation,243,0.991099007497268,3240.8863342215213,1491.2139398308427,103.39710135188453,509.9545098999515,
w60,80,ABMA20,primary_evaluation,244,0.991099007497268,3240.8863342215213,1491.2139398308427,103.39710135188453,511.0808796999045,
w60,80,ABMA20,primary_evaluation,245,0.991099007497268,3240.8863342215213,1491.2139398308427,103.39710135188453,512.1701346999034,
w60,80,ABMA20,primary_evaluation,246,0.991099007497268,3240.8863342215213,1491.2139398308427,103.39710135188453,513.9414995999541,
w60,80,ABMA20,primary_evaluation,247,0.991099007497268,3240.8863342215213,1491.2139398308427,103.39710135188453,515.5875036998186,
w60,80,ABMA20,primary_evaluation,248,0.991099007497268,3240.8863342215213,1491.2139398308427,103.39710135188453,516.8067726998124,
w60,80,ABMA20,primary_evaluation,249,0.991099007497268,3240.8863342215213,1491.2139398308427,103.39710135188453,517.7711302998941,
w60,80,ABMA20,primary_evaluation,250,0.991099007497268,3240.8863342215213,1491.2139398308427,103.39710135188453,519.3884260999039,
w60,80,ABMA20,primary_evaluation,251,0.991099007497268,3240.8863342215213,1491.2139398308427,103.39710135188453,520.9533579999115,
w60,80,ABMA20,primary_evaluation,252,0.991099007497268,3240.8863342215213,1491.2139398308427,103.39710135188453,522.5140046000015,
w60,80,ABMA20,generation_boundary,12,1.276113114543958,,,,,0
w60,80,ABMA20,generation_boundary,24,1.1736792273466667,,,,,1
w60,80,ABMA20,generation_boundary,36,1.1736792273466667,,,,,2
w60,80,ABMA20,generation_boundary,48,1.1736792273466667,,,,,3
w60,80,ABMA20,generation_boundary,60,1.1736792273466667,,,,,4
w60,80,ABMA20,generation_boundary,72,1.1736792273466667,,,,,5
w60,80,ABMA20,generation_boundary,84,1.1736792273466667,,,,,6
w60,80,ABMA20,generation_boundary,96,1.1736792273466667,,,,,7
w60,80,ABMA20,generation_boundary,108,1.1736792273466667,,,,,8
w60,80,ABMA20,generation_boundary,120,1.1736792273466667,,,,,9
w60,80,ABMA20,generation_boundary,132,1.1736792273466667,,,,,10
w60,80,ABMA20,generation_boundary,144,1.1158433173115077,,,,,11
w60,80,ABMA20,generation_boundary,156,1.1158433173115077,,,,,12
w60,80,ABMA20,generation_boundary,168,1.1158433173115077,,,,,13
w60,80,ABMA20,generation_boundary,180,1.104129612038511,,,,,14
w60,80,ABMA20,generation_boundary,192,1.0650186161183817,,,,,15
w60,80,ABMA20,generation_boundary,204,0.991099007497268,,,,,16
w60,80,ABMA20,generation_boundary,216,0.991099007497268,,,,,17
w60,80,ABMA20,generation_boundary,228,0.991099007497268,,,,,18
w60,80,ABMA20,generation_boundary,240,0.991099007497268,,,,,19
w60,80,ABMA20,generation_boundary,252,0.991099007497268,,,,,20
w60,80,HGA-budget72,primary_evaluation,1,1.28871204729149,3520.518813801758,2064.397995976846,109.48881749487849,0.4968254000414163,
w60,80,HGA-budget72,primary_evaluation,2,1.28871204729149,3520.518813801758,2064.397995976846,109.48881749487849,0.5977288999129087,
w60,80,HGA-budget72,primary_evaluation,3,1.28871204729149,3520.518813801758,2064.397995976846,109.48881749487849,0.5990907999221236,
w60,80,HGA-budget72,primary_evaluation,4,1.28871204729149,3520.518813801758,2064.397995976846,109.48881749487849,0.6004633000120521,
w60,80,HGA-budget72,primary_evaluation,5,1.28871204729149,3520.518813801758,2064.397995976846,109.48881749487849,0.6019148998893797,
w60,80,HGA-budget72,primary_evaluation,6,1.28871204729149,3520.518813801758,2064.397995976846,109.48881749487849,0.6032046000473201,
w60,80,HGA-budget72,primary_evaluation,7,1.28871204729149,3520.518813801758,2064.397995976846,109.48881749487849,0.6046460999641567,
w60,80,HGA-budget72,primary_evaluation,8,1.28871204729149,3520.518813801758,2064.397995976846,109.48881749487849,0.6060001999139786,
w60,80,HGA-budget72,primary_evaluation,9,1.28871204729149,3520.518813801758,2064.397995976846,109.48881749487849,0.6072815998923033,
w60,80,HGA-budget72,primary_evaluation,10,1.28871204729149,3520.518813801758,2064.397995976846,109.48881749487849,0.6086019999347627,
w60,80,HGA-budget72,primary_evaluation,11,1.28871204729149,3520.518813801758,2064.397995976846,109.48881749487849,0.6114459000527859,
w60,80,HGA-budget72,primary_evaluation,12,1.28871204729149,3520.518813801758,2064.397995976846,109.48881749487849,0.6131472999695688,
w60,80,HGA-budget72,primary_evaluation,13,1.28871204729149,3520.518813801758,2064.397995976846,109.48881749487849,0.6147727000061423,
w60,80,HGA-budget72,primary_evaluation,14,1.28871204729149,3520.518813801758,2064.397995976846,109.48881749487849,0.6171305000316352,
w60,80,HGA-budget72,primary_evaluation,15,1.28871204729149,3520.518813801758,2064.397995976846,109.48881749487849,0.618640000000596,
w60,80,HGA-budget72,primary_evaluation,16,1.28871204729149,3520.518813801758,2064.397995976846,109.48881749487849,0.6200228000525385,
w60,80,HGA-budget72,primary_evaluation,17,1.28871204729149,3520.518813801758,2064.397995976846,109.48881749487849,0.6213771000038832,
w60,80,HGA-budget72,primary_evaluation,18,1.28871204729149,3520.518813801758,2064.397995976846,109.48881749487849,0.6227301999460906,
w60,80,HGA-budget72,primary_evaluation,19,1.28871204729149,3520.518813801758,2064.397995976846,109.48881749487849,0.6251195000950247,
w60,80,HGA-budget72,primary_evaluation,20,1.28871204729149,3520.518813801758,2064.397995976846,109.48881749487849,0.6271081001032144,
w60,80,HGA-budget72,primary_evaluation,21,1.28871204729149,3520.518813801758,2064.397995976846,109.48881749487849,0.6288467000704259,
w60,80,HGA-budget72,primary_evaluation,22,1.28871204729149,3520.518813801758,2064.397995976846,109.48881749487849,0.6303820998873562,
w60,80,HGA-budget72,primary_evaluation,23,1.28871204729149,3520.518813801758,2064.397995976846,109.48881749487849,0.6324875000864267,
w60,80,HGA-budget72,primary_evaluation,24,1.28871204729149,3520.518813801758,2064.397995976846,109.48881749487849,0.6353398999199271,
w60,80,HGA-budget72,primary_evaluation,25,1.28871204729149,3520.518813801758,2064.397995976846,109.48881749487849,0.6395562998950481,
w60,80,HGA-budget72,primary_evaluation,26,1.28871204729149,3520.518813801758,2064.397995976846,109.48881749487849,0.6455220999196172,
w60,80,HGA-budget72,primary_evaluation,27,1.28871204729149,3520.518813801758,2064.397995976846,109.48881749487849,0.6472249999642372,
w60,80,HGA-budget72,primary_evaluation,28,1.28871204729149,3520.518813801758,2064.397995976846,109.48881749487849,0.6487513999454677,
w60,80,HGA-budget72,primary_evaluation,29,1.28871204729149,3520.518813801758,2064.397995976846,109.48881749487849,0.6503316999878734,
w60,80,HGA-budget72,primary_evaluation,30,1.28871204729149,3520.518813801758,2064.397995976846,109.48881749487849,0.6540355000179261,
w60,80,HGA-budget72,primary_evaluation,31,1.28871204729149,3520.518813801758,2064.397995976846,109.48881749487849,0.6559176999144256,
w60,80,HGA-budget72,primary_evaluation,32,1.28871204729149,3520.518813801758,2064.397995976846,109.48881749487849,0.6575642998795956,
w60,80,HGA-budget72,primary_evaluation,33,1.28871204729149,3520.518813801758,2064.397995976846,109.48881749487849,0.6590857999399304,
w60,80,HGA-budget72,primary_evaluation,34,1.28871204729149,3520.518813801758,2064.397995976846,109.48881749487849,0.6613014000467956,
w60,80,HGA-budget72,primary_evaluation,35,1.28871204729149,3520.518813801758,2064.397995976846,109.48881749487849,0.6633746998850256,
w60,80,HGA-budget72,primary_evaluation,36,1.28871204729149,3520.518813801758,2064.397995976846,109.48881749487849,0.6651774998754263,
w60,80,HGA-budget72,primary_evaluation,37,1.28871204729149,3520.518813801758,2064.397995976846,109.48881749487849,0.6666810000315309,
w60,80,HGA-budget72,primary_evaluation,38,1.28871204729149,3520.518813801758,2064.397995976846,109.48881749487849,0.6684723999351263,
w60,80,HGA-budget72,primary_evaluation,39,1.28871204729149,3520.518813801758,2064.397995976846,109.48881749487849,0.670123599935323,
w60,80,HGA-budget72,primary_evaluation,40,1.28871204729149,3520.518813801758,2064.397995976846,109.48881749487849,0.6724862998817116,
w60,80,HGA-budget72,primary_evaluation,41,1.28871204729149,3520.518813801758,2064.397995976846,109.48881749487849,0.6738251000642776,
w60,80,HGA-budget72,primary_evaluation,42,1.28871204729149,3520.518813801758,2064.397995976846,109.48881749487849,0.6754302999470383,
w60,80,HGA-budget72,primary_evaluation,43,1.28871204729149,3520.518813801758,2064.397995976846,109.48881749487849,0.6773314999882132,
w60,80,HGA-budget72,primary_evaluation,44,1.28871204729149,3520.518813801758,2064.397995976846,109.48881749487849,0.6794098000973463,
w60,80,HGA-budget72,primary_evaluation,45,1.28871204729149,3520.518813801758,2064.397995976846,109.48881749487849,0.6811551998835057,
w60,80,HGA-budget72,primary_evaluation,46,1.28871204729149,3520.518813801758,2064.397995976846,109.48881749487849,0.6828010999597609,
w60,80,HGA-budget72,primary_evaluation,47,1.28871204729149,3520.518813801758,2064.397995976846,109.48881749487849,0.684328299947083,
w60,80,HGA-budget72,primary_evaluation,48,1.28871204729149,3520.518813801758,2064.397995976846,109.48881749487849,0.6861844998784363,
w60,80,HGA-budget72,primary_evaluation,49,1.28871204729149,3520.518813801758,2064.397995976846,109.48881749487849,0.6881647000554949,
w60,80,HGA-budget72,primary_evaluation,50,1.28871204729149,3520.518813801758,2064.397995976846,109.48881749487849,0.6897726999595761,
w60,80,HGA-budget72,primary_evaluation,51,1.28871204729149,3520.518813801758,2064.397995976846,109.48881749487849,0.6913193999789655,
w60,80,HGA-budget72,primary_evaluation,52,1.28871204729149,3520.518813801758,2064.397995976846,109.48881749487849,0.6930734999477863,
w60,80,HGA-budget72,primary_evaluation,53,1.28871204729149,3520.518813801758,2064.397995976846,109.48881749487849,0.6952299999538809,
w60,80,HGA-budget72,primary_evaluation,54,1.28871204729149,3520.518813801758,2064.397995976846,109.48881749487849,0.6975008000154048,
w60,80,HGA-budget72,primary_evaluation,55,1.28871204729149,3520.518813801758,2064.397995976846,109.48881749487849,0.6990757999010384,
w60,80,HGA-budget72,primary_evaluation,56,1.28871204729149,3520.518813801758,2064.397995976846,109.48881749487849,0.7006751000881195,
w60,80,HGA-budget72,primary_evaluation,57,1.28871204729149,3520.518813801758,2064.397995976846,109.48881749487849,0.7049263999797404,
w60,80,HGA-budget72,primary_evaluation,58,1.28871204729149,3520.518813801758,2064.397995976846,109.48881749487849,0.7065512000117451,
w60,80,HGA-budget72,primary_evaluation,59,1.28871204729149,3520.518813801758,2064.397995976846,109.48881749487849,0.7084039999172091,
w60,80,HGA-budget72,primary_evaluation,60,1.28871204729149,3520.518813801758,2064.397995976846,109.48881749487849,0.7107510999776423,
w60,80,HGA-budget72,primary_evaluation,61,1.28871204729149,3520.518813801758,2064.397995976846,109.48881749487849,0.7124314999673516,
w60,80,HGA-budget72,primary_evaluation,62,1.28871204729149,3520.518813801758,2064.397995976846,109.48881749487849,0.714056900003925,
w60,80,HGA-budget72,primary_evaluation,63,1.28871204729149,3520.518813801758,2064.397995976846,109.48881749487849,0.7156038999091834,
w60,80,HGA-budget72,primary_evaluation,64,1.28871204729149,3520.518813801758,2064.397995976846,109.48881749487849,0.7170788999646902,
w60,80,HGA-budget72,primary_evaluation,65,1.28871204729149,3520.518813801758,2064.397995976846,109.48881749487849,0.7185507998801768,
w60,80,HGA-budget72,primary_evaluation,66,1.28871204729149,3520.518813801758,2064.397995976846,109.48881749487849,0.720030999975279,
w60,80,HGA-budget72,primary_evaluation,67,1.28871204729149,3520.518813801758,2064.397995976846,109.48881749487849,0.7214502000715584,
w60,80,HGA-budget72,primary_evaluation,68,1.28871204729149,3520.518813801758,2064.397995976846,109.48881749487849,0.7233418000396341,
w60,80,HGA-budget72,primary_evaluation,69,1.28871204729149,3520.518813801758,2064.397995976846,109.48881749487849,0.7250135000795126,
w60,80,HGA-budget72,primary_evaluation,70,1.28871204729149,3520.518813801758,2064.397995976846,109.48881749487849,0.7268966999836266,
w60,80,HGA-budget72,primary_evaluation,71,1.28871204729149,3520.518813801758,2064.397995976846,109.48881749487849,0.7286658999510109,
w60,80,HGA-budget72,primary_evaluation,72,1.28871204729149,3520.518813801758,2064.397995976846,109.48881749487849,0.7308577999938279,
w60,80,HGA-budget72,generation_boundary,12,1.28871204729149,,,,,0
w60,80,HGA-budget252,primary_evaluation,1,1.28871204729149,3520.518813801758,2064.397995976846,109.48881749487849,0.4778811000287533,
w60,80,HGA-budget252,primary_evaluation,2,1.28871204729149,3520.518813801758,2064.397995976846,109.48881749487849,0.5634065000340343,
w60,80,HGA-budget252,primary_evaluation,3,1.28871204729149,3520.518813801758,2064.397995976846,109.48881749487849,0.565449699992314,
w60,80,HGA-budget252,primary_evaluation,4,1.28871204729149,3520.518813801758,2064.397995976846,109.48881749487849,0.5674580000340939,
w60,80,HGA-budget252,primary_evaluation,5,1.28871204729149,3520.518813801758,2064.397995976846,109.48881749487849,0.5692970000673085,
w60,80,HGA-budget252,primary_evaluation,6,1.28871204729149,3520.518813801758,2064.397995976846,109.48881749487849,0.5709007999394089,
w60,80,HGA-budget252,primary_evaluation,7,1.28871204729149,3520.518813801758,2064.397995976846,109.48881749487849,0.5725114999804646,
w60,80,HGA-budget252,primary_evaluation,8,1.28871204729149,3520.518813801758,2064.397995976846,109.48881749487849,0.5740402000956237,
w60,80,HGA-budget252,primary_evaluation,9,1.28871204729149,3520.518813801758,2064.397995976846,109.48881749487849,0.5756228000391275,
w60,80,HGA-budget252,primary_evaluation,10,1.28871204729149,3520.518813801758,2064.397995976846,109.48881749487849,0.5770970999728888,
w60,80,HGA-budget252,primary_evaluation,11,1.28871204729149,3520.518813801758,2064.397995976846,109.48881749487849,0.5785753999371082,
w60,80,HGA-budget252,primary_evaluation,12,1.28871204729149,3520.518813801758,2064.397995976846,109.48881749487849,0.5812089999672025,
w60,80,HGA-budget252,primary_evaluation,13,1.28871204729149,3520.518813801758,2064.397995976846,109.48881749487849,0.5834168998990208,
w60,80,HGA-budget252,primary_evaluation,14,1.28871204729149,3520.518813801758,2064.397995976846,109.48881749487849,0.5847614998929203,
w60,80,HGA-budget252,primary_evaluation,15,1.28871204729149,3520.518813801758,2064.397995976846,109.48881749487849,0.5859729999210685,
w60,80,HGA-budget252,primary_evaluation,16,1.28871204729149,3520.518813801758,2064.397995976846,109.48881749487849,0.587222500005737,
w60,80,HGA-budget252,primary_evaluation,17,1.28871204729149,3520.518813801758,2064.397995976846,109.48881749487849,0.5886641999240965,
w60,80,HGA-budget252,primary_evaluation,18,1.28871204729149,3520.518813801758,2064.397995976846,109.48881749487849,0.5896864999085665,
w60,80,HGA-budget252,primary_evaluation,19,1.28871204729149,3520.518813801758,2064.397995976846,109.48881749487849,0.5906640999019146,
w60,80,HGA-budget252,primary_evaluation,20,1.28871204729149,3520.518813801758,2064.397995976846,109.48881749487849,0.5924211998935789,
w60,80,HGA-budget252,primary_evaluation,21,1.28871204729149,3520.518813801758,2064.397995976846,109.48881749487849,0.593948099995032,
w60,80,HGA-budget252,primary_evaluation,22,1.28871204729149,3520.518813801758,2064.397995976846,109.48881749487849,0.5955654999706894,
w60,80,HGA-budget252,primary_evaluation,23,1.28871204729149,3520.518813801758,2064.397995976846,109.48881749487849,0.5976764000952244,
w60,80,HGA-budget252,primary_evaluation,24,1.28871204729149,3520.518813801758,2064.397995976846,109.48881749487849,0.5998269999399781,
w60,80,HGA-budget252,primary_evaluation,25,1.28871204729149,3520.518813801758,2064.397995976846,109.48881749487849,0.6017533999402076,
w60,80,HGA-budget252,primary_evaluation,26,1.28871204729149,3520.518813801758,2064.397995976846,109.48881749487849,0.602786700008437,
w60,80,HGA-budget252,primary_evaluation,27,1.28871204729149,3520.518813801758,2064.397995976846,109.48881749487849,0.6041391999460757,
w60,80,HGA-budget252,primary_evaluation,28,1.28871204729149,3520.518813801758,2064.397995976846,109.48881749487849,0.606039100093767,
w60,80,HGA-budget252,primary_evaluation,29,1.28871204729149,3520.518813801758,2064.397995976846,109.48881749487849,0.6075857998803258,
w60,80,HGA-budget252,primary_evaluation,30,1.28871204729149,3520.518813801758,2064.397995976846,109.48881749487849,0.609421500004828,
w60,80,HGA-budget252,primary_evaluation,31,1.28871204729149,3520.518813801758,2064.397995976846,109.48881749487849,0.6109495998825878,
w60,80,HGA-budget252,primary_evaluation,32,1.28871204729149,3520.518813801758,2064.397995976846,109.48881749487849,0.6125215999782085,
w60,80,HGA-budget252,primary_evaluation,33,1.28871204729149,3520.518813801758,2064.397995976846,109.48881749487849,0.6170554999262094,
w60,80,HGA-budget252,primary_evaluation,34,1.28871204729149,3520.518813801758,2064.397995976846,109.48881749487849,0.6185121000744402,
w60,80,HGA-budget252,primary_evaluation,35,1.28871204729149,3520.518813801758,2064.397995976846,109.48881749487849,0.6207457999698818,
w60,80,HGA-budget252,primary_evaluation,36,1.28871204729149,3520.518813801758,2064.397995976846,109.48881749487849,0.6222256999462843,
w60,80,HGA-budget252,primary_evaluation,37,1.28871204729149,3520.518813801758,2064.397995976846,109.48881749487849,0.6240765999536961,
w60,80,HGA-budget252,primary_evaluation,38,1.28871204729149,3520.518813801758,2064.397995976846,109.48881749487849,0.6256095001008362,
w60,80,HGA-budget252,primary_evaluation,39,1.28871204729149,3520.518813801758,2064.397995976846,109.48881749487849,0.6271752999164164,
w60,80,HGA-budget252,primary_evaluation,40,1.28871204729149,3520.518813801758,2064.397995976846,109.48881749487849,0.6287932000122964,
w60,80,HGA-budget252,primary_evaluation,41,1.28871204729149,3520.518813801758,2064.397995976846,109.48881749487849,0.6322242000605911,
w60,80,HGA-budget252,primary_evaluation,42,1.28871204729149,3520.518813801758,2064.397995976846,109.48881749487849,0.6342166000977159,
w60,80,HGA-budget252,primary_evaluation,43,1.28871204729149,3520.518813801758,2064.397995976846,109.48881749487849,0.6356925000436604,
w60,80,HGA-budget252,primary_evaluation,44,1.28871204729149,3520.518813801758,2064.397995976846,109.48881749487849,0.6372443998698145,
w60,80,HGA-budget252,primary_evaluation,45,1.28871204729149,3520.518813801758,2064.397995976846,109.48881749487849,0.6412887000478804,
w60,80,HGA-budget252,primary_evaluation,46,1.28871204729149,3520.518813801758,2064.397995976846,109.48881749487849,0.6429439999628812,
w60,80,HGA-budget252,primary_evaluation,47,1.28871204729149,3520.518813801758,2064.397995976846,109.48881749487849,0.6496381999459118,
w60,80,HGA-budget252,primary_evaluation,48,1.28871204729149,3520.518813801758,2064.397995976846,109.48881749487849,0.6512368000112474,
w60,80,HGA-budget252,primary_evaluation,49,1.28871204729149,3520.518813801758,2064.397995976846,109.48881749487849,0.6527964998967946,
w60,80,HGA-budget252,primary_evaluation,50,1.28871204729149,3520.518813801758,2064.397995976846,109.48881749487849,0.6543423000257462,
w60,80,HGA-budget252,primary_evaluation,51,1.28871204729149,3520.518813801758,2064.397995976846,109.48881749487849,0.6559868000913411,
w60,80,HGA-budget252,primary_evaluation,52,1.28871204729149,3520.518813801758,2064.397995976846,109.48881749487849,0.6576316999271512,
w60,80,HGA-budget252,primary_evaluation,53,1.28871204729149,3520.518813801758,2064.397995976846,109.48881749487849,0.6592073000501841,
w60,80,HGA-budget252,primary_evaluation,54,1.28871204729149,3520.518813801758,2064.397995976846,109.48881749487849,0.66076930006966,
w60,80,HGA-budget252,primary_evaluation,55,1.28871204729149,3520.518813801758,2064.397995976846,109.48881749487849,0.6622989000752568,
w60,80,HGA-budget252,primary_evaluation,56,1.28871204729149,3520.518813801758,2064.397995976846,109.48881749487849,0.6642915999982506,
w60,80,HGA-budget252,primary_evaluation,57,1.28871204729149,3520.518813801758,2064.397995976846,109.48881749487849,0.6669284000527114,
w60,80,HGA-budget252,primary_evaluation,58,1.28871204729149,3520.518813801758,2064.397995976846,109.48881749487849,0.6727948000188917,
w60,80,HGA-budget252,primary_evaluation,59,1.28871204729149,3520.518813801758,2064.397995976846,109.48881749487849,0.6745885999407619,
w60,80,HGA-budget252,primary_evaluation,60,1.28871204729149,3520.518813801758,2064.397995976846,109.48881749487849,0.6761288999114186,
w60,80,HGA-budget252,primary_evaluation,61,1.28871204729149,3520.518813801758,2064.397995976846,109.48881749487849,0.6782072999048978,
w60,80,HGA-budget252,primary_evaluation,62,1.28871204729149,3520.518813801758,2064.397995976846,109.48881749487849,0.6805708000902086,
w60,80,HGA-budget252,primary_evaluation,63,1.28871204729149,3520.518813801758,2064.397995976846,109.48881749487849,0.6823016998823732,
w60,80,HGA-budget252,primary_evaluation,64,1.28871204729149,3520.518813801758,2064.397995976846,109.48881749487849,0.6844500000588596,
w60,80,HGA-budget252,primary_evaluation,65,1.28871204729149,3520.518813801758,2064.397995976846,109.48881749487849,0.6859267000108957,
w60,80,HGA-budget252,primary_evaluation,66,1.28871204729149,3520.518813801758,2064.397995976846,109.48881749487849,0.6872177000623196,
w60,80,HGA-budget252,primary_evaluation,67,1.28871204729149,3520.518813801758,2064.397995976846,109.48881749487849,0.6884892999660224,
w60,80,HGA-budget252,primary_evaluation,68,1.28871204729149,3520.518813801758,2064.397995976846,109.48881749487849,0.6898630000650883,
w60,80,HGA-budget252,primary_evaluation,69,1.28871204729149,3520.518813801758,2064.397995976846,109.48881749487849,0.6914804999250919,
w60,80,HGA-budget252,primary_evaluation,70,1.28871204729149,3520.518813801758,2064.397995976846,109.48881749487849,0.6928503999952227,
w60,80,HGA-budget252,primary_evaluation,71,1.28871204729149,3520.518813801758,2064.397995976846,109.48881749487849,0.6939934999682009,
w60,80,HGA-budget252,primary_evaluation,72,1.28871204729149,3520.518813801758,2064.397995976846,109.48881749487849,0.6953479999210685,
w60,80,HGA-budget252,primary_evaluation,73,1.28871204729149,3520.518813801758,2064.397995976846,109.48881749487849,0.6969081999268383,
w60,80,HGA-budget252,primary_evaluation,74,1.28871204729149,3520.518813801758,2064.397995976846,109.48881749487849,0.698316500056535,
w60,80,HGA-budget252,primary_evaluation,75,1.28871204729149,3520.518813801758,2064.397995976846,109.48881749487849,0.6997479998972267,
w60,80,HGA-budget252,primary_evaluation,76,1.28871204729149,3520.518813801758,2064.397995976846,109.48881749487849,0.7013218998908997,
w60,80,HGA-budget252,primary_evaluation,77,1.28871204729149,3520.518813801758,2064.397995976846,109.48881749487849,0.7025929999072105,
w60,80,HGA-budget252,primary_evaluation,78,1.28871204729149,3520.518813801758,2064.397995976846,109.48881749487849,0.704092999920249,
w60,80,HGA-budget252,primary_evaluation,79,1.28871204729149,3520.518813801758,2064.397995976846,109.48881749487849,0.7056360999122262,
w60,80,HGA-budget252,primary_evaluation,80,1.28871204729149,3520.518813801758,2064.397995976846,109.48881749487849,0.7071952000260353,
w60,80,HGA-budget252,primary_evaluation,81,1.28871204729149,3520.518813801758,2064.397995976846,109.48881749487849,0.7087936999741942,
w60,80,HGA-budget252,primary_evaluation,82,1.28871204729149,3520.518813801758,2064.397995976846,109.48881749487849,0.7104072999209166,
w60,80,HGA-budget252,primary_evaluation,83,1.28871204729149,3520.518813801758,2064.397995976846,109.48881749487849,0.7124806998763233,
w60,80,HGA-budget252,primary_evaluation,84,1.28871204729149,3520.518813801758,2064.397995976846,109.48881749487849,0.7154339998960495,
w60,80,HGA-budget252,primary_evaluation,85,1.28871204729149,3520.518813801758,2064.397995976846,109.48881749487849,0.7177275000140071,
w60,80,HGA-budget252,primary_evaluation,86,1.28871204729149,3520.518813801758,2064.397995976846,109.48881749487849,0.7194000999443233,
w60,80,HGA-budget252,primary_evaluation,87,1.28871204729149,3520.518813801758,2064.397995976846,109.48881749487849,0.7210424998775125,
w60,80,HGA-budget252,primary_evaluation,88,1.288572223691696,3520.518813801758,2066.5954538179076,109.04932592666624,0.7235371000133455,
w60,80,HGA-budget252,primary_evaluation,89,1.288572223691696,3520.518813801758,2066.5954538179076,109.04932592666624,0.744826199952513,
w60,80,HGA-budget252,primary_evaluation,90,1.288572223691696,3520.518813801758,2066.5954538179076,109.04932592666624,0.7491005000192672,
w60,80,HGA-budget252,primary_evaluation,91,1.288572223691696,3520.518813801758,2066.5954538179076,109.04932592666624,0.7505822000093758,
w60,80,HGA-budget252,primary_evaluation,92,1.288572223691696,3520.518813801758,2066.5954538179076,109.04932592666624,0.7521307000424713,
w60,80,HGA-budget252,primary_evaluation,93,1.288572223691696,3520.518813801758,2066.5954538179076,109.04932592666624,0.7536849000025541,
w60,80,HGA-budget252,primary_evaluation,94,1.288572223691696,3520.518813801758,2066.5954538179076,109.04932592666624,0.7554462000261992,
w60,80,HGA-budget252,primary_evaluation,95,1.288572223691696,3520.518813801758,2066.5954538179076,109.04932592666624,0.7570485998876393,
w60,80,HGA-budget252,primary_evaluation,96,1.288572223691696,3520.518813801758,2066.5954538179076,109.04932592666624,0.7589203000534326,
w60,80,HGA-budget252,primary_evaluation,97,1.288572223691696,3520.518813801758,2066.5954538179076,109.04932592666624,0.7633267999626696,
w60,80,HGA-budget252,primary_evaluation,98,1.288572223691696,3520.518813801758,2066.5954538179076,109.04932592666624,0.7657468998804688,
w60,80,HGA-budget252,primary_evaluation,99,1.288572223691696,3520.518813801758,2066.5954538179076,109.04932592666624,0.7678497999440879,
w60,80,HGA-budget252,primary_evaluation,100,1.288572223691696,3520.518813801758,2066.5954538179076,109.04932592666624,0.7694405999500304,
w60,80,HGA-budget252,primary_evaluation,101,1.288572223691696,3520.518813801758,2066.5954538179076,109.04932592666624,0.7710001000668854,
w60,80,HGA-budget252,primary_evaluation,102,1.288572223691696,3520.518813801758,2066.5954538179076,109.04932592666624,0.7731369999237359,
w60,80,HGA-budget252,primary_evaluation,103,1.288572223691696,3520.518813801758,2066.5954538179076,109.04932592666624,0.7746935999020934,
w60,80,HGA-budget252,primary_evaluation,104,1.288572223691696,3520.518813801758,2066.5954538179076,109.04932592666624,0.776288399938494,
w60,80,HGA-budget252,primary_evaluation,105,1.288572223691696,3520.518813801758,2066.5954538179076,109.04932592666624,0.7778326999396086,
w60,80,HGA-budget252,primary_evaluation,106,1.288572223691696,3520.518813801758,2066.5954538179076,109.04932592666624,0.7841091000009328,
w60,80,HGA-budget252,primary_evaluation,107,1.288572223691696,3520.518813801758,2066.5954538179076,109.04932592666624,0.7857214999385178,
w60,80,HGA-budget252,primary_evaluation,108,1.288572223691696,3520.518813801758,2066.5954538179076,109.04932592666624,0.7874477000441402,
w60,80,HGA-budget252,primary_evaluation,109,1.288572223691696,3520.518813801758,2066.5954538179076,109.04932592666624,0.7890323998872191,
w60,80,HGA-budget252,primary_evaluation,110,1.288572223691696,3520.518813801758,2066.5954538179076,109.04932592666624,0.7909166000317782,
w60,80,HGA-budget252,primary_evaluation,111,1.288572223691696,3520.518813801758,2066.5954538179076,109.04932592666624,0.7925078000407666,
w60,80,HGA-budget252,primary_evaluation,112,1.288572223691696,3520.518813801758,2066.5954538179076,109.04932592666624,0.794070600066334,
w60,80,HGA-budget252,primary_evaluation,113,1.288572223691696,3520.518813801758,2066.5954538179076,109.04932592666624,0.7956201999913901,
w60,80,HGA-budget252,primary_evaluation,114,1.288572223691696,3520.518813801758,2066.5954538179076,109.04932592666624,0.7996473000384867,
w60,80,HGA-budget252,primary_evaluation,115,1.288572223691696,3520.518813801758,2066.5954538179076,109.04932592666624,0.8027109000831842,
w60,80,HGA-budget252,primary_evaluation,116,1.288572223691696,3520.518813801758,2066.5954538179076,109.04932592666624,0.8051799999084324,
w60,80,HGA-budget252,primary_evaluation,117,1.288572223691696,3520.518813801758,2066.5954538179076,109.04932592666624,0.8068969000596553,
w60,80,HGA-budget252,primary_evaluation,118,1.288572223691696,3520.518813801758,2066.5954538179076,109.04932592666624,0.8084191998932511,
w60,80,HGA-budget252,primary_evaluation,119,1.288572223691696,3520.518813801758,2066.5954538179076,109.04932592666624,0.8103779999073595,
w60,80,HGA-budget252,primary_evaluation,120,1.288572223691696,3520.518813801758,2066.5954538179076,109.04932592666624,0.8124619000591338,
w60,80,HGA-budget252,primary_evaluation,121,1.288572223691696,3520.518813801758,2066.5954538179076,109.04932592666624,0.8151755998842418,
w60,80,HGA-budget252,primary_evaluation,122,1.288572223691696,3520.518813801758,2066.5954538179076,109.04932592666624,0.8173648999072611,
w60,80,HGA-budget252,primary_evaluation,123,1.288572223691696,3520.518813801758,2066.5954538179076,109.04932592666624,0.8192129000090063,
w60,80,HGA-budget252,primary_evaluation,124,1.288572223691696,3520.518813801758,2066.5954538179076,109.04932592666624,0.8209704000037163,
w60,80,HGA-budget252,primary_evaluation,125,1.288572223691696,3520.518813801758,2066.5954538179076,109.04932592666624,0.8227971000596881,
w60,80,HGA-budget252,primary_evaluation,126,1.288572223691696,3520.518813801758,2066.5954538179076,109.04932592666624,0.8243992000352591,
w60,80,HGA-budget252,primary_evaluation,127,1.288572223691696,3520.518813801758,2066.5954538179076,109.04932592666624,0.8264524999540299,
w60,80,HGA-budget252,primary_evaluation,128,1.288572223691696,3520.518813801758,2066.5954538179076,109.04932592666624,0.8280094000510871,
w60,80,HGA-budget252,primary_evaluation,129,1.288572223691696,3520.518813801758,2066.5954538179076,109.04932592666624,0.8302468999754637,
w60,80,HGA-budget252,primary_evaluation,130,1.288572223691696,3520.518813801758,2066.5954538179076,109.04932592666624,0.8322296999394894,
w60,80,HGA-budget252,primary_evaluation,131,1.288572223691696,3520.518813801758,2066.5954538179076,109.04932592666624,0.8340934000443667,
w60,80,HGA-budget252,primary_evaluation,132,1.288572223691696,3520.518813801758,2066.5954538179076,109.04932592666624,0.8358525999356061,
w60,80,HGA-budget252,primary_evaluation,133,1.288572223691696,3520.518813801758,2066.5954538179076,109.04932592666624,0.8380177998915315,
w60,80,HGA-budget252,primary_evaluation,134,1.288572223691696,3520.518813801758,2066.5954538179076,109.04932592666624,0.8396807999815792,
w60,80,HGA-budget252,primary_evaluation,135,1.288572223691696,3520.518813801758,2066.5954538179076,109.04932592666624,0.8412419999949634,
w60,80,HGA-budget252,primary_evaluation,136,1.288572223691696,3520.518813801758,2066.5954538179076,109.04932592666624,0.8427291000261903,
w60,80,HGA-budget252,primary_evaluation,137,1.288572223691696,3520.518813801758,2066.5954538179076,109.04932592666624,0.8442698998842388,
w60,80,HGA-budget252,primary_evaluation,138,1.288572223691696,3520.518813801758,2066.5954538179076,109.04932592666624,0.8459022999741137,
w60,80,HGA-budget252,primary_evaluation,139,1.288572223691696,3520.518813801758,2066.5954538179076,109.04932592666624,0.8492904000449926,
w60,80,HGA-budget252,primary_evaluation,140,1.288572223691696,3520.518813801758,2066.5954538179076,109.04932592666624,0.8512287000194192,
w60,80,HGA-budget252,primary_evaluation,141,1.288572223691696,3520.518813801758,2066.5954538179076,109.04932592666624,0.853037100052461,
w60,80,HGA-budget252,primary_evaluation,142,1.288572223691696,3520.518813801758,2066.5954538179076,109.04932592666624,0.8551435999106616,
w60,80,HGA-budget252,primary_evaluation,143,1.288572223691696,3520.518813801758,2066.5954538179076,109.04932592666624,0.8567572999745607,
w60,80,HGA-budget252,primary_evaluation,144,1.288572223691696,3520.518813801758,2066.5954538179076,109.04932592666624,0.8582975000608712,
w60,80,HGA-budget252,primary_evaluation,145,1.288572223691696,3520.518813801758,2066.5954538179076,109.04932592666624,0.8597693999763578,
w60,80,HGA-budget252,primary_evaluation,146,1.288572223691696,3520.518813801758,2066.5954538179076,109.04932592666624,0.8612589999102056,
w60,80,HGA-budget252,primary_evaluation,147,1.288572223691696,3520.518813801758,2066.5954538179076,109.04932592666624,0.8634734000079334,
w60,80,HGA-budget252,primary_evaluation,148,1.288572223691696,3520.518813801758,2066.5954538179076,109.04932592666624,0.8660347999539226,
w60,80,HGA-budget252,primary_evaluation,149,1.288572223691696,3520.518813801758,2066.5954538179076,109.04932592666624,0.8678772998973727,
w60,80,HGA-budget252,primary_evaluation,150,1.288572223691696,3520.518813801758,2066.5954538179076,109.04932592666624,0.869595600059256,
w60,80,HGA-budget252,primary_evaluation,151,1.288572223691696,3520.518813801758,2066.5954538179076,109.04932592666624,0.8708840999752283,
w60,80,HGA-budget252,primary_evaluation,152,1.288572223691696,3520.518813801758,2066.5954538179076,109.04932592666624,0.872266799909994,
w60,80,HGA-budget252,primary_evaluation,153,1.288572223691696,3520.518813801758,2066.5954538179076,109.04932592666624,0.8738158999476582,
w60,80,HGA-budget252,primary_evaluation,154,1.288572223691696,3520.518813801758,2066.5954538179076,109.04932592666624,0.8754106999840587,
w60,80,HGA-budget252,primary_evaluation,155,1.288572223691696,3520.518813801758,2066.5954538179076,109.04932592666624,0.8770751000847667,
w60,80,HGA-budget252,primary_evaluation,156,1.288572223691696,3520.518813801758,2066.5954538179076,109.04932592666624,0.878573700087145,
w60,80,HGA-budget252,primary_evaluation,157,1.288572223691696,3520.518813801758,2066.5954538179076,109.04932592666624,0.8811468998901546,
w60,80,HGA-budget252,primary_evaluation,158,1.288572223691696,3520.518813801758,2066.5954538179076,109.04932592666624,0.8837407000828534,
w60,80,HGA-budget252,primary_evaluation,159,1.288572223691696,3520.518813801758,2066.5954538179076,109.04932592666624,0.8854392000939697,
w60,80,HGA-budget252,primary_evaluation,160,1.288572223691696,3520.518813801758,2066.5954538179076,109.04932592666624,0.8871055000927299,
w60,80,HGA-budget252,primary_evaluation,161,1.288572223691696,3520.518813801758,2066.5954538179076,109.04932592666624,0.8884807999711484,
w60,80,HGA-budget252,primary_evaluation,162,1.288572223691696,3520.518813801758,2066.5954538179076,109.04932592666624,0.8900520999450237,
w60,80,HGA-budget252,primary_evaluation,163,1.288572223691696,3520.518813801758,2066.5954538179076,109.04932592666624,0.8918115000706166,
w60,80,HGA-budget252,primary_evaluation,164,1.288572223691696,3520.518813801758,2066.5954538179076,109.04932592666624,0.8939070999622345,
w60,80,HGA-budget252,primary_evaluation,165,1.288572223691696,3520.518813801758,2066.5954538179076,109.04932592666624,0.8969755000434816,
w60,80,HGA-budget252,primary_evaluation,166,1.288572223691696,3520.518813801758,2066.5954538179076,109.04932592666624,0.8997949999757111,
w60,80,HGA-budget252,primary_evaluation,167,1.288572223691696,3520.518813801758,2066.5954538179076,109.04932592666624,0.9015094998758286,
w60,80,HGA-budget252,primary_evaluation,168,1.288572223691696,3520.518813801758,2066.5954538179076,109.04932592666624,0.9041681000962853,
w60,80,HGA-budget252,primary_evaluation,169,1.288572223691696,3520.518813801758,2066.5954538179076,109.04932592666624,0.9057785000186414,
w60,80,HGA-budget252,primary_evaluation,170,1.288572223691696,3520.518813801758,2066.5954538179076,109.04932592666624,0.9081780998967588,
w60,80,HGA-budget252,primary_evaluation,171,1.288572223691696,3520.518813801758,2066.5954538179076,109.04932592666624,0.9098221999593079,
w60,80,HGA-budget252,primary_evaluation,172,1.288572223691696,3520.518813801758,2066.5954538179076,109.04932592666624,0.9113982999697328,
w60,80,HGA-budget252,primary_evaluation,173,1.2885553856071479,3520.518813801758,2066.860079968097,108.99640069662831,0.9142895000986755,
w60,80,HGA-budget252,primary_evaluation,174,1.2885553856071479,3520.518813801758,2066.860079968097,108.99640069662831,0.9378891000524163,
w60,80,HGA-budget252,primary_evaluation,175,1.2885553856071479,3520.518813801758,2066.860079968097,108.99640069662831,0.9395039000082761,
w60,80,HGA-budget252,primary_evaluation,176,1.2885553856071479,3520.518813801758,2066.860079968097,108.99640069662831,0.941247999900952,
w60,80,HGA-budget252,primary_evaluation,177,1.2885553856071479,3520.518813801758,2066.860079968097,108.99640069662831,0.9428759999573231,
w60,80,HGA-budget252,primary_evaluation,178,1.2885553856071479,3520.518813801758,2066.860079968097,108.99640069662831,0.9445436000823975,
w60,80,HGA-budget252,primary_evaluation,179,1.2885553856071479,3520.518813801758,2066.860079968097,108.99640069662831,0.9485786000732332,
w60,80,HGA-budget252,primary_evaluation,180,1.2885553856071479,3520.518813801758,2066.860079968097,108.99640069662831,0.9505199999548495,
w60,80,HGA-budget252,primary_evaluation,181,1.2885553856071479,3520.518813801758,2066.860079968097,108.99640069662831,0.9523668000474572,
w60,80,HGA-budget252,primary_evaluation,182,1.2885553856071479,3520.518813801758,2066.860079968097,108.99640069662831,0.954116600099951,
w60,80,HGA-budget252,primary_evaluation,183,1.2885553856071479,3520.518813801758,2066.860079968097,108.99640069662831,0.9567778999917209,
w60,80,HGA-budget252,primary_evaluation,184,1.2885553856071479,3520.518813801758,2066.860079968097,108.99640069662831,0.958505199989304,
w60,80,HGA-budget252,primary_evaluation,185,1.2885553856071479,3520.518813801758,2066.860079968097,108.99640069662831,0.9603995000943542,
w60,80,HGA-budget252,primary_evaluation,186,1.2885553856071479,3520.518813801758,2066.860079968097,108.99640069662831,0.9622363999951631,
w60,80,HGA-budget252,primary_evaluation,187,1.2885553856071479,3520.518813801758,2066.860079968097,108.99640069662831,0.9645986000541598,
w60,80,HGA-budget252,primary_evaluation,188,1.2885553856071479,3520.518813801758,2066.860079968097,108.99640069662831,0.9673329999204725,
w60,80,HGA-budget252,primary_evaluation,189,1.2885553856071479,3520.518813801758,2066.860079968097,108.99640069662831,0.9695079000666738,
w60,80,HGA-budget252,primary_evaluation,190,1.2885553856071479,3520.518813801758,2066.860079968097,108.99640069662831,0.9715678000357002,
w60,80,HGA-budget252,primary_evaluation,191,1.2885553856071479,3520.518813801758,2066.860079968097,108.99640069662831,0.9730575000867248,
w60,80,HGA-budget252,primary_evaluation,192,1.2885553856071479,3520.518813801758,2066.860079968097,108.99640069662831,0.974574499996379,
w60,80,HGA-budget252,primary_evaluation,193,1.2885553856071479,3520.518813801758,2066.860079968097,108.99640069662831,0.9760966000612825,
w60,80,HGA-budget252,primary_evaluation,194,1.2885553856071479,3520.518813801758,2066.860079968097,108.99640069662831,0.9777176000643522,
w60,80,HGA-budget252,primary_evaluation,195,1.2885553856071479,3520.518813801758,2066.860079968097,108.99640069662831,0.9805067998822778,
w60,80,HGA-budget252,primary_evaluation,196,1.2885553856071479,3520.518813801758,2066.860079968097,108.99640069662831,0.9826511999126524,
w60,80,HGA-budget252,primary_evaluation,197,1.2885553856071479,3520.518813801758,2066.860079968097,108.99640069662831,0.9844476999714971,
w60,80,HGA-budget252,primary_evaluation,198,1.2885553856071479,3520.518813801758,2066.860079968097,108.99640069662831,0.9862369999755174,
w60,80,HGA-budget252,primary_evaluation,199,1.2885553856071479,3520.518813801758,2066.860079968097,108.99640069662831,0.9876494999043643,
w60,80,HGA-budget252,primary_evaluation,200,1.2885553856071479,3520.518813801758,2066.860079968097,108.99640069662831,0.9886475999373943,
w60,80,HGA-budget252,primary_evaluation,201,1.2885553856071479,3520.518813801758,2066.860079968097,108.99640069662831,0.9901264000218362,
w60,80,HGA-budget252,primary_evaluation,202,1.2885553856071479,3520.518813801758,2066.860079968097,108.99640069662831,0.991926799993962,
w60,80,HGA-budget252,primary_evaluation,203,1.2885553856071479,3520.518813801758,2066.860079968097,108.99640069662831,0.993624199880287,
w60,80,HGA-budget252,primary_evaluation,204,1.2885553856071479,3520.518813801758,2066.860079968097,108.99640069662831,0.9955563000403345,
w60,80,HGA-budget252,primary_evaluation,205,1.2885553856071479,3520.518813801758,2066.860079968097,108.99640069662831,0.9976145999971777,
w60,80,HGA-budget252,primary_evaluation,206,1.2885553856071479,3520.518813801758,2066.860079968097,108.99640069662831,0.9997141999192536,
w60,80,HGA-budget252,primary_evaluation,207,1.2885553856071479,3520.518813801758,2066.860079968097,108.99640069662831,1.0011241000611335,
w60,80,HGA-budget252,primary_evaluation,208,1.2885553856071479,3520.518813801758,2066.860079968097,108.99640069662831,1.0032037000637501,
w60,80,HGA-budget252,primary_evaluation,209,1.2885553856071479,3520.518813801758,2066.860079968097,108.99640069662831,1.0045994999818504,
w60,80,HGA-budget252,primary_evaluation,210,1.2885553856071479,3520.518813801758,2066.860079968097,108.99640069662831,1.0059827000368387,
w60,80,HGA-budget252,primary_evaluation,211,1.2885553856071479,3520.518813801758,2066.860079968097,108.99640069662831,1.0074358000420034,
w60,80,HGA-budget252,primary_evaluation,212,1.2885553856071479,3520.518813801758,2066.860079968097,108.99640069662831,1.0088949999772012,
w60,80,HGA-budget252,primary_evaluation,213,1.2885553856071479,3520.518813801758,2066.860079968097,108.99640069662831,1.0104604999069124,
w60,80,HGA-budget252,primary_evaluation,214,1.2885553856071479,3520.518813801758,2066.860079968097,108.99640069662831,1.0118837000336498,
w60,80,HGA-budget252,primary_evaluation,215,1.2885553856071479,3520.518813801758,2066.860079968097,108.99640069662831,1.0146675000432879,
w60,80,HGA-budget252,primary_evaluation,216,1.2885553856071479,3520.518813801758,2066.860079968097,108.99640069662831,1.0166668000165373,
w60,80,HGA-budget252,primary_evaluation,217,1.2885553856071479,3520.518813801758,2066.860079968097,108.99640069662831,1.0183562999591231,
w60,80,HGA-budget252,primary_evaluation,218,1.2885553856071479,3520.518813801758,2066.860079968097,108.99640069662831,1.02019719989039,
w60,80,HGA-budget252,primary_evaluation,219,1.2885553856071479,3520.518813801758,2066.860079968097,108.99640069662831,1.0219274000264704,
w60,80,HGA-budget252,primary_evaluation,220,1.2885553856071479,3520.518813801758,2066.860079968097,108.99640069662831,1.023865700000897,
w60,80,HGA-budget252,primary_evaluation,221,1.2885553856071479,3520.518813801758,2066.860079968097,108.99640069662831,1.0260640000924468,
w60,80,HGA-budget252,primary_evaluation,222,1.2885553856071479,3520.518813801758,2066.860079968097,108.99640069662831,1.0283878999762237,
w60,80,HGA-budget252,primary_evaluation,223,1.2885553856071479,3520.518813801758,2066.860079968097,108.99640069662831,1.0312344999983907,
w60,80,HGA-budget252,primary_evaluation,224,1.2885553856071479,3520.518813801758,2066.860079968097,108.99640069662831,1.03421809989959,
w60,80,HGA-budget252,primary_evaluation,225,1.2885553856071479,3520.518813801758,2066.860079968097,108.99640069662831,1.035813600057736,
w60,80,HGA-budget252,primary_evaluation,226,1.2885553856071479,3520.518813801758,2066.860079968097,108.99640069662831,1.037345499964431,
w60,80,HGA-budget252,primary_evaluation,227,1.2885553856071479,3520.518813801758,2066.860079968097,108.99640069662831,1.0388400999363512,
w60,80,HGA-budget252,primary_evaluation,228,1.2885553856071479,3520.518813801758,2066.860079968097,108.99640069662831,1.040399600053206,
w60,80,HGA-budget252,primary_evaluation,229,1.2885553856071479,3520.518813801758,2066.860079968097,108.99640069662831,1.0419387000147253,
w60,80,HGA-budget252,primary_evaluation,230,1.2885553856071479,3520.518813801758,2066.860079968097,108.99640069662831,1.0443994000088423,
w60,80,HGA-budget252,primary_evaluation,231,1.2885553856071479,3520.518813801758,2066.860079968097,108.99640069662831,1.0470787999220192,
w60,80,HGA-budget252,primary_evaluation,232,1.2885553856071479,3520.518813801758,2066.860079968097,108.99640069662831,1.0491832999978215,
w60,80,HGA-budget252,primary_evaluation,233,1.2885553856071479,3520.518813801758,2066.860079968097,108.99640069662831,1.0509738998953253,
w60,80,HGA-budget252,primary_evaluation,234,1.2885553856071479,3520.518813801758,2066.860079968097,108.99640069662831,1.0526117000263184,
w60,80,HGA-budget252,primary_evaluation,235,1.2885553856071479,3520.518813801758,2066.860079968097,108.99640069662831,1.0542355999350548,
w60,80,HGA-budget252,primary_evaluation,236,1.2885553856071479,3520.518813801758,2066.860079968097,108.99640069662831,1.0566569999791682,
w60,80,HGA-budget252,primary_evaluation,237,1.2885553856071479,3520.518813801758,2066.860079968097,108.99640069662831,1.058281400008127,
w60,80,HGA-budget252,primary_evaluation,238,1.2885553856071479,3520.518813801758,2066.860079968097,108.99640069662831,1.0597113999538124,
w60,80,HGA-budget252,primary_evaluation,239,1.2885553856071479,3520.518813801758,2066.860079968097,108.99640069662831,1.0624341000802815,
w60,80,HGA-budget252,primary_evaluation,240,1.2885553856071479,3520.518813801758,2066.860079968097,108.99640069662831,1.064196899998933,
w60,80,HGA-budget252,primary_evaluation,241,1.2885553856071479,3520.518813801758,2066.860079968097,108.99640069662831,1.0657148999162018,
w60,80,HGA-budget252,primary_evaluation,242,1.2885553856071479,3520.518813801758,2066.860079968097,108.99640069662831,1.0692121000029147,
w60,80,HGA-budget252,primary_evaluation,243,1.2885553856071479,3520.518813801758,2066.860079968097,108.99640069662831,1.0707674999721348,
w60,80,HGA-budget252,primary_evaluation,244,1.2885553856071479,3520.518813801758,2066.860079968097,108.99640069662831,1.072620099876076,
w60,80,HGA-budget252,primary_evaluation,245,1.2885553856071479,3520.518813801758,2066.860079968097,108.99640069662831,1.0741878999397159,
w60,80,HGA-budget252,primary_evaluation,246,1.2885553856071479,3520.518813801758,2066.860079968097,108.99640069662831,1.0756248999387026,
w60,80,HGA-budget252,primary_evaluation,247,1.2885553856071479,3520.518813801758,2066.860079968097,108.99640069662831,1.0770417000167072,
w60,80,HGA-budget252,primary_evaluation,248,1.2885553856071479,3520.518813801758,2066.860079968097,108.99640069662831,1.0789705000352114,
w60,80,HGA-budget252,primary_evaluation,249,1.2885553856071479,3520.518813801758,2066.860079968097,108.99640069662831,1.0810938999056816,
w60,80,HGA-budget252,primary_evaluation,250,1.2885553856071479,3520.518813801758,2066.860079968097,108.99640069662831,1.082963699940592,
w60,80,HGA-budget252,primary_evaluation,251,1.2885553856071479,3520.518813801758,2066.860079968097,108.99640069662831,1.0854279000777751,
w60,80,HGA-budget252,primary_evaluation,252,1.2885553856071479,3520.518813801758,2066.860079968097,108.99640069662831,1.087375900009647,
w60,80,HGA-budget252,generation_boundary,12,1.28871204729149,,,,,0
