order,run_id,instance_hash,solver,seed,budget_A,budget_B,evaluation_budget,timeout_global,timeout_per_instance,protocol_hash,normalization_hash,abma_profile_hash,collision_policy,output_directory,resume_key,command_hash,command_template
1,formal__w30__ga_aco__seed_42,2fab0e3e566477294710c7f5296eae3f19fffdaf771928347daa371758bb2a62,ga_aco,42,11000,16000,,21600,21600,19084d42c77dd61803f622f7dd3792c50fea0f387106740c6f6d6bcedc437202,e9e221a5db62c86aed76061099db5eaeb9b8c63708fbd05e33328b1811a38df4,,separate_postprocess_after_successful_raw_run,unified_experiments/formal_protocol_19084d42c77dd61803f622f7dd3792c50fea0f387106740c6f6d6bcedc437202/formal/w30/ga_aco/seed_42,19084d42c77dd61803f622f7dd3792c50fea0f387106740c6f6d6bcedc437202:2fab0e3e566477294710c7f5296eae3f19fffdaf771928347daa371758bb2a62:ga_aco:42:e22a0e82c722f49c1392694fd229f9f631a651f953139ce80c67715f14fff003,e22a0e82c722f49c1392694fd229f9f631a651f953139ce80c67715f14fff003,"[""D:\\pybullet_test\\.venv\\Scripts\\python.exe"", ""run_unified_experiments.py"", ""--formal"", ""--resume"", ""--instances"", ""w30"", ""--solvers"", ""ga_aco"", ""--seeds"", ""42"", ""--selected-evaluation-budget"", ""<USER_SELECTED_A_OR_B_BUDGET>"", ""--selected-timeout"", ""21600"", ""--output-root"", ""unified_experiments/formal_protocol_19084d42c77dd61803f622f7dd3792c50fea0f387106740c6f6d6bcedc437202/formal/w30/ga_aco/seed_42""]"
2,formal__w30__ga_aco__seed_43,2fab0e3e566477294710c7f5296eae3f19fffdaf771928347daa371758bb2a62,ga_aco,43,11000,16000,,21600,21600,19084d42c77dd61803f622f7dd3792c50fea0f387106740c6f6d6bcedc437202,e9e221a5db62c86aed76061099db5eaeb9b8c63708fbd05e33328b1811a38df4,,separate_postprocess_after_successful_raw_run,unified_experiments/formal_protocol_19084d42c77dd61803f622f7dd3792c50fea0f387106740c6f6d6bcedc437202/formal/w30/ga_aco/seed_43,19084d42c77dd61803f622f7dd3792c50fea0f387106740c6f6d6bcedc437202:2fab0e3e566477294710c7f5296eae3f19fffdaf771928347daa371758bb2a62:ga_aco:43:3625277602eeb4e6f1a17875a8f574118a156b793b9191197843df49396dacc7,3625277602eeb4e6f1a17875a8f574118a156b793b9191197843df49396dacc7,"[""D:\\pybullet_test\\.venv\\Scripts\\python.exe"", ""run_unified_experiments.py"", ""--formal"", ""--resume"", ""--instances"", ""w30"", ""--solvers"", ""ga_aco"", ""--seeds"", ""43"", ""--selected-evaluation-budget"", ""<USER_SELECTED_A_OR_B_BUDGET>"", ""--selected-timeout"", ""21600"", ""--output-root"", ""unified_experiments/formal_protocol_19084d42c77dd61803f622f7dd3792c50fea0f387106740c6f6d6bcedc437202/formal/w30/ga_aco/seed_43""]"
3,formal__w30__ga_aco__seed_44,2fab0e3e566477294710c7f5296eae3f19fffdaf771928347daa371758bb2a62,ga_aco,44,11000,16000,,21600,21600,19084d42c77dd61803f622f7dd3792c50fea0f387106740c6f6d6bcedc437202,e9e221a5db62c86aed76061099db5eaeb9b8c63708fbd05e33328b1811a38df4,,separate_postprocess_after_successful_raw_run,unified_experiments/formal_protocol_19084d42c77dd61803f622f7dd3792c50fea0f387106740c6f6d6bcedc437202/formal/w30/ga_aco/seed_44,19084d42c77dd61803f622f7dd3792c50fea0f387106740c6f6d6bcedc437202:2fab0e3e566477294710c7f5296eae3f19fffdaf771928347daa371758bb2a62:ga_aco:44:38109a3d7bba85b33520ad176129fc8f295177257c3328f2dfe6d87770c19713,38109a3d7bba85b33520ad176129fc8f295177257c3328f2dfe6d87770c19713,"[""D:\\pybullet_test\\.venv\\Scripts\\python.exe"", ""run_unified_experiments.py"", ""--formal"", ""--resume"", ""--instances"", ""w30"", ""--solvers"", ""ga_aco"", ""--seeds"", ""44"", ""--selected-evaluation-budget"", ""<USER_SELECTED_A_OR_B_BUDGET>"", ""--selected-timeout"", ""21600"", ""--output-root"", ""unified_experiments/formal_protocol_19084d42c77dd61803f622f7dd3792c50fea0f387106740c6f6d6bcedc437202/formal/w30/ga_aco/seed_44""]"
4,formal__w30__ga_aco__seed_45,2fab0e3e566477294710c7f5296eae3f19fffdaf771928347daa371758bb2a62,ga_aco,45,11000,16000,,21600,21600,19084d42c77dd61803f622f7dd3792c50fea0f387106740c6f6d6bcedc437202,e9e221a5db62c86aed76061099db5eaeb9b8c63708fbd05e33328b1811a38df4,,separate_postprocess_after_successful_raw_run,unified_experiments/formal_protocol_19084d42c77dd61803f622f7dd3792c50fea0f387106740c6f6d6bcedc437202/formal/w30/ga_aco/seed_45,19084d42c77dd61803f622f7dd3792c50fea0f387106740c6f6d6bcedc437202:2fab0e3e566477294710c7f5296eae3f19fffdaf771928347daa371758bb2a62:ga_aco:45:0285e15125e83b3515e68cd9a6a19cd5ce9ceb88f8e8a6a0865a51dbd47606ee,0285e15125e83b3515e68cd9a6a19cd5ce9ceb88f8e8a6a0865a51dbd47606ee,"[""D:\\pybullet_test\\.venv\\Scripts\\python.exe"", ""run_unified_experiments.py"", ""--formal"", ""--resume"", ""--instances"", ""w30"", ""--solvers"", ""ga_aco"", ""--seeds"", ""45"", ""--selected-evaluation-budget"", ""<USER_SELECTED_A_OR_B_BUDGET>"", ""--selected-timeout"", ""21600"", ""--output-root"", ""unified_experiments/formal_protocol_19084d42c77dd61803f622f7dd3792c50fea0f387106740c6f6d6bcedc437202/formal/w30/ga_aco/seed_45""]"
5,formal__w30__ga_aco__seed_46,2fab0e3e566477294710c7f5296eae3f19fffdaf771928347daa371758bb2a62,ga_aco,46,11000,16000,,21600,21600,19084d42c77dd61803f622f7dd3792c50fea0f387106740c6f6d6bcedc437202,e9e221a5db62c86aed76061099db5eaeb9b8c63708fbd05e33328b1811a38df4,,separate_postprocess_after_successful_raw_run,unified_experiments/formal_protocol_19084d42c77dd61803f622f7dd3792c50fea0f387106740c6f6d6bcedc437202/formal/w30/ga_aco/seed_46,19084d42c77dd61803f622f7dd3792c50fea0f387106740c6f6d6bcedc437202:2fab0e3e566477294710c7f5296eae3f19fffdaf771928347daa371758bb2a62:ga_aco:46:ddb2f20e568c4893350b3d9113f909c439c7c196655994d50581ea22df286739,ddb2f20e568c4893350b3d9113f909c439c7c196655994d50581ea22df286739,"[""D:\\pybullet_test\\.venv\\Scripts\\python.exe"", ""run_unified_experiments.py"", ""--formal"", ""--resume"", ""--instances"", ""w30"", ""--solvers"", ""ga_aco"", ""--seeds"", ""46"", ""--selected-evaluation-budget"", ""<USER_SELECTED_A_OR_B_BUDGET>"", ""--selected-timeout"", ""21600"", ""--output-root"", ""unified_experiments/formal_protocol_19084d42c77dd61803f622f7dd3792c50fea0f387106740c6f6d6bcedc437202/formal/w30/ga_aco/seed_46""]"
6,formal__w30__ga_aco__seed_47,2fab0e3e566477294710c7f5296eae3f19fffdaf771928347daa371758bb2a62,ga_aco,47,11000,16000,,21600,21600,19084d42c77dd61803f622f7dd3792c50fea0f387106740c6f6d6bcedc437202,e9e221a5db62c86aed76061099db5eaeb9b8c63708fbd05e33328b1811a38df4,,separate_postprocess_after_successful_raw_run,unified_experiments/formal_protocol_19084d42c77dd61803f622f7dd3792c50fea0f387106740c6f6d6bcedc437202/formal/w30/ga_aco/seed_47,19084d42c77dd61803f622f7dd3792c50fea0f387106740c6f6d6bcedc437202:2fab0e3e566477294710c7f5296eae3f19fffdaf771928347daa371758bb2a62:ga_aco:47:540cd23b61d1621fb6067c197e872fd1b50643d34645c524d30fef473f84dd82,540cd23b61d1621fb6067c197e872fd1b50643d34645c524d30fef473f84dd82,"[""D:\\pybullet_test\\.venv\\Scripts\\python.exe"", ""run_unified_experiments.py"", ""--formal"", ""--resume"", ""--instances"", ""w30"", ""--solvers"", ""ga_aco"", ""--seeds"", ""47"", ""--selected-evaluation-budget"", ""<USER_SELECTED_A_OR_B_BUDGET>"", ""--selected-timeout"", ""21600"", ""--output-root"", ""unified_experiments/formal_protocol_19084d42c77dd61803f622f7dd3792c50fea0f387106740c6f6d6bcedc437202/formal/w30/ga_aco/seed_47""]"
7,formal__w30__ga_aco__seed_48,2fab0e3e566477294710c7f5296eae3f19fffdaf771928347daa371758bb2a62,ga_aco,48,11000,16000,,21600,21600,19084d42c77dd61803f622f7dd3792c50fea0f387106740c6f6d6bcedc437202,e9e221a5db62c86aed76061099db5eaeb9b8c63708fbd05e33328b1811a38df4,,separate_postprocess_after_successful_raw_run,unified_experiments/formal_protocol_19084d42c77dd61803f622f7dd3792c50fea0f387106740c6f6d6bcedc437202/formal/w30/ga_aco/seed_48,19084d42c77dd61803f622f7dd3792c50fea0f387106740c6f6d6bcedc437202:2fab0e3e566477294710c7f5296eae3f19fffdaf771928347daa371758bb2a62:ga_aco:48:54d16bb3414b9612d6b5700408e28db703eb8710a52be17c3c392dcfdaa93542,54d16bb3414b9612d6b5700408e28db703eb8710a52be17c3c392dcfdaa93542,"[""D:\\pybullet_test\\.venv\\Scripts\\python.exe"", ""run_unified_experiments.py"", ""--formal"", ""--resume"", ""--instances"", ""w30"", ""--solvers"", ""ga_aco"", ""--seeds"", ""48"", ""--selected-evaluation-budget"", ""<USER_SELECTED_A_OR_B_BUDGET>"", ""--selected-timeout"", ""21600"", ""--output-root"", ""unified_experiments/formal_protocol_19084d42c77dd61803f622f7dd3792c50fea0f387106740c6f6d6bcedc437202/formal/w30/ga_aco/seed_48""]"
8,formal__w30__ga_aco__seed_49,2fab0e3e566477294710c7f5296eae3f19fffdaf771928347daa371758bb2a62,ga_aco,49,11000,16000,,21600,21600,19084d42c77dd61803f622f7dd3792c50fea0f387106740c6f6d6bcedc437202,e9e221a5db62c86aed76061099db5eaeb9b8c63708fbd05e33328b1811a38df4,,separate_postprocess_after_successful_raw_run,unified_experiments/formal_protocol_19084d42c77dd61803f622f7dd3792c50fea0f387106740c6f6d6bcedc437202/formal/w30/ga_aco/seed_49,19084d42c77dd61803f622f7dd3792c50fea0f387106740c6f6d6bcedc437202:2fab0e3e566477294710c7f5296eae3f19fffdaf771928347daa371758bb2a62:ga_aco:49:115af1506fb0784b40f24bdcc6d0eb116baaf4daac39c8695201ef247e4f4e9a,115af1506fb0784b40f24bdcc6d0eb116baaf4daac39c8695201ef247e4f4e9a,"[""D:\\pybullet_test\\.venv\\Scripts\\python.exe"", ""run_unified_experiments.py"", ""--formal"", ""--resume"", ""--instances"", ""w30"", ""--solvers"", ""ga_aco"", ""--seeds"", ""49"", ""--selected-evaluation-budget"", ""<USER_SELECTED_A_OR_B_BUDGET>"", ""--selected-timeout"", ""21600"", ""--output-root"", ""unified_experiments/formal_protocol_19084d42c77dd61803f622f7dd3792c50fea0f387106740c6f6d6bcedc437202/formal/w30/ga_aco/seed_49""]"
9,formal__w30__ga_aco__seed_50,2fab0e3e566477294710c7f5296eae3f19fffdaf771928347daa371758bb2a62,ga_aco,50,11000,16000,,21600,21600,19084d42c77dd61803f622f7dd3792c50fea0f387106740c6f6d6bcedc437202,e9e221a5db62c86aed76061099db5eaeb9b8c63708fbd05e33328b1811a38df4,,separate_postprocess_after_successful_raw_run,unified_experiments/formal_protocol_19084d42c77dd61803f622f7dd3792c50fea0f387106740c6f6d6bcedc437202/formal/w30/ga_aco/seed_50,19084d42c77dd61803f622f7dd3792c50fea0f387106740c6f6d6bcedc437202:2fab0e3e566477294710c7f5296eae3f19fffdaf771928347daa371758bb2a62:ga_aco:50:474a1b6f0479bb38bd3fc3b2b0051cd002a115b70a614b31d900048a91e75f1e,474a1b6f0479bb38bd3fc3b2b0051cd002a115b70a614b31d900048a91e75f1e,"[""D:\\pybullet_test\\.venv\\Scripts\\python.exe"", ""run_unified_experiments.py"", ""--formal"", ""--resume"", ""--instances"", ""w30"", ""--solvers"", ""ga_aco"", ""--seeds"", ""50"", ""--selected-evaluation-budget"", ""<USER_SELECTED_A_OR_B_BUDGET>"", ""--selected-timeout"", ""21600"", ""--output-root"", ""unified_experiments/formal_protocol_19084d42c77dd61803f622f7dd3792c50fea0f387106740c6f6d6bcedc437202/formal/w30/ga_aco/seed_50""]"
10,formal__w30__ga_aco__seed_51,2fab0e3e566477294710c7f5296eae3f19fffdaf771928347daa371758bb2a62,ga_aco,51,11000,16000,,21600,21600,19084d42c77dd61803f622f7dd3792c50fea0f387106740c6f6d6bcedc437202,e9e221a5db62c86aed76061099db5eaeb9b8c63708fbd05e33328b1811a38df4,,separate_postprocess_after_successful_raw_run,unified_experiments/formal_protocol_19084d42c77dd61803f622f7dd3792c50fea0f387106740c6f6d6bcedc437202/formal/w30/ga_aco/seed_51,19084d42c77dd61803f622f7dd3792c50fea0f387106740c6f6d6bcedc437202:2fab0e3e566477294710c7f5296eae3f19fffdaf771928347daa371758bb2a62:ga_aco:51:62f3a8f9f7cd388436afb9b302049886adc76b352115c930c35ee45028c0b52e,62f3a8f9f7cd388436afb9b302049886adc76b352115c930c35ee45028c0b52e,"[""D:\\pybullet_test\\.venv\\Scripts\\python.exe"", ""run_unified_experiments.py"", ""--formal"", ""--resume"", ""--instances"", ""w30"", ""--solvers"", ""ga_aco"", ""--seeds"", ""51"", ""--selected-evaluation-budget"", ""<USER_SELECTED_A_OR_B_BUDGET>"", ""--selected-timeout"", ""21600"", ""--output-root"", ""unified_experiments/formal_protocol_19084d42c77dd61803f622f7dd3792c50fea0f387106740c6f6d6bcedc437202/formal/w30/ga_aco/seed_51""]"
11,formal__w30__ga_aco__seed_52,2fab0e3e566477294710c7f5296eae3f19fffdaf771928347daa371758bb2a62,ga_aco,52,11000,16000,,21600,21600,19084d42c77dd61803f622f7dd3792c50fea0f387106740c6f6d6bcedc437202,e9e221a5db62c86aed76061099db5eaeb9b8c63708fbd05e33328b1811a38df4,,separate_postprocess_after_successful_raw_run,unified_experiments/formal_protocol_19084d42c77dd61803f622f7dd3792c50fea0f387106740c6f6d6bcedc437202/formal/w30/ga_aco/seed_52,19084d42c77dd61803f622f7dd3792c50fea0f387106740c6f6d6bcedc437202:2fab0e3e566477294710c7f5296eae3f19fffdaf771928347daa371758bb2a62:ga_aco:52:bcf587bb71f4f9c166673d1e65acd79ba3345bff1f79115379aacc4587304b6f,bcf587bb71f4f9c166673d1e65acd79ba3345bff1f79115379aacc4587304b6f,"[""D:\\pybullet_test\\.venv\\Scripts\\python.exe"", ""run_unified_experiments.py"", ""--formal"", ""--resume"", ""--instances"", ""w30"", ""--solvers"", ""ga_aco"", ""--seeds"", ""52"", ""--selected-evaluation-budget"", ""<USER_SELECTED_A_OR_B_BUDGET>"", ""--selected-timeout"", ""21600"", ""--output-root"", ""unified_experiments/formal_protocol_19084d42c77dd61803f622f7dd3792c50fea0f387106740c6f6d6bcedc437202/formal/w30/ga_aco/seed_52""]"
12,formal__w30__ga_aco__seed_53,2fab0e3e566477294710c7f5296eae3f19fffdaf771928347daa371758bb2a62,ga_aco,53,11000,16000,,21600,21600,19084d42c77dd61803f622f7dd3792c50fea0f387106740c6f6d6bcedc437202,e9e221a5db62c86aed76061099db5eaeb9b8c63708fbd05e33328b1811a38df4,,separate_postprocess_after_successful_raw_run,unified_experiments/formal_protocol_19084d42c77dd61803f622f7dd3792c50fea0f387106740c6f6d6bcedc437202/formal/w30/ga_aco/seed_53,19084d42c77dd61803f622f7dd3792c50fea0f387106740c6f6d6bcedc437202:2fab0e3e566477294710c7f5296eae3f19fffdaf771928347daa371758bb2a62:ga_aco:53:454d70bfb93f4fe10f27f6cd0ae4c31d2a92ce21181ca5c6cb28bdf68698681c,454d70bfb93f4fe10f27f6cd0ae4c31d2a92ce21181ca5c6cb28bdf68698681c,"[""D:\\pybullet_test\\.venv\\Scripts\\python.exe"", ""run_unified_experiments.py"", ""--formal"", ""--resume"", ""--instances"", ""w30"", ""--solvers"", ""ga_aco"", ""--seeds"", ""53"", ""--selected-evaluation-budget"", ""<USER_SELECTED_A_OR_B_BUDGET>"", ""--selected-timeout"", ""21600"", ""--output-root"", ""unified_experiments/formal_protocol_19084d42c77dd61803f622f7dd3792c50fea0f387106740c6f6d6bcedc437202/formal/w30/ga_aco/seed_53""]"
13,formal__w30__ga_aco__seed_54,2fab0e3e566477294710c7f5296eae3f19fffdaf771928347daa371758bb2a62,ga_aco,54,11000,16000,,21600,21600,19084d42c77dd61803f622f7dd3792c50fea0f387106740c6f6d6bcedc437202,e9e221a5db62c86aed76061099db5eaeb9b8c63708fbd05e33328b1811a38df4,,separate_postprocess_after_successful_raw_run,unified_experiments/formal_protocol_19084d42c77dd61803f622f7dd3792c50fea0f387106740c6f6d6bcedc437202/formal/w30/ga_aco/seed_54,19084d42c77dd61803f622f7dd3792c50fea0f387106740c6f6d6bcedc437202:2fab0e3e566477294710c7f5296eae3f19fffdaf771928347daa371758bb2a62:ga_aco:54:5f688eb764f91e03a9822f92c6c951b4b8127266177be3d0cb63d3fa47bc5bfc,5f688eb764f91e03a9822f92c6c951b4b8127266177be3d0cb63d3fa47bc5bfc,"[""D:\\pybullet_test\\.venv\\Scripts\\python.exe"", ""run_unified_experiments.py"", ""--formal"", ""--resume"", ""--instances"", ""w30"", ""--solvers"", ""ga_aco"", ""--seeds"", ""54"", ""--selected-evaluation-budget"", ""<USER_SELECTED_A_OR_B_BUDGET>"", ""--selected-timeout"", ""21600"", ""--output-root"", ""unified_experiments/formal_protocol_19084d42c77dd61803f622f7dd3792c50fea0f387106740c6f6d6bcedc437202/formal/w30/ga_aco/seed_54""]"
14,formal__w30__ga_aco__seed_55,2fab0e3e566477294710c7f5296eae3f19fffdaf771928347daa371758bb2a62,ga_aco,55,11000,16000,,21600,21600,19084d42c77dd61803f622f7dd3792c50fea0f387106740c6f6d6bcedc437202,e9e221a5db62c86aed76061099db5eaeb9b8c63708fbd05e33328b1811a38df4,,separate_postprocess_after_successful_raw_run,unified_experiments/formal_protocol_19084d42c77dd61803f622f7dd3792c50fea0f387106740c6f6d6bcedc437202/formal/w30/ga_aco/seed_55,19084d42c77dd61803f622f7dd3792c50fea0f387106740c6f6d6bcedc437202:2fab0e3e566477294710c7f5296eae3f19fffdaf771928347daa371758bb2a62:ga_aco:55:a47e1e23c90ee72e2bf7fe2c377b8bb62a4d06e9767096d41841d4c8d9ccf047,a47e1e23c90ee72e2bf7fe2c377b8bb62a4d06e9767096d41841d4c8d9ccf047,"[""D:\\pybullet_test\\.venv\\Scripts\\python.exe"", ""run_unified_experiments.py"", ""--formal"", ""--resume"", ""--instances"", ""w30"", ""--solvers"", ""ga_aco"", ""--seeds"", ""55"", ""--selected-evaluation-budget"", ""<USER_SELECTED_A_OR_B_BUDGET>"", ""--selected-timeout"", ""21600"", ""--output-root"", ""unified_experiments/formal_protocol_19084d42c77dd61803f622f7dd3792c50fea0f387106740c6f6d6bcedc437202/formal/w30/ga_aco/seed_55""]"
15,formal__w30__ga_aco__seed_56,2fab0e3e566477294710c7f5296eae3f19fffdaf771928347daa371758bb2a62,ga_aco,56,11000,16000,,21600,21600,19084d42c77dd61803f622f7dd3792c50fea0f387106740c6f6d6bcedc437202,e9e221a5db62c86aed76061099db5eaeb9b8c63708fbd05e33328b1811a38df4,,separate_postprocess_after_successful_raw_run,unified_experiments/formal_protocol_19084d42c77dd61803f622f7dd3792c50fea0f387106740c6f6d6bcedc437202/formal/w30/ga_aco/seed_56,19084d42c77dd61803f622f7dd3792c50fea0f387106740c6f6d6bcedc437202:2fab0e3e566477294710c7f5296eae3f19fffdaf771928347daa371758bb2a62:ga_aco:56:0075f0604518f518a39a93ad20cf703f16995e06f51500a4b93019dc4af30f9e,0075f0604518f518a39a93ad20cf703f16995e06f51500a4b93019dc4af30f9e,"[""D:\\pybullet_test\\.venv\\Scripts\\python.exe"", ""run_unified_experiments.py"", ""--formal"", ""--resume"", ""--instances"", ""w30"", ""--solvers"", ""ga_aco"", ""--seeds"", ""56"", ""--selected-evaluation-budget"", ""<USER_SELECTED_A_OR_B_BUDGET>"", ""--selected-timeout"", ""21600"", ""--output-root"", ""unified_experiments/formal_protocol_19084d42c77dd61803f622f7dd3792c50fea0f387106740c6f6d6bcedc437202/formal/w30/ga_aco/seed_56""]"
16,formal__w30__ga_aco__seed_57,2fab0e3e566477294710c7f5296eae3f19fffdaf771928347daa371758bb2a62,ga_aco,57,11000,16000,,21600,21600,19084d42c77dd61803f622f7dd3792c50fea0f387106740c6f6d6bcedc437202,e9e221a5db62c86aed76061099db5eaeb9b8c63708fbd05e33328b1811a38df4,,separate_postprocess_after_successful_raw_run,unified_experiments/formal_protocol_19084d42c77dd61803f622f7dd3792c50fea0f387106740c6f6d6bcedc437202/formal/w30/ga_aco/seed_57,19084d42c77dd61803f622f7dd3792c50fea0f387106740c6f6d6bcedc437202:2fab0e3e566477294710c7f5296eae3f19fffdaf771928347daa371758bb2a62:ga_aco:57:eb62db0a1f4869e66fe59c09fac6849ec9312d312e2eb0abb56feba3bcd03fc6,eb62db0a1f4869e66fe59c09fac6849ec9312d312e2eb0abb56feba3bcd03fc6,"[""D:\\pybullet_test\\.venv\\Scripts\\python.exe"", ""run_unified_experiments.py"", ""--formal"", ""--resume"", ""--instances"", ""w30"", ""--solvers"", ""ga_aco"", ""--seeds"", ""57"", ""--selected-evaluation-budget"", ""<USER_SELECTED_A_OR_B_BUDGET>"", ""--selected-timeout"", ""21600"", ""--output-root"", ""unified_experiments/formal_protocol_19084d42c77dd61803f622f7dd3792c50fea0f387106740c6f6d6bcedc437202/formal/w30/ga_aco/seed_57""]"
17,formal__w30__ga_aco__seed_58,2fab0e3e566477294710c7f5296eae3f19fffdaf771928347daa371758bb2a62,ga_aco,58,11000,16000,,21600,21600,19084d42c77dd61803f622f7dd3792c50fea0f387106740c6f6d6bcedc437202,e9e221a5db62c86aed76061099db5eaeb9b8c63708fbd05e33328b1811a38df4,,separate_postprocess_after_successful_raw_run,unified_experiments/formal_protocol_19084d42c77dd61803f622f7dd3792c50fea0f387106740c6f6d6bcedc437202/formal/w30/ga_aco/seed_58,19084d42c77dd61803f622f7dd3792c50fea0f387106740c6f6d6bcedc437202:2fab0e3e566477294710c7f5296eae3f19fffdaf771928347daa371758bb2a62:ga_aco:58:096833b197da3a631a6fc38b5da50320c8e06f067b3389e2496b5139725a8c8c,096833b197da3a631a6fc38b5da50320c8e06f067b3389e2496b5139725a8c8c,"[""D:\\pybullet_test\\.venv\\Scripts\\python.exe"", ""run_unified_experiments.py"", ""--formal"", ""--resume"", ""--instances"", ""w30"", ""--solvers"", ""ga_aco"", ""--seeds"", ""58"", ""--selected-evaluation-budget"", ""<USER_SELECTED_A_OR_B_BUDGET>"", ""--selected-timeout"", ""21600"", ""--output-root"", ""unified_experiments/formal_protocol_19084d42c77dd61803f622f7dd3792c50fea0f387106740c6f6d6bcedc437202/formal/w30/ga_aco/seed_58""]"
18,formal__w30__ga_aco__seed_59,2fab0e3e566477294710c7f5296eae3f19fffdaf771928347daa371758bb2a62,ga_aco,59,11000,16000,,21600,21600,19084d42c77dd61803f622f7dd3792c50fea0f387106740c6f6d6bcedc437202,e9e221a5db62c86aed76061099db5eaeb9b8c63708fbd05e33328b1811a38df4,,separate_postprocess_after_successful_raw_run,unified_experiments/formal_protocol_19084d42c77dd61803f622f7dd3792c50fea0f387106740c6f6d6bcedc437202/formal/w30/ga_aco/seed_59,19084d42c77dd61803f622f7dd3792c50fea0f387106740c6f6d6bcedc437202:2fab0e3e566477294710c7f5296eae3f19fffdaf771928347daa371758bb2a62:ga_aco:59:403c82ea394890f6a6b023943feedcacc1793a214f853b3d4d6e206dbbe509be,403c82ea394890f6a6b023943feedcacc1793a214f853b3d4d6e206dbbe509be,"[""D:\\pybullet_test\\.venv\\Scripts\\python.exe"", ""run_unified_experiments.py"", ""--formal"", ""--resume"", ""--instances"", ""w30"", ""--solvers"", ""ga_aco"", ""--seeds"", ""59"", ""--selected-evaluation-budget"", ""<USER_SELECTED_A_OR_B_BUDGET>"", ""--selected-timeout"", ""21600"", ""--output-root"", ""unified_experiments/formal_protocol_19084d42c77dd61803f622f7dd3792c50fea0f387106740c6f6d6bcedc437202/formal/w30/ga_aco/seed_59""]"
19,formal__w30__ga_aco__seed_60,2fab0e3e566477294710c7f5296eae3f19fffdaf771928347daa371758bb2a62,ga_aco,60,11000,16000,,21600,21600,19084d42c77dd61803f622f7dd3792c50fea0f387106740c6f6d6bcedc437202,e9e221a5db62c86aed76061099db5eaeb9b8c63708fbd05e33328b1811a38df4,,separate_postprocess_after_successful_raw_run,unified_experiments/formal_protocol_19084d42c77dd61803f622f7dd3792c50fea0f387106740c6f6d6bcedc437202/formal/w30/ga_aco/seed_60,19084d42c77dd61803f622f7dd3792c50fea0f387106740c6f6d6bcedc437202:2fab0e3e566477294710c7f5296eae3f19fffdaf771928347daa371758bb2a62:ga_aco:60:b1d5e4771010e71493cf6e68392cd2c29c50d46dbefe9e4df498c2fce7bec130,b1d5e4771010e71493cf6e68392cd2c29c50d46dbefe9e4df498c2fce7bec130,"[""D:\\pybullet_test\\.venv\\Scripts\\python.exe"", ""run_unified_experiments.py"", ""--formal"", ""--resume"", ""--instances"", ""w30"", ""--solvers"", ""ga_aco"", ""--seeds"", ""60"", ""--selected-evaluation-budget"", ""<USER_SELECTED_A_OR_B_BUDGET>"", ""--selected-timeout"", ""21600"", ""--output-root"", ""unified_experiments/formal_protocol_19084d42c77dd61803f622f7dd3792c50fea0f387106740c6f6d6bcedc437202/formal/w30/ga_aco/seed_60""]"
20,formal__w30__ga_aco__seed_61,2fab0e3e566477294710c7f5296eae3f19fffdaf771928347daa371758bb2a62,ga_aco,61,11000,16000,,21600,21600,19084d42c77dd61803f622f7dd3792c50fea0f387106740c6f6d6bcedc437202,e9e221a5db62c86aed76061099db5eaeb9b8c63708fbd05e33328b1811a38df4,,separate_postprocess_after_successful_raw_run,unified_experiments/formal_protocol_19084d42c77dd61803f622f7dd3792c50fea0f387106740c6f6d6bcedc437202/formal/w30/ga_aco/seed_61,19084d42c77dd61803f622f7dd3792c50fea0f387106740c6f6d6bcedc437202:2fab0e3e566477294710c7f5296eae3f19fffdaf771928347daa371758bb2a62:ga_aco:61:b4a017103b325b1a8c69e4eaf77aa0cb99c4fe55a482636d9ec669f11e8f4039,b4a017103b325b1a8c69e4eaf77aa0cb99c4fe55a482636d9ec669f11e8f4039,"[""D:\\pybullet_test\\.venv\\Scripts\\python.exe"", ""run_unified_experiments.py"", ""--formal"", ""--resume"", ""--instances"", ""w30"", ""--solvers"", ""ga_aco"", ""--seeds"", ""61"", ""--selected-evaluation-budget"", ""<USER_SELECTED_A_OR_B_BUDGET>"", ""--selected-timeout"", ""21600"", ""--output-root"", ""unified_experiments/formal_protocol_19084d42c77dd61803f622f7dd3792c50fea0f387106740c6f6d6bcedc437202/formal/w30/ga_aco/seed_61""]"
21,formal__w30__ga_aco__seed_62,2fab0e3e566477294710c7f5296eae3f19fffdaf771928347daa371758bb2a62,ga_aco,62,11000,16000,,21600,21600,19084d42c77dd61803f622f7dd3792c50fea0f387106740c6f6d6bcedc437202,e9e221a5db62c86aed76061099db5eaeb9b8c63708fbd05e33328b1811a38df4,,separate_postprocess_after_successful_raw_run,unified_experiments/formal_protocol_19084d42c77dd61803f622f7dd3792c50fea0f387106740c6f6d6bcedc437202/formal/w30/ga_aco/seed_62,19084d42c77dd61803f622f7dd3792c50fea0f387106740c6f6d6bcedc437202:2fab0e3e566477294710c7f5296eae3f19fffdaf771928347daa371758bb2a62:ga_aco:62:3fd7eaa6e3e52a5f68052ce6e0dad11f72d28f7b1f71add771f4d2add8c330df,3fd7eaa6e3e52a5f68052ce6e0dad11f72d28f7b1f71add771f4d2add8c330df,"[""D:\\pybullet_test\\.venv\\Scripts\\python.exe"", ""run_unified_experiments.py"", ""--formal"", ""--resume"", ""--instances"", ""w30"", ""--solvers"", ""ga_aco"", ""--seeds"", ""62"", ""--selected-evaluation-budget"", ""<USER_SELECTED_A_OR_B_BUDGET>"", ""--selected-timeout"", ""21600"", ""--output-root"", ""unified_experiments/formal_protocol_19084d42c77dd61803f622f7dd3792c50fea0f387106740c6f6d6bcedc437202/formal/w30/ga_aco/seed_62""]"
22,formal__w30__ga_aco__seed_63,2fab0e3e566477294710c7f5296eae3f19fffdaf771928347daa371758bb2a62,ga_aco,63,11000,16000,,21600,21600,19084d42c77dd61803f622f7dd3792c50fea0f387106740c6f6d6bcedc437202,e9e221a5db62c86aed76061099db5eaeb9b8c63708fbd05e33328b1811a38df4,,separate_postprocess_after_successful_raw_run,unified_experiments/formal_protocol_19084d42c77dd61803f622f7dd3792c50fea0f387106740c6f6d6bcedc437202/formal/w30/ga_aco/seed_63,19084d42c77dd61803f622f7dd3792c50fea0f387106740c6f6d6bcedc437202:2fab0e3e566477294710c7f5296eae3f19fffdaf771928347daa371758bb2a62:ga_aco:63:990f9b27d82296a30d11290cacf1304b7921caaff7bdb771359a29202e0b0a6f,990f9b27d82296a30d11290cacf1304b7921caaff7bdb771359a29202e0b0a6f,"[""D:\\pybullet_test\\.venv\\Scripts\\python.exe"", ""run_unified_experiments.py"", ""--formal"", ""--resume"", ""--instances"", ""w30"", ""--solvers"", ""ga_aco"", ""--seeds"", ""63"", ""--selected-evaluation-budget"", ""<USER_SELECTED_A_OR_B_BUDGET>"", ""--selected-timeout"", ""21600"", ""--output-root"", ""unified_experiments/formal_protocol_19084d42c77dd61803f622f7dd3792c50fea0f387106740c6f6d6bcedc437202/formal/w30/ga_aco/seed_63""]"
23,formal__w30__ga_aco__seed_64,2fab0e3e566477294710c7f5296eae3f19fffdaf771928347daa371758bb2a62,ga_aco,64,11000,16000,,21600,21600,19084d42c77dd61803f622f7dd3792c50fea0f387106740c6f6d6bcedc437202,e9e221a5db62c86aed76061099db5eaeb9b8c63708fbd05e33328b1811a38df4,,separate_postprocess_after_successful_raw_run,unified_experiments/formal_protocol_19084d42c77dd61803f622f7dd3792c50fea0f387106740c6f6d6bcedc437202/formal/w30/ga_aco/seed_64,19084d42c77dd61803f622f7dd3792c50fea0f387106740c6f6d6bcedc437202:2fab0e3e566477294710c7f5296eae3f19fffdaf771928347daa371758bb2a62:ga_aco:64:0bdfbe63b6cfc99df212d9c18f580db6a81e84adea5dba28a112993f6be41d7d,0bdfbe63b6cfc99df212d9c18f580db6a81e84adea5dba28a112993f6be41d7d,"[""D:\\pybullet_test\\.venv\\Scripts\\python.exe"", ""run_unified_experiments.py"", ""--formal"", ""--resume"", ""--instances"", ""w30"", ""--solvers"", ""ga_aco"", ""--seeds"", ""64"", ""--selected-evaluation-budget"", ""<USER_SELECTED_A_OR_B_BUDGET>"", ""--selected-timeout"", ""21600"", ""--output-root"", ""unified_experiments/formal_protocol_19084d42c77dd61803f622f7dd3792c50fea0f387106740c6f6d6bcedc437202/formal/w30/ga_aco/seed_64""]"
24,formal__w30__ga_aco__seed_65,2fab0e3e566477294710c7f5296eae3f19fffdaf771928347daa371758bb2a62,ga_aco,65,11000,16000,,21600,21600,19084d42c77dd61803f622f7dd3792c50fea0f387106740c6f6d6bcedc437202,e9e221a5db62c86aed76061099db5eaeb9b8c63708fbd05e33328b1811a38df4,,separate_postprocess_after_successful_raw_run,unified_experiments/formal_protocol_19084d42c77dd61803f622f7dd3792c50fea0f387106740c6f6d6bcedc437202/formal/w30/ga_aco/seed_65,19084d42c77dd61803f622f7dd3792c50fea0f387106740c6f6d6bcedc437202:2fab0e3e566477294710c7f5296eae3f19fffdaf771928347daa371758bb2a62:ga_aco:65:added45d61c0dda42d2f60f1268224321f248d03d7cfb5754964dd90abea3f84,added45d61c0dda42d2f60f1268224321f248d03d7cfb5754964dd90abea3f84,"[""D:\\pybullet_test\\.venv\\Scripts\\python.exe"", ""run_unified_experiments.py"", ""--formal"", ""--resume"", ""--instances"", ""w30"", ""--solvers"", ""ga_aco"", ""--seeds"", ""65"", ""--selected-evaluation-budget"", ""<USER_SELECTED_A_OR_B_BUDGET>"", ""--selected-timeout"", ""21600"", ""--output-root"", ""unified_experiments/formal_protocol_19084d42c77dd61803f622f7dd3792c50fea0f387106740c6f6d6bcedc437202/formal/w30/ga_aco/seed_65""]"
25,formal__w30__ga_aco__seed_66,2fab0e3e566477294710c7f5296eae3f19fffdaf771928347daa371758bb2a62,ga_aco,66,11000,16000,,21600,21600,19084d42c77dd61803f622f7dd3792c50fea0f387106740c6f6d6bcedc437202,e9e221a5db62c86aed76061099db5eaeb9b8c63708fbd05e33328b1811a38df4,,separate_postprocess_after_successful_raw_run,unified_experiments/formal_protocol_19084d42c77dd61803f622f7dd3792c50fea0f387106740c6f6d6bcedc437202/formal/w30/ga_aco/seed_66,19084d42c77dd61803f622f7dd3792c50fea0f387106740c6f6d6bcedc437202:2fab0e3e566477294710c7f5296eae3f19fffdaf771928347daa371758bb2a62:ga_aco:66:71a7ea639a2ff397171176528efae21bedcc257be998376236b87cd7e6c5d4fd,71a7ea639a2ff397171176528efae21bedcc257be998376236b87cd7e6c5d4fd,"[""D:\\pybullet_test\\.venv\\Scripts\\python.exe"", ""run_unified_experiments.py"", ""--formal"", ""--resume"", ""--instances"", ""w30"", ""--solvers"", ""ga_aco"", ""--seeds"", ""66"", ""--selected-evaluation-budget"", ""<USER_SELECTED_A_OR_B_BUDGET>"", ""--selected-timeout"", ""21600"", ""--output-root"", ""unified_experiments/formal_protocol_19084d42c77dd61803f622f7dd3792c50fea0f387106740c6f6d6bcedc437202/formal/w30/ga_aco/seed_66""]"
26,formal__w30__ga_aco__seed_67,2fab0e3e566477294710c7f5296eae3f19fffdaf771928347daa371758bb2a62,ga_aco,67,11000,16000,,21600,21600,19084d42c77dd61803f622f7dd3792c50fea0f387106740c6f6d6bcedc437202,e9e221a5db62c86aed76061099db5eaeb9b8c63708fbd05e33328b1811a38df4,,separate_postprocess_after_successful_raw_run,unified_experiments/formal_protocol_19084d42c77dd61803f622f7dd3792c50fea0f387106740c6f6d6bcedc437202/formal/w30/ga_aco/seed_67,19084d42c77dd61803f622f7dd3792c50fea0f387106740c6f6d6bcedc437202:2fab0e3e566477294710c7f5296eae3f19fffdaf771928347daa371758bb2a62:ga_aco:67:271172e913212bd070db5060d166832fbd6b72d8a9eedad1a2a644b34eaf25da,271172e913212bd070db5060d166832fbd6b72d8a9eedad1a2a644b34eaf25da,"[""D:\\pybullet_test\\.venv\\Scripts\\python.exe"", ""run_unified_experiments.py"", ""--formal"", ""--resume"", ""--instances"", ""w30"", ""--solvers"", ""ga_aco"", ""--seeds"", ""67"", ""--selected-evaluation-budget"", ""<USER_SELECTED_A_OR_B_BUDGET>"", ""--selected-timeout"", ""21600"", ""--output-root"", ""unified_experiments/formal_protocol_19084d42c77dd61803f622f7dd3792c50fea0f387106740c6f6d6bcedc437202/formal/w30/ga_aco/seed_67""]"
27,formal__w30__ga_aco__seed_68,2fab0e3e566477294710c7f5296eae3f19fffdaf771928347daa371758bb2a62,ga_aco,68,11000,16000,,21600,21600,19084d42c77dd61803f622f7dd3792c50fea0f387106740c6f6d6bcedc437202,e9e221a5db62c86aed76061099db5eaeb9b8c63708fbd05e33328b1811a38df4,,separate_postprocess_after_successful_raw_run,unified_experiments/formal_protocol_19084d42c77dd61803f622f7dd3792c50fea0f387106740c6f6d6bcedc437202/formal/w30/ga_aco/seed_68,19084d42c77dd61803f622f7dd3792c50fea0f387106740c6f6d6bcedc437202:2fab0e3e566477294710c7f5296eae3f19fffdaf771928347daa371758bb2a62:ga_aco:68:a5d16e0b3e27ab816b25847db0b3f4342061a956bc862c7fced732807f414858,a5d16e0b3e27ab816b25847db0b3f4342061a956bc862c7fced732807f414858,"[""D:\\pybullet_test\\.venv\\Scripts\\python.exe"", ""run_unified_experiments.py"", ""--formal"", ""--resume"", ""--instances"", ""w30"", ""--solvers"", ""ga_aco"", ""--seeds"", ""68"", ""--selected-evaluation-budget"", ""<USER_SELECTED_A_OR_B_BUDGET>"", ""--selected-timeout"", ""21600"", ""--output-root"", ""unified_experiments/formal_protocol_19084d42c77dd61803f622f7dd3792c50fea0f387106740c6f6d6bcedc437202/formal/w30/ga_aco/seed_68""]"
28,formal__w30__ga_aco__seed_69,2fab0e3e566477294710c7f5296eae3f19fffdaf771928347daa371758bb2a62,ga_aco,69,11000,16000,,21600,21600,19084d42c77dd61803f622f7dd3792c50fea0f387106740c6f6d6bcedc437202,e9e221a5db62c86aed76061099db5eaeb9b8c63708fbd05e33328b1811a38df4,,separate_postprocess_after_successful_raw_run,unified_experiments/formal_protocol_19084d42c77dd61803f622f7dd3792c50fea0f387106740c6f6d6bcedc437202/formal/w30/ga_aco/seed_69,19084d42c77dd61803f622f7dd3792c50fea0f387106740c6f6d6bcedc437202:2fab0e3e566477294710c7f5296eae3f19fffdaf771928347daa371758bb2a62:ga_aco:69:c6ba84888633796126fd568a1e514790c5387301baf4f75ac16fd8bd86accc90,c6ba84888633796126fd568a1e514790c5387301baf4f75ac16fd8bd86accc90,"[""D:\\pybullet_test\\.venv\\Scripts\\python.exe"", ""run_unified_experiments.py"", ""--formal"", ""--resume"", ""--instances"", ""w30"", ""--solvers"", ""ga_aco"", ""--seeds"", ""69"", ""--selected-evaluation-budget"", ""<USER_SELECTED_A_OR_B_BUDGET>"", ""--selected-timeout"", ""21600"", ""--output-root"", ""unified_experiments/formal_protocol_19084d42c77dd61803f622f7dd3792c50fea0f387106740c6f6d6bcedc437202/formal/w30/ga_aco/seed_69""]"
29,formal__w30__ga_aco__seed_70,2fab0e3e566477294710c7f5296eae3f19fffdaf771928347daa371758bb2a62,ga_aco,70,11000,16000,,21600,21600,19084d42c77dd61803f622f7dd3792c50fea0f387106740c6f6d6bcedc437202,e9e221a5db62c86aed76061099db5eaeb9b8c63708fbd05e33328b1811a38df4,,separate_postprocess_after_successful_raw_run,unified_experiments/formal_protocol_19084d42c77dd61803f622f7dd3792c50fea0f387106740c6f6d6bcedc437202/formal/w30/ga_aco/seed_70,19084d42c77dd61803f622f7dd3792c50fea0f387106740c6f6d6bcedc437202:2fab0e3e566477294710c7f5296eae3f19fffdaf771928347daa371758bb2a62:ga_aco:70:de932f7afaaba1a5c4abd18451f8bb152dfc98602545ae8fb7542be084794174,de932f7afaaba1a5c4abd18451f8bb152dfc98602545ae8fb7542be084794174,"[""D:\\pybullet_test\\.venv\\Scripts\\python.exe"", ""run_unified_experiments.py"", ""--formal"", ""--resume"", ""--instances"", ""w30"", ""--solvers"", ""ga_aco"", ""--seeds"", ""70"", ""--selected-evaluation-budget"", ""<USER_SELECTED_A_OR_B_BUDGET>"", ""--selected-timeout"", ""21600"", ""--output-root"", ""unified_experiments/formal_protocol_19084d42c77dd61803f622f7dd3792c50fea0f387106740c6f6d6bcedc437202/formal/w30/ga_aco/seed_70""]"
30,formal__w30__ga_aco__seed_71,2fab0e3e566477294710c7f5296eae3f19fffdaf771928347daa371758bb2a62,ga_aco,71,11000,16000,,21600,21600,19084d42c77dd61803f622f7dd3792c50fea0f387106740c6f6d6bcedc437202,e9e221a5db62c86aed76061099db5eaeb9b8c63708fbd05e33328b1811a38df4,,separate_postprocess_after_successful_raw_run,unified_experiments/formal_protocol_19084d42c77dd61803f622f7dd3792c50fea0f387106740c6f6d6bcedc437202/formal/w30/ga_aco/seed_71,19084d42c77dd61803f622f7dd3792c50fea0f387106740c6f6d6bcedc437202:2fab0e3e566477294710c7f5296eae3f19fffdaf771928347daa371758bb2a62:ga_aco:71:66addc51052c605b0d6e5dc39abbb2bb9bfc5017602df6708d9dff6ab814bd4a,66addc51052c605b0d6e5dc39abbb2bb9bfc5017602df6708d9dff6ab814bd4a,"[""D:\\pybullet_test\\.venv\\Scripts\\python.exe"", ""run_unified_experiments.py"", ""--formal"", ""--resume"", ""--instances"", ""w30"", ""--solvers"", ""ga_aco"", ""--seeds"", ""71"", ""--selected-evaluation-budget"", ""<USER_SELECTED_A_OR_B_BUDGET>"", ""--selected-timeout"", ""21600"", ""--output-root"", ""unified_experiments/formal_protocol_19084d42c77dd61803f622f7dd3792c50fea0f387106740c6f6d6bcedc437202/formal/w30/ga_aco/seed_71""]"
31,formal__w30__paper_aligned_hga__seed_42,2fab0e3e566477294710c7f5296eae3f19fffdaf771928347daa371758bb2a62,paper_aligned_hga,42,11000,16000,,21600,21600,19084d42c77dd61803f622f7dd3792c50fea0f387106740c6f6d6bcedc437202,e9e221a5db62c86aed76061099db5eaeb9b8c63708fbd05e33328b1811a38df4,,separate_postprocess_after_successful_raw_run,unified_experiments/formal_protocol_19084d42c77dd61803f622f7dd3792c50fea0f387106740c6f6d6bcedc437202/formal/w30/paper_aligned_hga/seed_42,19084d42c77dd61803f622f7dd3792c50fea0f387106740c6f6d6bcedc437202:2fab0e3e566477294710c7f5296eae3f19fffdaf771928347daa371758bb2a62:paper_aligned_hga:42:e05cfb01177be043c437ebc479261c827c9d4ab1eb29b93ab9a062f6fa41cbdb,e05cfb01177be043c437ebc479261c827c9d4ab1eb29b93ab9a062f6fa41cbdb,"[""D:\\pybullet_test\\.venv\\Scripts\\python.exe"", ""run_unified_experiments.py"", ""--formal"", ""--resume"", ""--instances"", ""w30"", ""--solvers"", ""paper_aligned_hga"", ""--seeds"", ""42"", ""--selected-evaluation-budget"", ""<USER_SELECTED_A_OR_B_BUDGET>"", ""--selected-timeout"", ""21600"", ""--output-root"", ""unified_experiments/formal_protocol_19084d42c77dd61803f622f7dd3792c50fea0f387106740c6f6d6bcedc437202/formal/w30/paper_aligned_hga/seed_42""]"
32,formal__w30__paper_aligned_hga__seed_43,2fab0e3e566477294710c7f5296eae3f19fffdaf771928347daa371758bb2a62,paper_aligned_hga,43,11000,16000,,21600,21600,19084d42c77dd61803f622f7dd3792c50fea0f387106740c6f6d6bcedc437202,e9e221a5db62c86aed76061099db5eaeb9b8c63708fbd05e33328b1811a38df4,,separate_postprocess_after_successful_raw_run,unified_experiments/formal_protocol_19084d42c77dd61803f622f7dd3792c50fea0f387106740c6f6d6bcedc437202/formal/w30/paper_aligned_hga/seed_43,19084d42c77dd61803f622f7dd3792c50fea0f387106740c6f6d6bcedc437202:2fab0e3e566477294710c7f5296eae3f19fffdaf771928347daa371758bb2a62:paper_aligned_hga:43:5c45ce017e5795e99d7f834c1761d4f518cde590595aa3fb6b89c0082fb186c7,5c45ce017e5795e99d7f834c1761d4f518cde590595aa3fb6b89c0082fb186c7,"[""D:\\pybullet_test\\.venv\\Scripts\\python.exe"", ""run_unified_experiments.py"", ""--formal"", ""--resume"", ""--instances"", ""w30"", ""--solvers"", ""paper_aligned_hga"", ""--seeds"", ""43"", ""--selected-evaluation-budget"", ""<USER_SELECTED_A_OR_B_BUDGET>"", ""--selected-timeout"", ""21600"", ""--output-root"", ""unified_experiments/formal_protocol_19084d42c77dd61803f622f7dd3792c50fea0f387106740c6f6d6bcedc437202/formal/w30/paper_aligned_hga/seed_43""]"
33,formal__w30__paper_aligned_hga__seed_44,2fab0e3e566477294710c7f5296eae3f19fffdaf771928347daa371758bb2a62,paper_aligned_hga,44,11000,16000,,21600,21600,19084d42c77dd61803f622f7dd3792c50fea0f387106740c6f6d6bcedc437202,e9e221a5db62c86aed76061099db5eaeb9b8c63708fbd05e33328b1811a38df4,,separate_postprocess_after_successful_raw_run,unified_experiments/formal_protocol_19084d42c77dd61803f622f7dd3792c50fea0f387106740c6f6d6bcedc437202/formal/w30/paper_aligned_hga/seed_44,19084d42c77dd61803f622f7dd3792c50fea0f387106740c6f6d6bcedc437202:2fab0e3e566477294710c7f5296eae3f19fffdaf771928347daa371758bb2a62:paper_aligned_hga:44:e8a5c5607a381ebdbaefde44bf7ea2e4936b34a40a769616066b5be66508a02c,e8a5c5607a381ebdbaefde44bf7ea2e4936b34a40a769616066b5be66508a02c,"[""D:\\pybullet_test\\.venv\\Scripts\\python.exe"", ""run_unified_experiments.py"", ""--formal"", ""--resume"", ""--instances"", ""w30"", ""--solvers"", ""paper_aligned_hga"", ""--seeds"", ""44"", ""--selected-evaluation-budget"", ""<USER_SELECTED_A_OR_B_BUDGET>"", ""--selected-timeout"", ""21600"", ""--output-root"", ""unified_experiments/formal_protocol_19084d42c77dd61803f622f7dd3792c50fea0f387106740c6f6d6bcedc437202/formal/w30/paper_aligned_hga/seed_44""]"
34,formal__w30__paper_aligned_hga__seed_45,2fab0e3e566477294710c7f5296eae3f19fffdaf771928347daa371758bb2a62,paper_aligned_hga,45,11000,16000,,21600,21600,19084d42c77dd61803f622f7dd3792c50fea0f387106740c6f6d6bcedc437202,e9e221a5db62c86aed76061099db5eaeb9b8c63708fbd05e33328b1811a38df4,,separate_postprocess_after_successful_raw_run,unified_experiments/formal_protocol_19084d42c77dd61803f622f7dd3792c50fea0f387106740c6f6d6bcedc437202/formal/w30/paper_aligned_hga/seed_45,19084d42c77dd61803f622f7dd3792c50fea0f387106740c6f6d6bcedc437202:2fab0e3e566477294710c7f5296eae3f19fffdaf771928347daa371758bb2a62:paper_aligned_hga:45:94420dae679c29fffa202ad6212563b7918933c7f7de3244cbe696fc21fdb582,94420dae679c29fffa202ad6212563b7918933c7f7de3244cbe696fc21fdb582,"[""D:\\pybullet_test\\.venv\\Scripts\\python.exe"", ""run_unified_experiments.py"", ""--formal"", ""--resume"", ""--instances"", ""w30"", ""--solvers"", ""paper_aligned_hga"", ""--seeds"", ""45"", ""--selected-evaluation-budget"", ""<USER_SELECTED_A_OR_B_BUDGET>"", ""--selected-timeout"", ""21600"", ""--output-root"", ""unified_experiments/formal_protocol_19084d42c77dd61803f622f7dd3792c50fea0f387106740c6f6d6bcedc437202/formal/w30/paper_aligned_hga/seed_45""]"
35,formal__w30__paper_aligned_hga__seed_46,2fab0e3e566477294710c7f5296eae3f19fffdaf771928347daa371758bb2a62,paper_aligned_hga,46,11000,16000,,21600,21600,19084d42c77dd61803f622f7dd3792c50fea0f387106740c6f6d6bcedc437202,e9e221a5db62c86aed76061099db5eaeb9b8c63708fbd05e33328b1811a38df4,,separate_postprocess_after_successful_raw_run,unified_experiments/formal_protocol_19084d42c77dd61803f622f7dd3792c50fea0f387106740c6f6d6bcedc437202/formal/w30/paper_aligned_hga/seed_46,19084d42c77dd61803f622f7dd3792c50fea0f387106740c6f6d6bcedc437202:2fab0e3e566477294710c7f5296eae3f19fffdaf771928347daa371758bb2a62:paper_aligned_hga:46:6970ad0a1fe3751a97884bb2b2899645d8e1a05b9551dc9581fe1e90446a52d7,6970ad0a1fe3751a97884bb2b2899645d8e1a05b9551dc9581fe1e90446a52d7,"[""D:\\pybullet_test\\.venv\\Scripts\\python.exe"", ""run_unified_experiments.py"", ""--formal"", ""--resume"", ""--instances"", ""w30"", ""--solvers"", ""paper_aligned_hga"", ""--seeds"", ""46"", ""--selected-evaluation-budget"", ""<USER_SELECTED_A_OR_B_BUDGET>"", ""--selected-timeout"", ""21600"", ""--output-root"", ""unified_experiments/formal_protocol_19084d42c77dd61803f622f7dd3792c50fea0f387106740c6f6d6bcedc437202/formal/w30/paper_aligned_hga/seed_46""]"
36,formal__w30__paper_aligned_hga__seed_47,2fab0e3e566477294710c7f5296eae3f19fffdaf771928347daa371758bb2a62,paper_aligned_hga,47,11000,16000,,21600,21600,19084d42c77dd61803f622f7dd3792c50fea0f387106740c6f6d6bcedc437202,e9e221a5db62c86aed76061099db5eaeb9b8c63708fbd05e33328b1811a38df4,,separate_postprocess_after_successful_raw_run,unified_experiments/formal_protocol_19084d42c77dd61803f622f7dd3792c50fea0f387106740c6f6d6bcedc437202/formal/w30/paper_aligned_hga/seed_47,19084d42c77dd61803f622f7dd3792c50fea0f387106740c6f6d6bcedc437202:2fab0e3e566477294710c7f5296eae3f19fffdaf771928347daa371758bb2a62:paper_aligned_hga:47:678124e5ecf33dda9fd1ba57dd5279a8836160bfba9f1d733bd8857f1884176f,678124e5ecf33dda9fd1ba57dd5279a8836160bfba9f1d733bd8857f1884176f,"[""D:\\pybullet_test\\.venv\\Scripts\\python.exe"", ""run_unified_experiments.py"", ""--formal"", ""--resume"", ""--instances"", ""w30"", ""--solvers"", ""paper_aligned_hga"", ""--seeds"", ""47"", ""--selected-evaluation-budget"", ""<USER_SELECTED_A_OR_B_BUDGET>"", ""--selected-timeout"", ""21600"", ""--output-root"", ""unified_experiments/formal_protocol_19084d42c77dd61803f622f7dd3792c50fea0f387106740c6f6d6bcedc437202/formal/w30/paper_aligned_hga/seed_47""]"
37,formal__w30__paper_aligned_hga__seed_48,2fab0e3e566477294710c7f5296eae3f19fffdaf771928347daa371758bb2a62,paper_aligned_hga,48,11000,16000,,21600,21600,19084d42c77dd61803f622f7dd3792c50fea0f387106740c6f6d6bcedc437202,e9e221a5db62c86aed76061099db5eaeb9b8c63708fbd05e33328b1811a38df4,,separate_postprocess_after_successful_raw_run,unified_experiments/formal_protocol_19084d42c77dd61803f622f7dd3792c50fea0f387106740c6f6d6bcedc437202/formal/w30/paper_aligned_hga/seed_48,19084d42c77dd61803f622f7dd3792c50fea0f387106740c6f6d6bcedc437202:2fab0e3e566477294710c7f5296eae3f19fffdaf771928347daa371758bb2a62:paper_aligned_hga:48:0d3b0afdbece2a6895575fde701810fd67609e5e367204ca807b29f7270b81cf,0d3b0afdbece2a6895575fde701810fd67609e5e367204ca807b29f7270b81cf,"[""D:\\pybullet_test\\.venv\\Scripts\\python.exe"", ""run_unified_experiments.py"", ""--formal"", ""--resume"", ""--instances"", ""w30"", ""--solvers"", ""paper_aligned_hga"", ""--seeds"", ""48"", ""--selected-evaluation-budget"", ""<USER_SELECTED_A_OR_B_BUDGET>"", ""--selected-timeout"", ""21600"", ""--output-root"", ""unified_experiments/formal_protocol_19084d42c77dd61803f622f7dd3792c50fea0f387106740c6f6d6bcedc437202/formal/w30/paper_aligned_hga/seed_48""]"
38,formal__w30__paper_aligned_hga__seed_49,2fab0e3e566477294710c7f5296eae3f19fffdaf771928347daa371758bb2a62,paper_aligned_hga,49,11000,16000,,21600,21600,19084d42c77dd61803f622f7dd3792c50fea0f387106740c6f6d6bcedc437202,e9e221a5db62c86aed76061099db5eaeb9b8c63708fbd05e33328b1811a38df4,,separate_postprocess_after_successful_raw_run,unified_experiments/formal_protocol_19084d42c77dd61803f622f7dd3792c50fea0f387106740c6f6d6bcedc437202/formal/w30/paper_aligned_hga/seed_49,19084d42c77dd61803f622f7dd3792c50fea0f387106740c6f6d6bcedc437202:2fab0e3e566477294710c7f5296eae3f19fffdaf771928347daa371758bb2a62:paper_aligned_hga:49:56d19bfa17adb12a27f40f3a20be8a6e268e0a99c226380f1221ad1aa7ce39e0,56d19bfa17adb12a27f40f3a20be8a6e268e0a99c226380f1221ad1aa7ce39e0,"[""D:\\pybullet_test\\.venv\\Scripts\\python.exe"", ""run_unified_experiments.py"", ""--formal"", ""--resume"", ""--instances"", ""w30"", ""--solvers"", ""paper_aligned_hga"", ""--seeds"", ""49"", ""--selected-evaluation-budget"", ""<USER_SELECTED_A_OR_B_BUDGET>"", ""--selected-timeout"", ""21600"", ""--output-root"", ""unified_experiments/formal_protocol_19084d42c77dd61803f622f7dd3792c50fea0f387106740c6f6d6bcedc437202/formal/w30/paper_aligned_hga/seed_49""]"
39,formal__w30__paper_aligned_hga__seed_50,2fab0e3e566477294710c7f5296eae3f19fffdaf771928347daa371758bb2a62,paper_aligned_hga,50,11000,16000,,21600,21600,19084d42c77dd61803f622f7dd3792c50fea0f387106740c6f6d6bcedc437202,e9e221a5db62c86aed76061099db5eaeb9b8c63708fbd05e33328b1811a38df4,,separate_postprocess_after_successful_raw_run,unified_experiments/formal_protocol_19084d42c77dd61803f622f7dd3792c50fea0f387106740c6f6d6bcedc437202/formal/w30/paper_aligned_hga/seed_50,19084d42c77dd61803f622f7dd3792c50fea0f387106740c6f6d6bcedc437202:2fab0e3e566477294710c7f5296eae3f19fffdaf771928347daa371758bb2a62:paper_aligned_hga:50:2eba6b6c5c8b48f4ca3ecc2c4b02eb0cc38873342563d3bd9cc5b05ee4735730,2eba6b6c5c8b48f4ca3ecc2c4b02eb0cc38873342563d3bd9cc5b05ee4735730,"[""D:\\pybullet_test\\.venv\\Scripts\\python.exe"", ""run_unified_experiments.py"", ""--formal"", ""--resume"", ""--instances"", ""w30"", ""--solvers"", ""paper_aligned_hga"", ""--seeds"", ""50"", ""--selected-evaluation-budget"", ""<USER_SELECTED_A_OR_B_BUDGET>"", ""--selected-timeout"", ""21600"", ""--output-root"", ""unified_experiments/formal_protocol_19084d42c77dd61803f622f7dd3792c50fea0f387106740c6f6d6bcedc437202/formal/w30/paper_aligned_hga/seed_50""]"
40,formal__w30__paper_aligned_hga__seed_51,2fab0e3e566477294710c7f5296eae3f19fffdaf771928347daa371758bb2a62,paper_aligned_hga,51,11000,16000,,21600,21600,19084d42c77dd61803f622f7dd3792c50fea0f387106740c6f6d6bcedc437202,e9e221a5db62c86aed76061099db5eaeb9b8c63708fbd05e33328b1811a38df4,,separate_postprocess_after_successful_raw_run,unified_experiments/formal_protocol_19084d42c77dd61803f622f7dd3792c50fea0f387106740c6f6d6bcedc437202/formal/w30/paper_aligned_hga/seed_51,19084d42c77dd61803f622f7dd3792c50fea0f387106740c6f6d6bcedc437202:2fab0e3e566477294710c7f5296eae3f19fffdaf771928347daa371758bb2a62:paper_aligned_hga:51:8d9259830d2ca6cfb00a966173421ee591c2b57393b81f52a27c945d8043d566,8d9259830d2ca6cfb00a966173421ee591c2b57393b81f52a27c945d8043d566,"[""D:\\pybullet_test\\.venv\\Scripts\\python.exe"", ""run_unified_experiments.py"", ""--formal"", ""--resume"", ""--instances"", ""w30"", ""--solvers"", ""paper_aligned_hga"", ""--seeds"", ""51"", ""--selected-evaluation-budget"", ""<USER_SELECTED_A_OR_B_BUDGET>"", ""--selected-timeout"", ""21600"", ""--output-root"", ""unified_experiments/formal_protocol_19084d42c77dd61803f622f7dd3792c50fea0f387106740c6f6d6bcedc437202/formal/w30/paper_aligned_hga/seed_51""]"
41,formal__w30__paper_aligned_hga__seed_52,2fab0e3e566477294710c7f5296eae3f19fffdaf771928347daa371758bb2a62,paper_aligned_hga,52,11000,16000,,21600,21600,19084d42c77dd61803f622f7dd3792c50fea0f387106740c6f6d6bcedc437202,e9e221a5db62c86aed76061099db5eaeb9b8c63708fbd05e33328b1811a38df4,,separate_postprocess_after_successful_raw_run,unified_experiments/formal_protocol_19084d42c77dd61803f622f7dd3792c50fea0f387106740c6f6d6bcedc437202/formal/w30/paper_aligned_hga/seed_52,19084d42c77dd61803f622f7dd3792c50fea0f387106740c6f6d6bcedc437202:2fab0e3e566477294710c7f5296eae3f19fffdaf771928347daa371758bb2a62:paper_aligned_hga:52:0eb238d68a269166f11bf1fd1ef8e77253695e53b9f56ec458f0408e0e45f1c9,0eb238d68a269166f11bf1fd1ef8e77253695e53b9f56ec458f0408e0e45f1c9,"[""D:\\pybullet_test\\.venv\\Scripts\\python.exe"", ""run_unified_experiments.py"", ""--formal"", ""--resume"", ""--instances"", ""w30"", ""--solvers"", ""paper_aligned_hga"", ""--seeds"", ""52"", ""--selected-evaluation-budget"", ""<USER_SELECTED_A_OR_B_BUDGET>"", ""--selected-timeout"", ""21600"", ""--output-root"", ""unified_experiments/formal_protocol_19084d42c77dd61803f622f7dd3792c50fea0f387106740c6f6d6bcedc437202/formal/w30/paper_aligned_hga/seed_52""]"
42,formal__w30__paper_aligned_hga__seed_53,2fab0e3e566477294710c7f5296eae3f19fffdaf771928347daa371758bb2a62,paper_aligned_hga,53,11000,16000,,21600,21600,19084d42c77dd61803f622f7dd3792c50fea0f387106740c6f6d6bcedc437202,e9e221a5db62c86aed76061099db5eaeb9b8c63708fbd05e33328b1811a38df4,,separate_postprocess_after_successful_raw_run,unified_experiments/formal_protocol_19084d42c77dd61803f622f7dd3792c50fea0f387106740c6f6d6bcedc437202/formal/w30/paper_aligned_hga/seed_53,19084d42c77dd61803f622f7dd3792c50fea0f387106740c6f6d6bcedc437202:2fab0e3e566477294710c7f5296eae3f19fffdaf771928347daa371758bb2a62:paper_aligned_hga:53:109a1e8c6df857b41c81fb214a775169c43b2ebb1b6e40a13ed680e0fa15d424,109a1e8c6df857b41c81fb214a775169c43b2ebb1b6e40a13ed680e0fa15d424,"[""D:\\pybullet_test\\.venv\\Scripts\\python.exe"", ""run_unified_experiments.py"", ""--formal"", ""--resume"", ""--instances"", ""w30"", ""--solvers"", ""paper_aligned_hga"", ""--seeds"", ""53"", ""--selected-evaluation-budget"", ""<USER_SELECTED_A_OR_B_BUDGET>"", ""--selected-timeout"", ""21600"", ""--output-root"", ""unified_experiments/formal_protocol_19084d42c77dd61803f622f7dd3792c50fea0f387106740c6f6d6bcedc437202/formal/w30/paper_aligned_hga/seed_53""]"
43,formal__w30__paper_aligned_hga__seed_54,2fab0e3e566477294710c7f5296eae3f19fffdaf771928347daa371758bb2a62,paper_aligned_hga,54,11000,16000,,21600,21600,19084d42c77dd61803f622f7dd3792c50fea0f387106740c6f6d6bcedc437202,e9e221a5db62c86aed76061099db5eaeb9b8c63708fbd05e33328b1811a38df4,,separate_postprocess_after_successful_raw_run,unified_experiments/formal_protocol_19084d42c77dd61803f622f7dd3792c50fea0f387106740c6f6d6bcedc437202/formal/w30/paper_aligned_hga/seed_54,19084d42c77dd61803f622f7dd3792c50fea0f387106740c6f6d6bcedc437202:2fab0e3e566477294710c7f5296eae3f19fffdaf771928347daa371758bb2a62:paper_aligned_hga:54:e0cc76ee5fc57ce54b34d329f4fae93d2aaf1947e0062d1b3e59718098f997c3,e0cc76ee5fc57ce54b34d329f4fae93d2aaf1947e0062d1b3e59718098f997c3,"[""D:\\pybullet_test\\.venv\\Scripts\\python.exe"", ""run_unified_experiments.py"", ""--formal"", ""--resume"", ""--instances"", ""w30"", ""--solvers"", ""paper_aligned_hga"", ""--seeds"", ""54"", ""--selected-evaluation-budget"", ""<USER_SELECTED_A_OR_B_BUDGET>"", ""--selected-timeout"", ""21600"", ""--output-root"", ""unified_experiments/formal_protocol_19084d42c77dd61803f622f7dd3792c50fea0f387106740c6f6d6bcedc437202/formal/w30/paper_aligned_hga/seed_54""]"
44,formal__w30__paper_aligned_hga__seed_55,2fab0e3e566477294710c7f5296eae3f19fffdaf771928347daa371758bb2a62,paper_aligned_hga,55,11000,16000,,21600,21600,19084d42c77dd61803f622f7dd3792c50fea0f387106740c6f6d6bcedc437202,e9e221a5db62c86aed76061099db5eaeb9b8c63708fbd05e33328b1811a38df4,,separate_postprocess_after_successful_raw_run,unified_experiments/formal_protocol_19084d42c77dd61803f622f7dd3792c50fea0f387106740c6f6d6bcedc437202/formal/w30/paper_aligned_hga/seed_55,19084d42c77dd61803f622f7dd3792c50fea0f387106740c6f6d6bcedc437202:2fab0e3e566477294710c7f5296eae3f19fffdaf771928347daa371758bb2a62:paper_aligned_hga:55:7e4dd855887b01104b57e26137f48ca548a6b57aed0cc93ba26ef3d8faee6e01,7e4dd855887b01104b57e26137f48ca548a6b57aed0cc93ba26ef3d8faee6e01,"[""D:\\pybullet_test\\.venv\\Scripts\\python.exe"", ""run_unified_experiments.py"", ""--formal"", ""--resume"", ""--instances"", ""w30"", ""--solvers"", ""paper_aligned_hga"", ""--seeds"", ""55"", ""--selected-evaluation-budget"", ""<USER_SELECTED_A_OR_B_BUDGET>"", ""--selected-timeout"", ""21600"", ""--output-root"", ""unified_experiments/formal_protocol_19084d42c77dd61803f622f7dd3792c50fea0f387106740c6f6d6bcedc437202/formal/w30/paper_aligned_hga/seed_55""]"
45,formal__w30__paper_aligned_hga__seed_56,2fab0e3e566477294710c7f5296eae3f19fffdaf771928347daa371758bb2a62,paper_aligned_hga,56,11000,16000,,21600,21600,19084d42c77dd61803f622f7dd3792c50fea0f387106740c6f6d6bcedc437202,e9e221a5db62c86aed76061099db5eaeb9b8c63708fbd05e33328b1811a38df4,,separate_postprocess_after_successful_raw_run,unified_experiments/formal_protocol_19084d42c77dd61803f622f7dd3792c50fea0f387106740c6f6d6bcedc437202/formal/w30/paper_aligned_hga/seed_56,19084d42c77dd61803f622f7dd3792c50fea0f387106740c6f6d6bcedc437202:2fab0e3e566477294710c7f5296eae3f19fffdaf771928347daa371758bb2a62:paper_aligned_hga:56:b56f615e93af032dfd1df8f62aba29a51ddd65b3903091c4b4062eca623b0d47,b56f615e93af032dfd1df8f62aba29a51ddd65b3903091c4b4062eca623b0d47,"[""D:\\pybullet_test\\.venv\\Scripts\\python.exe"", ""run_unified_experiments.py"", ""--formal"", ""--resume"", ""--instances"", ""w30"", ""--solvers"", ""paper_aligned_hga"", ""--seeds"", ""56"", ""--selected-evaluation-budget"", ""<USER_SELECTED_A_OR_B_BUDGET>"", ""--selected-timeout"", ""21600"", ""--output-root"", ""unified_experiments/formal_protocol_19084d42c77dd61803f622f7dd3792c50fea0f387106740c6f6d6bcedc437202/formal/w30/paper_aligned_hga/seed_56""]"
46,formal__w30__paper_aligned_hga__seed_57,2fab0e3e566477294710c7f5296eae3f19fffdaf771928347daa371758bb2a62,paper_aligned_hga,57,11000,16000,,21600,21600,19084d42c77dd61803f622f7dd3792c50fea0f387106740c6f6d6bcedc437202,e9e221a5db62c86aed76061099db5eaeb9b8c63708fbd05e33328b1811a38df4,,separate_postprocess_after_successful_raw_run,unified_experiments/formal_protocol_19084d42c77dd61803f622f7dd3792c50fea0f387106740c6f6d6bcedc437202/formal/w30/paper_aligned_hga/seed_57,19084d42c77dd61803f622f7dd3792c50fea0f387106740c6f6d6bcedc437202:2fab0e3e566477294710c7f5296eae3f19fffdaf771928347daa371758bb2a62:paper_aligned_hga:57:b9e66676a89a6132cc6ce99e0104e6ec263b21159fab6cd9a952021338aa4038,b9e66676a89a6132cc6ce99e0104e6ec263b21159fab6cd9a952021338aa4038,"[""D:\\pybullet_test\\.venv\\Scripts\\python.exe"", ""run_unified_experiments.py"", ""--formal"", ""--resume"", ""--instances"", ""w30"", ""--solvers"", ""paper_aligned_hga"", ""--seeds"", ""57"", ""--selected-evaluation-budget"", ""<USER_SELECTED_A_OR_B_BUDGET>"", ""--selected-timeout"", ""21600"", ""--output-root"", ""unified_experiments/formal_protocol_19084d42c77dd61803f622f7dd3792c50fea0f387106740c6f6d6bcedc437202/formal/w30/paper_aligned_hga/seed_57""]"
47,formal__w30__paper_aligned_hga__seed_58,2fab0e3e566477294710c7f5296eae3f19fffdaf771928347daa371758bb2a62,paper_aligned_hga,58,11000,16000,,21600,21600,19084d42c77dd61803f622f7dd3792c50fea0f387106740c6f6d6bcedc437202,e9e221a5db62c86aed76061099db5eaeb9b8c63708fbd05e33328b1811a38df4,,separate_postprocess_after_successful_raw_run,unified_experiments/formal_protocol_19084d42c77dd61803f622f7dd3792c50fea0f387106740c6f6d6bcedc437202/formal/w30/paper_aligned_hga/seed_58,19084d42c77dd61803f622f7dd3792c50fea0f387106740c6f6d6bcedc437202:2fab0e3e566477294710c7f5296eae3f19fffdaf771928347daa371758bb2a62:paper_aligned_hga:58:c9431e1072102ad4993564cd3a0442d822b6668b15d887009a5570d360139e34,c9431e1072102ad4993564cd3a0442d822b6668b15d887009a5570d360139e34,"[""D:\\pybullet_test\\.venv\\Scripts\\python.exe"", ""run_unified_experiments.py"", ""--formal"", ""--resume"", ""--instances"", ""w30"", ""--solvers"", ""paper_aligned_hga"", ""--seeds"", ""58"", ""--selected-evaluation-budget"", ""<USER_SELECTED_A_OR_B_BUDGET>"", ""--selected-timeout"", ""21600"", ""--output-root"", ""unified_experiments/formal_protocol_19084d42c77dd61803f622f7dd3792c50fea0f387106740c6f6d6bcedc437202/formal/w30/paper_aligned_hga/seed_58""]"
48,formal__w30__paper_aligned_hga__seed_59,2fab0e3e566477294710c7f5296eae3f19fffdaf771928347daa371758bb2a62,paper_aligned_hga,59,11000,16000,,21600,21600,19084d42c77dd61803f622f7dd3792c50fea0f387106740c6f6d6bcedc437202,e9e221a5db62c86aed76061099db5eaeb9b8c63708fbd05e33328b1811a38df4,,separate_postprocess_after_successful_raw_run,unified_experiments/formal_protocol_19084d42c77dd61803f622f7dd3792c50fea0f387106740c6f6d6bcedc437202/formal/w30/paper_aligned_hga/seed_59,19084d42c77dd61803f622f7dd3792c50fea0f387106740c6f6d6bcedc437202:2fab0e3e566477294710c7f5296eae3f19fffdaf771928347daa371758bb2a62:paper_aligned_hga:59:0aa83336a26ffa52fdd287becc4ea9cb064f9d175943adfe28fb0bdf072d36b0,0aa83336a26ffa52fdd287becc4ea9cb064f9d175943adfe28fb0bdf072d36b0,"[""D:\\pybullet_test\\.venv\\Scripts\\python.exe"", ""run_unified_experiments.py"", ""--formal"", ""--resume"", ""--instances"", ""w30"", ""--solvers"", ""paper_aligned_hga"", ""--seeds"", ""59"", ""--selected-evaluation-budget"", ""<USER_SELECTED_A_OR_B_BUDGET>"", ""--selected-timeout"", ""21600"", ""--output-root"", ""unified_experiments/formal_protocol_19084d42c77dd61803f622f7dd3792c50fea0f387106740c6f6d6bcedc437202/formal/w30/paper_aligned_hga/seed_59""]"
49,formal__w30__paper_aligned_hga__seed_60,2fab0e3e566477294710c7f5296eae3f19fffdaf771928347daa371758bb2a62,paper_aligned_hga,60,11000,16000,,21600,21600,19084d42c77dd61803f622f7dd3792c50fea0f387106740c6f6d6bcedc437202,e9e221a5db62c86aed76061099db5eaeb9b8c63708fbd05e33328b1811a38df4,,separate_postprocess_after_successful_raw_run,unified_experiments/formal_protocol_19084d42c77dd61803f622f7dd3792c50fea0f387106740c6f6d6bcedc437202/formal/w30/paper_aligned_hga/seed_60,19084d42c77dd61803f622f7dd3792c50fea0f387106740c6f6d6bcedc437202:2fab0e3e566477294710c7f5296eae3f19fffdaf771928347daa371758bb2a62:paper_aligned_hga:60:a0e6d61c3f03aaca19f919ca9179c1bfad25e70cee409b73ec1f1790cf833560,a0e6d61c3f03aaca19f919ca9179c1bfad25e70cee409b73ec1f1790cf833560,"[""D:\\pybullet_test\\.venv\\Scripts\\python.exe"", ""run_unified_experiments.py"", ""--formal"", ""--resume"", ""--instances"", ""w30"", ""--solvers"", ""paper_aligned_hga"", ""--seeds"", ""60"", ""--selected-evaluation-budget"", ""<USER_SELECTED_A_OR_B_BUDGET>"", ""--selected-timeout"", ""21600"", ""--output-root"", ""unified_experiments/formal_protocol_19084d42c77dd61803f622f7dd3792c50fea0f387106740c6f6d6bcedc437202/formal/w30/paper_aligned_hga/seed_60""]"
50,formal__w30__paper_aligned_hga__seed_61,2fab0e3e566477294710c7f5296eae3f19fffdaf771928347daa371758bb2a62,paper_aligned_hga,61,11000,16000,,21600,21600,19084d42c77dd61803f622f7dd3792c50fea0f387106740c6f6d6bcedc437202,e9e221a5db62c86aed76061099db5eaeb9b8c63708fbd05e33328b1811a38df4,,separate_postprocess_after_successful_raw_run,unified_experiments/formal_protocol_19084d42c77dd61803f622f7dd3792c50fea0f387106740c6f6d6bcedc437202/formal/w30/paper_aligned_hga/seed_61,19084d42c77dd61803f622f7dd3792c50fea0f387106740c6f6d6bcedc437202:2fab0e3e566477294710c7f5296eae3f19fffdaf771928347daa371758bb2a62:paper_aligned_hga:61:a74ead5b1c3c544cada4ff919746cce1a90c1191fa6262e8ec9cb0b393c3cced,a74ead5b1c3c544cada4ff919746cce1a90c1191fa6262e8ec9cb0b393c3cced,"[""D:\\pybullet_test\\.venv\\Scripts\\python.exe"", ""run_unified_experiments.py"", ""--formal"", ""--resume"", ""--instances"", ""w30"", ""--solvers"", ""paper_aligned_hga"", ""--seeds"", ""61"", ""--selected-evaluation-budget"", ""<USER_SELECTED_A_OR_B_BUDGET>"", ""--selected-timeout"", ""21600"", ""--output-root"", ""unified_experiments/formal_protocol_19084d42c77dd61803f622f7dd3792c50fea0f387106740c6f6d6bcedc437202/formal/w30/paper_aligned_hga/seed_61""]"
51,formal__w30__paper_aligned_hga__seed_62,2fab0e3e566477294710c7f5296eae3f19fffdaf771928347daa371758bb2a62,paper_aligned_hga,62,11000,16000,,21600,21600,19084d42c77dd61803f622f7dd3792c50fea0f387106740c6f6d6bcedc437202,e9e221a5db62c86aed76061099db5eaeb9b8c63708fbd05e33328b1811a38df4,,separate_postprocess_after_successful_raw_run,unified_experiments/formal_protocol_19084d42c77dd61803f622f7dd3792c50fea0f387106740c6f6d6bcedc437202/formal/w30/paper_aligned_hga/seed_62,19084d42c77dd61803f622f7dd3792c50fea0f387106740c6f6d6bcedc437202:2fab0e3e566477294710c7f5296eae3f19fffdaf771928347daa371758bb2a62:paper_aligned_hga:62:84459fbd18854adac566ecacfebfa9563b2e648db53b0bbd6225125bc27c57b8,84459fbd18854adac566ecacfebfa9563b2e648db53b0bbd6225125bc27c57b8,"[""D:\\pybullet_test\\.venv\\Scripts\\python.exe"", ""run_unified_experiments.py"", ""--formal"", ""--resume"", ""--instances"", ""w30"", ""--solvers"", ""paper_aligned_hga"", ""--seeds"", ""62"", ""--selected-evaluation-budget"", ""<USER_SELECTED_A_OR_B_BUDGET>"", ""--selected-timeout"", ""21600"", ""--output-root"", ""unified_experiments/formal_protocol_19084d42c77dd61803f622f7dd3792c50fea0f387106740c6f6d6bcedc437202/formal/w30/paper_aligned_hga/seed_62""]"
52,formal__w30__paper_aligned_hga__seed_63,2fab0e3e566477294710c7f5296eae3f19fffdaf771928347daa371758bb2a62,paper_aligned_hga,63,11000,16000,,21600,21600,19084d42c77dd61803f622f7dd3792c50fea0f387106740c6f6d6bcedc437202,e9e221a5db62c86aed76061099db5eaeb9b8c63708fbd05e33328b1811a38df4,,separate_postprocess_after_successful_raw_run,unified_experiments/formal_protocol_19084d42c77dd61803f622f7dd3792c50fea0f387106740c6f6d6bcedc437202/formal/w30/paper_aligned_hga/seed_63,19084d42c77dd61803f622f7dd3792c50fea0f387106740c6f6d6bcedc437202:2fab0e3e566477294710c7f5296eae3f19fffdaf771928347daa371758bb2a62:paper_aligned_hga:63:085b04758598908b0845994d26979a20b61d1ee6af792a66e0fb56ff1e934cac,085b04758598908b0845994d26979a20b61d1ee6af792a66e0fb56ff1e934cac,"[""D:\\pybullet_test\\.venv\\Scripts\\python.exe"", ""run_unified_experiments.py"", ""--formal"", ""--resume"", ""--instances"", ""w30"", ""--solvers"", ""paper_aligned_hga"", ""--seeds"", ""63"", ""--selected-evaluation-budget"", ""<USER_SELECTED_A_OR_B_BUDGET>"", ""--selected-timeout"", ""21600"", ""--output-root"", ""unified_experiments/formal_protocol_19084d42c77dd61803f622f7dd3792c50fea0f387106740c6f6d6bcedc437202/formal/w30/paper_aligned_hga/seed_63""]"
53,formal__w30__paper_aligned_hga__seed_64,2fab0e3e566477294710c7f5296eae3f19fffdaf771928347daa371758bb2a62,paper_aligned_hga,64,11000,16000,,21600,21600,19084d42c77dd61803f622f7dd3792c50fea0f387106740c6f6d6bcedc437202,e9e221a5db62c86aed76061099db5eaeb9b8c63708fbd05e33328b1811a38df4,,separate_postprocess_after_successful_raw_run,unified_experiments/formal_protocol_19084d42c77dd61803f622f7dd3792c50fea0f387106740c6f6d6bcedc437202/formal/w30/paper_aligned_hga/seed_64,19084d42c77dd61803f622f7dd3792c50fea0f387106740c6f6d6bcedc437202:2fab0e3e566477294710c7f5296eae3f19fffdaf771928347daa371758bb2a62:paper_aligned_hga:64:0c99a5aac86750a4a949fd6dafb5a48da99561b5337958c09ce5ef76b459ea01,0c99a5aac86750a4a949fd6dafb5a48da99561b5337958c09ce5ef76b459ea01,"[""D:\\pybullet_test\\.venv\\Scripts\\python.exe"", ""run_unified_experiments.py"", ""--formal"", ""--resume"", ""--instances"", ""w30"", ""--solvers"", ""paper_aligned_hga"", ""--seeds"", ""64"", ""--selected-evaluation-budget"", ""<USER_SELECTED_A_OR_B_BUDGET>"", ""--selected-timeout"", ""21600"", ""--output-root"", ""unified_experiments/formal_protocol_19084d42c77dd61803f622f7dd3792c50fea0f387106740c6f6d6bcedc437202/formal/w30/paper_aligned_hga/seed_64""]"
54,formal__w30__paper_aligned_hga__seed_65,2fab0e3e566477294710c7f5296eae3f19fffdaf771928347daa371758bb2a62,paper_aligned_hga,65,11000,16000,,21600,21600,19084d42c77dd61803f622f7dd3792c50fea0f387106740c6f6d6bcedc437202,e9e221a5db62c86aed76061099db5eaeb9b8c63708fbd05e33328b1811a38df4,,separate_postprocess_after_successful_raw_run,unified_experiments/formal_protocol_19084d42c77dd61803f622f7dd3792c50fea0f387106740c6f6d6bcedc437202/formal/w30/paper_aligned_hga/seed_65,19084d42c77dd61803f622f7dd3792c50fea0f387106740c6f6d6bcedc437202:2fab0e3e566477294710c7f5296eae3f19fffdaf771928347daa371758bb2a62:paper_aligned_hga:65:35b2436462ff59c9436123639dc38bb4a664689b2c76c8fb858ea5fc1117fff3,35b2436462ff59c9436123639dc38bb4a664689b2c76c8fb858ea5fc1117fff3,"[""D:\\pybullet_test\\.venv\\Scripts\\python.exe"", ""run_unified_experiments.py"", ""--formal"", ""--resume"", ""--instances"", ""w30"", ""--solvers"", ""paper_aligned_hga"", ""--seeds"", ""65"", ""--selected-evaluation-budget"", ""<USER_SELECTED_A_OR_B_BUDGET>"", ""--selected-timeout"", ""21600"", ""--output-root"", ""unified_experiments/formal_protocol_19084d42c77dd61803f622f7dd3792c50fea0f387106740c6f6d6bcedc437202/formal/w30/paper_aligned_hga/seed_65""]"
55,formal__w30__paper_aligned_hga__seed_66,2fab0e3e566477294710c7f5296eae3f19fffdaf771928347daa371758bb2a62,paper_aligned_hga,66,11000,16000,,21600,21600,19084d42c77dd61803f622f7dd3792c50fea0f387106740c6f6d6bcedc437202,e9e221a5db62c86aed76061099db5eaeb9b8c63708fbd05e33328b1811a38df4,,separate_postprocess_after_successful_raw_run,unified_experiments/formal_protocol_19084d42c77dd61803f622f7dd3792c50fea0f387106740c6f6d6bcedc437202/formal/w30/paper_aligned_hga/seed_66,19084d42c77dd61803f622f7dd3792c50fea0f387106740c6f6d6bcedc437202:2fab0e3e566477294710c7f5296eae3f19fffdaf771928347daa371758bb2a62:paper_aligned_hga:66:3ef60a40d73002fe417afcb61a14441af5fbd64fbf44a4721150496076d83030,3ef60a40d73002fe417afcb61a14441af5fbd64fbf44a4721150496076d83030,"[""D:\\pybullet_test\\.venv\\Scripts\\python.exe"", ""run_unified_experiments.py"", ""--formal"", ""--resume"", ""--instances"", ""w30"", ""--solvers"", ""paper_aligned_hga"", ""--seeds"", ""66"", ""--selected-evaluation-budget"", ""<USER_SELECTED_A_OR_B_BUDGET>"", ""--selected-timeout"", ""21600"", ""--output-root"", ""unified_experiments/formal_protocol_19084d42c77dd61803f622f7dd3792c50fea0f387106740c6f6d6bcedc437202/formal/w30/paper_aligned_hga/seed_66""]"
56,formal__w30__paper_aligned_hga__seed_67,2fab0e3e566477294710c7f5296eae3f19fffdaf771928347daa371758bb2a62,paper_aligned_hga,67,11000,16000,,21600,21600,19084d42c77dd61803f622f7dd3792c50fea0f387106740c6f6d6bcedc437202,e9e221a5db62c86aed76061099db5eaeb9b8c63708fbd05e33328b1811a38df4,,separate_postprocess_after_successful_raw_run,unified_experiments/formal_protocol_19084d42c77dd61803f622f7dd3792c50fea0f387106740c6f6d6bcedc437202/formal/w30/paper_aligned_hga/seed_67,19084d42c77dd61803f622f7dd3792c50fea0f387106740c6f6d6bcedc437202:2fab0e3e566477294710c7f5296eae3f19fffdaf771928347daa371758bb2a62:paper_aligned_hga:67:99318e254a93df34bc78e61863ae80fdb2f89b0adc5d8ba0919c69fa611b442a,99318e254a93df34bc78e61863ae80fdb2f89b0adc5d8ba0919c69fa611b442a,"[""D:\\pybullet_test\\.venv\\Scripts\\python.exe"", ""run_unified_experiments.py"", ""--formal"", ""--resume"", ""--instances"", ""w30"", ""--solvers"", ""paper_aligned_hga"", ""--seeds"", ""67"", ""--selected-evaluation-budget"", ""<USER_SELECTED_A_OR_B_BUDGET>"", ""--selected-timeout"", ""21600"", ""--output-root"", ""unified_experiments/formal_protocol_19084d42c77dd61803f622f7dd3792c50fea0f387106740c6f6d6bcedc437202/formal/w30/paper_aligned_hga/seed_67""]"
57,formal__w30__paper_aligned_hga__seed_68,2fab0e3e566477294710c7f5296eae3f19fffdaf771928347daa371758bb2a62,paper_aligned_hga,68,11000,16000,,21600,21600,19084d42c77dd61803f622f7dd3792c50fea0f387106740c6f6d6bcedc437202,e9e221a5db62c86aed76061099db5eaeb9b8c63708fbd05e33328b1811a38df4,,separate_postprocess_after_successful_raw_run,unified_experiments/formal_protocol_19084d42c77dd61803f622f7dd3792c50fea0f387106740c6f6d6bcedc437202/formal/w30/paper_aligned_hga/seed_68,19084d42c77dd61803f622f7dd3792c50fea0f387106740c6f6d6bcedc437202:2fab0e3e566477294710c7f5296eae3f19fffdaf771928347daa371758bb2a62:paper_aligned_hga:68:7f11bbd367d56d6a3776ef06299cfe5b24ed92f2811661b6f7c0da8361df0fb9,7f11bbd367d56d6a3776ef06299cfe5b24ed92f2811661b6f7c0da8361df0fb9,"[""D:\\pybullet_test\\.venv\\Scripts\\python.exe"", ""run_unified_experiments.py"", ""--formal"", ""--resume"", ""--instances"", ""w30"", ""--solvers"", ""paper_aligned_hga"", ""--seeds"", ""68"", ""--selected-evaluation-budget"", ""<USER_SELECTED_A_OR_B_BUDGET>"", ""--selected-timeout"", ""21600"", ""--output-root"", ""unified_experiments/formal_protocol_19084d42c77dd61803f622f7dd3792c50fea0f387106740c6f6d6bcedc437202/formal/w30/paper_aligned_hga/seed_68""]"
58,formal__w30__paper_aligned_hga__seed_69,2fab0e3e566477294710c7f5296eae3f19fffdaf771928347daa371758bb2a62,paper_aligned_hga,69,11000,16000,,21600,21600,19084d42c77dd61803f622f7dd3792c50fea0f387106740c6f6d6bcedc437202,e9e221a5db62c86aed76061099db5eaeb9b8c63708fbd05e33328b1811a38df4,,separate_postprocess_after_successful_raw_run,unified_experiments/formal_protocol_19084d42c77dd61803f622f7dd3792c50fea0f387106740c6f6d6bcedc437202/formal/w30/paper_aligned_hga/seed_69,19084d42c77dd61803f622f7dd3792c50fea0f387106740c6f6d6bcedc437202:2fab0e3e566477294710c7f5296eae3f19fffdaf771928347daa371758bb2a62:paper_aligned_hga:69:ed97b2cd7b5e79814c6d0744fd8d648559ce1da79ffb2cfceed853fd50716923,ed97b2cd7b5e79814c6d0744fd8d648559ce1da79ffb2cfceed853fd50716923,"[""D:\\pybullet_test\\.venv\\Scripts\\python.exe"", ""run_unified_experiments.py"", ""--formal"", ""--resume"", ""--instances"", ""w30"", ""--solvers"", ""paper_aligned_hga"", ""--seeds"", ""69"", ""--selected-evaluation-budget"", ""<USER_SELECTED_A_OR_B_BUDGET>"", ""--selected-timeout"", ""21600"", ""--output-root"", ""unified_experiments/formal_protocol_19084d42c77dd61803f622f7dd3792c50fea0f387106740c6f6d6bcedc437202/formal/w30/paper_aligned_hga/seed_69""]"
59,formal__w30__paper_aligned_hga__seed_70,2fab0e3e566477294710c7f5296eae3f19fffdaf771928347daa371758bb2a62,paper_aligned_hga,70,11000,16000,,21600,21600,19084d42c77dd61803f622f7dd3792c50fea0f387106740c6f6d6bcedc437202,e9e221a5db62c86aed76061099db5eaeb9b8c63708fbd05e33328b1811a38df4,,separate_postprocess_after_successful_raw_run,unified_experiments/formal_protocol_19084d42c77dd61803f622f7dd3792c50fea0f387106740c6f6d6bcedc437202/formal/w30/paper_aligned_hga/seed_70,19084d42c77dd61803f622f7dd3792c50fea0f387106740c6f6d6bcedc437202:2fab0e3e566477294710c7f5296eae3f19fffdaf771928347daa371758bb2a62:paper_aligned_hga:70:23c1809a23e3357d5f5967e2404f1bc106e1035c4175c72dded56bbd47c494ce,23c1809a23e3357d5f5967e2404f1bc106e1035c4175c72dded56bbd47c494ce,"[""D:\\pybullet_test\\.venv\\Scripts\\python.exe"", ""run_unified_experiments.py"", ""--formal"", ""--resume"", ""--instances"", ""w30"", ""--solvers"", ""paper_aligned_hga"", ""--seeds"", ""70"", ""--selected-evaluation-budget"", ""<USER_SELECTED_A_OR_B_BUDGET>"", ""--selected-timeout"", ""21600"", ""--output-root"", ""unified_experiments/formal_protocol_19084d42c77dd61803f622f7dd3792c50fea0f387106740c6f6d6bcedc437202/formal/w30/paper_aligned_hga/seed_70""]"
60,formal__w30__paper_aligned_hga__seed_71,2fab0e3e566477294710c7f5296eae3f19fffdaf771928347daa371758bb2a62,paper_aligned_hga,71,11000,16000,,21600,21600,19084d42c77dd61803f622f7dd3792c50fea0f387106740c6f6d6bcedc437202,e9e221a5db62c86aed76061099db5eaeb9b8c63708fbd05e33328b1811a38df4,,separate_postprocess_after_successful_raw_run,unified_experiments/formal_protocol_19084d42c77dd61803f622f7dd3792c50fea0f387106740c6f6d6bcedc437202/formal/w30/paper_aligned_hga/seed_71,19084d42c77dd61803f622f7dd3792c50fea0f387106740c6f6d6bcedc437202:2fab0e3e566477294710c7f5296eae3f19fffdaf771928347daa371758bb2a62:paper_aligned_hga:71:b05cd068883cbe2d4effe5c82b288994cbcf7c9644f1e3632144fb414a44a6d6,b05cd068883cbe2d4effe5c82b288994cbcf7c9644f1e3632144fb414a44a6d6,"[""D:\\pybullet_test\\.venv\\Scripts\\python.exe"", ""run_unified_experiments.py"", ""--formal"", ""--resume"", ""--instances"", ""w30"", ""--solvers"", ""paper_aligned_hga"", ""--seeds"", ""71"", ""--selected-evaluation-budget"", ""<USER_SELECTED_A_OR_B_BUDGET>"", ""--selected-timeout"", ""21600"", ""--output-root"", ""unified_experiments/formal_protocol_19084d42c77dd61803f622f7dd3792c50fea0f387106740c6f6d6bcedc437202/formal/w30/paper_aligned_hga/seed_71""]"
61,formal__w30__abma__seed_42,2fab0e3e566477294710c7f5296eae3f19fffdaf771928347daa371758bb2a62,abma,42,11000,16000,,21600,21600,19084d42c77dd61803f622f7dd3792c50fea0f387106740c6f6d6bcedc437202,e9e221a5db62c86aed76061099db5eaeb9b8c63708fbd05e33328b1811a38df4,631b2d675e7531d04a3c019cc8013158223944074da3e42d489a5745addee1d3,separate_postprocess_after_successful_raw_run,unified_experiments/formal_protocol_19084d42c77dd61803f622f7dd3792c50fea0f387106740c6f6d6bcedc437202/formal/w30/abma/seed_42,19084d42c77dd61803f622f7dd3792c50fea0f387106740c6f6d6bcedc437202:2fab0e3e566477294710c7f5296eae3f19fffdaf771928347daa371758bb2a62:abma:42:8ad7d596870808a28b6c19c3d58ee0d74660464087132e63e734f5a413341269,8ad7d596870808a28b6c19c3d58ee0d74660464087132e63e734f5a413341269,"[""D:\\pybullet_test\\.venv\\Scripts\\python.exe"", ""run_unified_experiments.py"", ""--formal"", ""--resume"", ""--instances"", ""w30"", ""--solvers"", ""abma"", ""--seeds"", ""42"", ""--selected-evaluation-budget"", ""<USER_SELECTED_A_OR_B_BUDGET>"", ""--selected-timeout"", ""21600"", ""--output-root"", ""unified_experiments/formal_protocol_19084d42c77dd61803f622f7dd3792c50fea0f387106740c6f6d6bcedc437202/formal/w30/abma/seed_42""]"
62,formal__w30__abma__seed_43,2fab0e3e566477294710c7f5296eae3f19fffdaf771928347daa371758bb2a62,abma,43,11000,16000,,21600,21600,19084d42c77dd61803f622f7dd3792c50fea0f387106740c6f6d6bcedc437202,e9e221a5db62c86aed76061099db5eaeb9b8c63708fbd05e33328b1811a38df4,631b2d675e7531d04a3c019cc8013158223944074da3e42d489a5745addee1d3,separate_postprocess_after_successful_raw_run,unified_experiments/formal_protocol_19084d42c77dd61803f622f7dd3792c50fea0f387106740c6f6d6bcedc437202/formal/w30/abma/seed_43,19084d42c77dd61803f622f7dd3792c50fea0f387106740c6f6d6bcedc437202:2fab0e3e566477294710c7f5296eae3f19fffdaf771928347daa371758bb2a62:abma:43:eca16d919a26479265576868920e8fa508214ef4210d947f299792a4e7e83ab6,eca16d919a26479265576868920e8fa508214ef4210d947f299792a4e7e83ab6,"[""D:\\pybullet_test\\.venv\\Scripts\\python.exe"", ""run_unified_experiments.py"", ""--formal"", ""--resume"", ""--instances"", ""w30"", ""--solvers"", ""abma"", ""--seeds"", ""43"", ""--selected-evaluation-budget"", ""<USER_SELECTED_A_OR_B_BUDGET>"", ""--selected-timeout"", ""21600"", ""--output-root"", ""unified_experiments/formal_protocol_19084d42c77dd61803f622f7dd3792c50fea0f387106740c6f6d6bcedc437202/formal/w30/abma/seed_43""]"
63,formal__w30__abma__seed_44,2fab0e3e566477294710c7f5296eae3f19fffdaf771928347daa371758bb2a62,abma,44,11000,16000,,21600,21600,19084d42c77dd61803f622f7dd3792c50fea0f387106740c6f6d6bcedc437202,e9e221a5db62c86aed76061099db5eaeb9b8c63708fbd05e33328b1811a38df4,631b2d675e7531d04a3c019cc8013158223944074da3e42d489a5745addee1d3,separate_postprocess_after_successful_raw_run,unified_experiments/formal_protocol_19084d42c77dd61803f622f7dd3792c50fea0f387106740c6f6d6bcedc437202/formal/w30/abma/seed_44,19084d42c77dd61803f622f7dd3792c50fea0f387106740c6f6d6bcedc437202:2fab0e3e566477294710c7f5296eae3f19fffdaf771928347daa371758bb2a62:abma:44:c9158fe0d5bac6f2cdd49646be2c2f23dd9d6be8fff19db1573fcdcbd95d5c08,c9158fe0d5bac6f2cdd49646be2c2f23dd9d6be8fff19db1573fcdcbd95d5c08,"[""D:\\pybullet_test\\.venv\\Scripts\\python.exe"", ""run_unified_experiments.py"", ""--formal"", ""--resume"", ""--instances"", ""w30"", ""--solvers"", ""abma"", ""--seeds"", ""44"", ""--selected-evaluation-budget"", ""<USER_SELECTED_A_OR_B_BUDGET>"", ""--selected-timeout"", ""21600"", ""--output-root"", ""unified_experiments/formal_protocol_19084d42c77dd61803f622f7dd3792c50fea0f387106740c6f6d6bcedc437202/formal/w30/abma/seed_44""]"
64,formal__w30__abma__seed_45,2fab0e3e566477294710c7f5296eae3f19fffdaf771928347daa371758bb2a62,abma,45,11000,16000,,21600,21600,19084d42c77dd61803f622f7dd3792c50fea0f387106740c6f6d6bcedc437202,e9e221a5db62c86aed76061099db5eaeb9b8c63708fbd05e33328b1811a38df4,631b2d675e7531d04a3c019cc8013158223944074da3e42d489a5745addee1d3,separate_postprocess_after_successful_raw_run,unified_experiments/formal_protocol_19084d42c77dd61803f622f7dd3792c50fea0f387106740c6f6d6bcedc437202/formal/w30/abma/seed_45,19084d42c77dd61803f622f7dd3792c50fea0f387106740c6f6d6bcedc437202:2fab0e3e566477294710c7f5296eae3f19fffdaf771928347daa371758bb2a62:abma:45:adaf54f902d1fbfd6d4ab81481e40a42e0e61b26b0262e7f16ef0414bb3d3980,adaf54f902d1fbfd6d4ab81481e40a42e0e61b26b0262e7f16ef0414bb3d3980,"[""D:\\pybullet_test\\.venv\\Scripts\\python.exe"", ""run_unified_experiments.py"", ""--formal"", ""--resume"", ""--instances"", ""w30"", ""--solvers"", ""abma"", ""--seeds"", ""45"", ""--selected-evaluation-budget"", ""<USER_SELECTED_A_OR_B_BUDGET>"", ""--selected-timeout"", ""21600"", ""--output-root"", ""unified_experiments/formal_protocol_19084d42c77dd61803f622f7dd3792c50fea0f387106740c6f6d6bcedc437202/formal/w30/abma/seed_45""]"
65,formal__w30__abma__seed_46,2fab0e3e566477294710c7f5296eae3f19fffdaf771928347daa371758bb2a62,abma,46,11000,16000,,21600,21600,19084d42c77dd61803f622f7dd3792c50fea0f387106740c6f6d6bcedc437202,e9e221a5db62c86aed76061099db5eaeb9b8c63708fbd05e33328b1811a38df4,631b2d675e7531d04a3c019cc8013158223944074da3e42d489a5745addee1d3,separate_postprocess_after_successful_raw_run,unified_experiments/formal_protocol_19084d42c77dd61803f622f7dd3792c50fea0f387106740c6f6d6bcedc437202/formal/w30/abma/seed_46,19084d42c77dd61803f622f7dd3792c50fea0f387106740c6f6d6bcedc437202:2fab0e3e566477294710c7f5296eae3f19fffdaf771928347daa371758bb2a62:abma:46:76d9aff89c8403301e988a87da51281cb6821794cb75faf671aec9604f7a451c,76d9aff89c8403301e988a87da51281cb6821794cb75faf671aec9604f7a451c,"[""D:\\pybullet_test\\.venv\\Scripts\\python.exe"", ""run_unified_experiments.py"", ""--formal"", ""--resume"", ""--instances"", ""w30"", ""--solvers"", ""abma"", ""--seeds"", ""46"", ""--selected-evaluation-budget"", ""<USER_SELECTED_A_OR_B_BUDGET>"", ""--selected-timeout"", ""21600"", ""--output-root"", ""unified_experiments/formal_protocol_19084d42c77dd61803f622f7dd3792c50fea0f387106740c6f6d6bcedc437202/formal/w30/abma/seed_46""]"
66,formal__w30__abma__seed_47,2fab0e3e566477294710c7f5296eae3f19fffdaf771928347daa371758bb2a62,abma,47,11000,16000,,21600,21600,19084d42c77dd61803f622f7dd3792c50fea0f387106740c6f6d6bcedc437202,e9e221a5db62c86aed76061099db5eaeb9b8c63708fbd05e33328b1811a38df4,631b2d675e7531d04a3c019cc8013158223944074da3e42d489a5745addee1d3,separate_postprocess_after_successful_raw_run,unified_experiments/formal_protocol_19084d42c77dd61803f622f7dd3792c50fea0f387106740c6f6d6bcedc437202/formal/w30/abma/seed_47,19084d42c77dd61803f622f7dd3792c50fea0f387106740c6f6d6bcedc437202:2fab0e3e566477294710c7f5296eae3f19fffdaf771928347daa371758bb2a62:abma:47:41f7e125bc93de60cddee1bad2e9a8d44813f503ffc7a567b7b2301cb264b670,41f7e125bc93de60cddee1bad2e9a8d44813f503ffc7a567b7b2301cb264b670,"[""D:\\pybullet_test\\.venv\\Scripts\\python.exe"", ""run_unified_experiments.py"", ""--formal"", ""--resume"", ""--instances"", ""w30"", ""--solvers"", ""abma"", ""--seeds"", ""47"", ""--selected-evaluation-budget"", ""<USER_SELECTED_A_OR_B_BUDGET>"", ""--selected-timeout"", ""21600"", ""--output-root"", ""unified_experiments/formal_protocol_19084d42c77dd61803f622f7dd3792c50fea0f387106740c6f6d6bcedc437202/formal/w30/abma/seed_47""]"
67,formal__w30__abma__seed_48,2fab0e3e566477294710c7f5296eae3f19fffdaf771928347daa371758bb2a62,abma,48,11000,16000,,21600,21600,19084d42c77dd61803f622f7dd3792c50fea0f387106740c6f6d6bcedc437202,e9e221a5db62c86aed76061099db5eaeb9b8c63708fbd05e33328b1811a38df4,631b2d675e7531d04a3c019cc8013158223944074da3e42d489a5745addee1d3,separate_postprocess_after_successful_raw_run,unified_experiments/formal_protocol_19084d42c77dd61803f622f7dd3792c50fea0f387106740c6f6d6bcedc437202/formal/w30/abma/seed_48,19084d42c77dd61803f622f7dd3792c50fea0f387106740c6f6d6bcedc437202:2fab0e3e566477294710c7f5296eae3f19fffdaf771928347daa371758bb2a62:abma:48:48fbfaef286cfd3f5f7f80d31099a8ee88902665745ba470c7466ec687a4b308,48fbfaef286cfd3f5f7f80d31099a8ee88902665745ba470c7466ec687a4b308,"[""D:\\pybullet_test\\.venv\\Scripts\\python.exe"", ""run_unified_experiments.py"", ""--formal"", ""--resume"", ""--instances"", ""w30"", ""--solvers"", ""abma"", ""--seeds"", ""48"", ""--selected-evaluation-budget"", ""<USER_SELECTED_A_OR_B_BUDGET>"", ""--selected-timeout"", ""21600"", ""--output-root"", ""unified_experiments/formal_protocol_19084d42c77dd61803f622f7dd3792c50fea0f387106740c6f6d6bcedc437202/formal/w30/abma/seed_48""]"
68,formal__w30__abma__seed_49,2fab0e3e566477294710c7f5296eae3f19fffdaf771928347daa371758bb2a62,abma,49,11000,16000,,21600,21600,19084d42c77dd61803f622f7dd3792c50fea0f387106740c6f6d6bcedc437202,e9e221a5db62c86aed76061099db5eaeb9b8c63708fbd05e33328b1811a38df4,631b2d675e7531d04a3c019cc8013158223944074da3e42d489a5745addee1d3,separate_postprocess_after_successful_raw_run,unified_experiments/formal_protocol_19084d42c77dd61803f622f7dd3792c50fea0f387106740c6f6d6bcedc437202/formal/w30/abma/seed_49,19084d42c77dd61803f622f7dd3792c50fea0f387106740c6f6d6bcedc437202:2fab0e3e566477294710c7f5296eae3f19fffdaf771928347daa371758bb2a62:abma:49:8dd7207267732fe1a40e8a01eacddbef8557a8ae0fba65c415fa43d27549045b,8dd7207267732fe1a40e8a01eacddbef8557a8ae0fba65c415fa43d27549045b,"[""D:\\pybullet_test\\.venv\\Scripts\\python.exe"", ""run_unified_experiments.py"", ""--formal"", ""--resume"", ""--instances"", ""w30"", ""--solvers"", ""abma"", ""--seeds"", ""49"", ""--selected-evaluation-budget"", ""<USER_SELECTED_A_OR_B_BUDGET>"", ""--selected-timeout"", ""21600"", ""--output-root"", ""unified_experiments/formal_protocol_19084d42c77dd61803f622f7dd3792c50fea0f387106740c6f6d6bcedc437202/formal/w30/abma/seed_49""]"
69,formal__w30__abma__seed_50,2fab0e3e566477294710c7f5296eae3f19fffdaf771928347daa371758bb2a62,abma,50,11000,16000,,21600,21600,19084d42c77dd61803f622f7dd3792c50fea0f387106740c6f6d6bcedc437202,e9e221a5db62c86aed76061099db5eaeb9b8c63708fbd05e33328b1811a38df4,631b2d675e7531d04a3c019cc8013158223944074da3e42d489a5745addee1d3,separate_postprocess_after_successful_raw_run,unified_experiments/formal_protocol_19084d42c77dd61803f622f7dd3792c50fea0f387106740c6f6d6bcedc437202/formal/w30/abma/seed_50,19084d42c77dd61803f622f7dd3792c50fea0f387106740c6f6d6bcedc437202:2fab0e3e566477294710c7f5296eae3f19fffdaf771928347daa371758bb2a62:abma:50:d70487b99ed1e13ee0dbc25271ea8d683c4b16d56b5276ae85adb31a37951230,d70487b99ed1e13ee0dbc25271ea8d683c4b16d56b5276ae85adb31a37951230,"[""D:\\pybullet_test\\.venv\\Scripts\\python.exe"", ""run_unified_experiments.py"", ""--formal"", ""--resume"", ""--instances"", ""w30"", ""--solvers"", ""abma"", ""--seeds"", ""50"", ""--selected-evaluation-budget"", ""<USER_SELECTED_A_OR_B_BUDGET>"", ""--selected-timeout"", ""21600"", ""--output-root"", ""unified_experiments/formal_protocol_19084d42c77dd61803f622f7dd3792c50fea0f387106740c6f6d6bcedc437202/formal/w30/abma/seed_50""]"
70,formal__w30__abma__seed_51,2fab0e3e566477294710c7f5296eae3f19fffdaf771928347daa371758bb2a62,abma,51,11000,16000,,21600,21600,19084d42c77dd61803f622f7dd3792c50fea0f387106740c6f6d6bcedc437202,e9e221a5db62c86aed76061099db5eaeb9b8c63708fbd05e33328b1811a38df4,631b2d675e7531d04a3c019cc8013158223944074da3e42d489a5745addee1d3,separate_postprocess_after_successful_raw_run,unified_experiments/formal_protocol_19084d42c77dd61803f622f7dd3792c50fea0f387106740c6f6d6bcedc437202/formal/w30/abma/seed_51,19084d42c77dd61803f622f7dd3792c50fea0f387106740c6f6d6bcedc437202:2fab0e3e566477294710c7f5296eae3f19fffdaf771928347daa371758bb2a62:abma:51:2e6614bfefa98e851a7d56736a90d30eb9739c3b6a926f49f22b4c82191272c1,2e6614bfefa98e851a7d56736a90d30eb9739c3b6a926f49f22b4c82191272c1,"[""D:\\pybullet_test\\.venv\\Scripts\\python.exe"", ""run_unified_experiments.py"", ""--formal"", ""--resume"", ""--instances"", ""w30"", ""--solvers"", ""abma"", ""--seeds"", ""51"", ""--selected-evaluation-budget"", ""<USER_SELECTED_A_OR_B_BUDGET>"", ""--selected-timeout"", ""21600"", ""--output-root"", ""unified_experiments/formal_protocol_19084d42c77dd61803f622f7dd3792c50fea0f387106740c6f6d6bcedc437202/formal/w30/abma/seed_51""]"
71,formal__w30__abma__seed_52,2fab0e3e566477294710c7f5296eae3f19fffdaf771928347daa371758bb2a62,abma,52,11000,16000,,21600,21600,19084d42c77dd61803f622f7dd3792c50fea0f387106740c6f6d6bcedc437202,e9e221a5db62c86aed76061099db5eaeb9b8c63708fbd05e33328b1811a38df4,631b2d675e7531d04a3c019cc8013158223944074da3e42d489a5745addee1d3,separate_postprocess_after_successful_raw_run,unified_experiments/formal_protocol_19084d42c77dd61803f622f7dd3792c50fea0f387106740c6f6d6bcedc437202/formal/w30/abma/seed_52,19084d42c77dd61803f622f7dd3792c50fea0f387106740c6f6d6bcedc437202:2fab0e3e566477294710c7f5296eae3f19fffdaf771928347daa371758bb2a62:abma:52:b4fce066cc456de35700ce588e4e41e45e64c6c7017655e44163236fd2d2d758,b4fce066cc456de35700ce588e4e41e45e64c6c7017655e44163236fd2d2d758,"[""D:\\pybullet_test\\.venv\\Scripts\\python.exe"", ""run_unified_experiments.py"", ""--formal"", ""--resume"", ""--instances"", ""w30"", ""--solvers"", ""abma"", ""--seeds"", ""52"", ""--selected-evaluation-budget"", ""<USER_SELECTED_A_OR_B_BUDGET>"", ""--selected-timeout"", ""21600"", ""--output-root"", ""unified_experiments/formal_protocol_19084d42c77dd61803f622f7dd3792c50fea0f387106740c6f6d6bcedc437202/formal/w30/abma/seed_52""]"
72,formal__w30__abma__seed_53,2fab0e3e566477294710c7f5296eae3f19fffdaf771928347daa371758bb2a62,abma,53,11000,16000,,21600,21600,19084d42c77dd61803f622f7dd3792c50fea0f387106740c6f6d6bcedc437202,e9e221a5db62c86aed76061099db5eaeb9b8c63708fbd05e33328b1811a38df4,631b2d675e7531d04a3c019cc8013158223944074da3e42d489a5745addee1d3,separate_postprocess_after_successful_raw_run,unified_experiments/formal_protocol_19084d42c77dd61803f622f7dd3792c50fea0f387106740c6f6d6bcedc437202/formal/w30/abma/seed_53,19084d42c77dd61803f622f7dd3792c50fea0f387106740c6f6d6bcedc437202:2fab0e3e566477294710c7f5296eae3f19fffdaf771928347daa371758bb2a62:abma:53:e9305ca53003a40bccb410df4e708adad65c9dc2afc067809c5339c06ff595d9,e9305ca53003a40bccb410df4e708adad65c9dc2afc067809c5339c06ff595d9,"[""D:\\pybullet_test\\.venv\\Scripts\\python.exe"", ""run_unified_experiments.py"", ""--formal"", ""--resume"", ""--instances"", ""w30"", ""--solvers"", ""abma"", ""--seeds"", ""53"", ""--selected-evaluation-budget"", ""<USER_SELECTED_A_OR_B_BUDGET>"", ""--selected-timeout"", ""21600"", ""--output-root"", ""unified_experiments/formal_protocol_19084d42c77dd61803f622f7dd3792c50fea0f387106740c6f6d6bcedc437202/formal/w30/abma/seed_53""]"
73,formal__w30__abma__seed_54,2fab0e3e566477294710c7f5296eae3f19fffdaf771928347daa371758bb2a62,abma,54,11000,16000,,21600,21600,19084d42c77dd61803f622f7dd3792c50fea0f387106740c6f6d6bcedc437202,e9e221a5db62c86aed76061099db5eaeb9b8c63708fbd05e33328b1811a38df4,631b2d675e7531d04a3c019cc8013158223944074da3e42d489a5745addee1d3,separate_postprocess_after_successful_raw_run,unified_experiments/formal_protocol_19084d42c77dd61803f622f7dd3792c50fea0f387106740c6f6d6bcedc437202/formal/w30/abma/seed_54,19084d42c77dd61803f622f7dd3792c50fea0f387106740c6f6d6bcedc437202:2fab0e3e566477294710c7f5296eae3f19fffdaf771928347daa371758bb2a62:abma:54:61e62f3826aad05f9277cd42306d0cc29217dd753203a673ed56a749ef618d2a,61e62f3826aad05f9277cd42306d0cc29217dd753203a673ed56a749ef618d2a,"[""D:\\pybullet_test\\.venv\\Scripts\\python.exe"", ""run_unified_experiments.py"", ""--formal"", ""--resume"", ""--instances"", ""w30"", ""--solvers"", ""abma"", ""--seeds"", ""54"", ""--selected-evaluation-budget"", ""<USER_SELECTED_A_OR_B_BUDGET>"", ""--selected-timeout"", ""21600"", ""--output-root"", ""unified_experiments/formal_protocol_19084d42c77dd61803f622f7dd3792c50fea0f387106740c6f6d6bcedc437202/formal/w30/abma/seed_54""]"
74,formal__w30__abma__seed_55,2fab0e3e566477294710c7f5296eae3f19fffdaf771928347daa371758bb2a62,abma,55,11000,16000,,21600,21600,19084d42c77dd61803f622f7dd3792c50fea0f387106740c6f6d6bcedc437202,e9e221a5db62c86aed76061099db5eaeb9b8c63708fbd05e33328b1811a38df4,631b2d675e7531d04a3c019cc8013158223944074da3e42d489a5745addee1d3,separate_postprocess_after_successful_raw_run,unified_experiments/formal_protocol_19084d42c77dd61803f622f7dd3792c50fea0f387106740c6f6d6bcedc437202/formal/w30/abma/seed_55,19084d42c77dd61803f622f7dd3792c50fea0f387106740c6f6d6bcedc437202:2fab0e3e566477294710c7f5296eae3f19fffdaf771928347daa371758bb2a62:abma:55:a9ce6f76977009036c6cd6ef3ec4ae6a5e1c1164d75abd22068f08aa3e3b7da9,a9ce6f76977009036c6cd6ef3ec4ae6a5e1c1164d75abd22068f08aa3e3b7da9,"[""D:\\pybullet_test\\.venv\\Scripts\\python.exe"", ""run_unified_experiments.py"", ""--formal"", ""--resume"", ""--instances"", ""w30"", ""--solvers"", ""abma"", ""--seeds"", ""55"", ""--selected-evaluation-budget"", ""<USER_SELECTED_A_OR_B_BUDGET>"", ""--selected-timeout"", ""21600"", ""--output-root"", ""unified_experiments/formal_protocol_19084d42c77dd61803f622f7dd3792c50fea0f387106740c6f6d6bcedc437202/formal/w30/abma/seed_55""]"
75,formal__w30__abma__seed_56,2fab0e3e566477294710c7f5296eae3f19fffdaf771928347daa371758bb2a62,abma,56,11000,16000,,21600,21600,19084d42c77dd61803f622f7dd3792c50fea0f387106740c6f6d6bcedc437202,e9e221a5db62c86aed76061099db5eaeb9b8c63708fbd05e33328b1811a38df4,631b2d675e7531d04a3c019cc8013158223944074da3e42d489a5745addee1d3,separate_postprocess_after_successful_raw_run,unified_experiments/formal_protocol_19084d42c77dd61803f622f7dd3792c50fea0f387106740c6f6d6bcedc437202/formal/w30/abma/seed_56,19084d42c77dd61803f622f7dd3792c50fea0f387106740c6f6d6bcedc437202:2fab0e3e566477294710c7f5296eae3f19fffdaf771928347daa371758bb2a62:abma:56:b66dab4139f8b03dc4cc040f2c86463ae7d37263baaec59652524a48b36da70a,b66dab4139f8b03dc4cc040f2c86463ae7d37263baaec59652524a48b36da70a,"[""D:\\pybullet_test\\.venv\\Scripts\\python.exe"", ""run_unified_experiments.py"", ""--formal"", ""--resume"", ""--instances"", ""w30"", ""--solvers"", ""abma"", ""--seeds"", ""56"", ""--selected-evaluation-budget"", ""<USER_SELECTED_A_OR_B_BUDGET>"", ""--selected-timeout"", ""21600"", ""--output-root"", ""unified_experiments/formal_protocol_19084d42c77dd61803f622f7dd3792c50fea0f387106740c6f6d6bcedc437202/formal/w30/abma/seed_56""]"
76,formal__w30__abma__seed_57,2fab0e3e566477294710c7f5296eae3f19fffdaf771928347daa371758bb2a62,abma,57,11000,16000,,21600,21600,19084d42c77dd61803f622f7dd3792c50fea0f387106740c6f6d6bcedc437202,e9e221a5db62c86aed76061099db5eaeb9b8c63708fbd05e33328b1811a38df4,631b2d675e7531d04a3c019cc8013158223944074da3e42d489a5745addee1d3,separate_postprocess_after_successful_raw_run,unified_experiments/formal_protocol_19084d42c77dd61803f622f7dd3792c50fea0f387106740c6f6d6bcedc437202/formal/w30/abma/seed_57,19084d42c77dd61803f622f7dd3792c50fea0f387106740c6f6d6bcedc437202:2fab0e3e566477294710c7f5296eae3f19fffdaf771928347daa371758bb2a62:abma:57:cb99750b4a1934e8d2aeb1b10edcf2ff18c9c84d05ceea3ba41138211c176f43,cb99750b4a1934e8d2aeb1b10edcf2ff18c9c84d05ceea3ba41138211c176f43,"[""D:\\pybullet_test\\.venv\\Scripts\\python.exe"", ""run_unified_experiments.py"", ""--formal"", ""--resume"", ""--instances"", ""w30"", ""--solvers"", ""abma"", ""--seeds"", ""57"", ""--selected-evaluation-budget"", ""<USER_SELECTED_A_OR_B_BUDGET>"", ""--selected-timeout"", ""21600"", ""--output-root"", ""unified_experiments/formal_protocol_19084d42c77dd61803f622f7dd3792c50fea0f387106740c6f6d6bcedc437202/formal/w30/abma/seed_57""]"
77,formal__w30__abma__seed_58,2fab0e3e566477294710c7f5296eae3f19fffdaf771928347daa371758bb2a62,abma,58,11000,16000,,21600,21600,19084d42c77dd61803f622f7dd3792c50fea0f387106740c6f6d6bcedc437202,e9e221a5db62c86aed76061099db5eaeb9b8c63708fbd05e33328b1811a38df4,631b2d675e7531d04a3c019cc8013158223944074da3e42d489a5745addee1d3,separate_postprocess_after_successful_raw_run,unified_experiments/formal_protocol_19084d42c77dd61803f622f7dd3792c50fea0f387106740c6f6d6bcedc437202/formal/w30/abma/seed_58,19084d42c77dd61803f622f7dd3792c50fea0f387106740c6f6d6bcedc437202:2fab0e3e566477294710c7f5296eae3f19fffdaf771928347daa371758bb2a62:abma:58:6bf3abb1750be34af6a2b6f36a0130c1d40b9272b96e8be3f02c8d19db4671c5,6bf3abb1750be34af6a2b6f36a0130c1d40b9272b96e8be3f02c8d19db4671c5,"[""D:\\pybullet_test\\.venv\\Scripts\\python.exe"", ""run_unified_experiments.py"", ""--formal"", ""--resume"", ""--instances"", ""w30"", ""--solvers"", ""abma"", ""--seeds"", ""58"", ""--selected-evaluation-budget"", ""<USER_SELECTED_A_OR_B_BUDGET>"", ""--selected-timeout"", ""21600"", ""--output-root"", ""unified_experiments/formal_protocol_19084d42c77dd61803f622f7dd3792c50fea0f387106740c6f6d6bcedc437202/formal/w30/abma/seed_58""]"
78,formal__w30__abma__seed_59,2fab0e3e566477294710c7f5296eae3f19fffdaf771928347daa371758bb2a62,abma,59,11000,16000,,21600,21600,19084d42c77dd61803f622f7dd3792c50fea0f387106740c6f6d6bcedc437202,e9e221a5db62c86aed76061099db5eaeb9b8c63708fbd05e33328b1811a38df4,631b2d675e7531d04a3c019cc8013158223944074da3e42d489a5745addee1d3,separate_postprocess_after_successful_raw_run,unified_experiments/formal_protocol_19084d42c77dd61803f622f7dd3792c50fea0f387106740c6f6d6bcedc437202/formal/w30/abma/seed_59,19084d42c77dd61803f622f7dd3792c50fea0f387106740c6f6d6bcedc437202:2fab0e3e566477294710c7f5296eae3f19fffdaf771928347daa371758bb2a62:abma:59:7e8616120e3617d56a6157cda91f8bc71b6e0ce8b7133ad1e20a1ddeff23fcc9,7e8616120e3617d56a6157cda91f8bc71b6e0ce8b7133ad1e20a1ddeff23fcc9,"[""D:\\pybullet_test\\.venv\\Scripts\\python.exe"", ""run_unified_experiments.py"", ""--formal"", ""--resume"", ""--instances"", ""w30"", ""--solvers"", ""abma"", ""--seeds"", ""59"", ""--selected-evaluation-budget"", ""<USER_SELECTED_A_OR_B_BUDGET>"", ""--selected-timeout"", ""21600"", ""--output-root"", ""unified_experiments/formal_protocol_19084d42c77dd61803f622f7dd3792c50fea0f387106740c6f6d6bcedc437202/formal/w30/abma/seed_59""]"
79,formal__w30__abma__seed_60,2fab0e3e566477294710c7f5296eae3f19fffdaf771928347daa371758bb2a62,abma,60,11000,16000,,21600,21600,19084d42c77dd61803f622f7dd3792c50fea0f387106740c6f6d6bcedc437202,e9e221a5db62c86aed76061099db5eaeb9b8c63708fbd05e33328b1811a38df4,631b2d675e7531d04a3c019cc8013158223944074da3e42d489a5745addee1d3,separate_postprocess_after_successful_raw_run,unified_experiments/formal_protocol_19084d42c77dd61803f622f7dd3792c50fea0f387106740c6f6d6bcedc437202/formal/w30/abma/seed_60,19084d42c77dd61803f622f7dd3792c50fea0f387106740c6f6d6bcedc437202:2fab0e3e566477294710c7f5296eae3f19fffdaf771928347daa371758bb2a62:abma:60:3edc56df19232ab9cc4709df7e9920bb02e127bde6428618d4af2bf252db0773,3edc56df19232ab9cc4709df7e9920bb02e127bde6428618d4af2bf252db0773,"[""D:\\pybullet_test\\.venv\\Scripts\\python.exe"", ""run_unified_experiments.py"", ""--formal"", ""--resume"", ""--instances"", ""w30"", ""--solvers"", ""abma"", ""--seeds"", ""60"", ""--selected-evaluation-budget"", ""<USER_SELECTED_A_OR_B_BUDGET>"", ""--selected-timeout"", ""21600"", ""--output-root"", ""unified_experiments/formal_protocol_19084d42c77dd61803f622f7dd3792c50fea0f387106740c6f6d6bcedc437202/formal/w30/abma/seed_60""]"
80,formal__w30__abma__seed_61,2fab0e3e566477294710c7f5296eae3f19fffdaf771928347daa371758bb2a62,abma,61,11000,16000,,21600,21600,19084d42c77dd61803f622f7dd3792c50fea0f387106740c6f6d6bcedc437202,e9e221a5db62c86aed76061099db5eaeb9b8c63708fbd05e33328b1811a38df4,631b2d675e7531d04a3c019cc8013158223944074da3e42d489a5745addee1d3,separate_postprocess_after_successful_raw_run,unified_experiments/formal_protocol_19084d42c77dd61803f622f7dd3792c50fea0f387106740c6f6d6bcedc437202/formal/w30/abma/seed_61,19084d42c77dd61803f622f7dd3792c50fea0f387106740c6f6d6bcedc437202:2fab0e3e566477294710c7f5296eae3f19fffdaf771928347daa371758bb2a62:abma:61:3bf4eb70d4eac1ea1566e5a7af5c9af27c8bea8fcc112ef26718ef8294588e27,3bf4eb70d4eac1ea1566e5a7af5c9af27c8bea8fcc112ef26718ef8294588e27,"[""D:\\pybullet_test\\.venv\\Scripts\\python.exe"", ""run_unified_experiments.py"", ""--formal"", ""--resume"", ""--instances"", ""w30"", ""--solvers"", ""abma"", ""--seeds"", ""61"", ""--selected-evaluation-budget"", ""<USER_SELECTED_A_OR_B_BUDGET>"", ""--selected-timeout"", ""21600"", ""--output-root"", ""unified_experiments/formal_protocol_19084d42c77dd61803f622f7dd3792c50fea0f387106740c6f6d6bcedc437202/formal/w30/abma/seed_61""]"
81,formal__w30__abma__seed_62,2fab0e3e566477294710c7f5296eae3f19fffdaf771928347daa371758bb2a62,abma,62,11000,16000,,21600,21600,19084d42c77dd61803f622f7dd3792c50fea0f387106740c6f6d6bcedc437202,e9e221a5db62c86aed76061099db5eaeb9b8c63708fbd05e33328b1811a38df4,631b2d675e7531d04a3c019cc8013158223944074da3e42d489a5745addee1d3,separate_postprocess_after_successful_raw_run,unified_experiments/formal_protocol_19084d42c77dd61803f622f7dd3792c50fea0f387106740c6f6d6bcedc437202/formal/w30/abma/seed_62,19084d42c77dd61803f622f7dd3792c50fea0f387106740c6f6d6bcedc437202:2fab0e3e566477294710c7f5296eae3f19fffdaf771928347daa371758bb2a62:abma:62:299fa6dba9dc21f95e733bf163aab2253c53d7cd3caf71c5998e0b29c7d35d72,299fa6dba9dc21f95e733bf163aab2253c53d7cd3caf71c5998e0b29c7d35d72,"[""D:\\pybullet_test\\.venv\\Scripts\\python.exe"", ""run_unified_experiments.py"", ""--formal"", ""--resume"", ""--instances"", ""w30"", ""--solvers"", ""abma"", ""--seeds"", ""62"", ""--selected-evaluation-budget"", ""<USER_SELECTED_A_OR_B_BUDGET>"", ""--selected-timeout"", ""21600"", ""--output-root"", ""unified_experiments/formal_protocol_19084d42c77dd61803f622f7dd3792c50fea0f387106740c6f6d6bcedc437202/formal/w30/abma/seed_62""]"
82,formal__w30__abma__seed_63,2fab0e3e566477294710c7f5296eae3f19fffdaf771928347daa371758bb2a62,abma,63,11000,16000,,21600,21600,19084d42c77dd61803f622f7dd3792c50fea0f387106740c6f6d6bcedc437202,e9e221a5db62c86aed76061099db5eaeb9b8c63708fbd05e33328b1811a38df4,631b2d675e7531d04a3c019cc8013158223944074da3e42d489a5745addee1d3,separate_postprocess_after_successful_raw_run,unified_experiments/formal_protocol_19084d42c77dd61803f622f7dd3792c50fea0f387106740c6f6d6bcedc437202/formal/w30/abma/seed_63,19084d42c77dd61803f622f7dd3792c50fea0f387106740c6f6d6bcedc437202:2fab0e3e566477294710c7f5296eae3f19fffdaf771928347daa371758bb2a62:abma:63:17dfa1ae09836de9c940b9fc0c61c0a1013caf5868454431224a2ba8f9e0c0f6,17dfa1ae09836de9c940b9fc0c61c0a1013caf5868454431224a2ba8f9e0c0f6,"[""D:\\pybullet_test\\.venv\\Scripts\\python.exe"", ""run_unified_experiments.py"", ""--formal"", ""--resume"", ""--instances"", ""w30"", ""--solvers"", ""abma"", ""--seeds"", ""63"", ""--selected-evaluation-budget"", ""<USER_SELECTED_A_OR_B_BUDGET>"", ""--selected-timeout"", ""21600"", ""--output-root"", ""unified_experiments/formal_protocol_19084d42c77dd61803f622f7dd3792c50fea0f387106740c6f6d6bcedc437202/formal/w30/abma/seed_63""]"
83,formal__w30__abma__seed_64,2fab0e3e566477294710c7f5296eae3f19fffdaf771928347daa371758bb2a62,abma,64,11000,16000,,21600,21600,19084d42c77dd61803f622f7dd3792c50fea0f387106740c6f6d6bcedc437202,e9e221a5db62c86aed76061099db5eaeb9b8c63708fbd05e33328b1811a38df4,631b2d675e7531d04a3c019cc8013158223944074da3e42d489a5745addee1d3,separate_postprocess_after_successful_raw_run,unified_experiments/formal_protocol_19084d42c77dd61803f622f7dd3792c50fea0f387106740c6f6d6bcedc437202/formal/w30/abma/seed_64,19084d42c77dd61803f622f7dd3792c50fea0f387106740c6f6d6bcedc437202:2fab0e3e566477294710c7f5296eae3f19fffdaf771928347daa371758bb2a62:abma:64:a2ca602de3875df202e44d4cae8420274202666615ad9a77d42560d999ab6cc4,a2ca602de3875df202e44d4cae8420274202666615ad9a77d42560d999ab6cc4,"[""D:\\pybullet_test\\.venv\\Scripts\\python.exe"", ""run_unified_experiments.py"", ""--formal"", ""--resume"", ""--instances"", ""w30"", ""--solvers"", ""abma"", ""--seeds"", ""64"", ""--selected-evaluation-budget"", ""<USER_SELECTED_A_OR_B_BUDGET>"", ""--selected-timeout"", ""21600"", ""--output-root"", ""unified_experiments/formal_protocol_19084d42c77dd61803f622f7dd3792c50fea0f387106740c6f6d6bcedc437202/formal/w30/abma/seed_64""]"
84,formal__w30__abma__seed_65,2fab0e3e566477294710c7f5296eae3f19fffdaf771928347daa371758bb2a62,abma,65,11000,16000,,21600,21600,19084d42c77dd61803f622f7dd3792c50fea0f387106740c6f6d6bcedc437202,e9e221a5db62c86aed76061099db5eaeb9b8c63708fbd05e33328b1811a38df4,631b2d675e7531d04a3c019cc8013158223944074da3e42d489a5745addee1d3,separate_postprocess_after_successful_raw_run,unified_experiments/formal_protocol_19084d42c77dd61803f622f7dd3792c50fea0f387106740c6f6d6bcedc437202/formal/w30/abma/seed_65,19084d42c77dd61803f622f7dd3792c50fea0f387106740c6f6d6bcedc437202:2fab0e3e566477294710c7f5296eae3f19fffdaf771928347daa371758bb2a62:abma:65:64fab5915df3460edd36826ea9e289852357bc9905aab6c1f01823d049971c08,64fab5915df3460edd36826ea9e289852357bc9905aab6c1f01823d049971c08,"[""D:\\pybullet_test\\.venv\\Scripts\\python.exe"", ""run_unified_experiments.py"", ""--formal"", ""--resume"", ""--instances"", ""w30"", ""--solvers"", ""abma"", ""--seeds"", ""65"", ""--selected-evaluation-budget"", ""<USER_SELECTED_A_OR_B_BUDGET>"", ""--selected-timeout"", ""21600"", ""--output-root"", ""unified_experiments/formal_protocol_19084d42c77dd61803f622f7dd3792c50fea0f387106740c6f6d6bcedc437202/formal/w30/abma/seed_65""]"
85,formal__w30__abma__seed_66,2fab0e3e566477294710c7f5296eae3f19fffdaf771928347daa371758bb2a62,abma,66,11000,16000,,21600,21600,19084d42c77dd61803f622f7dd3792c50fea0f387106740c6f6d6bcedc437202,e9e221a5db62c86aed76061099db5eaeb9b8c63708fbd05e33328b1811a38df4,631b2d675e7531d04a3c019cc8013158223944074da3e42d489a5745addee1d3,separate_postprocess_after_successful_raw_run,unified_experiments/formal_protocol_19084d42c77dd61803f622f7dd3792c50fea0f387106740c6f6d6bcedc437202/formal/w30/abma/seed_66,19084d42c77dd61803f622f7dd3792c50fea0f387106740c6f6d6bcedc437202:2fab0e3e566477294710c7f5296eae3f19fffdaf771928347daa371758bb2a62:abma:66:a7d7735916d0141800a2c2fef8d0a815d31450ed7977088f38312fd4c60ad85f,a7d7735916d0141800a2c2fef8d0a815d31450ed7977088f38312fd4c60ad85f,"[""D:\\pybullet_test\\.venv\\Scripts\\python.exe"", ""run_unified_experiments.py"", ""--formal"", ""--resume"", ""--instances"", ""w30"", ""--solvers"", ""abma"", ""--seeds"", ""66"", ""--selected-evaluation-budget"", ""<USER_SELECTED_A_OR_B_BUDGET>"", ""--selected-timeout"", ""21600"", ""--output-root"", ""unified_experiments/formal_protocol_19084d42c77dd61803f622f7dd3792c50fea0f387106740c6f6d6bcedc437202/formal/w30/abma/seed_66""]"
86,formal__w30__abma__seed_67,2fab0e3e566477294710c7f5296eae3f19fffdaf771928347daa371758bb2a62,abma,67,11000,16000,,21600,21600,19084d42c77dd61803f622f7dd3792c50fea0f387106740c6f6d6bcedc437202,e9e221a5db62c86aed76061099db5eaeb9b8c63708fbd05e33328b1811a38df4,631b2d675e7531d04a3c019cc8013158223944074da3e42d489a5745addee1d3,separate_postprocess_after_successful_raw_run,unified_experiments/formal_protocol_19084d42c77dd61803f622f7dd3792c50fea0f387106740c6f6d6bcedc437202/formal/w30/abma/seed_67,19084d42c77dd61803f622f7dd3792c50fea0f387106740c6f6d6bcedc437202:2fab0e3e566477294710c7f5296eae3f19fffdaf771928347daa371758bb2a62:abma:67:7a7a0a256d3ebd9403ac544689bb4f196a66f1eec958019ec687e5dafdba20c3,7a7a0a256d3ebd9403ac544689bb4f196a66f1eec958019ec687e5dafdba20c3,"[""D:\\pybullet_test\\.venv\\Scripts\\python.exe"", ""run_unified_experiments.py"", ""--formal"", ""--resume"", ""--instances"", ""w30"", ""--solvers"", ""abma"", ""--seeds"", ""67"", ""--selected-evaluation-budget"", ""<USER_SELECTED_A_OR_B_BUDGET>"", ""--selected-timeout"", ""21600"", ""--output-root"", ""unified_experiments/formal_protocol_19084d42c77dd61803f622f7dd3792c50fea0f387106740c6f6d6bcedc437202/formal/w30/abma/seed_67""]"
87,formal__w30__abma__seed_68,2fab0e3e566477294710c7f5296eae3f19fffdaf771928347daa371758bb2a62,abma,68,11000,16000,,21600,21600,19084d42c77dd61803f622f7dd3792c50fea0f387106740c6f6d6bcedc437202,e9e221a5db62c86aed76061099db5eaeb9b8c63708fbd05e33328b1811a38df4,631b2d675e7531d04a3c019cc8013158223944074da3e42d489a5745addee1d3,separate_postprocess_after_successful_raw_run,unified_experiments/formal_protocol_19084d42c77dd61803f622f7dd3792c50fea0f387106740c6f6d6bcedc437202/formal/w30/abma/seed_68,19084d42c77dd61803f622f7dd3792c50fea0f387106740c6f6d6bcedc437202:2fab0e3e566477294710c7f5296eae3f19fffdaf771928347daa371758bb2a62:abma:68:321eb9c6e516a5a1280f3ca1654dddeb49c1f41c54103f3061667776e2a9246f,321eb9c6e516a5a1280f3ca1654dddeb49c1f41c54103f3061667776e2a9246f,"[""D:\\pybullet_test\\.venv\\Scripts\\python.exe"", ""run_unified_experiments.py"", ""--formal"", ""--resume"", ""--instances"", ""w30"", ""--solvers"", ""abma"", ""--seeds"", ""68"", ""--selected-evaluation-budget"", ""<USER_SELECTED_A_OR_B_BUDGET>"", ""--selected-timeout"", ""21600"", ""--output-root"", ""unified_experiments/formal_protocol_19084d42c77dd61803f622f7dd3792c50fea0f387106740c6f6d6bcedc437202/formal/w30/abma/seed_68""]"
88,formal__w30__abma__seed_69,2fab0e3e566477294710c7f5296eae3f19fffdaf771928347daa371758bb2a62,abma,69,11000,16000,,21600,21600,19084d42c77dd61803f622f7dd3792c50fea0f387106740c6f6d6bcedc437202,e9e221a5db62c86aed76061099db5eaeb9b8c63708fbd05e33328b1811a38df4,631b2d675e7531d04a3c019cc8013158223944074da3e42d489a5745addee1d3,separate_postprocess_after_successful_raw_run,unified_experiments/formal_protocol_19084d42c77dd61803f622f7dd3792c50fea0f387106740c6f6d6bcedc437202/formal/w30/abma/seed_69,19084d42c77dd61803f622f7dd3792c50fea0f387106740c6f6d6bcedc437202:2fab0e3e566477294710c7f5296eae3f19fffdaf771928347daa371758bb2a62:abma:69:9cbcb167d8d27ccc8cad9931e033c974d9d4eba3edbaa6c3e3b5332c1413c9a5,9cbcb167d8d27ccc8cad9931e033c974d9d4eba3edbaa6c3e3b5332c1413c9a5,"[""D:\\pybullet_test\\.venv\\Scripts\\python.exe"", ""run_unified_experiments.py"", ""--formal"", ""--resume"", ""--instances"", ""w30"", ""--solvers"", ""abma"", ""--seeds"", ""69"", ""--selected-evaluation-budget"", ""<USER_SELECTED_A_OR_B_BUDGET>"", ""--selected-timeout"", ""21600"", ""--output-root"", ""unified_experiments/formal_protocol_19084d42c77dd61803f622f7dd3792c50fea0f387106740c6f6d6bcedc437202/formal/w30/abma/seed_69""]"
89,formal__w30__abma__seed_70,2fab0e3e566477294710c7f5296eae3f19fffdaf771928347daa371758bb2a62,abma,70,11000,16000,,21600,21600,19084d42c77dd61803f622f7dd3792c50fea0f387106740c6f6d6bcedc437202,e9e221a5db62c86aed76061099db5eaeb9b8c63708fbd05e33328b1811a38df4,631b2d675e7531d04a3c019cc8013158223944074da3e42d489a5745addee1d3,separate_postprocess_after_successful_raw_run,unified_experiments/formal_protocol_19084d42c77dd61803f622f7dd3792c50fea0f387106740c6f6d6bcedc437202/formal/w30/abma/seed_70,19084d42c77dd61803f622f7dd3792c50fea0f387106740c6f6d6bcedc437202:2fab0e3e566477294710c7f5296eae3f19fffdaf771928347daa371758bb2a62:abma:70:65e394d72f20d2aae4cd35e24efb26bf3ed0ae0bd0404dbd0cca35953790280d,65e394d72f20d2aae4cd35e24efb26bf3ed0ae0bd0404dbd0cca35953790280d,"[""D:\\pybullet_test\\.venv\\Scripts\\python.exe"", ""run_unified_experiments.py"", ""--formal"", ""--resume"", ""--instances"", ""w30"", ""--solvers"", ""abma"", ""--seeds"", ""70"", ""--selected-evaluation-budget"", ""<USER_SELECTED_A_OR_B_BUDGET>"", ""--selected-timeout"", ""21600"", ""--output-root"", ""unified_experiments/formal_protocol_19084d42c77dd61803f622f7dd3792c50fea0f387106740c6f6d6bcedc437202/formal/w30/abma/seed_70""]"
90,formal__w30__abma__seed_71,2fab0e3e566477294710c7f5296eae3f19fffdaf771928347daa371758bb2a62,abma,71,11000,16000,,21600,21600,19084d42c77dd61803f622f7dd3792c50fea0f387106740c6f6d6bcedc437202,e9e221a5db62c86aed76061099db5eaeb9b8c63708fbd05e33328b1811a38df4,631b2d675e7531d04a3c019cc8013158223944074da3e42d489a5745addee1d3,separate_postprocess_after_successful_raw_run,unified_experiments/formal_protocol_19084d42c77dd61803f622f7dd3792c50fea0f387106740c6f6d6bcedc437202/formal/w30/abma/seed_71,19084d42c77dd61803f622f7dd3792c50fea0f387106740c6f6d6bcedc437202:2fab0e3e566477294710c7f5296eae3f19fffdaf771928347daa371758bb2a62:abma:71:87fa85a661d59288bf4f7dfa5976deab28cf5b8e5f5d33b08e465624b2d151a9,87fa85a661d59288bf4f7dfa5976deab28cf5b8e5f5d33b08e465624b2d151a9,"[""D:\\pybullet_test\\.venv\\Scripts\\python.exe"", ""run_unified_experiments.py"", ""--formal"", ""--resume"", ""--instances"", ""w30"", ""--solvers"", ""abma"", ""--seeds"", ""71"", ""--selected-evaluation-budget"", ""<USER_SELECTED_A_OR_B_BUDGET>"", ""--selected-timeout"", ""21600"", ""--output-root"", ""unified_experiments/formal_protocol_19084d42c77dd61803f622f7dd3792c50fea0f387106740c6f6d6bcedc437202/formal/w30/abma/seed_71""]"
91,formal__w45__ga_aco__seed_42,3b50059c27eb07cf6d40c8c36c0507257890c74fc956278aeedb8318f04e3c38,ga_aco,42,11000,16000,,21600,21600,19084d42c77dd61803f622f7dd3792c50fea0f387106740c6f6d6bcedc437202,aaa71d5ade10b8e0312112f8c3bf00aa189c8283c0c92760a58443974d8ff017,,separate_postprocess_after_successful_raw_run,unified_experiments/formal_protocol_19084d42c77dd61803f622f7dd3792c50fea0f387106740c6f6d6bcedc437202/formal/w45/ga_aco/seed_42,19084d42c77dd61803f622f7dd3792c50fea0f387106740c6f6d6bcedc437202:3b50059c27eb07cf6d40c8c36c0507257890c74fc956278aeedb8318f04e3c38:ga_aco:42:9abb0b5fcfe023f2ebc8bd0568e7205944d45541616696788e4ff83108e09cc7,9abb0b5fcfe023f2ebc8bd0568e7205944d45541616696788e4ff83108e09cc7,"[""D:\\pybullet_test\\.venv\\Scripts\\python.exe"", ""run_unified_experiments.py"", ""--formal"", ""--resume"", ""--instances"", ""w45"", ""--solvers"", ""ga_aco"", ""--seeds"", ""42"", ""--selected-evaluation-budget"", ""<USER_SELECTED_A_OR_B_BUDGET>"", ""--selected-timeout"", ""21600"", ""--output-root"", ""unified_experiments/formal_protocol_19084d42c77dd61803f622f7dd3792c50fea0f387106740c6f6d6bcedc437202/formal/w45/ga_aco/seed_42""]"
92,formal__w45__ga_aco__seed_43,3b50059c27eb07cf6d40c8c36c0507257890c74fc956278aeedb8318f04e3c38,ga_aco,43,11000,16000,,21600,21600,19084d42c77dd61803f622f7dd3792c50fea0f387106740c6f6d6bcedc437202,aaa71d5ade10b8e0312112f8c3bf00aa189c8283c0c92760a58443974d8ff017,,separate_postprocess_after_successful_raw_run,unified_experiments/formal_protocol_19084d42c77dd61803f622f7dd3792c50fea0f387106740c6f6d6bcedc437202/formal/w45/ga_aco/seed_43,19084d42c77dd61803f622f7dd3792c50fea0f387106740c6f6d6bcedc437202:3b50059c27eb07cf6d40c8c36c0507257890c74fc956278aeedb8318f04e3c38:ga_aco:43:009354c3caf5246658386c4c6c8ed58d8355f82b74248fcc147758f0f05da108,009354c3caf5246658386c4c6c8ed58d8355f82b74248fcc147758f0f05da108,"[""D:\\pybullet_test\\.venv\\Scripts\\python.exe"", ""run_unified_experiments.py"", ""--formal"", ""--resume"", ""--instances"", ""w45"", ""--solvers"", ""ga_aco"", ""--seeds"", ""43"", ""--selected-evaluation-budget"", ""<USER_SELECTED_A_OR_B_BUDGET>"", ""--selected-timeout"", ""21600"", ""--output-root"", ""unified_experiments/formal_protocol_19084d42c77dd61803f622f7dd3792c50fea0f387106740c6f6d6bcedc437202/formal/w45/ga_aco/seed_43""]"
93,formal__w45__ga_aco__seed_44,3b50059c27eb07cf6d40c8c36c0507257890c74fc956278aeedb8318f04e3c38,ga_aco,44,11000,16000,,21600,21600,19084d42c77dd61803f622f7dd3792c50fea0f387106740c6f6d6bcedc437202,aaa71d5ade10b8e0312112f8c3bf00aa189c8283c0c92760a58443974d8ff017,,separate_postprocess_after_successful_raw_run,unified_experiments/formal_protocol_19084d42c77dd61803f622f7dd3792c50fea0f387106740c6f6d6bcedc437202/formal/w45/ga_aco/seed_44,19084d42c77dd61803f622f7dd3792c50fea0f387106740c6f6d6bcedc437202:3b50059c27eb07cf6d40c8c36c0507257890c74fc956278aeedb8318f04e3c38:ga_aco:44:47ab93d2a17ad2ff5939b0b914a0f2876707c5ae6cc818dbf3e0dcdb4e0410cf,47ab93d2a17ad2ff5939b0b914a0f2876707c5ae6cc818dbf3e0dcdb4e0410cf,"[""D:\\pybullet_test\\.venv\\Scripts\\python.exe"", ""run_unified_experiments.py"", ""--formal"", ""--resume"", ""--instances"", ""w45"", ""--solvers"", ""ga_aco"", ""--seeds"", ""44"", ""--selected-evaluation-budget"", ""<USER_SELECTED_A_OR_B_BUDGET>"", ""--selected-timeout"", ""21600"", ""--output-root"", ""unified_experiments/formal_protocol_19084d42c77dd61803f622f7dd3792c50fea0f387106740c6f6d6bcedc437202/formal/w45/ga_aco/seed_44""]"
94,formal__w45__ga_aco__seed_45,3b50059c27eb07cf6d40c8c36c0507257890c74fc956278aeedb8318f04e3c38,ga_aco,45,11000,16000,,21600,21600,19084d42c77dd61803f622f7dd3792c50fea0f387106740c6f6d6bcedc437202,aaa71d5ade10b8e0312112f8c3bf00aa189c8283c0c92760a58443974d8ff017,,separate_postprocess_after_successful_raw_run,unified_experiments/formal_protocol_19084d42c77dd61803f622f7dd3792c50fea0f387106740c6f6d6bcedc437202/formal/w45/ga_aco/seed_45,19084d42c77dd61803f622f7dd3792c50fea0f387106740c6f6d6bcedc437202:3b50059c27eb07cf6d40c8c36c0507257890c74fc956278aeedb8318f04e3c38:ga_aco:45:a32a1cbf14fcf4ce25be50a2e5a36d841420108d0c72d4435c27d3193ccfb9fd,a32a1cbf14fcf4ce25be50a2e5a36d841420108d0c72d4435c27d3193ccfb9fd,"[""D:\\pybullet_test\\.venv\\Scripts\\python.exe"", ""run_unified_experiments.py"", ""--formal"", ""--resume"", ""--instances"", ""w45"", ""--solvers"", ""ga_aco"", ""--seeds"", ""45"", ""--selected-evaluation-budget"", ""<USER_SELECTED_A_OR_B_BUDGET>"", ""--selected-timeout"", ""21600"", ""--output-root"", ""unified_experiments/formal_protocol_19084d42c77dd61803f622f7dd3792c50fea0f387106740c6f6d6bcedc437202/formal/w45/ga_aco/seed_45""]"
95,formal__w45__ga_aco__seed_46,3b50059c27eb07cf6d40c8c36c0507257890c74fc956278aeedb8318f04e3c38,ga_aco,46,11000,16000,,21600,21600,19084d42c77dd61803f622f7dd3792c50fea0f387106740c6f6d6bcedc437202,aaa71d5ade10b8e0312112f8c3bf00aa189c8283c0c92760a58443974d8ff017,,separate_postprocess_after_successful_raw_run,unified_experiments/formal_protocol_19084d42c77dd61803f622f7dd3792c50fea0f387106740c6f6d6bcedc437202/formal/w45/ga_aco/seed_46,19084d42c77dd61803f622f7dd3792c50fea0f387106740c6f6d6bcedc437202:3b50059c27eb07cf6d40c8c36c0507257890c74fc956278aeedb8318f04e3c38:ga_aco:46:0611108595b1bbc741a2e62e8c0676aa53421e29ac80825ea3c5b9cc7ded7f1a,0611108595b1bbc741a2e62e8c0676aa53421e29ac80825ea3c5b9cc7ded7f1a,"[""D:\\pybullet_test\\.venv\\Scripts\\python.exe"", ""run_unified_experiments.py"", ""--formal"", ""--resume"", ""--instances"", ""w45"", ""--solvers"", ""ga_aco"", ""--seeds"", ""46"", ""--selected-evaluation-budget"", ""<USER_SELECTED_A_OR_B_BUDGET>"", ""--selected-timeout"", ""21600"", ""--output-root"", ""unified_experiments/formal_protocol_19084d42c77dd61803f622f7dd3792c50fea0f387106740c6f6d6bcedc437202/formal/w45/ga_aco/seed_46""]"
96,formal__w45__ga_aco__seed_47,3b50059c27eb07cf6d40c8c36c0507257890c74fc956278aeedb8318f04e3c38,ga_aco,47,11000,16000,,21600,21600,19084d42c77dd61803f622f7dd3792c50fea0f387106740c6f6d6bcedc437202,aaa71d5ade10b8e0312112f8c3bf00aa189c8283c0c92760a58443974d8ff017,,separate_postprocess_after_successful_raw_run,unified_experiments/formal_protocol_19084d42c77dd61803f622f7dd3792c50fea0f387106740c6f6d6bcedc437202/formal/w45/ga_aco/seed_47,19084d42c77dd61803f622f7dd3792c50fea0f387106740c6f6d6bcedc437202:3b50059c27eb07cf6d40c8c36c0507257890c74fc956278aeedb8318f04e3c38:ga_aco:47:672223cdb1d68052b5b90f203474358106c04144795fb04be2db458afdf619ec,672223cdb1d68052b5b90f203474358106c04144795fb04be2db458afdf619ec,"[""D:\\pybullet_test\\.venv\\Scripts\\python.exe"", ""run_unified_experiments.py"", ""--formal"", ""--resume"", ""--instances"", ""w45"", ""--solvers"", ""ga_aco"", ""--seeds"", ""47"", ""--selected-evaluation-budget"", ""<USER_SELECTED_A_OR_B_BUDGET>"", ""--selected-timeout"", ""21600"", ""--output-root"", ""unified_experiments/formal_protocol_19084d42c77dd61803f622f7dd3792c50fea0f387106740c6f6d6bcedc437202/formal/w45/ga_aco/seed_47""]"
97,formal__w45__ga_aco__seed_48,3b50059c27eb07cf6d40c8c36c0507257890c74fc956278aeedb8318f04e3c38,ga_aco,48,11000,16000,,21600,21600,19084d42c77dd61803f622f7dd3792c50fea0f387106740c6f6d6bcedc437202,aaa71d5ade10b8e0312112f8c3bf00aa189c8283c0c92760a58443974d8ff017,,separate_postprocess_after_successful_raw_run,unified_experiments/formal_protocol_19084d42c77dd61803f622f7dd3792c50fea0f387106740c6f6d6bcedc437202/formal/w45/ga_aco/seed_48,19084d42c77dd61803f622f7dd3792c50fea0f387106740c6f6d6bcedc437202:3b50059c27eb07cf6d40c8c36c0507257890c74fc956278aeedb8318f04e3c38:ga_aco:48:03be1e16c5403764b1167dc7d64c1ebdf9a33858cd9327db0d8a1d9f90cc6ba8,03be1e16c5403764b1167dc7d64c1ebdf9a33858cd9327db0d8a1d9f90cc6ba8,"[""D:\\pybullet_test\\.venv\\Scripts\\python.exe"", ""run_unified_experiments.py"", ""--formal"", ""--resume"", ""--instances"", ""w45"", ""--solvers"", ""ga_aco"", ""--seeds"", ""48"", ""--selected-evaluation-budget"", ""<USER_SELECTED_A_OR_B_BUDGET>"", ""--selected-timeout"", ""21600"", ""--output-root"", ""unified_experiments/formal_protocol_19084d42c77dd61803f622f7dd3792c50fea0f387106740c6f6d6bcedc437202/formal/w45/ga_aco/seed_48""]"
98,formal__w45__ga_aco__seed_49,3b50059c27eb07cf6d40c8c36c0507257890c74fc956278aeedb8318f04e3c38,ga_aco,49,11000,16000,,21600,21600,19084d42c77dd61803f622f7dd3792c50fea0f387106740c6f6d6bcedc437202,aaa71d5ade10b8e0312112f8c3bf00aa189c8283c0c92760a58443974d8ff017,,separate_postprocess_after_successful_raw_run,unified_experiments/formal_protocol_19084d42c77dd61803f622f7dd3792c50fea0f387106740c6f6d6bcedc437202/formal/w45/ga_aco/seed_49,19084d42c77dd61803f622f7dd3792c50fea0f387106740c6f6d6bcedc437202:3b50059c27eb07cf6d40c8c36c0507257890c74fc956278aeedb8318f04e3c38:ga_aco:49:9c735ec102e68d84ac01f40ac84b3915f87dc66fcfbd6b3c4ed3026a1e98d190,9c735ec102e68d84ac01f40ac84b3915f87dc66fcfbd6b3c4ed3026a1e98d190,"[""D:\\pybullet_test\\.venv\\Scripts\\python.exe"", ""run_unified_experiments.py"", ""--formal"", ""--resume"", ""--instances"", ""w45"", ""--solvers"", ""ga_aco"", ""--seeds"", ""49"", ""--selected-evaluation-budget"", ""<USER_SELECTED_A_OR_B_BUDGET>"", ""--selected-timeout"", ""21600"", ""--output-root"", ""unified_experiments/formal_protocol_19084d42c77dd61803f622f7dd3792c50fea0f387106740c6f6d6bcedc437202/formal/w45/ga_aco/seed_49""]"
99,formal__w45__ga_aco__seed_50,3b50059c27eb07cf6d40c8c36c0507257890c74fc956278aeedb8318f04e3c38,ga_aco,50,11000,16000,,21600,21600,19084d42c77dd61803f622f7dd3792c50fea0f387106740c6f6d6bcedc437202,aaa71d5ade10b8e0312112f8c3bf00aa189c8283c0c92760a58443974d8ff017,,separate_postprocess_after_successful_raw_run,unified_experiments/formal_protocol_19084d42c77dd61803f622f7dd3792c50fea0f387106740c6f6d6bcedc437202/formal/w45/ga_aco/seed_50,19084d42c77dd61803f622f7dd3792c50fea0f387106740c6f6d6bcedc437202:3b50059c27eb07cf6d40c8c36c0507257890c74fc956278aeedb8318f04e3c38:ga_aco:50:517467ec128d40c515a3e6fe0c15dbc47e93ccb7ba564e01b0ef7e57bb4bbb99,517467ec128d40c515a3e6fe0c15dbc47e93ccb7ba564e01b0ef7e57bb4bbb99,"[""D:\\pybullet_test\\.venv\\Scripts\\python.exe"", ""run_unified_experiments.py"", ""--formal"", ""--resume"", ""--instances"", ""w45"", ""--solvers"", ""ga_aco"", ""--seeds"", ""50"", ""--selected-evaluation-budget"", ""<USER_SELECTED_A_OR_B_BUDGET>"", ""--selected-timeout"", ""21600"", ""--output-root"", ""unified_experiments/formal_protocol_19084d42c77dd61803f622f7dd3792c50fea0f387106740c6f6d6bcedc437202/formal/w45/ga_aco/seed_50""]"
100,formal__w45__ga_aco__seed_51,3b50059c27eb07cf6d40c8c36c0507257890c74fc956278aeedb8318f04e3c38,ga_aco,51,11000,16000,,21600,21600,19084d42c77dd61803f622f7dd3792c50fea0f387106740c6f6d6bcedc437202,aaa71d5ade10b8e0312112f8c3bf00aa189c8283c0c92760a58443974d8ff017,,separate_postprocess_after_successful_raw_run,unified_experiments/formal_protocol_19084d42c77dd61803f622f7dd3792c50fea0f387106740c6f6d6bcedc437202/formal/w45/ga_aco/seed_51,19084d42c77dd61803f622f7dd3792c50fea0f387106740c6f6d6bcedc437202:3b50059c27eb07cf6d40c8c36c0507257890c74fc956278aeedb8318f04e3c38:ga_aco:51:9595fa6e701574866d31def86f91615e62c5fb20274647c816b4c8c13c83c0f4,9595fa6e701574866d31def86f91615e62c5fb20274647c816b4c8c13c83c0f4,"[""D:\\pybullet_test\\.venv\\Scripts\\python.exe"", ""run_unified_experiments.py"", ""--formal"", ""--resume"", ""--instances"", ""w45"", ""--solvers"", ""ga_aco"", ""--seeds"", ""51"", ""--selected-evaluation-budget"", ""<USER_SELECTED_A_OR_B_BUDGET>"", ""--selected-timeout"", ""21600"", ""--output-root"", ""unified_experiments/formal_protocol_19084d42c77dd61803f622f7dd3792c50fea0f387106740c6f6d6bcedc437202/formal/w45/ga_aco/seed_51""]"
101,formal__w45__ga_aco__seed_52,3b50059c27eb07cf6d40c8c36c0507257890c74fc956278aeedb8318f04e3c38,ga_aco,52,11000,16000,,21600,21600,19084d42c77dd61803f622f7dd3792c50fea0f387106740c6f6d6bcedc437202,aaa71d5ade10b8e0312112f8c3bf00aa189c8283c0c92760a58443974d8ff017,,separate_postprocess_after_successful_raw_run,unified_experiments/formal_protocol_19084d42c77dd61803f622f7dd3792c50fea0f387106740c6f6d6bcedc437202/formal/w45/ga_aco/seed_52,19084d42c77dd61803f622f7dd3792c50fea0f387106740c6f6d6bcedc437202:3b50059c27eb07cf6d40c8c36c0507257890c74fc956278aeedb8318f04e3c38:ga_aco:52:f0798d54112180f10fd9b0329261fa8a6b5e31297e9bf9b957c67745aed645b7,f0798d54112180f10fd9b0329261fa8a6b5e31297e9bf9b957c67745aed645b7,"[""D:\\pybullet_test\\.venv\\Scripts\\python.exe"", ""run_unified_experiments.py"", ""--formal"", ""--resume"", ""--instances"", ""w45"", ""--solvers"", ""ga_aco"", ""--seeds"", ""52"", ""--selected-evaluation-budget"", ""<USER_SELECTED_A_OR_B_BUDGET>"", ""--selected-timeout"", ""21600"", ""--output-root"", ""unified_experiments/formal_protocol_19084d42c77dd61803f622f7dd3792c50fea0f387106740c6f6d6bcedc437202/formal/w45/ga_aco/seed_52""]"
102,formal__w45__ga_aco__seed_53,3b50059c27eb07cf6d40c8c36c0507257890c74fc956278aeedb8318f04e3c38,ga_aco,53,11000,16000,,21600,21600,19084d42c77dd61803f622f7dd3792c50fea0f387106740c6f6d6bcedc437202,aaa71d5ade10b8e0312112f8c3bf00aa189c8283c0c92760a58443974d8ff017,,separate_postprocess_after_successful_raw_run,unified_experiments/formal_protocol_19084d42c77dd61803f622f7dd3792c50fea0f387106740c6f6d6bcedc437202/formal/w45/ga_aco/seed_53,19084d42c77dd61803f622f7dd3792c50fea0f387106740c6f6d6bcedc437202:3b50059c27eb07cf6d40c8c36c0507257890c74fc956278aeedb8318f04e3c38:ga_aco:53:77e1a011801bc9a9aad24007e585cc2b8613bd64eec8715f881dc3b440ea4d21,77e1a011801bc9a9aad24007e585cc2b8613bd64eec8715f881dc3b440ea4d21,"[""D:\\pybullet_test\\.venv\\Scripts\\python.exe"", ""run_unified_experiments.py"", ""--formal"", ""--resume"", ""--instances"", ""w45"", ""--solvers"", ""ga_aco"", ""--seeds"", ""53"", ""--selected-evaluation-budget"", ""<USER_SELECTED_A_OR_B_BUDGET>"", ""--selected-timeout"", ""21600"", ""--output-root"", ""unified_experiments/formal_protocol_19084d42c77dd61803f622f7dd3792c50fea0f387106740c6f6d6bcedc437202/formal/w45/ga_aco/seed_53""]"
103,formal__w45__ga_aco__seed_54,3b50059c27eb07cf6d40c8c36c0507257890c74fc956278aeedb8318f04e3c38,ga_aco,54,11000,16000,,21600,21600,19084d42c77dd61803f622f7dd3792c50fea0f387106740c6f6d6bcedc437202,aaa71d5ade10b8e0312112f8c3bf00aa189c8283c0c92760a58443974d8ff017,,separate_postprocess_after_successful_raw_run,unified_experiments/formal_protocol_19084d42c77dd61803f622f7dd3792c50fea0f387106740c6f6d6bcedc437202/formal/w45/ga_aco/seed_54,19084d42c77dd61803f622f7dd3792c50fea0f387106740c6f6d6bcedc437202:3b50059c27eb07cf6d40c8c36c0507257890c74fc956278aeedb8318f04e3c38:ga_aco:54:1be8615f57c25db7b174999a78612e34d2d3b0f0cc7ad74ca82e1e0a3b3b29b3,1be8615f57c25db7b174999a78612e34d2d3b0f0cc7ad74ca82e1e0a3b3b29b3,"[""D:\\pybullet_test\\.venv\\Scripts\\python.exe"", ""run_unified_experiments.py"", ""--formal"", ""--resume"", ""--instances"", ""w45"", ""--solvers"", ""ga_aco"", ""--seeds"", ""54"", ""--selected-evaluation-budget"", ""<USER_SELECTED_A_OR_B_BUDGET>"", ""--selected-timeout"", ""21600"", ""--output-root"", ""unified_experiments/formal_protocol_19084d42c77dd61803f622f7dd3792c50fea0f387106740c6f6d6bcedc437202/formal/w45/ga_aco/seed_54""]"
104,formal__w45__ga_aco__seed_55,3b50059c27eb07cf6d40c8c36c0507257890c74fc956278aeedb8318f04e3c38,ga_aco,55,11000,16000,,21600,21600,19084d42c77dd61803f622f7dd3792c50fea0f387106740c6f6d6bcedc437202,aaa71d5ade10b8e0312112f8c3bf00aa189c8283c0c92760a58443974d8ff017,,separate_postprocess_after_successful_raw_run,unified_experiments/formal_protocol_19084d42c77dd61803f622f7dd3792c50fea0f387106740c6f6d6bcedc437202/formal/w45/ga_aco/seed_55,19084d42c77dd61803f622f7dd3792c50fea0f387106740c6f6d6bcedc437202:3b50059c27eb07cf6d40c8c36c0507257890c74fc956278aeedb8318f04e3c38:ga_aco:55:dfb945e42c401069070d5f612b466cc9a6baba81a040584bf706b158aa13165a,dfb945e42c401069070d5f612b466cc9a6baba81a040584bf706b158aa13165a,"[""D:\\pybullet_test\\.venv\\Scripts\\python.exe"", ""run_unified_experiments.py"", ""--formal"", ""--resume"", ""--instances"", ""w45"", ""--solvers"", ""ga_aco"", ""--seeds"", ""55"", ""--selected-evaluation-budget"", ""<USER_SELECTED_A_OR_B_BUDGET>"", ""--selected-timeout"", ""21600"", ""--output-root"", ""unified_experiments/formal_protocol_19084d42c77dd61803f622f7dd3792c50fea0f387106740c6f6d6bcedc437202/formal/w45/ga_aco/seed_55""]"
105,formal__w45__ga_aco__seed_56,3b50059c27eb07cf6d40c8c36c0507257890c74fc956278aeedb8318f04e3c38,ga_aco,56,11000,16000,,21600,21600,19084d42c77dd61803f622f7dd3792c50fea0f387106740c6f6d6bcedc437202,aaa71d5ade10b8e0312112f8c3bf00aa189c8283c0c92760a58443974d8ff017,,separate_postprocess_after_successful_raw_run,unified_experiments/formal_protocol_19084d42c77dd61803f622f7dd3792c50fea0f387106740c6f6d6bcedc437202/formal/w45/ga_aco/seed_56,19084d42c77dd61803f622f7dd3792c50fea0f387106740c6f6d6bcedc437202:3b50059c27eb07cf6d40c8c36c0507257890c74fc956278aeedb8318f04e3c38:ga_aco:56:6ca4c19abfb1a10cf57485b969d108dd4cef3bc8722ccf254f32bd0087f9fc3e,6ca4c19abfb1a10cf57485b969d108dd4cef3bc8722ccf254f32bd0087f9fc3e,"[""D:\\pybullet_test\\.venv\\Scripts\\python.exe"", ""run_unified_experiments.py"", ""--formal"", ""--resume"", ""--instances"", ""w45"", ""--solvers"", ""ga_aco"", ""--seeds"", ""56"", ""--selected-evaluation-budget"", ""<USER_SELECTED_A_OR_B_BUDGET>"", ""--selected-timeout"", ""21600"", ""--output-root"", ""unified_experiments/formal_protocol_19084d42c77dd61803f622f7dd3792c50fea0f387106740c6f6d6bcedc437202/formal/w45/ga_aco/seed_56""]"
106,formal__w45__ga_aco__seed_57,3b50059c27eb07cf6d40c8c36c0507257890c74fc956278aeedb8318f04e3c38,ga_aco,57,11000,16000,,21600,21600,19084d42c77dd61803f622f7dd3792c50fea0f387106740c6f6d6bcedc437202,aaa71d5ade10b8e0312112f8c3bf00aa189c8283c0c92760a58443974d8ff017,,separate_postprocess_after_successful_raw_run,unified_experiments/formal_protocol_19084d42c77dd61803f622f7dd3792c50fea0f387106740c6f6d6bcedc437202/formal/w45/ga_aco/seed_57,19084d42c77dd61803f622f7dd3792c50fea0f387106740c6f6d6bcedc437202:3b50059c27eb07cf6d40c8c36c0507257890c74fc956278aeedb8318f04e3c38:ga_aco:57:dc95c4fab239921d5ef8a5251e333aac848319c5a21b724387c6034e413e0ff2,dc95c4fab239921d5ef8a5251e333aac848319c5a21b724387c6034e413e0ff2,"[""D:\\pybullet_test\\.venv\\Scripts\\python.exe"", ""run_unified_experiments.py"", ""--formal"", ""--resume"", ""--instances"", ""w45"", ""--solvers"", ""ga_aco"", ""--seeds"", ""57"", ""--selected-evaluation-budget"", ""<USER_SELECTED_A_OR_B_BUDGET>"", ""--selected-timeout"", ""21600"", ""--output-root"", ""unified_experiments/formal_protocol_19084d42c77dd61803f622f7dd3792c50fea0f387106740c6f6d6bcedc437202/formal/w45/ga_aco/seed_57""]"
107,formal__w45__ga_aco__seed_58,3b50059c27eb07cf6d40c8c36c0507257890c74fc956278aeedb8318f04e3c38,ga_aco,58,11000,16000,,21600,21600,19084d42c77dd61803f622f7dd3792c50fea0f387106740c6f6d6bcedc437202,aaa71d5ade10b8e0312112f8c3bf00aa189c8283c0c92760a58443974d8ff017,,separate_postprocess_after_successful_raw_run,unified_experiments/formal_protocol_19084d42c77dd61803f622f7dd3792c50fea0f387106740c6f6d6bcedc437202/formal/w45/ga_aco/seed_58,19084d42c77dd61803f622f7dd3792c50fea0f387106740c6f6d6bcedc437202:3b50059c27eb07cf6d40c8c36c0507257890c74fc956278aeedb8318f04e3c38:ga_aco:58:aee6d40628f94a3e0c1849665f86ed74a8b9a6b936cb19af21bb61cc57b639b9,aee6d40628f94a3e0c1849665f86ed74a8b9a6b936cb19af21bb61cc57b639b9,"[""D:\\pybullet_test\\.venv\\Scripts\\python.exe"", ""run_unified_experiments.py"", ""--formal"", ""--resume"", ""--instances"", ""w45"", ""--solvers"", ""ga_aco"", ""--seeds"", ""58"", ""--selected-evaluation-budget"", ""<USER_SELECTED_A_OR_B_BUDGET>"", ""--selected-timeout"", ""21600"", ""--output-root"", ""unified_experiments/formal_protocol_19084d42c77dd61803f622f7dd3792c50fea0f387106740c6f6d6bcedc437202/formal/w45/ga_aco/seed_58""]"
108,formal__w45__ga_aco__seed_59,3b50059c27eb07cf6d40c8c36c0507257890c74fc956278aeedb8318f04e3c38,ga_aco,59,11000,16000,,21600,21600,19084d42c77dd61803f622f7dd3792c50fea0f387106740c6f6d6bcedc437202,aaa71d5ade10b8e0312112f8c3bf00aa189c8283c0c92760a58443974d8ff017,,separate_postprocess_after_successful_raw_run,unified_experiments/formal_protocol_19084d42c77dd61803f622f7dd3792c50fea0f387106740c6f6d6bcedc437202/formal/w45/ga_aco/seed_59,19084d42c77dd61803f622f7dd3792c50fea0f387106740c6f6d6bcedc437202:3b50059c27eb07cf6d40c8c36c0507257890c74fc956278aeedb8318f04e3c38:ga_aco:59:54824800223113d19999089086b41f8740a2942fb7e4c880f263d91adf9bf846,54824800223113d19999089086b41f8740a2942fb7e4c880f263d91adf9bf846,"[""D:\\pybullet_test\\.venv\\Scripts\\python.exe"", ""run_unified_experiments.py"", ""--formal"", ""--resume"", ""--instances"", ""w45"", ""--solvers"", ""ga_aco"", ""--seeds"", ""59"", ""--selected-evaluation-budget"", ""<USER_SELECTED_A_OR_B_BUDGET>"", ""--selected-timeout"", ""21600"", ""--output-root"", ""unified_experiments/formal_protocol_19084d42c77dd61803f622f7dd3792c50fea0f387106740c6f6d6bcedc437202/formal/w45/ga_aco/seed_59""]"
109,formal__w45__ga_aco__seed_60,3b50059c27eb07cf6d40c8c36c0507257890c74fc956278aeedb8318f04e3c38,ga_aco,60,11000,16000,,21600,21600,19084d42c77dd61803f622f7dd3792c50fea0f387106740c6f6d6bcedc437202,aaa71d5ade10b8e0312112f8c3bf00aa189c8283c0c92760a58443974d8ff017,,separate_postprocess_after_successful_raw_run,unified_experiments/formal_protocol_19084d42c77dd61803f622f7dd3792c50fea0f387106740c6f6d6bcedc437202/formal/w45/ga_aco/seed_60,19084d42c77dd61803f622f7dd3792c50fea0f387106740c6f6d6bcedc437202:3b50059c27eb07cf6d40c8c36c0507257890c74fc956278aeedb8318f04e3c38:ga_aco:60:dfece3df184b7f928f1f1fd6fc05ea9d499aced3e8adb5fce3138150aae76f4c,dfece3df184b7f928f1f1fd6fc05ea9d499aced3e8adb5fce3138150aae76f4c,"[""D:\\pybullet_test\\.venv\\Scripts\\python.exe"", ""run_unified_experiments.py"", ""--formal"", ""--resume"", ""--instances"", ""w45"", ""--solvers"", ""ga_aco"", ""--seeds"", ""60"", ""--selected-evaluation-budget"", ""<USER_SELECTED_A_OR_B_BUDGET>"", ""--selected-timeout"", ""21600"", ""--output-root"", ""unified_experiments/formal_protocol_19084d42c77dd61803f622f7dd3792c50fea0f387106740c6f6d6bcedc437202/formal/w45/ga_aco/seed_60""]"
110,formal__w45__ga_aco__seed_61,3b50059c27eb07cf6d40c8c36c0507257890c74fc956278aeedb8318f04e3c38,ga_aco,61,11000,16000,,21600,21600,19084d42c77dd61803f622f7dd3792c50fea0f387106740c6f6d6bcedc437202,aaa71d5ade10b8e0312112f8c3bf00aa189c8283c0c92760a58443974d8ff017,,separate_postprocess_after_successful_raw_run,unified_experiments/formal_protocol_19084d42c77dd61803f622f7dd3792c50fea0f387106740c6f6d6bcedc437202/formal/w45/ga_aco/seed_61,19084d42c77dd61803f622f7dd3792c50fea0f387106740c6f6d6bcedc437202:3b50059c27eb07cf6d40c8c36c0507257890c74fc956278aeedb8318f04e3c38:ga_aco:61:9cbc8a902fe6d3126443e77b83fa0505fecede20d8a1ade03161384547205bf5,9cbc8a902fe6d3126443e77b83fa0505fecede20d8a1ade03161384547205bf5,"[""D:\\pybullet_test\\.venv\\Scripts\\python.exe"", ""run_unified_experiments.py"", ""--formal"", ""--resume"", ""--instances"", ""w45"", ""--solvers"", ""ga_aco"", ""--seeds"", ""61"", ""--selected-evaluation-budget"", ""<USER_SELECTED_A_OR_B_BUDGET>"", ""--selected-timeout"", ""21600"", ""--output-root"", ""unified_experiments/formal_protocol_19084d42c77dd61803f622f7dd3792c50fea0f387106740c6f6d6bcedc437202/formal/w45/ga_aco/seed_61""]"
111,formal__w45__ga_aco__seed_62,3b50059c27eb07cf6d40c8c36c0507257890c74fc956278aeedb8318f04e3c38,ga_aco,62,11000,16000,,21600,21600,19084d42c77dd61803f622f7dd3792c50fea0f387106740c6f6d6bcedc437202,aaa71d5ade10b8e0312112f8c3bf00aa189c8283c0c92760a58443974d8ff017,,separate_postprocess_after_successful_raw_run,unified_experiments/formal_protocol_19084d42c77dd61803f622f7dd3792c50fea0f387106740c6f6d6bcedc437202/formal/w45/ga_aco/seed_62,19084d42c77dd61803f622f7dd3792c50fea0f387106740c6f6d6bcedc437202:3b50059c27eb07cf6d40c8c36c0507257890c74fc956278aeedb8318f04e3c38:ga_aco:62:1cbb5f915b013ce3afe5efc1aafc2a608aa7ce4fd95d8feaacd2ca63d1469760,1cbb5f915b013ce3afe5efc1aafc2a608aa7ce4fd95d8feaacd2ca63d1469760,"[""D:\\pybullet_test\\.venv\\Scripts\\python.exe"", ""run_unified_experiments.py"", ""--formal"", ""--resume"", ""--instances"", ""w45"", ""--solvers"", ""ga_aco"", ""--seeds"", ""62"", ""--selected-evaluation-budget"", ""<USER_SELECTED_A_OR_B_BUDGET>"", ""--selected-timeout"", ""21600"", ""--output-root"", ""unified_experiments/formal_protocol_19084d42c77dd61803f622f7dd3792c50fea0f387106740c6f6d6bcedc437202/formal/w45/ga_aco/seed_62""]"
112,formal__w45__ga_aco__seed_63,3b50059c27eb07cf6d40c8c36c0507257890c74fc956278aeedb8318f04e3c38,ga_aco,63,11000,16000,,21600,21600,19084d42c77dd61803f622f7dd3792c50fea0f387106740c6f6d6bcedc437202,aaa71d5ade10b8e0312112f8c3bf00aa189c8283c0c92760a58443974d8ff017,,separate_postprocess_after_successful_raw_run,unified_experiments/formal_protocol_19084d42c77dd61803f622f7dd3792c50fea0f387106740c6f6d6bcedc437202/formal/w45/ga_aco/seed_63,19084d42c77dd61803f622f7dd3792c50fea0f387106740c6f6d6bcedc437202:3b50059c27eb07cf6d40c8c36c0507257890c74fc956278aeedb8318f04e3c38:ga_aco:63:2d41c43c88b863a894589a70894468e0b97ce8bb5233e302bd5c5b9589fe1e85,2d41c43c88b863a894589a70894468e0b97ce8bb5233e302bd5c5b9589fe1e85,"[""D:\\pybullet_test\\.venv\\Scripts\\python.exe"", ""run_unified_experiments.py"", ""--formal"", ""--resume"", ""--instances"", ""w45"", ""--solvers"", ""ga_aco"", ""--seeds"", ""63"", ""--selected-evaluation-budget"", ""<USER_SELECTED_A_OR_B_BUDGET>"", ""--selected-timeout"", ""21600"", ""--output-root"", ""unified_experiments/formal_protocol_19084d42c77dd61803f622f7dd3792c50fea0f387106740c6f6d6bcedc437202/formal/w45/ga_aco/seed_63""]"
113,formal__w45__ga_aco__seed_64,3b50059c27eb07cf6d40c8c36c0507257890c74fc956278aeedb8318f04e3c38,ga_aco,64,11000,16000,,21600,21600,19084d42c77dd61803f622f7dd3792c50fea0f387106740c6f6d6bcedc437202,aaa71d5ade10b8e0312112f8c3bf00aa189c8283c0c92760a58443974d8ff017,,separate_postprocess_after_successful_raw_run,unified_experiments/formal_protocol_19084d42c77dd61803f622f7dd3792c50fea0f387106740c6f6d6bcedc437202/formal/w45/ga_aco/seed_64,19084d42c77dd61803f622f7dd3792c50fea0f387106740c6f6d6bcedc437202:3b50059c27eb07cf6d40c8c36c0507257890c74fc956278aeedb8318f04e3c38:ga_aco:64:9e8ded021d175a9235b64d5de39b652f3e81bf08e7a55bc642607981b1c52f96,9e8ded021d175a9235b64d5de39b652f3e81bf08e7a55bc642607981b1c52f96,"[""D:\\pybullet_test\\.venv\\Scripts\\python.exe"", ""run_unified_experiments.py"", ""--formal"", ""--resume"", ""--instances"", ""w45"", ""--solvers"", ""ga_aco"", ""--seeds"", ""64"", ""--selected-evaluation-budget"", ""<USER_SELECTED_A_OR_B_BUDGET>"", ""--selected-timeout"", ""21600"", ""--output-root"", ""unified_experiments/formal_protocol_19084d42c77dd61803f622f7dd3792c50fea0f387106740c6f6d6bcedc437202/formal/w45/ga_aco/seed_64""]"
114,formal__w45__ga_aco__seed_65,3b50059c27eb07cf6d40c8c36c0507257890c74fc956278aeedb8318f04e3c38,ga_aco,65,11000,16000,,21600,21600,19084d42c77dd61803f622f7dd3792c50fea0f387106740c6f6d6bcedc437202,aaa71d5ade10b8e0312112f8c3bf00aa189c8283c0c92760a58443974d8ff017,,separate_postprocess_after_successful_raw_run,unified_experiments/formal_protocol_19084d42c77dd61803f622f7dd3792c50fea0f387106740c6f6d6bcedc437202/formal/w45/ga_aco/seed_65,19084d42c77dd61803f622f7dd3792c50fea0f387106740c6f6d6bcedc437202:3b50059c27eb07cf6d40c8c36c0507257890c74fc956278aeedb8318f04e3c38:ga_aco:65:2ad1ad59b8fd35751db49a24b7d9771336b10231047f51d9a564a2b06ae9161d,2ad1ad59b8fd35751db49a24b7d9771336b10231047f51d9a564a2b06ae9161d,"[""D:\\pybullet_test\\.venv\\Scripts\\python.exe"", ""run_unified_experiments.py"", ""--formal"", ""--resume"", ""--instances"", ""w45"", ""--solvers"", ""ga_aco"", ""--seeds"", ""65"", ""--selected-evaluation-budget"", ""<USER_SELECTED_A_OR_B_BUDGET>"", ""--selected-timeout"", ""21600"", ""--output-root"", ""unified_experiments/formal_protocol_19084d42c77dd61803f622f7dd3792c50fea0f387106740c6f6d6bcedc437202/formal/w45/ga_aco/seed_65""]"
115,formal__w45__ga_aco__seed_66,3b50059c27eb07cf6d40c8c36c0507257890c74fc956278aeedb8318f04e3c38,ga_aco,66,11000,16000,,21600,21600,19084d42c77dd61803f622f7dd3792c50fea0f387106740c6f6d6bcedc437202,aaa71d5ade10b8e0312112f8c3bf00aa189c8283c0c92760a58443974d8ff017,,separate_postprocess_after_successful_raw_run,unified_experiments/formal_protocol_19084d42c77dd61803f622f7dd3792c50fea0f387106740c6f6d6bcedc437202/formal/w45/ga_aco/seed_66,19084d42c77dd61803f622f7dd3792c50fea0f387106740c6f6d6bcedc437202:3b50059c27eb07cf6d40c8c36c0507257890c74fc956278aeedb8318f04e3c38:ga_aco:66:dc44e6fc81d91e025a0496b15f5c01fe7529df6224e1d0859ac5132a2aac3ccf,dc44e6fc81d91e025a0496b15f5c01fe7529df6224e1d0859ac5132a2aac3ccf,"[""D:\\pybullet_test\\.venv\\Scripts\\python.exe"", ""run_unified_experiments.py"", ""--formal"", ""--resume"", ""--instances"", ""w45"", ""--solvers"", ""ga_aco"", ""--seeds"", ""66"", ""--selected-evaluation-budget"", ""<USER_SELECTED_A_OR_B_BUDGET>"", ""--selected-timeout"", ""21600"", ""--output-root"", ""unified_experiments/formal_protocol_19084d42c77dd61803f622f7dd3792c50fea0f387106740c6f6d6bcedc437202/formal/w45/ga_aco/seed_66""]"
116,formal__w45__ga_aco__seed_67,3b50059c27eb07cf6d40c8c36c0507257890c74fc956278aeedb8318f04e3c38,ga_aco,67,11000,16000,,21600,21600,19084d42c77dd61803f622f7dd3792c50fea0f387106740c6f6d6bcedc437202,aaa71d5ade10b8e0312112f8c3bf00aa189c8283c0c92760a58443974d8ff017,,separate_postprocess_after_successful_raw_run,unified_experiments/formal_protocol_19084d42c77dd61803f622f7dd3792c50fea0f387106740c6f6d6bcedc437202/formal/w45/ga_aco/seed_67,19084d42c77dd61803f622f7dd3792c50fea0f387106740c6f6d6bcedc437202:3b50059c27eb07cf6d40c8c36c0507257890c74fc956278aeedb8318f04e3c38:ga_aco:67:83771b2bbaddbbebccb1ec87c5aca11030d2852a7f3f39aa9b020627acad1d36,83771b2bbaddbbebccb1ec87c5aca11030d2852a7f3f39aa9b020627acad1d36,"[""D:\\pybullet_test\\.venv\\Scripts\\python.exe"", ""run_unified_experiments.py"", ""--formal"", ""--resume"", ""--instances"", ""w45"", ""--solvers"", ""ga_aco"", ""--seeds"", ""67"", ""--selected-evaluation-budget"", ""<USER_SELECTED_A_OR_B_BUDGET>"", ""--selected-timeout"", ""21600"", ""--output-root"", ""unified_experiments/formal_protocol_19084d42c77dd61803f622f7dd3792c50fea0f387106740c6f6d6bcedc437202/formal/w45/ga_aco/seed_67""]"
117,formal__w45__ga_aco__seed_68,3b50059c27eb07cf6d40c8c36c0507257890c74fc956278aeedb8318f04e3c38,ga_aco,68,11000,16000,,21600,21600,19084d42c77dd61803f622f7dd3792c50fea0f387106740c6f6d6bcedc437202,aaa71d5ade10b8e0312112f8c3bf00aa189c8283c0c92760a58443974d8ff017,,separate_postprocess_after_successful_raw_run,unified_experiments/formal_protocol_19084d42c77dd61803f622f7dd3792c50fea0f387106740c6f6d6bcedc437202/formal/w45/ga_aco/seed_68,19084d42c77dd61803f622f7dd3792c50fea0f387106740c6f6d6bcedc437202:3b50059c27eb07cf6d40c8c36c0507257890c74fc956278aeedb8318f04e3c38:ga_aco:68:950574a661aeaee7f59d2576599dac9b8881f1d7cc9c96c0219bf78662d6ec24,950574a661aeaee7f59d2576599dac9b8881f1d7cc9c96c0219bf78662d6ec24,"[""D:\\pybullet_test\\.venv\\Scripts\\python.exe"", ""run_unified_experiments.py"", ""--formal"", ""--resume"", ""--instances"", ""w45"", ""--solvers"", ""ga_aco"", ""--seeds"", ""68"", ""--selected-evaluation-budget"", ""<USER_SELECTED_A_OR_B_BUDGET>"", ""--selected-timeout"", ""21600"", ""--output-root"", ""unified_experiments/formal_protocol_19084d42c77dd61803f622f7dd3792c50fea0f387106740c6f6d6bcedc437202/formal/w45/ga_aco/seed_68""]"
118,formal__w45__ga_aco__seed_69,3b50059c27eb07cf6d40c8c36c0507257890c74fc956278aeedb8318f04e3c38,ga_aco,69,11000,16000,,21600,21600,19084d42c77dd61803f622f7dd3792c50fea0f387106740c6f6d6bcedc437202,aaa71d5ade10b8e0312112f8c3bf00aa189c8283c0c92760a58443974d8ff017,,separate_postprocess_after_successful_raw_run,unified_experiments/formal_protocol_19084d42c77dd61803f622f7dd3792c50fea0f387106740c6f6d6bcedc437202/formal/w45/ga_aco/seed_69,19084d42c77dd61803f622f7dd3792c50fea0f387106740c6f6d6bcedc437202:3b50059c27eb07cf6d40c8c36c0507257890c74fc956278aeedb8318f04e3c38:ga_aco:69:cb022bd6c6c5eb88a034f9f0d52464f240a76c199041e3b68a08cfa3c0f04282,cb022bd6c6c5eb88a034f9f0d52464f240a76c199041e3b68a08cfa3c0f04282,"[""D:\\pybullet_test\\.venv\\Scripts\\python.exe"", ""run_unified_experiments.py"", ""--formal"", ""--resume"", ""--instances"", ""w45"", ""--solvers"", ""ga_aco"", ""--seeds"", ""69"", ""--selected-evaluation-budget"", ""<USER_SELECTED_A_OR_B_BUDGET>"", ""--selected-timeout"", ""21600"", ""--output-root"", ""unified_experiments/formal_protocol_19084d42c77dd61803f622f7dd3792c50fea0f387106740c6f6d6bcedc437202/formal/w45/ga_aco/seed_69""]"
119,formal__w45__ga_aco__seed_70,3b50059c27eb07cf6d40c8c36c0507257890c74fc956278aeedb8318f04e3c38,ga_aco,70,11000,16000,,21600,21600,19084d42c77dd61803f622f7dd3792c50fea0f387106740c6f6d6bcedc437202,aaa71d5ade10b8e0312112f8c3bf00aa189c8283c0c92760a58443974d8ff017,,separate_postprocess_after_successful_raw_run,unified_experiments/formal_protocol_19084d42c77dd61803f622f7dd3792c50fea0f387106740c6f6d6bcedc437202/formal/w45/ga_aco/seed_70,19084d42c77dd61803f622f7dd3792c50fea0f387106740c6f6d6bcedc437202:3b50059c27eb07cf6d40c8c36c0507257890c74fc956278aeedb8318f04e3c38:ga_aco:70:60bdb374b2be3fdb520dec50c4824bcbc6652e3fcc95c10afe6a86327c1e0a9d,60bdb374b2be3fdb520dec50c4824bcbc6652e3fcc95c10afe6a86327c1e0a9d,"[""D:\\pybullet_test\\.venv\\Scripts\\python.exe"", ""run_unified_experiments.py"", ""--formal"", ""--resume"", ""--instances"", ""w45"", ""--solvers"", ""ga_aco"", ""--seeds"", ""70"", ""--selected-evaluation-budget"", ""<USER_SELECTED_A_OR_B_BUDGET>"", ""--selected-timeout"", ""21600"", ""--output-root"", ""unified_experiments/formal_protocol_19084d42c77dd61803f622f7dd3792c50fea0f387106740c6f6d6bcedc437202/formal/w45/ga_aco/seed_70""]"
120,formal__w45__ga_aco__seed_71,3b50059c27eb07cf6d40c8c36c0507257890c74fc956278aeedb8318f04e3c38,ga_aco,71,11000,16000,,21600,21600,19084d42c77dd61803f622f7dd3792c50fea0f387106740c6f6d6bcedc437202,aaa71d5ade10b8e0312112f8c3bf00aa189c8283c0c92760a58443974d8ff017,,separate_postprocess_after_successful_raw_run,unified_experiments/formal_protocol_19084d42c77dd61803f622f7dd3792c50fea0f387106740c6f6d6bcedc437202/formal/w45/ga_aco/seed_71,19084d42c77dd61803f622f7dd3792c50fea0f387106740c6f6d6bcedc437202:3b50059c27eb07cf6d40c8c36c0507257890c74fc956278aeedb8318f04e3c38:ga_aco:71:a3c6ab3dec26b62cde517cc6c55d2140b6595a17acc4a96be1c4ecf07b7c348b,a3c6ab3dec26b62cde517cc6c55d2140b6595a17acc4a96be1c4ecf07b7c348b,"[""D:\\pybullet_test\\.venv\\Scripts\\python.exe"", ""run_unified_experiments.py"", ""--formal"", ""--resume"", ""--instances"", ""w45"", ""--solvers"", ""ga_aco"", ""--seeds"", ""71"", ""--selected-evaluation-budget"", ""<USER_SELECTED_A_OR_B_BUDGET>"", ""--selected-timeout"", ""21600"", ""--output-root"", ""unified_experiments/formal_protocol_19084d42c77dd61803f622f7dd3792c50fea0f387106740c6f6d6bcedc437202/formal/w45/ga_aco/seed_71""]"
121,formal__w45__paper_aligned_hga__seed_42,3b50059c27eb07cf6d40c8c36c0507257890c74fc956278aeedb8318f04e3c38,paper_aligned_hga,42,11000,16000,,21600,21600,19084d42c77dd61803f622f7dd3792c50fea0f387106740c6f6d6bcedc437202,aaa71d5ade10b8e0312112f8c3bf00aa189c8283c0c92760a58443974d8ff017,,separate_postprocess_after_successful_raw_run,unified_experiments/formal_protocol_19084d42c77dd61803f622f7dd3792c50fea0f387106740c6f6d6bcedc437202/formal/w45/paper_aligned_hga/seed_42,19084d42c77dd61803f622f7dd3792c50fea0f387106740c6f6d6bcedc437202:3b50059c27eb07cf6d40c8c36c0507257890c74fc956278aeedb8318f04e3c38:paper_aligned_hga:42:48a030456d616de4d781e595ce8fb4141be0d65177cbe3d6d9d08e3e0340d845,48a030456d616de4d781e595ce8fb4141be0d65177cbe3d6d9d08e3e0340d845,"[""D:\\pybullet_test\\.venv\\Scripts\\python.exe"", ""run_unified_experiments.py"", ""--formal"", ""--resume"", ""--instances"", ""w45"", ""--solvers"", ""paper_aligned_hga"", ""--seeds"", ""42"", ""--selected-evaluation-budget"", ""<USER_SELECTED_A_OR_B_BUDGET>"", ""--selected-timeout"", ""21600"", ""--output-root"", ""unified_experiments/formal_protocol_19084d42c77dd61803f622f7dd3792c50fea0f387106740c6f6d6bcedc437202/formal/w45/paper_aligned_hga/seed_42""]"
122,formal__w45__paper_aligned_hga__seed_43,3b50059c27eb07cf6d40c8c36c0507257890c74fc956278aeedb8318f04e3c38,paper_aligned_hga,43,11000,16000,,21600,21600,19084d42c77dd61803f622f7dd3792c50fea0f387106740c6f6d6bcedc437202,aaa71d5ade10b8e0312112f8c3bf00aa189c8283c0c92760a58443974d8ff017,,separate_postprocess_after_successful_raw_run,unified_experiments/formal_protocol_19084d42c77dd61803f622f7dd3792c50fea0f387106740c6f6d6bcedc437202/formal/w45/paper_aligned_hga/seed_43,19084d42c77dd61803f622f7dd3792c50fea0f387106740c6f6d6bcedc437202:3b50059c27eb07cf6d40c8c36c0507257890c74fc956278aeedb8318f04e3c38:paper_aligned_hga:43:9bc842b0e4d4fc5b0182484f15392c1b9e625eaa4713771c51dfd5bff1ab44bf,9bc842b0e4d4fc5b0182484f15392c1b9e625eaa4713771c51dfd5bff1ab44bf,"[""D:\\pybullet_test\\.venv\\Scripts\\python.exe"", ""run_unified_experiments.py"", ""--formal"", ""--resume"", ""--instances"", ""w45"", ""--solvers"", ""paper_aligned_hga"", ""--seeds"", ""43"", ""--selected-evaluation-budget"", ""<USER_SELECTED_A_OR_B_BUDGET>"", ""--selected-timeout"", ""21600"", ""--output-root"", ""unified_experiments/formal_protocol_19084d42c77dd61803f622f7dd3792c50fea0f387106740c6f6d6bcedc437202/formal/w45/paper_aligned_hga/seed_43""]"
123,formal__w45__paper_aligned_hga__seed_44,3b50059c27eb07cf6d40c8c36c0507257890c74fc956278aeedb8318f04e3c38,paper_aligned_hga,44,11000,16000,,21600,21600,19084d42c77dd61803f622f7dd3792c50fea0f387106740c6f6d6bcedc437202,aaa71d5ade10b8e0312112f8c3bf00aa189c8283c0c92760a58443974d8ff017,,separate_postprocess_after_successful_raw_run,unified_experiments/formal_protocol_19084d42c77dd61803f622f7dd3792c50fea0f387106740c6f6d6bcedc437202/formal/w45/paper_aligned_hga/seed_44,19084d42c77dd61803f622f7dd3792c50fea0f387106740c6f6d6bcedc437202:3b50059c27eb07cf6d40c8c36c0507257890c74fc956278aeedb8318f04e3c38:paper_aligned_hga:44:aeea6526c038da83785f5edb1352735770cf0cd80e38d94177ae2b74e5bf5670,aeea6526c038da83785f5edb1352735770cf0cd80e38d94177ae2b74e5bf5670,"[""D:\\pybullet_test\\.venv\\Scripts\\python.exe"", ""run_unified_experiments.py"", ""--formal"", ""--resume"", ""--instances"", ""w45"", ""--solvers"", ""paper_aligned_hga"", ""--seeds"", ""44"", ""--selected-evaluation-budget"", ""<USER_SELECTED_A_OR_B_BUDGET>"", ""--selected-timeout"", ""21600"", ""--output-root"", ""unified_experiments/formal_protocol_19084d42c77dd61803f622f7dd3792c50fea0f387106740c6f6d6bcedc437202/formal/w45/paper_aligned_hga/seed_44""]"
124,formal__w45__paper_aligned_hga__seed_45,3b50059c27eb07cf6d40c8c36c0507257890c74fc956278aeedb8318f04e3c38,paper_aligned_hga,45,11000,16000,,21600,21600,19084d42c77dd61803f622f7dd3792c50fea0f387106740c6f6d6bcedc437202,aaa71d5ade10b8e0312112f8c3bf00aa189c8283c0c92760a58443974d8ff017,,separate_postprocess_after_successful_raw_run,unified_experiments/formal_protocol_19084d42c77dd61803f622f7dd3792c50fea0f387106740c6f6d6bcedc437202/formal/w45/paper_aligned_hga/seed_45,19084d42c77dd61803f622f7dd3792c50fea0f387106740c6f6d6bcedc437202:3b50059c27eb07cf6d40c8c36c0507257890c74fc956278aeedb8318f04e3c38:paper_aligned_hga:45:1890340922475963fd501321dfc4fcaf90f38b517d27b376360159b3a3a149f1,1890340922475963fd501321dfc4fcaf90f38b517d27b376360159b3a3a149f1,"[""D:\\pybullet_test\\.venv\\Scripts\\python.exe"", ""run_unified_experiments.py"", ""--formal"", ""--resume"", ""--instances"", ""w45"", ""--solvers"", ""paper_aligned_hga"", ""--seeds"", ""45"", ""--selected-evaluation-budget"", ""<USER_SELECTED_A_OR_B_BUDGET>"", ""--selected-timeout"", ""21600"", ""--output-root"", ""unified_experiments/formal_protocol_19084d42c77dd61803f622f7dd3792c50fea0f387106740c6f6d6bcedc437202/formal/w45/paper_aligned_hga/seed_45""]"
125,formal__w45__paper_aligned_hga__seed_46,3b50059c27eb07cf6d40c8c36c0507257890c74fc956278aeedb8318f04e3c38,paper_aligned_hga,46,11000,16000,,21600,21600,19084d42c77dd61803f622f7dd3792c50fea0f387106740c6f6d6bcedc437202,aaa71d5ade10b8e0312112f8c3bf00aa189c8283c0c92760a58443974d8ff017,,separate_postprocess_after_successful_raw_run,unified_experiments/formal_protocol_19084d42c77dd61803f622f7dd3792c50fea0f387106740c6f6d6bcedc437202/formal/w45/paper_aligned_hga/seed_46,19084d42c77dd61803f622f7dd3792c50fea0f387106740c6f6d6bcedc437202:3b50059c27eb07cf6d40c8c36c0507257890c74fc956278aeedb8318f04e3c38:paper_aligned_hga:46:c2007391b5c315dce24d77d8da26138c2e7bb55e870dc9b12fc571223cb285c2,c2007391b5c315dce24d77d8da26138c2e7bb55e870dc9b12fc571223cb285c2,"[""D:\\pybullet_test\\.venv\\Scripts\\python.exe"", ""run_unified_experiments.py"", ""--formal"", ""--resume"", ""--instances"", ""w45"", ""--solvers"", ""paper_aligned_hga"", ""--seeds"", ""46"", ""--selected-evaluation-budget"", ""<USER_SELECTED_A_OR_B_BUDGET>"", ""--selected-timeout"", ""21600"", ""--output-root"", ""unified_experiments/formal_protocol_19084d42c77dd61803f622f7dd3792c50fea0f387106740c6f6d6bcedc437202/formal/w45/paper_aligned_hga/seed_46""]"
126,formal__w45__paper_aligned_hga__seed_47,3b50059c27eb07cf6d40c8c36c0507257890c74fc956278aeedb8318f04e3c38,paper_aligned_hga,47,11000,16000,,21600,21600,19084d42c77dd61803f622f7dd3792c50fea0f387106740c6f6d6bcedc437202,aaa71d5ade10b8e0312112f8c3bf00aa189c8283c0c92760a58443974d8ff017,,separate_postprocess_after_successful_raw_run,unified_experiments/formal_protocol_19084d42c77dd61803f622f7dd3792c50fea0f387106740c6f6d6bcedc437202/formal/w45/paper_aligned_hga/seed_47,19084d42c77dd61803f622f7dd3792c50fea0f387106740c6f6d6bcedc437202:3b50059c27eb07cf6d40c8c36c0507257890c74fc956278aeedb8318f04e3c38:paper_aligned_hga:47:757e959fe1bfd0e8aa1012c8623f955e68f3ca70fb7701fe428c1dc9a5b5cfcd,757e959fe1bfd0e8aa1012c8623f955e68f3ca70fb7701fe428c1dc9a5b5cfcd,"[""D:\\pybullet_test\\.venv\\Scripts\\python.exe"", ""run_unified_experiments.py"", ""--formal"", ""--resume"", ""--instances"", ""w45"", ""--solvers"", ""paper_aligned_hga"", ""--seeds"", ""47"", ""--selected-evaluation-budget"", ""<USER_SELECTED_A_OR_B_BUDGET>"", ""--selected-timeout"", ""21600"", ""--output-root"", ""unified_experiments/formal_protocol_19084d42c77dd61803f622f7dd3792c50fea0f387106740c6f6d6bcedc437202/formal/w45/paper_aligned_hga/seed_47""]"
127,formal__w45__paper_aligned_hga__seed_48,3b50059c27eb07cf6d40c8c36c0507257890c74fc956278aeedb8318f04e3c38,paper_aligned_hga,48,11000,16000,,21600,21600,19084d42c77dd61803f622f7dd3792c50fea0f387106740c6f6d6bcedc437202,aaa71d5ade10b8e0312112f8c3bf00aa189c8283c0c92760a58443974d8ff017,,separate_postprocess_after_successful_raw_run,unified_experiments/formal_protocol_19084d42c77dd61803f622f7dd3792c50fea0f387106740c6f6d6bcedc437202/formal/w45/paper_aligned_hga/seed_48,19084d42c77dd61803f622f7dd3792c50fea0f387106740c6f6d6bcedc437202:3b50059c27eb07cf6d40c8c36c0507257890c74fc956278aeedb8318f04e3c38:paper_aligned_hga:48:3338b287c15fc5ceaea3f4aa9c49f04f4c65992a001245e8f488493c42313583,3338b287c15fc5ceaea3f4aa9c49f04f4c65992a001245e8f488493c42313583,"[""D:\\pybullet_test\\.venv\\Scripts\\python.exe"", ""run_unified_experiments.py"", ""--formal"", ""--resume"", ""--instances"", ""w45"", ""--solvers"", ""paper_aligned_hga"", ""--seeds"", ""48"", ""--selected-evaluation-budget"", ""<USER_SELECTED_A_OR_B_BUDGET>"", ""--selected-timeout"", ""21600"", ""--output-root"", ""unified_experiments/formal_protocol_19084d42c77dd61803f622f7dd3792c50fea0f387106740c6f6d6bcedc437202/formal/w45/paper_aligned_hga/seed_48""]"
128,formal__w45__paper_aligned_hga__seed_49,3b50059c27eb07cf6d40c8c36c0507257890c74fc956278aeedb8318f04e3c38,paper_aligned_hga,49,11000,16000,,21600,21600,19084d42c77dd61803f622f7dd3792c50fea0f387106740c6f6d6bcedc437202,aaa71d5ade10b8e0312112f8c3bf00aa189c8283c0c92760a58443974d8ff017,,separate_postprocess_after_successful_raw_run,unified_experiments/formal_protocol_19084d42c77dd61803f622f7dd3792c50fea0f387106740c6f6d6bcedc437202/formal/w45/paper_aligned_hga/seed_49,19084d42c77dd61803f622f7dd3792c50fea0f387106740c6f6d6bcedc437202:3b50059c27eb07cf6d40c8c36c0507257890c74fc956278aeedb8318f04e3c38:paper_aligned_hga:49:f64a168818afe5d3f6665ee62c449559998098c3a1ca5008bd595c5eec52af94,f64a168818afe5d3f6665ee62c449559998098c3a1ca5008bd595c5eec52af94,"[""D:\\pybullet_test\\.venv\\Scripts\\python.exe"", ""run_unified_experiments.py"", ""--formal"", ""--resume"", ""--instances"", ""w45"", ""--solvers"", ""paper_aligned_hga"", ""--seeds"", ""49"", ""--selected-evaluation-budget"", ""<USER_SELECTED_A_OR_B_BUDGET>"", ""--selected-timeout"", ""21600"", ""--output-root"", ""unified_experiments/formal_protocol_19084d42c77dd61803f622f7dd3792c50fea0f387106740c6f6d6bcedc437202/formal/w45/paper_aligned_hga/seed_49""]"
129,formal__w45__paper_aligned_hga__seed_50,3b50059c27eb07cf6d40c8c36c0507257890c74fc956278aeedb8318f04e3c38,paper_aligned_hga,50,11000,16000,,21600,21600,19084d42c77dd61803f622f7dd3792c50fea0f387106740c6f6d6bcedc437202,aaa71d5ade10b8e0312112f8c3bf00aa189c8283c0c92760a58443974d8ff017,,separate_postprocess_after_successful_raw_run,unified_experiments/formal_protocol_19084d42c77dd61803f622f7dd3792c50fea0f387106740c6f6d6bcedc437202/formal/w45/paper_aligned_hga/seed_50,19084d42c77dd61803f622f7dd3792c50fea0f387106740c6f6d6bcedc437202:3b50059c27eb07cf6d40c8c36c0507257890c74fc956278aeedb8318f04e3c38:paper_aligned_hga:50:01b031e9e39e517ba202b3ba8e764939d451f8ffc9781de49ab494ab9f86cbff,01b031e9e39e517ba202b3ba8e764939d451f8ffc9781de49ab494ab9f86cbff,"[""D:\\pybullet_test\\.venv\\Scripts\\python.exe"", ""run_unified_experiments.py"", ""--formal"", ""--resume"", ""--instances"", ""w45"", ""--solvers"", ""paper_aligned_hga"", ""--seeds"", ""50"", ""--selected-evaluation-budget"", ""<USER_SELECTED_A_OR_B_BUDGET>"", ""--selected-timeout"", ""21600"", ""--output-root"", ""unified_experiments/formal_protocol_19084d42c77dd61803f622f7dd3792c50fea0f387106740c6f6d6bcedc437202/formal/w45/paper_aligned_hga/seed_50""]"
130,formal__w45__paper_aligned_hga__seed_51,3b50059c27eb07cf6d40c8c36c0507257890c74fc956278aeedb8318f04e3c38,paper_aligned_hga,51,11000,16000,,21600,21600,19084d42c77dd61803f622f7dd3792c50fea0f387106740c6f6d6bcedc437202,aaa71d5ade10b8e0312112f8c3bf00aa189c8283c0c92760a58443974d8ff017,,separate_postprocess_after_successful_raw_run,unified_experiments/formal_protocol_19084d42c77dd61803f622f7dd3792c50fea0f387106740c6f6d6bcedc437202/formal/w45/paper_aligned_hga/seed_51,19084d42c77dd61803f622f7dd3792c50fea0f387106740c6f6d6bcedc437202:3b50059c27eb07cf6d40c8c36c0507257890c74fc956278aeedb8318f04e3c38:paper_aligned_hga:51:7560846a7adf357dc517395b9aa3ca0d353db6f9aafa1460f47f73ba65ffc495,7560846a7adf357dc517395b9aa3ca0d353db6f9aafa1460f47f73ba65ffc495,"[""D:\\pybullet_test\\.venv\\Scripts\\python.exe"", ""run_unified_experiments.py"", ""--formal"", ""--resume"", ""--instances"", ""w45"", ""--solvers"", ""paper_aligned_hga"", ""--seeds"", ""51"", ""--selected-evaluation-budget"", ""<USER_SELECTED_A_OR_B_BUDGET>"", ""--selected-timeout"", ""21600"", ""--output-root"", ""unified_experiments/formal_protocol_19084d42c77dd61803f622f7dd3792c50fea0f387106740c6f6d6bcedc437202/formal/w45/paper_aligned_hga/seed_51""]"
131,formal__w45__paper_aligned_hga__seed_52,3b50059c27eb07cf6d40c8c36c0507257890c74fc956278aeedb8318f04e3c38,paper_aligned_hga,52,11000,16000,,21600,21600,19084d42c77dd61803f622f7dd3792c50fea0f387106740c6f6d6bcedc437202,aaa71d5ade10b8e0312112f8c3bf00aa189c8283c0c92760a58443974d8ff017,,separate_postprocess_after_successful_raw_run,unified_experiments/formal_protocol_19084d42c77dd61803f622f7dd3792c50fea0f387106740c6f6d6bcedc437202/formal/w45/paper_aligned_hga/seed_52,19084d42c77dd61803f622f7dd3792c50fea0f387106740c6f6d6bcedc437202:3b50059c27eb07cf6d40c8c36c0507257890c74fc956278aeedb8318f04e3c38:paper_aligned_hga:52:f62130fbe0c8f911a6c8d8c7ee6a1fff239547a8f0992a3b26a10f13b843d5e8,f62130fbe0c8f911a6c8d8c7ee6a1fff239547a8f0992a3b26a10f13b843d5e8,"[""D:\\pybullet_test\\.venv\\Scripts\\python.exe"", ""run_unified_experiments.py"", ""--formal"", ""--resume"", ""--instances"", ""w45"", ""--solvers"", ""paper_aligned_hga"", ""--seeds"", ""52"", ""--selected-evaluation-budget"", ""<USER_SELECTED_A_OR_B_BUDGET>"", ""--selected-timeout"", ""21600"", ""--output-root"", ""unified_experiments/formal_protocol_19084d42c77dd61803f622f7dd3792c50fea0f387106740c6f6d6bcedc437202/formal/w45/paper_aligned_hga/seed_52""]"
132,formal__w45__paper_aligned_hga__seed_53,3b50059c27eb07cf6d40c8c36c0507257890c74fc956278aeedb8318f04e3c38,paper_aligned_hga,53,11000,16000,,21600,21600,19084d42c77dd61803f622f7dd3792c50fea0f387106740c6f6d6bcedc437202,aaa71d5ade10b8e0312112f8c3bf00aa189c8283c0c92760a58443974d8ff017,,separate_postprocess_after_successful_raw_run,unified_experiments/formal_protocol_19084d42c77dd61803f622f7dd3792c50fea0f387106740c6f6d6bcedc437202/formal/w45/paper_aligned_hga/seed_53,19084d42c77dd61803f622f7dd3792c50fea0f387106740c6f6d6bcedc437202:3b50059c27eb07cf6d40c8c36c0507257890c74fc956278aeedb8318f04e3c38:paper_aligned_hga:53:9b7f30ae233e7b34a051449a840f0ea4b4a31d34f7a037f5c279f53a1081d317,9b7f30ae233e7b34a051449a840f0ea4b4a31d34f7a037f5c279f53a1081d317,"[""D:\\pybullet_test\\.venv\\Scripts\\python.exe"", ""run_unified_experiments.py"", ""--formal"", ""--resume"", ""--instances"", ""w45"", ""--solvers"", ""paper_aligned_hga"", ""--seeds"", ""53"", ""--selected-evaluation-budget"", ""<USER_SELECTED_A_OR_B_BUDGET>"", ""--selected-timeout"", ""21600"", ""--output-root"", ""unified_experiments/formal_protocol_19084d42c77dd61803f622f7dd3792c50fea0f387106740c6f6d6bcedc437202/formal/w45/paper_aligned_hga/seed_53""]"
133,formal__w45__paper_aligned_hga__seed_54,3b50059c27eb07cf6d40c8c36c0507257890c74fc956278aeedb8318f04e3c38,paper_aligned_hga,54,11000,16000,,21600,21600,19084d42c77dd61803f622f7dd3792c50fea0f387106740c6f6d6bcedc437202,aaa71d5ade10b8e0312112f8c3bf00aa189c8283c0c92760a58443974d8ff017,,separate_postprocess_after_successful_raw_run,unified_experiments/formal_protocol_19084d42c77dd61803f622f7dd3792c50fea0f387106740c6f6d6bcedc437202/formal/w45/paper_aligned_hga/seed_54,19084d42c77dd61803f622f7dd3792c50fea0f387106740c6f6d6bcedc437202:3b50059c27eb07cf6d40c8c36c0507257890c74fc956278aeedb8318f04e3c38:paper_aligned_hga:54:b7cdf73352683e04c90fe3ab7496752c04e7bf50b57fc97bebbe4b63622f6efa,b7cdf73352683e04c90fe3ab7496752c04e7bf50b57fc97bebbe4b63622f6efa,"[""D:\\pybullet_test\\.venv\\Scripts\\python.exe"", ""run_unified_experiments.py"", ""--formal"", ""--resume"", ""--instances"", ""w45"", ""--solvers"", ""paper_aligned_hga"", ""--seeds"", ""54"", ""--selected-evaluation-budget"", ""<USER_SELECTED_A_OR_B_BUDGET>"", ""--selected-timeout"", ""21600"", ""--output-root"", ""unified_experiments/formal_protocol_19084d42c77dd61803f622f7dd3792c50fea0f387106740c6f6d6bcedc437202/formal/w45/paper_aligned_hga/seed_54""]"
134,formal__w45__paper_aligned_hga__seed_55,3b50059c27eb07cf6d40c8c36c0507257890c74fc956278aeedb8318f04e3c38,paper_aligned_hga,55,11000,16000,,21600,21600,19084d42c77dd61803f622f7dd3792c50fea0f387106740c6f6d6bcedc437202,aaa71d5ade10b8e0312112f8c3bf00aa189c8283c0c92760a58443974d8ff017,,separate_postprocess_after_successful_raw_run,unified_experiments/formal_protocol_19084d42c77dd61803f622f7dd3792c50fea0f387106740c6f6d6bcedc437202/formal/w45/paper_aligned_hga/seed_55,19084d42c77dd61803f622f7dd3792c50fea0f387106740c6f6d6bcedc437202:3b50059c27eb07cf6d40c8c36c0507257890c74fc956278aeedb8318f04e3c38:paper_aligned_hga:55:b728ac328c8f9ad4050f61630750fbded1b4cfcaa5befe438f1b886855652895,b728ac328c8f9ad4050f61630750fbded1b4cfcaa5befe438f1b886855652895,"[""D:\\pybullet_test\\.venv\\Scripts\\python.exe"", ""run_unified_experiments.py"", ""--formal"", ""--resume"", ""--instances"", ""w45"", ""--solvers"", ""paper_aligned_hga"", ""--seeds"", ""55"", ""--selected-evaluation-budget"", ""<USER_SELECTED_A_OR_B_BUDGET>"", ""--selected-timeout"", ""21600"", ""--output-root"", ""unified_experiments/formal_protocol_19084d42c77dd61803f622f7dd3792c50fea0f387106740c6f6d6bcedc437202/formal/w45/paper_aligned_hga/seed_55""]"
135,formal__w45__paper_aligned_hga__seed_56,3b50059c27eb07cf6d40c8c36c0507257890c74fc956278aeedb8318f04e3c38,paper_aligned_hga,56,11000,16000,,21600,21600,19084d42c77dd61803f622f7dd3792c50fea0f387106740c6f6d6bcedc437202,aaa71d5ade10b8e0312112f8c3bf00aa189c8283c0c92760a58443974d8ff017,,separate_postprocess_after_successful_raw_run,unified_experiments/formal_protocol_19084d42c77dd61803f622f7dd3792c50fea0f387106740c6f6d6bcedc437202/formal/w45/paper_aligned_hga/seed_56,19084d42c77dd61803f622f7dd3792c50fea0f387106740c6f6d6bcedc437202:3b50059c27eb07cf6d40c8c36c0507257890c74fc956278aeedb8318f04e3c38:paper_aligned_hga:56:0091de42b1e57ca2f4e8dd39f55d6ad8c3c54c1630586c6eb388e791fc638310,0091de42b1e57ca2f4e8dd39f55d6ad8c3c54c1630586c6eb388e791fc638310,"[""D:\\pybullet_test\\.venv\\Scripts\\python.exe"", ""run_unified_experiments.py"", ""--formal"", ""--resume"", ""--instances"", ""w45"", ""--solvers"", ""paper_aligned_hga"", ""--seeds"", ""56"", ""--selected-evaluation-budget"", ""<USER_SELECTED_A_OR_B_BUDGET>"", ""--selected-timeout"", ""21600"", ""--output-root"", ""unified_experiments/formal_protocol_19084d42c77dd61803f622f7dd3792c50fea0f387106740c6f6d6bcedc437202/formal/w45/paper_aligned_hga/seed_56""]"
136,formal__w45__paper_aligned_hga__seed_57,3b50059c27eb07cf6d40c8c36c0507257890c74fc956278aeedb8318f04e3c38,paper_aligned_hga,57,11000,16000,,21600,21600,19084d42c77dd61803f622f7dd3792c50fea0f387106740c6f6d6bcedc437202,aaa71d5ade10b8e0312112f8c3bf00aa189c8283c0c92760a58443974d8ff017,,separate_postprocess_after_successful_raw_run,unified_experiments/formal_protocol_19084d42c77dd61803f622f7dd3792c50fea0f387106740c6f6d6bcedc437202/formal/w45/paper_aligned_hga/seed_57,19084d42c77dd61803f622f7dd3792c50fea0f387106740c6f6d6bcedc437202:3b50059c27eb07cf6d40c8c36c0507257890c74fc956278aeedb8318f04e3c38:paper_aligned_hga:57:9d2ae488568001028dddc59e60ef7a8fadafcc0cb062c247cfaf69d4ca058505,9d2ae488568001028dddc59e60ef7a8fadafcc0cb062c247cfaf69d4ca058505,"[""D:\\pybullet_test\\.venv\\Scripts\\python.exe"", ""run_unified_experiments.py"", ""--formal"", ""--resume"", ""--instances"", ""w45"", ""--solvers"", ""paper_aligned_hga"", ""--seeds"", ""57"", ""--selected-evaluation-budget"", ""<USER_SELECTED_A_OR_B_BUDGET>"", ""--selected-timeout"", ""21600"", ""--output-root"", ""unified_experiments/formal_protocol_19084d42c77dd61803f622f7dd3792c50fea0f387106740c6f6d6bcedc437202/formal/w45/paper_aligned_hga/seed_57""]"
137,formal__w45__paper_aligned_hga__seed_58,3b50059c27eb07cf6d40c8c36c0507257890c74fc956278aeedb8318f04e3c38,paper_aligned_hga,58,11000,16000,,21600,21600,19084d42c77dd61803f622f7dd3792c50fea0f387106740c6f6d6bcedc437202,aaa71d5ade10b8e0312112f8c3bf00aa189c8283c0c92760a58443974d8ff017,,separate_postprocess_after_successful_raw_run,unified_experiments/formal_protocol_19084d42c77dd61803f622f7dd3792c50fea0f387106740c6f6d6bcedc437202/formal/w45/paper_aligned_hga/seed_58,19084d42c77dd61803f622f7dd3792c50fea0f387106740c6f6d6bcedc437202:3b50059c27eb07cf6d40c8c36c0507257890c74fc956278aeedb8318f04e3c38:paper_aligned_hga:58:c435136965b0cf096accddd1bf2de825b3a5e8039bc9beb5e0723ac0f2657904,c435136965b0cf096accddd1bf2de825b3a5e8039bc9beb5e0723ac0f2657904,"[""D:\\pybullet_test\\.venv\\Scripts\\python.exe"", ""run_unified_experiments.py"", ""--formal"", ""--resume"", ""--instances"", ""w45"", ""--solvers"", ""paper_aligned_hga"", ""--seeds"", ""58"", ""--selected-evaluation-budget"", ""<USER_SELECTED_A_OR_B_BUDGET>"", ""--selected-timeout"", ""21600"", ""--output-root"", ""unified_experiments/formal_protocol_19084d42c77dd61803f622f7dd3792c50fea0f387106740c6f6d6bcedc437202/formal/w45/paper_aligned_hga/seed_58""]"
138,formal__w45__paper_aligned_hga__seed_59,3b50059c27eb07cf6d40c8c36c0507257890c74fc956278aeedb8318f04e3c38,paper_aligned_hga,59,11000,16000,,21600,21600,19084d42c77dd61803f622f7dd3792c50fea0f387106740c6f6d6bcedc437202,aaa71d5ade10b8e0312112f8c3bf00aa189c8283c0c92760a58443974d8ff017,,separate_postprocess_after_successful_raw_run,unified_experiments/formal_protocol_19084d42c77dd61803f622f7dd3792c50fea0f387106740c6f6d6bcedc437202/formal/w45/paper_aligned_hga/seed_59,19084d42c77dd61803f622f7dd3792c50fea0f387106740c6f6d6bcedc437202:3b50059c27eb07cf6d40c8c36c0507257890c74fc956278aeedb8318f04e3c38:paper_aligned_hga:59:2ac6be612857ba2d55f02e8d62fdaff936c47ac585765e483495998969134a85,2ac6be612857ba2d55f02e8d62fdaff936c47ac585765e483495998969134a85,"[""D:\\pybullet_test\\.venv\\Scripts\\python.exe"", ""run_unified_experiments.py"", ""--formal"", ""--resume"", ""--instances"", ""w45"", ""--solvers"", ""paper_aligned_hga"", ""--seeds"", ""59"", ""--selected-evaluation-budget"", ""<USER_SELECTED_A_OR_B_BUDGET>"", ""--selected-timeout"", ""21600"", ""--output-root"", ""unified_experiments/formal_protocol_19084d42c77dd61803f622f7dd3792c50fea0f387106740c6f6d6bcedc437202/formal/w45/paper_aligned_hga/seed_59""]"
139,formal__w45__paper_aligned_hga__seed_60,3b50059c27eb07cf6d40c8c36c0507257890c74fc956278aeedb8318f04e3c38,paper_aligned_hga,60,11000,16000,,21600,21600,19084d42c77dd61803f622f7dd3792c50fea0f387106740c6f6d6bcedc437202,aaa71d5ade10b8e0312112f8c3bf00aa189c8283c0c92760a58443974d8ff017,,separate_postprocess_after_successful_raw_run,unified_experiments/formal_protocol_19084d42c77dd61803f622f7dd3792c50fea0f387106740c6f6d6bcedc437202/formal/w45/paper_aligned_hga/seed_60,19084d42c77dd61803f622f7dd3792c50fea0f387106740c6f6d6bcedc437202:3b50059c27eb07cf6d40c8c36c0507257890c74fc956278aeedb8318f04e3c38:paper_aligned_hga:60:0e6c430323bfd80f200b30d5db6c8ac1c4c42c2d7a345cefcc09d43c07c6e45d,0e6c430323bfd80f200b30d5db6c8ac1c4c42c2d7a345cefcc09d43c07c6e45d,"[""D:\\pybullet_test\\.venv\\Scripts\\python.exe"", ""run_unified_experiments.py"", ""--formal"", ""--resume"", ""--instances"", ""w45"", ""--solvers"", ""paper_aligned_hga"", ""--seeds"", ""60"", ""--selected-evaluation-budget"", ""<USER_SELECTED_A_OR_B_BUDGET>"", ""--selected-timeout"", ""21600"", ""--output-root"", ""unified_experiments/formal_protocol_19084d42c77dd61803f622f7dd3792c50fea0f387106740c6f6d6bcedc437202/formal/w45/paper_aligned_hga/seed_60""]"
140,formal__w45__paper_aligned_hga__seed_61,3b50059c27eb07cf6d40c8c36c0507257890c74fc956278aeedb8318f04e3c38,paper_aligned_hga,61,11000,16000,,21600,21600,19084d42c77dd61803f622f7dd3792c50fea0f387106740c6f6d6bcedc437202,aaa71d5ade10b8e0312112f8c3bf00aa189c8283c0c92760a58443974d8ff017,,separate_postprocess_after_successful_raw_run,unified_experiments/formal_protocol_19084d42c77dd61803f622f7dd3792c50fea0f387106740c6f6d6bcedc437202/formal/w45/paper_aligned_hga/seed_61,19084d42c77dd61803f622f7dd3792c50fea0f387106740c6f6d6bcedc437202:3b50059c27eb07cf6d40c8c36c0507257890c74fc956278aeedb8318f04e3c38:paper_aligned_hga:61:4b5a66c5b6389f8a56da0c5a1921c0cd106346c914c207c4797551d6b242a53e,4b5a66c5b6389f8a56da0c5a1921c0cd106346c914c207c4797551d6b242a53e,"[""D:\\pybullet_test\\.venv\\Scripts\\python.exe"", ""run_unified_experiments.py"", ""--formal"", ""--resume"", ""--instances"", ""w45"", ""--solvers"", ""paper_aligned_hga"", ""--seeds"", ""61"", ""--selected-evaluation-budget"", ""<USER_SELECTED_A_OR_B_BUDGET>"", ""--selected-timeout"", ""21600"", ""--output-root"", ""unified_experiments/formal_protocol_19084d42c77dd61803f622f7dd3792c50fea0f387106740c6f6d6bcedc437202/formal/w45/paper_aligned_hga/seed_61""]"
141,formal__w45__paper_aligned_hga__seed_62,3b50059c27eb07cf6d40c8c36c0507257890c74fc956278aeedb8318f04e3c38,paper_aligned_hga,62,11000,16000,,21600,21600,19084d42c77dd61803f622f7dd3792c50fea0f387106740c6f6d6bcedc437202,aaa71d5ade10b8e0312112f8c3bf00aa189c8283c0c92760a58443974d8ff017,,separate_postprocess_after_successful_raw_run,unified_experiments/formal_protocol_19084d42c77dd61803f622f7dd3792c50fea0f387106740c6f6d6bcedc437202/formal/w45/paper_aligned_hga/seed_62,19084d42c77dd61803f622f7dd3792c50fea0f387106740c6f6d6bcedc437202:3b50059c27eb07cf6d40c8c36c0507257890c74fc956278aeedb8318f04e3c38:paper_aligned_hga:62:6f341a69d0592ab1b850c3ea82fc081acfe680ce33d37d066318c4c1c137301b,6f341a69d0592ab1b850c3ea82fc081acfe680ce33d37d066318c4c1c137301b,"[""D:\\pybullet_test\\.venv\\Scripts\\python.exe"", ""run_unified_experiments.py"", ""--formal"", ""--resume"", ""--instances"", ""w45"", ""--solvers"", ""paper_aligned_hga"", ""--seeds"", ""62"", ""--selected-evaluation-budget"", ""<USER_SELECTED_A_OR_B_BUDGET>"", ""--selected-timeout"", ""21600"", ""--output-root"", ""unified_experiments/formal_protocol_19084d42c77dd61803f622f7dd3792c50fea0f387106740c6f6d6bcedc437202/formal/w45/paper_aligned_hga/seed_62""]"
142,formal__w45__paper_aligned_hga__seed_63,3b50059c27eb07cf6d40c8c36c0507257890c74fc956278aeedb8318f04e3c38,paper_aligned_hga,63,11000,16000,,21600,21600,19084d42c77dd61803f622f7dd3792c50fea0f387106740c6f6d6bcedc437202,aaa71d5ade10b8e0312112f8c3bf00aa189c8283c0c92760a58443974d8ff017,,separate_postprocess_after_successful_raw_run,unified_experiments/formal_protocol_19084d42c77dd61803f622f7dd3792c50fea0f387106740c6f6d6bcedc437202/formal/w45/paper_aligned_hga/seed_63,19084d42c77dd61803f622f7dd3792c50fea0f387106740c6f6d6bcedc437202:3b50059c27eb07cf6d40c8c36c0507257890c74fc956278aeedb8318f04e3c38:paper_aligned_hga:63:a05e66d7a1c58683350f6dd69b23171aac22a1f59572943943d94c0b8bdf795a,a05e66d7a1c58683350f6dd69b23171aac22a1f59572943943d94c0b8bdf795a,"[""D:\\pybullet_test\\.venv\\Scripts\\python.exe"", ""run_unified_experiments.py"", ""--formal"", ""--resume"", ""--instances"", ""w45"", ""--solvers"", ""paper_aligned_hga"", ""--seeds"", ""63"", ""--selected-evaluation-budget"", ""<USER_SELECTED_A_OR_B_BUDGET>"", ""--selected-timeout"", ""21600"", ""--output-root"", ""unified_experiments/formal_protocol_19084d42c77dd61803f622f7dd3792c50fea0f387106740c6f6d6bcedc437202/formal/w45/paper_aligned_hga/seed_63""]"
143,formal__w45__paper_aligned_hga__seed_64,3b50059c27eb07cf6d40c8c36c0507257890c74fc956278aeedb8318f04e3c38,paper_aligned_hga,64,11000,16000,,21600,21600,19084d42c77dd61803f622f7dd3792c50fea0f387106740c6f6d6bcedc437202,aaa71d5ade10b8e0312112f8c3bf00aa189c8283c0c92760a58443974d8ff017,,separate_postprocess_after_successful_raw_run,unified_experiments/formal_protocol_19084d42c77dd61803f622f7dd3792c50fea0f387106740c6f6d6bcedc437202/formal/w45/paper_aligned_hga/seed_64,19084d42c77dd61803f622f7dd3792c50fea0f387106740c6f6d6bcedc437202:3b50059c27eb07cf6d40c8c36c0507257890c74fc956278aeedb8318f04e3c38:paper_aligned_hga:64:a796ec91d5558a3496e86ca46cbafac73c5d1e7b750657d9dff65d8422a5ef05,a796ec91d5558a3496e86ca46cbafac73c5d1e7b750657d9dff65d8422a5ef05,"[""D:\\pybullet_test\\.venv\\Scripts\\python.exe"", ""run_unified_experiments.py"", ""--formal"", ""--resume"", ""--instances"", ""w45"", ""--solvers"", ""paper_aligned_hga"", ""--seeds"", ""64"", ""--selected-evaluation-budget"", ""<USER_SELECTED_A_OR_B_BUDGET>"", ""--selected-timeout"", ""21600"", ""--output-root"", ""unified_experiments/formal_protocol_19084d42c77dd61803f622f7dd3792c50fea0f387106740c6f6d6bcedc437202/formal/w45/paper_aligned_hga/seed_64""]"
144,formal__w45__paper_aligned_hga__seed_65,3b50059c27eb07cf6d40c8c36c0507257890c74fc956278aeedb8318f04e3c38,paper_aligned_hga,65,11000,16000,,21600,21600,19084d42c77dd61803f622f7dd3792c50fea0f387106740c6f6d6bcedc437202,aaa71d5ade10b8e0312112f8c3bf00aa189c8283c0c92760a58443974d8ff017,,separate_postprocess_after_successful_raw_run,unified_experiments/formal_protocol_19084d42c77dd61803f622f7dd3792c50fea0f387106740c6f6d6bcedc437202/formal/w45/paper_aligned_hga/seed_65,19084d42c77dd61803f622f7dd3792c50fea0f387106740c6f6d6bcedc437202:3b50059c27eb07cf6d40c8c36c0507257890c74fc956278aeedb8318f04e3c38:paper_aligned_hga:65:93bae91530805f2efb97e9610b77c283985d33598379e12327b3f20fc5a3f8b4,93bae91530805f2efb97e9610b77c283985d33598379e12327b3f20fc5a3f8b4,"[""D:\\pybullet_test\\.venv\\Scripts\\python.exe"", ""run_unified_experiments.py"", ""--formal"", ""--resume"", ""--instances"", ""w45"", ""--solvers"", ""paper_aligned_hga"", ""--seeds"", ""65"", ""--selected-evaluation-budget"", ""<USER_SELECTED_A_OR_B_BUDGET>"", ""--selected-timeout"", ""21600"", ""--output-root"", ""unified_experiments/formal_protocol_19084d42c77dd61803f622f7dd3792c50fea0f387106740c6f6d6bcedc437202/formal/w45/paper_aligned_hga/seed_65""]"
145,formal__w45__paper_aligned_hga__seed_66,3b50059c27eb07cf6d40c8c36c0507257890c74fc956278aeedb8318f04e3c38,paper_aligned_hga,66,11000,16000,,21600,21600,19084d42c77dd61803f622f7dd3792c50fea0f387106740c6f6d6bcedc437202,aaa71d5ade10b8e0312112f8c3bf00aa189c8283c0c92760a58443974d8ff017,,separate_postprocess_after_successful_raw_run,unified_experiments/formal_protocol_19084d42c77dd61803f622f7dd3792c50fea0f387106740c6f6d6bcedc437202/formal/w45/paper_aligned_hga/seed_66,19084d42c77dd61803f622f7dd3792c50fea0f387106740c6f6d6bcedc437202:3b50059c27eb07cf6d40c8c36c0507257890c74fc956278aeedb8318f04e3c38:paper_aligned_hga:66:36e1ec014480ac80977ab900686323b59649e85d0a280fe99dee1beac69fb6fa,36e1ec014480ac80977ab900686323b59649e85d0a280fe99dee1beac69fb6fa,"[""D:\\pybullet_test\\.venv\\Scripts\\python.exe"", ""run_unified_experiments.py"", ""--formal"", ""--resume"", ""--instances"", ""w45"", ""--solvers"", ""paper_aligned_hga"", ""--seeds"", ""66"", ""--selected-evaluation-budget"", ""<USER_SELECTED_A_OR_B_BUDGET>"", ""--selected-timeout"", ""21600"", ""--output-root"", ""unified_experiments/formal_protocol_19084d42c77dd61803f622f7dd3792c50fea0f387106740c6f6d6bcedc437202/formal/w45/paper_aligned_hga/seed_66""]"
146,formal__w45__paper_aligned_hga__seed_67,3b50059c27eb07cf6d40c8c36c0507257890c74fc956278aeedb8318f04e3c38,paper_aligned_hga,67,11000,16000,,21600,21600,19084d42c77dd61803f622f7dd3792c50fea0f387106740c6f6d6bcedc437202,aaa71d5ade10b8e0312112f8c3bf00aa189c8283c0c92760a58443974d8ff017,,separate_postprocess_after_successful_raw_run,unified_experiments/formal_protocol_19084d42c77dd61803f622f7dd3792c50fea0f387106740c6f6d6bcedc437202/formal/w45/paper_aligned_hga/seed_67,19084d42c77dd61803f622f7dd3792c50fea0f387106740c6f6d6bcedc437202:3b50059c27eb07cf6d40c8c36c0507257890c74fc956278aeedb8318f04e3c38:paper_aligned_hga:67:083350551dc85d7916caea8e908c70e82f4bafb13ec73038b1b1f416cb046cc2,083350551dc85d7916caea8e908c70e82f4bafb13ec73038b1b1f416cb046cc2,"[""D:\\pybullet_test\\.venv\\Scripts\\python.exe"", ""run_unified_experiments.py"", ""--formal"", ""--resume"", ""--instances"", ""w45"", ""--solvers"", ""paper_aligned_hga"", ""--seeds"", ""67"", ""--selected-evaluation-budget"", ""<USER_SELECTED_A_OR_B_BUDGET>"", ""--selected-timeout"", ""21600"", ""--output-root"", ""unified_experiments/formal_protocol_19084d42c77dd61803f622f7dd3792c50fea0f387106740c6f6d6bcedc437202/formal/w45/paper_aligned_hga/seed_67""]"
147,formal__w45__paper_aligned_hga__seed_68,3b50059c27eb07cf6d40c8c36c0507257890c74fc956278aeedb8318f04e3c38,paper_aligned_hga,68,11000,16000,,21600,21600,19084d42c77dd61803f622f7dd3792c50fea0f387106740c6f6d6bcedc437202,aaa71d5ade10b8e0312112f8c3bf00aa189c8283c0c92760a58443974d8ff017,,separate_postprocess_after_successful_raw_run,unified_experiments/formal_protocol_19084d42c77dd61803f622f7dd3792c50fea0f387106740c6f6d6bcedc437202/formal/w45/paper_aligned_hga/seed_68,19084d42c77dd61803f622f7dd3792c50fea0f387106740c6f6d6bcedc437202:3b50059c27eb07cf6d40c8c36c0507257890c74fc956278aeedb8318f04e3c38:paper_aligned_hga:68:7c0f341a69bb8d4fd04f15c5767bfbadf97678dfcdc4ba0192f1c4cb8772038b,7c0f341a69bb8d4fd04f15c5767bfbadf97678dfcdc4ba0192f1c4cb8772038b,"[""D:\\pybullet_test\\.venv\\Scripts\\python.exe"", ""run_unified_experiments.py"", ""--formal"", ""--resume"", ""--instances"", ""w45"", ""--solvers"", ""paper_aligned_hga"", ""--seeds"", ""68"", ""--selected-evaluation-budget"", ""<USER_SELECTED_A_OR_B_BUDGET>"", ""--selected-timeout"", ""21600"", ""--output-root"", ""unified_experiments/formal_protocol_19084d42c77dd61803f622f7dd3792c50fea0f387106740c6f6d6bcedc437202/formal/w45/paper_aligned_hga/seed_68""]"
148,formal__w45__paper_aligned_hga__seed_69,3b50059c27eb07cf6d40c8c36c0507257890c74fc956278aeedb8318f04e3c38,paper_aligned_hga,69,11000,16000,,21600,21600,19084d42c77dd61803f622f7dd3792c50fea0f387106740c6f6d6bcedc437202,aaa71d5ade10b8e0312112f8c3bf00aa189c8283c0c92760a58443974d8ff017,,separate_postprocess_after_successful_raw_run,unified_experiments/formal_protocol_19084d42c77dd61803f622f7dd3792c50fea0f387106740c6f6d6bcedc437202/formal/w45/paper_aligned_hga/seed_69,19084d42c77dd61803f622f7dd3792c50fea0f387106740c6f6d6bcedc437202:3b50059c27eb07cf6d40c8c36c0507257890c74fc956278aeedb8318f04e3c38:paper_aligned_hga:69:7d93c4fffec5dc0fe7d422be0b13ec4a9bdf6650519cf20c2859ed98cd4e75a9,7d93c4fffec5dc0fe7d422be0b13ec4a9bdf6650519cf20c2859ed98cd4e75a9,"[""D:\\pybullet_test\\.venv\\Scripts\\python.exe"", ""run_unified_experiments.py"", ""--formal"", ""--resume"", ""--instances"", ""w45"", ""--solvers"", ""paper_aligned_hga"", ""--seeds"", ""69"", ""--selected-evaluation-budget"", ""<USER_SELECTED_A_OR_B_BUDGET>"", ""--selected-timeout"", ""21600"", ""--output-root"", ""unified_experiments/formal_protocol_19084d42c77dd61803f622f7dd3792c50fea0f387106740c6f6d6bcedc437202/formal/w45/paper_aligned_hga/seed_69""]"
149,formal__w45__paper_aligned_hga__seed_70,3b50059c27eb07cf6d40c8c36c0507257890c74fc956278aeedb8318f04e3c38,paper_aligned_hga,70,11000,16000,,21600,21600,19084d42c77dd61803f622f7dd3792c50fea0f387106740c6f6d6bcedc437202,aaa71d5ade10b8e0312112f8c3bf00aa189c8283c0c92760a58443974d8ff017,,separate_postprocess_after_successful_raw_run,unified_experiments/formal_protocol_19084d42c77dd61803f622f7dd3792c50fea0f387106740c6f6d6bcedc437202/formal/w45/paper_aligned_hga/seed_70,19084d42c77dd61803f622f7dd3792c50fea0f387106740c6f6d6bcedc437202:3b50059c27eb07cf6d40c8c36c0507257890c74fc956278aeedb8318f04e3c38:paper_aligned_hga:70:a894dbadb8285fa680fab9079d13384c49decae60074bb65851f8af089582b79,a894dbadb8285fa680fab9079d13384c49decae60074bb65851f8af089582b79,"[""D:\\pybullet_test\\.venv\\Scripts\\python.exe"", ""run_unified_experiments.py"", ""--formal"", ""--resume"", ""--instances"", ""w45"", ""--solvers"", ""paper_aligned_hga"", ""--seeds"", ""70"", ""--selected-evaluation-budget"", ""<USER_SELECTED_A_OR_B_BUDGET>"", ""--selected-timeout"", ""21600"", ""--output-root"", ""unified_experiments/formal_protocol_19084d42c77dd61803f622f7dd3792c50fea0f387106740c6f6d6bcedc437202/formal/w45/paper_aligned_hga/seed_70""]"
150,formal__w45__paper_aligned_hga__seed_71,3b50059c27eb07cf6d40c8c36c0507257890c74fc956278aeedb8318f04e3c38,paper_aligned_hga,71,11000,16000,,21600,21600,19084d42c77dd61803f622f7dd3792c50fea0f387106740c6f6d6bcedc437202,aaa71d5ade10b8e0312112f8c3bf00aa189c8283c0c92760a58443974d8ff017,,separate_postprocess_after_successful_raw_run,unified_experiments/formal_protocol_19084d42c77dd61803f622f7dd3792c50fea0f387106740c6f6d6bcedc437202/formal/w45/paper_aligned_hga/seed_71,19084d42c77dd61803f622f7dd3792c50fea0f387106740c6f6d6bcedc437202:3b50059c27eb07cf6d40c8c36c0507257890c74fc956278aeedb8318f04e3c38:paper_aligned_hga:71:3c31660a0b0aaa19a090953b53e5056eda64c057c11de8f37ae8e73781d1bb3f,3c31660a0b0aaa19a090953b53e5056eda64c057c11de8f37ae8e73781d1bb3f,"[""D:\\pybullet_test\\.venv\\Scripts\\python.exe"", ""run_unified_experiments.py"", ""--formal"", ""--resume"", ""--instances"", ""w45"", ""--solvers"", ""paper_aligned_hga"", ""--seeds"", ""71"", ""--selected-evaluation-budget"", ""<USER_SELECTED_A_OR_B_BUDGET>"", ""--selected-timeout"", ""21600"", ""--output-root"", ""unified_experiments/formal_protocol_19084d42c77dd61803f622f7dd3792c50fea0f387106740c6f6d6bcedc437202/formal/w45/paper_aligned_hga/seed_71""]"
151,formal__w45__abma__seed_42,3b50059c27eb07cf6d40c8c36c0507257890c74fc956278aeedb8318f04e3c38,abma,42,11000,16000,,21600,21600,19084d42c77dd61803f622f7dd3792c50fea0f387106740c6f6d6bcedc437202,aaa71d5ade10b8e0312112f8c3bf00aa189c8283c0c92760a58443974d8ff017,631b2d675e7531d04a3c019cc8013158223944074da3e42d489a5745addee1d3,separate_postprocess_after_successful_raw_run,unified_experiments/formal_protocol_19084d42c77dd61803f622f7dd3792c50fea0f387106740c6f6d6bcedc437202/formal/w45/abma/seed_42,19084d42c77dd61803f622f7dd3792c50fea0f387106740c6f6d6bcedc437202:3b50059c27eb07cf6d40c8c36c0507257890c74fc956278aeedb8318f04e3c38:abma:42:3b103b5957e99a591c5a32e267b4b3b42c75fd66e24c107d697ba71a832042d1,3b103b5957e99a591c5a32e267b4b3b42c75fd66e24c107d697ba71a832042d1,"[""D:\\pybullet_test\\.venv\\Scripts\\python.exe"", ""run_unified_experiments.py"", ""--formal"", ""--resume"", ""--instances"", ""w45"", ""--solvers"", ""abma"", ""--seeds"", ""42"", ""--selected-evaluation-budget"", ""<USER_SELECTED_A_OR_B_BUDGET>"", ""--selected-timeout"", ""21600"", ""--output-root"", ""unified_experiments/formal_protocol_19084d42c77dd61803f622f7dd3792c50fea0f387106740c6f6d6bcedc437202/formal/w45/abma/seed_42""]"
152,formal__w45__abma__seed_43,3b50059c27eb07cf6d40c8c36c0507257890c74fc956278aeedb8318f04e3c38,abma,43,11000,16000,,21600,21600,19084d42c77dd61803f622f7dd3792c50fea0f387106740c6f6d6bcedc437202,aaa71d5ade10b8e0312112f8c3bf00aa189c8283c0c92760a58443974d8ff017,631b2d675e7531d04a3c019cc8013158223944074da3e42d489a5745addee1d3,separate_postprocess_after_successful_raw_run,unified_experiments/formal_protocol_19084d42c77dd61803f622f7dd3792c50fea0f387106740c6f6d6bcedc437202/formal/w45/abma/seed_43,19084d42c77dd61803f622f7dd3792c50fea0f387106740c6f6d6bcedc437202:3b50059c27eb07cf6d40c8c36c0507257890c74fc956278aeedb8318f04e3c38:abma:43:bc4c69c6314450d85378c8479289c9d54e69582bea13b4e97d541494cbb1d3c4,bc4c69c6314450d85378c8479289c9d54e69582bea13b4e97d541494cbb1d3c4,"[""D:\\pybullet_test\\.venv\\Scripts\\python.exe"", ""run_unified_experiments.py"", ""--formal"", ""--resume"", ""--instances"", ""w45"", ""--solvers"", ""abma"", ""--seeds"", ""43"", ""--selected-evaluation-budget"", ""<USER_SELECTED_A_OR_B_BUDGET>"", ""--selected-timeout"", ""21600"", ""--output-root"", ""unified_experiments/formal_protocol_19084d42c77dd61803f622f7dd3792c50fea0f387106740c6f6d6bcedc437202/formal/w45/abma/seed_43""]"
153,formal__w45__abma__seed_44,3b50059c27eb07cf6d40c8c36c0507257890c74fc956278aeedb8318f04e3c38,abma,44,11000,16000,,21600,21600,19084d42c77dd61803f622f7dd3792c50fea0f387106740c6f6d6bcedc437202,aaa71d5ade10b8e0312112f8c3bf00aa189c8283c0c92760a58443974d8ff017,631b2d675e7531d04a3c019cc8013158223944074da3e42d489a5745addee1d3,separate_postprocess_after_successful_raw_run,unified_experiments/formal_protocol_19084d42c77dd61803f622f7dd3792c50fea0f387106740c6f6d6bcedc437202/formal/w45/abma/seed_44,19084d42c77dd61803f622f7dd3792c50fea0f387106740c6f6d6bcedc437202:3b50059c27eb07cf6d40c8c36c0507257890c74fc956278aeedb8318f04e3c38:abma:44:7dfa32cd6edb6c0145ecae0b7aa011f194424ff1b35ab21fcc71e9a8d2acc3dd,7dfa32cd6edb6c0145ecae0b7aa011f194424ff1b35ab21fcc71e9a8d2acc3dd,"[""D:\\pybullet_test\\.venv\\Scripts\\python.exe"", ""run_unified_experiments.py"", ""--formal"", ""--resume"", ""--instances"", ""w45"", ""--solvers"", ""abma"", ""--seeds"", ""44"", ""--selected-evaluation-budget"", ""<USER_SELECTED_A_OR_B_BUDGET>"", ""--selected-timeout"", ""21600"", ""--output-root"", ""unified_experiments/formal_protocol_19084d42c77dd61803f622f7dd3792c50fea0f387106740c6f6d6bcedc437202/formal/w45/abma/seed_44""]"
154,formal__w45__abma__seed_45,3b50059c27eb07cf6d40c8c36c0507257890c74fc956278aeedb8318f04e3c38,abma,45,11000,16000,,21600,21600,19084d42c77dd61803f622f7dd3792c50fea0f387106740c6f6d6bcedc437202,aaa71d5ade10b8e0312112f8c3bf00aa189c8283c0c92760a58443974d8ff017,631b2d675e7531d04a3c019cc8013158223944074da3e42d489a5745addee1d3,separate_postprocess_after_successful_raw_run,unified_experiments/formal_protocol_19084d42c77dd61803f622f7dd3792c50fea0f387106740c6f6d6bcedc437202/formal/w45/abma/seed_45,19084d42c77dd61803f622f7dd3792c50fea0f387106740c6f6d6bcedc437202:3b50059c27eb07cf6d40c8c36c0507257890c74fc956278aeedb8318f04e3c38:abma:45:8b59a2a12d5589624e430bd5d3f0d9ac3225a1063c7808d10d179d6232548ecb,8b59a2a12d5589624e430bd5d3f0d9ac3225a1063c7808d10d179d6232548ecb,"[""D:\\pybullet_test\\.venv\\Scripts\\python.exe"", ""run_unified_experiments.py"", ""--formal"", ""--resume"", ""--instances"", ""w45"", ""--solvers"", ""abma"", ""--seeds"", ""45"", ""--selected-evaluation-budget"", ""<USER_SELECTED_A_OR_B_BUDGET>"", ""--selected-timeout"", ""21600"", ""--output-root"", ""unified_experiments/formal_protocol_19084d42c77dd61803f622f7dd3792c50fea0f387106740c6f6d6bcedc437202/formal/w45/abma/seed_45""]"
155,formal__w45__abma__seed_46,3b50059c27eb07cf6d40c8c36c0507257890c74fc956278aeedb8318f04e3c38,abma,46,11000,16000,,21600,21600,19084d42c77dd61803f622f7dd3792c50fea0f387106740c6f6d6bcedc437202,aaa71d5ade10b8e0312112f8c3bf00aa189c8283c0c92760a58443974d8ff017,631b2d675e7531d04a3c019cc8013158223944074da3e42d489a5745addee1d3,separate_postprocess_after_successful_raw_run,unified_experiments/formal_protocol_19084d42c77dd61803f622f7dd3792c50fea0f387106740c6f6d6bcedc437202/formal/w45/abma/seed_46,19084d42c77dd61803f622f7dd3792c50fea0f387106740c6f6d6bcedc437202:3b50059c27eb07cf6d40c8c36c0507257890c74fc956278aeedb8318f04e3c38:abma:46:47f83fa7b6da150f73ff48e0cab5b4cb931acdf55f8ed06b87ceac7559213180,47f83fa7b6da150f73ff48e0cab5b4cb931acdf55f8ed06b87ceac7559213180,"[""D:\\pybullet_test\\.venv\\Scripts\\python.exe"", ""run_unified_experiments.py"", ""--formal"", ""--resume"", ""--instances"", ""w45"", ""--solvers"", ""abma"", ""--seeds"", ""46"", ""--selected-evaluation-budget"", ""<USER_SELECTED_A_OR_B_BUDGET>"", ""--selected-timeout"", ""21600"", ""--output-root"", ""unified_experiments/formal_protocol_19084d42c77dd61803f622f7dd3792c50fea0f387106740c6f6d6bcedc437202/formal/w45/abma/seed_46""]"
156,formal__w45__abma__seed_47,3b50059c27eb07cf6d40c8c36c0507257890c74fc956278aeedb8318f04e3c38,abma,47,11000,16000,,21600,21600,19084d42c77dd61803f622f7dd3792c50fea0f387106740c6f6d6bcedc437202,aaa71d5ade10b8e0312112f8c3bf00aa189c8283c0c92760a58443974d8ff017,631b2d675e7531d04a3c019cc8013158223944074da3e42d489a5745addee1d3,separate_postprocess_after_successful_raw_run,unified_experiments/formal_protocol_19084d42c77dd61803f622f7dd3792c50fea0f387106740c6f6d6bcedc437202/formal/w45/abma/seed_47,19084d42c77dd61803f622f7dd3792c50fea0f387106740c6f6d6bcedc437202:3b50059c27eb07cf6d40c8c36c0507257890c74fc956278aeedb8318f04e3c38:abma:47:f6cfba8b9382f42a3dcf7fe9d7eff025fd39f846dad79b8692accc69cc637fe8,f6cfba8b9382f42a3dcf7fe9d7eff025fd39f846dad79b8692accc69cc637fe8,"[""D:\\pybullet_test\\.venv\\Scripts\\python.exe"", ""run_unified_experiments.py"", ""--formal"", ""--resume"", ""--instances"", ""w45"", ""--solvers"", ""abma"", ""--seeds"", ""47"", ""--selected-evaluation-budget"", ""<USER_SELECTED_A_OR_B_BUDGET>"", ""--selected-timeout"", ""21600"", ""--output-root"", ""unified_experiments/formal_protocol_19084d42c77dd61803f622f7dd3792c50fea0f387106740c6f6d6bcedc437202/formal/w45/abma/seed_47""]"
157,formal__w45__abma__seed_48,3b50059c27eb07cf6d40c8c36c0507257890c74fc956278aeedb8318f04e3c38,abma,48,11000,16000,,21600,21600,19084d42c77dd61803f622f7dd3792c50fea0f387106740c6f6d6bcedc437202,aaa71d5ade10b8e0312112f8c3bf00aa189c8283c0c92760a58443974d8ff017,631b2d675e7531d04a3c019cc8013158223944074da3e42d489a5745addee1d3,separate_postprocess_after_successful_raw_run,unified_experiments/formal_protocol_19084d42c77dd61803f622f7dd3792c50fea0f387106740c6f6d6bcedc437202/formal/w45/abma/seed_48,19084d42c77dd61803f622f7dd3792c50fea0f387106740c6f6d6bcedc437202:3b50059c27eb07cf6d40c8c36c0507257890c74fc956278aeedb8318f04e3c38:abma:48:64de53c797c27b0ffe935cece489d3466870eccf8f59d30ff781bb286956e0d3,64de53c797c27b0ffe935cece489d3466870eccf8f59d30ff781bb286956e0d3,"[""D:\\pybullet_test\\.venv\\Scripts\\python.exe"", ""run_unified_experiments.py"", ""--formal"", ""--resume"", ""--instances"", ""w45"", ""--solvers"", ""abma"", ""--seeds"", ""48"", ""--selected-evaluation-budget"", ""<USER_SELECTED_A_OR_B_BUDGET>"", ""--selected-timeout"", ""21600"", ""--output-root"", ""unified_experiments/formal_protocol_19084d42c77dd61803f622f7dd3792c50fea0f387106740c6f6d6bcedc437202/formal/w45/abma/seed_48""]"
158,formal__w45__abma__seed_49,3b50059c27eb07cf6d40c8c36c0507257890c74fc956278aeedb8318f04e3c38,abma,49,11000,16000,,21600,21600,19084d42c77dd61803f622f7dd3792c50fea0f387106740c6f6d6bcedc437202,aaa71d5ade10b8e0312112f8c3bf00aa189c8283c0c92760a58443974d8ff017,631b2d675e7531d04a3c019cc8013158223944074da3e42d489a5745addee1d3,separate_postprocess_after_successful_raw_run,unified_experiments/formal_protocol_19084d42c77dd61803f622f7dd3792c50fea0f387106740c6f6d6bcedc437202/formal/w45/abma/seed_49,19084d42c77dd61803f622f7dd3792c50fea0f387106740c6f6d6bcedc437202:3b50059c27eb07cf6d40c8c36c0507257890c74fc956278aeedb8318f04e3c38:abma:49:8683caa30ec9c8b242ddf464e2f24aa1f80e6da407d624c75a09877d8fc0a219,8683caa30ec9c8b242ddf464e2f24aa1f80e6da407d624c75a09877d8fc0a219,"[""D:\\pybullet_test\\.venv\\Scripts\\python.exe"", ""run_unified_experiments.py"", ""--formal"", ""--resume"", ""--instances"", ""w45"", ""--solvers"", ""abma"", ""--seeds"", ""49"", ""--selected-evaluation-budget"", ""<USER_SELECTED_A_OR_B_BUDGET>"", ""--selected-timeout"", ""21600"", ""--output-root"", ""unified_experiments/formal_protocol_19084d42c77dd61803f622f7dd3792c50fea0f387106740c6f6d6bcedc437202/formal/w45/abma/seed_49""]"
159,formal__w45__abma__seed_50,3b50059c27eb07cf6d40c8c36c0507257890c74fc956278aeedb8318f04e3c38,abma,50,11000,16000,,21600,21600,19084d42c77dd61803f622f7dd3792c50fea0f387106740c6f6d6bcedc437202,aaa71d5ade10b8e0312112f8c3bf00aa189c8283c0c92760a58443974d8ff017,631b2d675e7531d04a3c019cc8013158223944074da3e42d489a5745addee1d3,separate_postprocess_after_successful_raw_run,unified_experiments/formal_protocol_19084d42c77dd61803f622f7dd3792c50fea0f387106740c6f6d6bcedc437202/formal/w45/abma/seed_50,19084d42c77dd61803f622f7dd3792c50fea0f387106740c6f6d6bcedc437202:3b50059c27eb07cf6d40c8c36c0507257890c74fc956278aeedb8318f04e3c38:abma:50:93f40cb414fd2541d60ea8b0119220a6e2aaf08aa6d12a2d1ab8f8acbfb5662b,93f40cb414fd2541d60ea8b0119220a6e2aaf08aa6d12a2d1ab8f8acbfb5662b,"[""D:\\pybullet_test\\.venv\\Scripts\\python.exe"", ""run_unified_experiments.py"", ""--formal"", ""--resume"", ""--instances"", ""w45"", ""--solvers"", ""abma"", ""--seeds"", ""50"", ""--selected-evaluation-budget"", ""<USER_SELECTED_A_OR_B_BUDGET>"", ""--selected-timeout"", ""21600"", ""--output-root"", ""unified_experiments/formal_protocol_19084d42c77dd61803f622f7dd3792c50fea0f387106740c6f6d6bcedc437202/formal/w45/abma/seed_50""]"
160,formal__w45__abma__seed_51,3b50059c27eb07cf6d40c8c36c0507257890c74fc956278aeedb8318f04e3c38,abma,51,11000,16000,,21600,21600,19084d42c77dd61803f622f7dd3792c50fea0f387106740c6f6d6bcedc437202,aaa71d5ade10b8e0312112f8c3bf00aa189c8283c0c92760a58443974d8ff017,631b2d675e7531d04a3c019cc8013158223944074da3e42d489a5745addee1d3,separate_postprocess_after_successful_raw_run,unified_experiments/formal_protocol_19084d42c77dd61803f622f7dd3792c50fea0f387106740c6f6d6bcedc437202/formal/w45/abma/seed_51,19084d42c77dd61803f622f7dd3792c50fea0f387106740c6f6d6bcedc437202:3b50059c27eb07cf6d40c8c36c0507257890c74fc956278aeedb8318f04e3c38:abma:51:53020dbc8b1e0a28c5de7c368f60bc548ca9db6f33b325aa60a9fce875208058,53020dbc8b1e0a28c5de7c368f60bc548ca9db6f33b325aa60a9fce875208058,"[""D:\\pybullet_test\\.venv\\Scripts\\python.exe"", ""run_unified_experiments.py"", ""--formal"", ""--resume"", ""--instances"", ""w45"", ""--solvers"", ""abma"", ""--seeds"", ""51"", ""--selected-evaluation-budget"", ""<USER_SELECTED_A_OR_B_BUDGET>"", ""--selected-timeout"", ""21600"", ""--output-root"", ""unified_experiments/formal_protocol_19084d42c77dd61803f622f7dd3792c50fea0f387106740c6f6d6bcedc437202/formal/w45/abma/seed_51""]"
161,formal__w45__abma__seed_52,3b50059c27eb07cf6d40c8c36c0507257890c74fc956278aeedb8318f04e3c38,abma,52,11000,16000,,21600,21600,19084d42c77dd61803f622f7dd3792c50fea0f387106740c6f6d6bcedc437202,aaa71d5ade10b8e0312112f8c3bf00aa189c8283c0c92760a58443974d8ff017,631b2d675e7531d04a3c019cc8013158223944074da3e42d489a5745addee1d3,separate_postprocess_after_successful_raw_run,unified_experiments/formal_protocol_19084d42c77dd61803f622f7dd3792c50fea0f387106740c6f6d6bcedc437202/formal/w45/abma/seed_52,19084d42c77dd61803f622f7dd3792c50fea0f387106740c6f6d6bcedc437202:3b50059c27eb07cf6d40c8c36c0507257890c74fc956278aeedb8318f04e3c38:abma:52:2caa801b866e2fdac615f79ec505223ef7072969a1d57b4dd969e411fac0f63a,2caa801b866e2fdac615f79ec505223ef7072969a1d57b4dd969e411fac0f63a,"[""D:\\pybullet_test\\.venv\\Scripts\\python.exe"", ""run_unified_experiments.py"", ""--formal"", ""--resume"", ""--instances"", ""w45"", ""--solvers"", ""abma"", ""--seeds"", ""52"", ""--selected-evaluation-budget"", ""<USER_SELECTED_A_OR_B_BUDGET>"", ""--selected-timeout"", ""21600"", ""--output-root"", ""unified_experiments/formal_protocol_19084d42c77dd61803f622f7dd3792c50fea0f387106740c6f6d6bcedc437202/formal/w45/abma/seed_52""]"
162,formal__w45__abma__seed_53,3b50059c27eb07cf6d40c8c36c0507257890c74fc956278aeedb8318f04e3c38,abma,53,11000,16000,,21600,21600,19084d42c77dd61803f622f7dd3792c50fea0f387106740c6f6d6bcedc437202,aaa71d5ade10b8e0312112f8c3bf00aa189c8283c0c92760a58443974d8ff017,631b2d675e7531d04a3c019cc8013158223944074da3e42d489a5745addee1d3,separate_postprocess_after_successful_raw_run,unified_experiments/formal_protocol_19084d42c77dd61803f622f7dd3792c50fea0f387106740c6f6d6bcedc437202/formal/w45/abma/seed_53,19084d42c77dd61803f622f7dd3792c50fea0f387106740c6f6d6bcedc437202:3b50059c27eb07cf6d40c8c36c0507257890c74fc956278aeedb8318f04e3c38:abma:53:070dda1dfba35522bcc1902fa7503644e15b15ced1cfb680efc31febc834e8f5,070dda1dfba35522bcc1902fa7503644e15b15ced1cfb680efc31febc834e8f5,"[""D:\\pybullet_test\\.venv\\Scripts\\python.exe"", ""run_unified_experiments.py"", ""--formal"", ""--resume"", ""--instances"", ""w45"", ""--solvers"", ""abma"", ""--seeds"", ""53"", ""--selected-evaluation-budget"", ""<USER_SELECTED_A_OR_B_BUDGET>"", ""--selected-timeout"", ""21600"", ""--output-root"", ""unified_experiments/formal_protocol_19084d42c77dd61803f622f7dd3792c50fea0f387106740c6f6d6bcedc437202/formal/w45/abma/seed_53""]"
163,formal__w45__abma__seed_54,3b50059c27eb07cf6d40c8c36c0507257890c74fc956278aeedb8318f04e3c38,abma,54,11000,16000,,21600,21600,19084d42c77dd61803f622f7dd3792c50fea0f387106740c6f6d6bcedc437202,aaa71d5ade10b8e0312112f8c3bf00aa189c8283c0c92760a58443974d8ff017,631b2d675e7531d04a3c019cc8013158223944074da3e42d489a5745addee1d3,separate_postprocess_after_successful_raw_run,unified_experiments/formal_protocol_19084d42c77dd61803f622f7dd3792c50fea0f387106740c6f6d6bcedc437202/formal/w45/abma/seed_54,19084d42c77dd61803f622f7dd3792c50fea0f387106740c6f6d6bcedc437202:3b50059c27eb07cf6d40c8c36c0507257890c74fc956278aeedb8318f04e3c38:abma:54:971f3a00c0f241fec6f4d79813b2d8d94f6e6d249ac946dc3083917bf42a03e7,971f3a00c0f241fec6f4d79813b2d8d94f6e6d249ac946dc3083917bf42a03e7,"[""D:\\pybullet_test\\.venv\\Scripts\\python.exe"", ""run_unified_experiments.py"", ""--formal"", ""--resume"", ""--instances"", ""w45"", ""--solvers"", ""abma"", ""--seeds"", ""54"", ""--selected-evaluation-budget"", ""<USER_SELECTED_A_OR_B_BUDGET>"", ""--selected-timeout"", ""21600"", ""--output-root"", ""unified_experiments/formal_protocol_19084d42c77dd61803f622f7dd3792c50fea0f387106740c6f6d6bcedc437202/formal/w45/abma/seed_54""]"
164,formal__w45__abma__seed_55,3b50059c27eb07cf6d40c8c36c0507257890c74fc956278aeedb8318f04e3c38,abma,55,11000,16000,,21600,21600,19084d42c77dd61803f622f7dd3792c50fea0f387106740c6f6d6bcedc437202,aaa71d5ade10b8e0312112f8c3bf00aa189c8283c0c92760a58443974d8ff017,631b2d675e7531d04a3c019cc8013158223944074da3e42d489a5745addee1d3,separate_postprocess_after_successful_raw_run,unified_experiments/formal_protocol_19084d42c77dd61803f622f7dd3792c50fea0f387106740c6f6d6bcedc437202/formal/w45/abma/seed_55,19084d42c77dd61803f622f7dd3792c50fea0f387106740c6f6d6bcedc437202:3b50059c27eb07cf6d40c8c36c0507257890c74fc956278aeedb8318f04e3c38:abma:55:291644a45de637513c03211b5aa35ed8929c3923f999e0a93d0527b6d27e3fd0,291644a45de637513c03211b5aa35ed8929c3923f999e0a93d0527b6d27e3fd0,"[""D:\\pybullet_test\\.venv\\Scripts\\python.exe"", ""run_unified_experiments.py"", ""--formal"", ""--resume"", ""--instances"", ""w45"", ""--solvers"", ""abma"", ""--seeds"", ""55"", ""--selected-evaluation-budget"", ""<USER_SELECTED_A_OR_B_BUDGET>"", ""--selected-timeout"", ""21600"", ""--output-root"", ""unified_experiments/formal_protocol_19084d42c77dd61803f622f7dd3792c50fea0f387106740c6f6d6bcedc437202/formal/w45/abma/seed_55""]"
165,formal__w45__abma__seed_56,3b50059c27eb07cf6d40c8c36c0507257890c74fc956278aeedb8318f04e3c38,abma,56,11000,16000,,21600,21600,19084d42c77dd61803f622f7dd3792c50fea0f387106740c6f6d6bcedc437202,aaa71d5ade10b8e0312112f8c3bf00aa189c8283c0c92760a58443974d8ff017,631b2d675e7531d04a3c019cc8013158223944074da3e42d489a5745addee1d3,separate_postprocess_after_successful_raw_run,unified_experiments/formal_protocol_19084d42c77dd61803f622f7dd3792c50fea0f387106740c6f6d6bcedc437202/formal/w45/abma/seed_56,19084d42c77dd61803f622f7dd3792c50fea0f387106740c6f6d6bcedc437202:3b50059c27eb07cf6d40c8c36c0507257890c74fc956278aeedb8318f04e3c38:abma:56:cfe9c1cd885da14b5e791bc8eab6fcd015d63de5169f22b760cbfb5e2efe3ff0,cfe9c1cd885da14b5e791bc8eab6fcd015d63de5169f22b760cbfb5e2efe3ff0,"[""D:\\pybullet_test\\.venv\\Scripts\\python.exe"", ""run_unified_experiments.py"", ""--formal"", ""--resume"", ""--instances"", ""w45"", ""--solvers"", ""abma"", ""--seeds"", ""56"", ""--selected-evaluation-budget"", ""<USER_SELECTED_A_OR_B_BUDGET>"", ""--selected-timeout"", ""21600"", ""--output-root"", ""unified_experiments/formal_protocol_19084d42c77dd61803f622f7dd3792c50fea0f387106740c6f6d6bcedc437202/formal/w45/abma/seed_56""]"
166,formal__w45__abma__seed_57,3b50059c27eb07cf6d40c8c36c0507257890c74fc956278aeedb8318f04e3c38,abma,57,11000,16000,,21600,21600,19084d42c77dd61803f622f7dd3792c50fea0f387106740c6f6d6bcedc437202,aaa71d5ade10b8e0312112f8c3bf00aa189c8283c0c92760a58443974d8ff017,631b2d675e7531d04a3c019cc8013158223944074da3e42d489a5745addee1d3,separate_postprocess_after_successful_raw_run,unified_experiments/formal_protocol_19084d42c77dd61803f622f7dd3792c50fea0f387106740c6f6d6bcedc437202/formal/w45/abma/seed_57,19084d42c77dd61803f622f7dd3792c50fea0f387106740c6f6d6bcedc437202:3b50059c27eb07cf6d40c8c36c0507257890c74fc956278aeedb8318f04e3c38:abma:57:b9882288bd9290850d9ff4ab74f65e17549184f60cd1405759c52493d49a12cd,b9882288bd9290850d9ff4ab74f65e17549184f60cd1405759c52493d49a12cd,"[""D:\\pybullet_test\\.venv\\Scripts\\python.exe"", ""run_unified_experiments.py"", ""--formal"", ""--resume"", ""--instances"", ""w45"", ""--solvers"", ""abma"", ""--seeds"", ""57"", ""--selected-evaluation-budget"", ""<USER_SELECTED_A_OR_B_BUDGET>"", ""--selected-timeout"", ""21600"", ""--output-root"", ""unified_experiments/formal_protocol_19084d42c77dd61803f622f7dd3792c50fea0f387106740c6f6d6bcedc437202/formal/w45/abma/seed_57""]"
167,formal__w45__abma__seed_58,3b50059c27eb07cf6d40c8c36c0507257890c74fc956278aeedb8318f04e3c38,abma,58,11000,16000,,21600,21600,19084d42c77dd61803f622f7dd3792c50fea0f387106740c6f6d6bcedc437202,aaa71d5ade10b8e0312112f8c3bf00aa189c8283c0c92760a58443974d8ff017,631b2d675e7531d04a3c019cc8013158223944074da3e42d489a5745addee1d3,separate_postprocess_after_successful_raw_run,unified_experiments/formal_protocol_19084d42c77dd61803f622f7dd3792c50fea0f387106740c6f6d6bcedc437202/formal/w45/abma/seed_58,19084d42c77dd61803f622f7dd3792c50fea0f387106740c6f6d6bcedc437202:3b50059c27eb07cf6d40c8c36c0507257890c74fc956278aeedb8318f04e3c38:abma:58:dcdc6d543146e1c383cf21c9ab36d64356fe3427a9487c12fa8b074a7d989e5c,dcdc6d543146e1c383cf21c9ab36d64356fe3427a9487c12fa8b074a7d989e5c,"[""D:\\pybullet_test\\.venv\\Scripts\\python.exe"", ""run_unified_experiments.py"", ""--formal"", ""--resume"", ""--instances"", ""w45"", ""--solvers"", ""abma"", ""--seeds"", ""58"", ""--selected-evaluation-budget"", ""<USER_SELECTED_A_OR_B_BUDGET>"", ""--selected-timeout"", ""21600"", ""--output-root"", ""unified_experiments/formal_protocol_19084d42c77dd61803f622f7dd3792c50fea0f387106740c6f6d6bcedc437202/formal/w45/abma/seed_58""]"
168,formal__w45__abma__seed_59,3b50059c27eb07cf6d40c8c36c0507257890c74fc956278aeedb8318f04e3c38,abma,59,11000,16000,,21600,21600,19084d42c77dd61803f622f7dd3792c50fea0f387106740c6f6d6bcedc437202,aaa71d5ade10b8e0312112f8c3bf00aa189c8283c0c92760a58443974d8ff017,631b2d675e7531d04a3c019cc8013158223944074da3e42d489a5745addee1d3,separate_postprocess_after_successful_raw_run,unified_experiments/formal_protocol_19084d42c77dd61803f622f7dd3792c50fea0f387106740c6f6d6bcedc437202/formal/w45/abma/seed_59,19084d42c77dd61803f622f7dd3792c50fea0f387106740c6f6d6bcedc437202:3b50059c27eb07cf6d40c8c36c0507257890c74fc956278aeedb8318f04e3c38:abma:59:30cb37ff9572d445531f1a8015d387bbe61374f14cb46c4d2e1d1f12a41d275e,30cb37ff9572d445531f1a8015d387bbe61374f14cb46c4d2e1d1f12a41d275e,"[""D:\\pybullet_test\\.venv\\Scripts\\python.exe"", ""run_unified_experiments.py"", ""--formal"", ""--resume"", ""--instances"", ""w45"", ""--solvers"", ""abma"", ""--seeds"", ""59"", ""--selected-evaluation-budget"", ""<USER_SELECTED_A_OR_B_BUDGET>"", ""--selected-timeout"", ""21600"", ""--output-root"", ""unified_experiments/formal_protocol_19084d42c77dd61803f622f7dd3792c50fea0f387106740c6f6d6bcedc437202/formal/w45/abma/seed_59""]"
169,formal__w45__abma__seed_60,3b50059c27eb07cf6d40c8c36c0507257890c74fc956278aeedb8318f04e3c38,abma,60,11000,16000,,21600,21600,19084d42c77dd61803f622f7dd3792c50fea0f387106740c6f6d6bcedc437202,aaa71d5ade10b8e0312112f8c3bf00aa189c8283c0c92760a58443974d8ff017,631b2d675e7531d04a3c019cc8013158223944074da3e42d489a5745addee1d3,separate_postprocess_after_successful_raw_run,unified_experiments/formal_protocol_19084d42c77dd61803f622f7dd3792c50fea0f387106740c6f6d6bcedc437202/formal/w45/abma/seed_60,19084d42c77dd61803f622f7dd3792c50fea0f387106740c6f6d6bcedc437202:3b50059c27eb07cf6d40c8c36c0507257890c74fc956278aeedb8318f04e3c38:abma:60:ef9b5175fdc5899ed6149a022b544281a05d603d89fd32981fbfef465f7e3ad7,ef9b5175fdc5899ed6149a022b544281a05d603d89fd32981fbfef465f7e3ad7,"[""D:\\pybullet_test\\.venv\\Scripts\\python.exe"", ""run_unified_experiments.py"", ""--formal"", ""--resume"", ""--instances"", ""w45"", ""--solvers"", ""abma"", ""--seeds"", ""60"", ""--selected-evaluation-budget"", ""<USER_SELECTED_A_OR_B_BUDGET>"", ""--selected-timeout"", ""21600"", ""--output-root"", ""unified_experiments/formal_protocol_19084d42c77dd61803f622f7dd3792c50fea0f387106740c6f6d6bcedc437202/formal/w45/abma/seed_60""]"
170,formal__w45__abma__seed_61,3b50059c27eb07cf6d40c8c36c0507257890c74fc956278aeedb8318f04e3c38,abma,61,11000,16000,,21600,21600,19084d42c77dd61803f622f7dd3792c50fea0f387106740c6f6d6bcedc437202,aaa71d5ade10b8e0312112f8c3bf00aa189c8283c0c92760a58443974d8ff017,631b2d675e7531d04a3c019cc8013158223944074da3e42d489a5745addee1d3,separate_postprocess_after_successful_raw_run,unified_experiments/formal_protocol_19084d42c77dd61803f622f7dd3792c50fea0f387106740c6f6d6bcedc437202/formal/w45/abma/seed_61,19084d42c77dd61803f622f7dd3792c50fea0f387106740c6f6d6bcedc437202:3b50059c27eb07cf6d40c8c36c0507257890c74fc956278aeedb8318f04e3c38:abma:61:6d24aa44b6c627e9d80b8bb63c863441593751aa59faf0f3dc78c34255bb90c0,6d24aa44b6c627e9d80b8bb63c863441593751aa59faf0f3dc78c34255bb90c0,"[""D:\\pybullet_test\\.venv\\Scripts\\python.exe"", ""run_unified_experiments.py"", ""--formal"", ""--resume"", ""--instances"", ""w45"", ""--solvers"", ""abma"", ""--seeds"", ""61"", ""--selected-evaluation-budget"", ""<USER_SELECTED_A_OR_B_BUDGET>"", ""--selected-timeout"", ""21600"", ""--output-root"", ""unified_experiments/formal_protocol_19084d42c77dd61803f622f7dd3792c50fea0f387106740c6f6d6bcedc437202/formal/w45/abma/seed_61""]"
171,formal__w45__abma__seed_62,3b50059c27eb07cf6d40c8c36c0507257890c74fc956278aeedb8318f04e3c38,abma,62,11000,16000,,21600,21600,19084d42c77dd61803f622f7dd3792c50fea0f387106740c6f6d6bcedc437202,aaa71d5ade10b8e0312112f8c3bf00aa189c8283c0c92760a58443974d8ff017,631b2d675e7531d04a3c019cc8013158223944074da3e42d489a5745addee1d3,separate_postprocess_after_successful_raw_run,unified_experiments/formal_protocol_19084d42c77dd61803f622f7dd3792c50fea0f387106740c6f6d6bcedc437202/formal/w45/abma/seed_62,19084d42c77dd61803f622f7dd3792c50fea0f387106740c6f6d6bcedc437202:3b50059c27eb07cf6d40c8c36c0507257890c74fc956278aeedb8318f04e3c38:abma:62:9efd5983a7d8ce529421ab2cfb4a3b4654248e10d0a264e043b39b4787389d66,9efd5983a7d8ce529421ab2cfb4a3b4654248e10d0a264e043b39b4787389d66,"[""D:\\pybullet_test\\.venv\\Scripts\\python.exe"", ""run_unified_experiments.py"", ""--formal"", ""--resume"", ""--instances"", ""w45"", ""--solvers"", ""abma"", ""--seeds"", ""62"", ""--selected-evaluation-budget"", ""<USER_SELECTED_A_OR_B_BUDGET>"", ""--selected-timeout"", ""21600"", ""--output-root"", ""unified_experiments/formal_protocol_19084d42c77dd61803f622f7dd3792c50fea0f387106740c6f6d6bcedc437202/formal/w45/abma/seed_62""]"
172,formal__w45__abma__seed_63,3b50059c27eb07cf6d40c8c36c0507257890c74fc956278aeedb8318f04e3c38,abma,63,11000,16000,,21600,21600,19084d42c77dd61803f622f7dd3792c50fea0f387106740c6f6d6bcedc437202,aaa71d5ade10b8e0312112f8c3bf00aa189c8283c0c92760a58443974d8ff017,631b2d675e7531d04a3c019cc8013158223944074da3e42d489a5745addee1d3,separate_postprocess_after_successful_raw_run,unified_experiments/formal_protocol_19084d42c77dd61803f622f7dd3792c50fea0f387106740c6f6d6bcedc437202/formal/w45/abma/seed_63,19084d42c77dd61803f622f7dd3792c50fea0f387106740c6f6d6bcedc437202:3b50059c27eb07cf6d40c8c36c0507257890c74fc956278aeedb8318f04e3c38:abma:63:430ba3eeb87ffcac38ef02c17085254862b5c83fc56b89fa1defe669010c8201,430ba3eeb87ffcac38ef02c17085254862b5c83fc56b89fa1defe669010c8201,"[""D:\\pybullet_test\\.venv\\Scripts\\python.exe"", ""run_unified_experiments.py"", ""--formal"", ""--resume"", ""--instances"", ""w45"", ""--solvers"", ""abma"", ""--seeds"", ""63"", ""--selected-evaluation-budget"", ""<USER_SELECTED_A_OR_B_BUDGET>"", ""--selected-timeout"", ""21600"", ""--output-root"", ""unified_experiments/formal_protocol_19084d42c77dd61803f622f7dd3792c50fea0f387106740c6f6d6bcedc437202/formal/w45/abma/seed_63""]"
173,formal__w45__abma__seed_64,3b50059c27eb07cf6d40c8c36c0507257890c74fc956278aeedb8318f04e3c38,abma,64,11000,16000,,21600,21600,19084d42c77dd61803f622f7dd3792c50fea0f387106740c6f6d6bcedc437202,aaa71d5ade10b8e0312112f8c3bf00aa189c8283c0c92760a58443974d8ff017,631b2d675e7531d04a3c019cc8013158223944074da3e42d489a5745addee1d3,separate_postprocess_after_successful_raw_run,unified_experiments/formal_protocol_19084d42c77dd61803f622f7dd3792c50fea0f387106740c6f6d6bcedc437202/formal/w45/abma/seed_64,19084d42c77dd61803f622f7dd3792c50fea0f387106740c6f6d6bcedc437202:3b50059c27eb07cf6d40c8c36c0507257890c74fc956278aeedb8318f04e3c38:abma:64:6aff40aa8e17720832b59fd41a859892ca1cf50dcd92afe6855f2975d1285a8a,6aff40aa8e17720832b59fd41a859892ca1cf50dcd92afe6855f2975d1285a8a,"[""D:\\pybullet_test\\.venv\\Scripts\\python.exe"", ""run_unified_experiments.py"", ""--formal"", ""--resume"", ""--instances"", ""w45"", ""--solvers"", ""abma"", ""--seeds"", ""64"", ""--selected-evaluation-budget"", ""<USER_SELECTED_A_OR_B_BUDGET>"", ""--selected-timeout"", ""21600"", ""--output-root"", ""unified_experiments/formal_protocol_19084d42c77dd61803f622f7dd3792c50fea0f387106740c6f6d6bcedc437202/formal/w45/abma/seed_64""]"
174,formal__w45__abma__seed_65,3b50059c27eb07cf6d40c8c36c0507257890c74fc956278aeedb8318f04e3c38,abma,65,11000,16000,,21600,21600,19084d42c77dd61803f622f7dd3792c50fea0f387106740c6f6d6bcedc437202,aaa71d5ade10b8e0312112f8c3bf00aa189c8283c0c92760a58443974d8ff017,631b2d675e7531d04a3c019cc8013158223944074da3e42d489a5745addee1d3,separate_postprocess_after_successful_raw_run,unified_experiments/formal_protocol_19084d42c77dd61803f622f7dd3792c50fea0f387106740c6f6d6bcedc437202/formal/w45/abma/seed_65,19084d42c77dd61803f622f7dd3792c50fea0f387106740c6f6d6bcedc437202:3b50059c27eb07cf6d40c8c36c0507257890c74fc956278aeedb8318f04e3c38:abma:65:f670b65cd525547c908b63323f2bfe4b845b7816b5a9ec9f12ad4a966dcc9b71,f670b65cd525547c908b63323f2bfe4b845b7816b5a9ec9f12ad4a966dcc9b71,"[""D:\\pybullet_test\\.venv\\Scripts\\python.exe"", ""run_unified_experiments.py"", ""--formal"", ""--resume"", ""--instances"", ""w45"", ""--solvers"", ""abma"", ""--seeds"", ""65"", ""--selected-evaluation-budget"", ""<USER_SELECTED_A_OR_B_BUDGET>"", ""--selected-timeout"", ""21600"", ""--output-root"", ""unified_experiments/formal_protocol_19084d42c77dd61803f622f7dd3792c50fea0f387106740c6f6d6bcedc437202/formal/w45/abma/seed_65""]"
175,formal__w45__abma__seed_66,3b50059c27eb07cf6d40c8c36c0507257890c74fc956278aeedb8318f04e3c38,abma,66,11000,16000,,21600,21600,19084d42c77dd61803f622f7dd3792c50fea0f387106740c6f6d6bcedc437202,aaa71d5ade10b8e0312112f8c3bf00aa189c8283c0c92760a58443974d8ff017,631b2d675e7531d04a3c019cc8013158223944074da3e42d489a5745addee1d3,separate_postprocess_after_successful_raw_run,unified_experiments/formal_protocol_19084d42c77dd61803f622f7dd3792c50fea0f387106740c6f6d6bcedc437202/formal/w45/abma/seed_66,19084d42c77dd61803f622f7dd3792c50fea0f387106740c6f6d6bcedc437202:3b50059c27eb07cf6d40c8c36c0507257890c74fc956278aeedb8318f04e3c38:abma:66:6f3405faa7ee9102133b19648be395cdb2f0c1bffa576f9899fc9e9d82861e29,6f3405faa7ee9102133b19648be395cdb2f0c1bffa576f9899fc9e9d82861e29,"[""D:\\pybullet_test\\.venv\\Scripts\\python.exe"", ""run_unified_experiments.py"", ""--formal"", ""--resume"", ""--instances"", ""w45"", ""--solvers"", ""abma"", ""--seeds"", ""66"", ""--selected-evaluation-budget"", ""<USER_SELECTED_A_OR_B_BUDGET>"", ""--selected-timeout"", ""21600"", ""--output-root"", ""unified_experiments/formal_protocol_19084d42c77dd61803f622f7dd3792c50fea0f387106740c6f6d6bcedc437202/formal/w45/abma/seed_66""]"
176,formal__w45__abma__seed_67,3b50059c27eb07cf6d40c8c36c0507257890c74fc956278aeedb8318f04e3c38,abma,67,11000,16000,,21600,21600,19084d42c77dd61803f622f7dd3792c50fea0f387106740c6f6d6bcedc437202,aaa71d5ade10b8e0312112f8c3bf00aa189c8283c0c92760a58443974d8ff017,631b2d675e7531d04a3c019cc8013158223944074da3e42d489a5745addee1d3,separate_postprocess_after_successful_raw_run,unified_experiments/formal_protocol_19084d42c77dd61803f622f7dd3792c50fea0f387106740c6f6d6bcedc437202/formal/w45/abma/seed_67,19084d42c77dd61803f622f7dd3792c50fea0f387106740c6f6d6bcedc437202:3b50059c27eb07cf6d40c8c36c0507257890c74fc956278aeedb8318f04e3c38:abma:67:ef06c86b1e2486ba55e266d91316ace149701957d65ad6c6f827275ed53e4d7a,ef06c86b1e2486ba55e266d91316ace149701957d65ad6c6f827275ed53e4d7a,"[""D:\\pybullet_test\\.venv\\Scripts\\python.exe"", ""run_unified_experiments.py"", ""--formal"", ""--resume"", ""--instances"", ""w45"", ""--solvers"", ""abma"", ""--seeds"", ""67"", ""--selected-evaluation-budget"", ""<USER_SELECTED_A_OR_B_BUDGET>"", ""--selected-timeout"", ""21600"", ""--output-root"", ""unified_experiments/formal_protocol_19084d42c77dd61803f622f7dd3792c50fea0f387106740c6f6d6bcedc437202/formal/w45/abma/seed_67""]"
177,formal__w45__abma__seed_68,3b50059c27eb07cf6d40c8c36c0507257890c74fc956278aeedb8318f04e3c38,abma,68,11000,16000,,21600,21600,19084d42c77dd61803f622f7dd3792c50fea0f387106740c6f6d6bcedc437202,aaa71d5ade10b8e0312112f8c3bf00aa189c8283c0c92760a58443974d8ff017,631b2d675e7531d04a3c019cc8013158223944074da3e42d489a5745addee1d3,separate_postprocess_after_successful_raw_run,unified_experiments/formal_protocol_19084d42c77dd61803f622f7dd3792c50fea0f387106740c6f6d6bcedc437202/formal/w45/abma/seed_68,19084d42c77dd61803f622f7dd3792c50fea0f387106740c6f6d6bcedc437202:3b50059c27eb07cf6d40c8c36c0507257890c74fc956278aeedb8318f04e3c38:abma:68:8904fb38241f29ae0e57b48797e9640d0b86a5b8002eb46a0007c843871d93e4,8904fb38241f29ae0e57b48797e9640d0b86a5b8002eb46a0007c843871d93e4,"[""D:\\pybullet_test\\.venv\\Scripts\\python.exe"", ""run_unified_experiments.py"", ""--formal"", ""--resume"", ""--instances"", ""w45"", ""--solvers"", ""abma"", ""--seeds"", ""68"", ""--selected-evaluation-budget"", ""<USER_SELECTED_A_OR_B_BUDGET>"", ""--selected-timeout"", ""21600"", ""--output-root"", ""unified_experiments/formal_protocol_19084d42c77dd61803f622f7dd3792c50fea0f387106740c6f6d6bcedc437202/formal/w45/abma/seed_68""]"
178,formal__w45__abma__seed_69,3b50059c27eb07cf6d40c8c36c0507257890c74fc956278aeedb8318f04e3c38,abma,69,11000,16000,,21600,21600,19084d42c77dd61803f622f7dd3792c50fea0f387106740c6f6d6bcedc437202,aaa71d5ade10b8e0312112f8c3bf00aa189c8283c0c92760a58443974d8ff017,631b2d675e7531d04a3c019cc8013158223944074da3e42d489a5745addee1d3,separate_postprocess_after_successful_raw_run,unified_experiments/formal_protocol_19084d42c77dd61803f622f7dd3792c50fea0f387106740c6f6d6bcedc437202/formal/w45/abma/seed_69,19084d42c77dd61803f622f7dd3792c50fea0f387106740c6f6d6bcedc437202:3b50059c27eb07cf6d40c8c36c0507257890c74fc956278aeedb8318f04e3c38:abma:69:d4c89dd2c549de329be4b97de673e0efc304f4f6e37a4fcfd771fc232720f0e1,d4c89dd2c549de329be4b97de673e0efc304f4f6e37a4fcfd771fc232720f0e1,"[""D:\\pybullet_test\\.venv\\Scripts\\python.exe"", ""run_unified_experiments.py"", ""--formal"", ""--resume"", ""--instances"", ""w45"", ""--solvers"", ""abma"", ""--seeds"", ""69"", ""--selected-evaluation-budget"", ""<USER_SELECTED_A_OR_B_BUDGET>"", ""--selected-timeout"", ""21600"", ""--output-root"", ""unified_experiments/formal_protocol_19084d42c77dd61803f622f7dd3792c50fea0f387106740c6f6d6bcedc437202/formal/w45/abma/seed_69""]"
179,formal__w45__abma__seed_70,3b50059c27eb07cf6d40c8c36c0507257890c74fc956278aeedb8318f04e3c38,abma,70,11000,16000,,21600,21600,19084d42c77dd61803f622f7dd3792c50fea0f387106740c6f6d6bcedc437202,aaa71d5ade10b8e0312112f8c3bf00aa189c8283c0c92760a58443974d8ff017,631b2d675e7531d04a3c019cc8013158223944074da3e42d489a5745addee1d3,separate_postprocess_after_successful_raw_run,unified_experiments/formal_protocol_19084d42c77dd61803f622f7dd3792c50fea0f387106740c6f6d6bcedc437202/formal/w45/abma/seed_70,19084d42c77dd61803f622f7dd3792c50fea0f387106740c6f6d6bcedc437202:3b50059c27eb07cf6d40c8c36c0507257890c74fc956278aeedb8318f04e3c38:abma:70:3bdd0440725b6029e03e154f3d2756cfa21974afbff465a44bec1947588a61e9,3bdd0440725b6029e03e154f3d2756cfa21974afbff465a44bec1947588a61e9,"[""D:\\pybullet_test\\.venv\\Scripts\\python.exe"", ""run_unified_experiments.py"", ""--formal"", ""--resume"", ""--instances"", ""w45"", ""--solvers"", ""abma"", ""--seeds"", ""70"", ""--selected-evaluation-budget"", ""<USER_SELECTED_A_OR_B_BUDGET>"", ""--selected-timeout"", ""21600"", ""--output-root"", ""unified_experiments/formal_protocol_19084d42c77dd61803f622f7dd3792c50fea0f387106740c6f6d6bcedc437202/formal/w45/abma/seed_70""]"
180,formal__w45__abma__seed_71,3b50059c27eb07cf6d40c8c36c0507257890c74fc956278aeedb8318f04e3c38,abma,71,11000,16000,,21600,21600,19084d42c77dd61803f622f7dd3792c50fea0f387106740c6f6d6bcedc437202,aaa71d5ade10b8e0312112f8c3bf00aa189c8283c0c92760a58443974d8ff017,631b2d675e7531d04a3c019cc8013158223944074da3e42d489a5745addee1d3,separate_postprocess_after_successful_raw_run,unified_experiments/formal_protocol_19084d42c77dd61803f622f7dd3792c50fea0f387106740c6f6d6bcedc437202/formal/w45/abma/seed_71,19084d42c77dd61803f622f7dd3792c50fea0f387106740c6f6d6bcedc437202:3b50059c27eb07cf6d40c8c36c0507257890c74fc956278aeedb8318f04e3c38:abma:71:d42da0067f8013f9ec61a5434f6c59a2f55a8dd21014fa6ac0dfed8d4d5dee9f,d42da0067f8013f9ec61a5434f6c59a2f55a8dd21014fa6ac0dfed8d4d5dee9f,"[""D:\\pybullet_test\\.venv\\Scripts\\python.exe"", ""run_unified_experiments.py"", ""--formal"", ""--resume"", ""--instances"", ""w45"", ""--solvers"", ""abma"", ""--seeds"", ""71"", ""--selected-evaluation-budget"", ""<USER_SELECTED_A_OR_B_BUDGET>"", ""--selected-timeout"", ""21600"", ""--output-root"", ""unified_experiments/formal_protocol_19084d42c77dd61803f622f7dd3792c50fea0f387106740c6f6d6bcedc437202/formal/w45/abma/seed_71""]"
181,formal__w60__ga_aco__seed_42,e7b7409b555e581a0ceea770b7e2c511bacdced8f3172021729319bd352f76d2,ga_aco,42,11000,11000,11000,21600,21600,19084d42c77dd61803f622f7dd3792c50fea0f387106740c6f6d6bcedc437202,2c969355974b9b9ca210a0a87655fdd5a442787654bfbbde0be740237b302940,,separate_postprocess_after_successful_raw_run,unified_experiments/formal_protocol_19084d42c77dd61803f622f7dd3792c50fea0f387106740c6f6d6bcedc437202/formal/w60/ga_aco/seed_42,19084d42c77dd61803f622f7dd3792c50fea0f387106740c6f6d6bcedc437202:e7b7409b555e581a0ceea770b7e2c511bacdced8f3172021729319bd352f76d2:ga_aco:42:c7695ce8736824bccdeb82dca2fe212d3d126d34349506c3f49b8b3f756b44d2,c7695ce8736824bccdeb82dca2fe212d3d126d34349506c3f49b8b3f756b44d2,"[""D:\\pybullet_test\\.venv\\Scripts\\python.exe"", ""run_unified_experiments.py"", ""--formal"", ""--resume"", ""--instances"", ""w60"", ""--solvers"", ""ga_aco"", ""--seeds"", ""42"", ""--selected-evaluation-budget"", ""11000"", ""--selected-timeout"", ""21600"", ""--output-root"", ""unified_experiments/formal_protocol_19084d42c77dd61803f622f7dd3792c50fea0f387106740c6f6d6bcedc437202/formal/w60/ga_aco/seed_42""]"
182,formal__w60__ga_aco__seed_43,e7b7409b555e581a0ceea770b7e2c511bacdced8f3172021729319bd352f76d2,ga_aco,43,11000,11000,11000,21600,21600,19084d42c77dd61803f622f7dd3792c50fea0f387106740c6f6d6bcedc437202,2c969355974b9b9ca210a0a87655fdd5a442787654bfbbde0be740237b302940,,separate_postprocess_after_successful_raw_run,unified_experiments/formal_protocol_19084d42c77dd61803f622f7dd3792c50fea0f387106740c6f6d6bcedc437202/formal/w60/ga_aco/seed_43,19084d42c77dd61803f622f7dd3792c50fea0f387106740c6f6d6bcedc437202:e7b7409b555e581a0ceea770b7e2c511bacdced8f3172021729319bd352f76d2:ga_aco:43:4bd47a6e0693ad3a0d27a1d76b367d32e6993db6798504b009bf92b7775169be,4bd47a6e0693ad3a0d27a1d76b367d32e6993db6798504b009bf92b7775169be,"[""D:\\pybullet_test\\.venv\\Scripts\\python.exe"", ""run_unified_experiments.py"", ""--formal"", ""--resume"", ""--instances"", ""w60"", ""--solvers"", ""ga_aco"", ""--seeds"", ""43"", ""--selected-evaluation-budget"", ""11000"", ""--selected-timeout"", ""21600"", ""--output-root"", ""unified_experiments/formal_protocol_19084d42c77dd61803f622f7dd3792c50fea0f387106740c6f6d6bcedc437202/formal/w60/ga_aco/seed_43""]"
183,formal__w60__ga_aco__seed_44,e7b7409b555e581a0ceea770b7e2c511bacdced8f3172021729319bd352f76d2,ga_aco,44,11000,11000,11000,21600,21600,19084d42c77dd61803f622f7dd3792c50fea0f387106740c6f6d6bcedc437202,2c969355974b9b9ca210a0a87655fdd5a442787654bfbbde0be740237b302940,,separate_postprocess_after_successful_raw_run,unified_experiments/formal_protocol_19084d42c77dd61803f622f7dd3792c50fea0f387106740c6f6d6bcedc437202/formal/w60/ga_aco/seed_44,19084d42c77dd61803f622f7dd3792c50fea0f387106740c6f6d6bcedc437202:e7b7409b555e581a0ceea770b7e2c511bacdced8f3172021729319bd352f76d2:ga_aco:44:60bb78f1f3a943fd7dad656adf73d24ed3899c5afa52cec4702ebcd8b529e95a,60bb78f1f3a943fd7dad656adf73d24ed3899c5afa52cec4702ebcd8b529e95a,"[""D:\\pybullet_test\\.venv\\Scripts\\python.exe"", ""run_unified_experiments.py"", ""--formal"", ""--resume"", ""--instances"", ""w60"", ""--solvers"", ""ga_aco"", ""--seeds"", ""44"", ""--selected-evaluation-budget"", ""11000"", ""--selected-timeout"", ""21600"", ""--output-root"", ""unified_experiments/formal_protocol_19084d42c77dd61803f622f7dd3792c50fea0f387106740c6f6d6bcedc437202/formal/w60/ga_aco/seed_44""]"
184,formal__w60__ga_aco__seed_45,e7b7409b555e581a0ceea770b7e2c511bacdced8f3172021729319bd352f76d2,ga_aco,45,11000,11000,11000,21600,21600,19084d42c77dd61803f622f7dd3792c50fea0f387106740c6f6d6bcedc437202,2c969355974b9b9ca210a0a87655fdd5a442787654bfbbde0be740237b302940,,separate_postprocess_after_successful_raw_run,unified_experiments/formal_protocol_19084d42c77dd61803f622f7dd3792c50fea0f387106740c6f6d6bcedc437202/formal/w60/ga_aco/seed_45,19084d42c77dd61803f622f7dd3792c50fea0f387106740c6f6d6bcedc437202:e7b7409b555e581a0ceea770b7e2c511bacdced8f3172021729319bd352f76d2:ga_aco:45:24651238ba8cd7a2483648ce278cb12b7a656ed984814d57747950013fee5d6d,24651238ba8cd7a2483648ce278cb12b7a656ed984814d57747950013fee5d6d,"[""D:\\pybullet_test\\.venv\\Scripts\\python.exe"", ""run_unified_experiments.py"", ""--formal"", ""--resume"", ""--instances"", ""w60"", ""--solvers"", ""ga_aco"", ""--seeds"", ""45"", ""--selected-evaluation-budget"", ""11000"", ""--selected-timeout"", ""21600"", ""--output-root"", ""unified_experiments/formal_protocol_19084d42c77dd61803f622f7dd3792c50fea0f387106740c6f6d6bcedc437202/formal/w60/ga_aco/seed_45""]"
185,formal__w60__ga_aco__seed_46,e7b7409b555e581a0ceea770b7e2c511bacdced8f3172021729319bd352f76d2,ga_aco,46,11000,11000,11000,21600,21600,19084d42c77dd61803f622f7dd3792c50fea0f387106740c6f6d6bcedc437202,2c969355974b9b9ca210a0a87655fdd5a442787654bfbbde0be740237b302940,,separate_postprocess_after_successful_raw_run,unified_experiments/formal_protocol_19084d42c77dd61803f622f7dd3792c50fea0f387106740c6f6d6bcedc437202/formal/w60/ga_aco/seed_46,19084d42c77dd61803f622f7dd3792c50fea0f387106740c6f6d6bcedc437202:e7b7409b555e581a0ceea770b7e2c511bacdced8f3172021729319bd352f76d2:ga_aco:46:93be22a7a6984e83b6acd1bbfda661202d3cc02617f45dc3920eff1a052fe142,93be22a7a6984e83b6acd1bbfda661202d3cc02617f45dc3920eff1a052fe142,"[""D:\\pybullet_test\\.venv\\Scripts\\python.exe"", ""run_unified_experiments.py"", ""--formal"", ""--resume"", ""--instances"", ""w60"", ""--solvers"", ""ga_aco"", ""--seeds"", ""46"", ""--selected-evaluation-budget"", ""11000"", ""--selected-timeout"", ""21600"", ""--output-root"", ""unified_experiments/formal_protocol_19084d42c77dd61803f622f7dd3792c50fea0f387106740c6f6d6bcedc437202/formal/w60/ga_aco/seed_46""]"
186,formal__w60__ga_aco__seed_47,e7b7409b555e581a0ceea770b7e2c511bacdced8f3172021729319bd352f76d2,ga_aco,47,11000,11000,11000,21600,21600,19084d42c77dd61803f622f7dd3792c50fea0f387106740c6f6d6bcedc437202,2c969355974b9b9ca210a0a87655fdd5a442787654bfbbde0be740237b302940,,separate_postprocess_after_successful_raw_run,unified_experiments/formal_protocol_19084d42c77dd61803f622f7dd3792c50fea0f387106740c6f6d6bcedc437202/formal/w60/ga_aco/seed_47,19084d42c77dd61803f622f7dd3792c50fea0f387106740c6f6d6bcedc437202:e7b7409b555e581a0ceea770b7e2c511bacdced8f3172021729319bd352f76d2:ga_aco:47:847ab6416ceaf32a2653538f23b781835b4008f6a6e1f66d0c1ee5e7070ff46c,847ab6416ceaf32a2653538f23b781835b4008f6a6e1f66d0c1ee5e7070ff46c,"[""D:\\pybullet_test\\.venv\\Scripts\\python.exe"", ""run_unified_experiments.py"", ""--formal"", ""--resume"", ""--instances"", ""w60"", ""--solvers"", ""ga_aco"", ""--seeds"", ""47"", ""--selected-evaluation-budget"", ""11000"", ""--selected-timeout"", ""21600"", ""--output-root"", ""unified_experiments/formal_protocol_19084d42c77dd61803f622f7dd3792c50fea0f387106740c6f6d6bcedc437202/formal/w60/ga_aco/seed_47""]"
187,formal__w60__ga_aco__seed_48,e7b7409b555e581a0ceea770b7e2c511bacdced8f3172021729319bd352f76d2,ga_aco,48,11000,11000,11000,21600,21600,19084d42c77dd61803f622f7dd3792c50fea0f387106740c6f6d6bcedc437202,2c969355974b9b9ca210a0a87655fdd5a442787654bfbbde0be740237b302940,,separate_postprocess_after_successful_raw_run,unified_experiments/formal_protocol_19084d42c77dd61803f622f7dd3792c50fea0f387106740c6f6d6bcedc437202/formal/w60/ga_aco/seed_48,19084d42c77dd61803f622f7dd3792c50fea0f387106740c6f6d6bcedc437202:e7b7409b555e581a0ceea770b7e2c511bacdced8f3172021729319bd352f76d2:ga_aco:48:ff80495add16457c86b65997b3a47ae77621ca8683374755e87068205d6fe358,ff80495add16457c86b65997b3a47ae77621ca8683374755e87068205d6fe358,"[""D:\\pybullet_test\\.venv\\Scripts\\python.exe"", ""run_unified_experiments.py"", ""--formal"", ""--resume"", ""--instances"", ""w60"", ""--solvers"", ""ga_aco"", ""--seeds"", ""48"", ""--selected-evaluation-budget"", ""11000"", ""--selected-timeout"", ""21600"", ""--output-root"", ""unified_experiments/formal_protocol_19084d42c77dd61803f622f7dd3792c50fea0f387106740c6f6d6bcedc437202/formal/w60/ga_aco/seed_48""]"
188,formal__w60__ga_aco__seed_49,e7b7409b555e581a0ceea770b7e2c511bacdced8f3172021729319bd352f76d2,ga_aco,49,11000,11000,11000,21600,21600,19084d42c77dd61803f622f7dd3792c50fea0f387106740c6f6d6bcedc437202,2c969355974b9b9ca210a0a87655fdd5a442787654bfbbde0be740237b302940,,separate_postprocess_after_successful_raw_run,unified_experiments/formal_protocol_19084d42c77dd61803f622f7dd3792c50fea0f387106740c6f6d6bcedc437202/formal/w60/ga_aco/seed_49,19084d42c77dd61803f622f7dd3792c50fea0f387106740c6f6d6bcedc437202:e7b7409b555e581a0ceea770b7e2c511bacdced8f3172021729319bd352f76d2:ga_aco:49:5e5817326caac3f42c611a494ad10a3b35d754b66482665aec48ec9b3ed48348,5e5817326caac3f42c611a494ad10a3b35d754b66482665aec48ec9b3ed48348,"[""D:\\pybullet_test\\.venv\\Scripts\\python.exe"", ""run_unified_experiments.py"", ""--formal"", ""--resume"", ""--instances"", ""w60"", ""--solvers"", ""ga_aco"", ""--seeds"", ""49"", ""--selected-evaluation-budget"", ""11000"", ""--selected-timeout"", ""21600"", ""--output-root"", ""unified_experiments/formal_protocol_19084d42c77dd61803f622f7dd3792c50fea0f387106740c6f6d6bcedc437202/formal/w60/ga_aco/seed_49""]"
189,formal__w60__ga_aco__seed_50,e7b7409b555e581a0ceea770b7e2c511bacdced8f3172021729319bd352f76d2,ga_aco,50,11000,11000,11000,21600,21600,19084d42c77dd61803f622f7dd3792c50fea0f387106740c6f6d6bcedc437202,2c969355974b9b9ca210a0a87655fdd5a442787654bfbbde0be740237b302940,,separate_postprocess_after_successful_raw_run,unified_experiments/formal_protocol_19084d42c77dd61803f622f7dd3792c50fea0f387106740c6f6d6bcedc437202/formal/w60/ga_aco/seed_50,19084d42c77dd61803f622f7dd3792c50fea0f387106740c6f6d6bcedc437202:e7b7409b555e581a0ceea770b7e2c511bacdced8f3172021729319bd352f76d2:ga_aco:50:b812d57ca026df006fef15835643401aa7ec7246d53c50884fb2cea369260548,b812d57ca026df006fef15835643401aa7ec7246d53c50884fb2cea369260548,"[""D:\\pybullet_test\\.venv\\Scripts\\python.exe"", ""run_unified_experiments.py"", ""--formal"", ""--resume"", ""--instances"", ""w60"", ""--solvers"", ""ga_aco"", ""--seeds"", ""50"", ""--selected-evaluation-budget"", ""11000"", ""--selected-timeout"", ""21600"", ""--output-root"", ""unified_experiments/formal_protocol_19084d42c77dd61803f622f7dd3792c50fea0f387106740c6f6d6bcedc437202/formal/w60/ga_aco/seed_50""]"
190,formal__w60__ga_aco__seed_51,e7b7409b555e581a0ceea770b7e2c511bacdced8f3172021729319bd352f76d2,ga_aco,51,11000,11000,11000,21600,21600,19084d42c77dd61803f622f7dd3792c50fea0f387106740c6f6d6bcedc437202,2c969355974b9b9ca210a0a87655fdd5a442787654bfbbde0be740237b302940,,separate_postprocess_after_successful_raw_run,unified_experiments/formal_protocol_19084d42c77dd61803f622f7dd3792c50fea0f387106740c6f6d6bcedc437202/formal/w60/ga_aco/seed_51,19084d42c77dd61803f622f7dd3792c50fea0f387106740c6f6d6bcedc437202:e7b7409b555e581a0ceea770b7e2c511bacdced8f3172021729319bd352f76d2:ga_aco:51:3ee363252ee6232b0f1a28cdab9ad5c8e2bc4ff5097296fb92fe2f299eef2aef,3ee363252ee6232b0f1a28cdab9ad5c8e2bc4ff5097296fb92fe2f299eef2aef,"[""D:\\pybullet_test\\.venv\\Scripts\\python.exe"", ""run_unified_experiments.py"", ""--formal"", ""--resume"", ""--instances"", ""w60"", ""--solvers"", ""ga_aco"", ""--seeds"", ""51"", ""--selected-evaluation-budget"", ""11000"", ""--selected-timeout"", ""21600"", ""--output-root"", ""unified_experiments/formal_protocol_19084d42c77dd61803f622f7dd3792c50fea0f387106740c6f6d6bcedc437202/formal/w60/ga_aco/seed_51""]"
191,formal__w60__ga_aco__seed_52,e7b7409b555e581a0ceea770b7e2c511bacdced8f3172021729319bd352f76d2,ga_aco,52,11000,11000,11000,21600,21600,19084d42c77dd61803f622f7dd3792c50fea0f387106740c6f6d6bcedc437202,2c969355974b9b9ca210a0a87655fdd5a442787654bfbbde0be740237b302940,,separate_postprocess_after_successful_raw_run,unified_experiments/formal_protocol_19084d42c77dd61803f622f7dd3792c50fea0f387106740c6f6d6bcedc437202/formal/w60/ga_aco/seed_52,19084d42c77dd61803f622f7dd3792c50fea0f387106740c6f6d6bcedc437202:e7b7409b555e581a0ceea770b7e2c511bacdced8f3172021729319bd352f76d2:ga_aco:52:eafe36c36580a989fd4c242c57f5b2bc4259e3edf32ea9e5d486843840776ed4,eafe36c36580a989fd4c242c57f5b2bc4259e3edf32ea9e5d486843840776ed4,"[""D:\\pybullet_test\\.venv\\Scripts\\python.exe"", ""run_unified_experiments.py"", ""--formal"", ""--resume"", ""--instances"", ""w60"", ""--solvers"", ""ga_aco"", ""--seeds"", ""52"", ""--selected-evaluation-budget"", ""11000"", ""--selected-timeout"", ""21600"", ""--output-root"", ""unified_experiments/formal_protocol_19084d42c77dd61803f622f7dd3792c50fea0f387106740c6f6d6bcedc437202/formal/w60/ga_aco/seed_52""]"
192,formal__w60__ga_aco__seed_53,e7b7409b555e581a0ceea770b7e2c511bacdced8f3172021729319bd352f76d2,ga_aco,53,11000,11000,11000,21600,21600,19084d42c77dd61803f622f7dd3792c50fea0f387106740c6f6d6bcedc437202,2c969355974b9b9ca210a0a87655fdd5a442787654bfbbde0be740237b302940,,separate_postprocess_after_successful_raw_run,unified_experiments/formal_protocol_19084d42c77dd61803f622f7dd3792c50fea0f387106740c6f6d6bcedc437202/formal/w60/ga_aco/seed_53,19084d42c77dd61803f622f7dd3792c50fea0f387106740c6f6d6bcedc437202:e7b7409b555e581a0ceea770b7e2c511bacdced8f3172021729319bd352f76d2:ga_aco:53:963db8a0a679cacc3adba9f8c187bb4592da369409b8c6e83b26c4cba484a9d6,963db8a0a679cacc3adba9f8c187bb4592da369409b8c6e83b26c4cba484a9d6,"[""D:\\pybullet_test\\.venv\\Scripts\\python.exe"", ""run_unified_experiments.py"", ""--formal"", ""--resume"", ""--instances"", ""w60"", ""--solvers"", ""ga_aco"", ""--seeds"", ""53"", ""--selected-evaluation-budget"", ""11000"", ""--selected-timeout"", ""21600"", ""--output-root"", ""unified_experiments/formal_protocol_19084d42c77dd61803f622f7dd3792c50fea0f387106740c6f6d6bcedc437202/formal/w60/ga_aco/seed_53""]"
193,formal__w60__ga_aco__seed_54,e7b7409b555e581a0ceea770b7e2c511bacdced8f3172021729319bd352f76d2,ga_aco,54,11000,11000,11000,21600,21600,19084d42c77dd61803f622f7dd3792c50fea0f387106740c6f6d6bcedc437202,2c969355974b9b9ca210a0a87655fdd5a442787654bfbbde0be740237b302940,,separate_postprocess_after_successful_raw_run,unified_experiments/formal_protocol_19084d42c77dd61803f622f7dd3792c50fea0f387106740c6f6d6bcedc437202/formal/w60/ga_aco/seed_54,19084d42c77dd61803f622f7dd3792c50fea0f387106740c6f6d6bcedc437202:e7b7409b555e581a0ceea770b7e2c511bacdced8f3172021729319bd352f76d2:ga_aco:54:c8db8240b0616027cd6633bccf1010d88b40a77687ccb27ba8f538b630bb1971,c8db8240b0616027cd6633bccf1010d88b40a77687ccb27ba8f538b630bb1971,"[""D:\\pybullet_test\\.venv\\Scripts\\python.exe"", ""run_unified_experiments.py"", ""--formal"", ""--resume"", ""--instances"", ""w60"", ""--solvers"", ""ga_aco"", ""--seeds"", ""54"", ""--selected-evaluation-budget"", ""11000"", ""--selected-timeout"", ""21600"", ""--output-root"", ""unified_experiments/formal_protocol_19084d42c77dd61803f622f7dd3792c50fea0f387106740c6f6d6bcedc437202/formal/w60/ga_aco/seed_54""]"
194,formal__w60__ga_aco__seed_55,e7b7409b555e581a0ceea770b7e2c511bacdced8f3172021729319bd352f76d2,ga_aco,55,11000,11000,11000,21600,21600,19084d42c77dd61803f622f7dd3792c50fea0f387106740c6f6d6bcedc437202,2c969355974b9b9ca210a0a87655fdd5a442787654bfbbde0be740237b302940,,separate_postprocess_after_successful_raw_run,unified_experiments/formal_protocol_19084d42c77dd61803f622f7dd3792c50fea0f387106740c6f6d6bcedc437202/formal/w60/ga_aco/seed_55,19084d42c77dd61803f622f7dd3792c50fea0f387106740c6f6d6bcedc437202:e7b7409b555e581a0ceea770b7e2c511bacdced8f3172021729319bd352f76d2:ga_aco:55:993a9f8060ba41c722ef617035aec18e58f79e14e4d5540c0c7eb1ad6139543a,993a9f8060ba41c722ef617035aec18e58f79e14e4d5540c0c7eb1ad6139543a,"[""D:\\pybullet_test\\.venv\\Scripts\\python.exe"", ""run_unified_experiments.py"", ""--formal"", ""--resume"", ""--instances"", ""w60"", ""--solvers"", ""ga_aco"", ""--seeds"", ""55"", ""--selected-evaluation-budget"", ""11000"", ""--selected-timeout"", ""21600"", ""--output-root"", ""unified_experiments/formal_protocol_19084d42c77dd61803f622f7dd3792c50fea0f387106740c6f6d6bcedc437202/formal/w60/ga_aco/seed_55""]"
195,formal__w60__ga_aco__seed_56,e7b7409b555e581a0ceea770b7e2c511bacdced8f3172021729319bd352f76d2,ga_aco,56,11000,11000,11000,21600,21600,19084d42c77dd61803f622f7dd3792c50fea0f387106740c6f6d6bcedc437202,2c969355974b9b9ca210a0a87655fdd5a442787654bfbbde0be740237b302940,,separate_postprocess_after_successful_raw_run,unified_experiments/formal_protocol_19084d42c77dd61803f622f7dd3792c50fea0f387106740c6f6d6bcedc437202/formal/w60/ga_aco/seed_56,19084d42c77dd61803f622f7dd3792c50fea0f387106740c6f6d6bcedc437202:e7b7409b555e581a0ceea770b7e2c511bacdced8f3172021729319bd352f76d2:ga_aco:56:9ab254cf39873dc67c5a5b3e7abd68ad9f57083de45aea6e98450b56462d0575,9ab254cf39873dc67c5a5b3e7abd68ad9f57083de45aea6e98450b56462d0575,"[""D:\\pybullet_test\\.venv\\Scripts\\python.exe"", ""run_unified_experiments.py"", ""--formal"", ""--resume"", ""--instances"", ""w60"", ""--solvers"", ""ga_aco"", ""--seeds"", ""56"", ""--selected-evaluation-budget"", ""11000"", ""--selected-timeout"", ""21600"", ""--output-root"", ""unified_experiments/formal_protocol_19084d42c77dd61803f622f7dd3792c50fea0f387106740c6f6d6bcedc437202/formal/w60/ga_aco/seed_56""]"
196,formal__w60__ga_aco__seed_57,e7b7409b555e581a0ceea770b7e2c511bacdced8f3172021729319bd352f76d2,ga_aco,57,11000,11000,11000,21600,21600,19084d42c77dd61803f622f7dd3792c50fea0f387106740c6f6d6bcedc437202,2c969355974b9b9ca210a0a87655fdd5a442787654bfbbde0be740237b302940,,separate_postprocess_after_successful_raw_run,unified_experiments/formal_protocol_19084d42c77dd61803f622f7dd3792c50fea0f387106740c6f6d6bcedc437202/formal/w60/ga_aco/seed_57,19084d42c77dd61803f622f7dd3792c50fea0f387106740c6f6d6bcedc437202:e7b7409b555e581a0ceea770b7e2c511bacdced8f3172021729319bd352f76d2:ga_aco:57:42f409281c4d435217d413c8b7e901304f3349d6302f98cdb53ed7bac4178777,42f409281c4d435217d413c8b7e901304f3349d6302f98cdb53ed7bac4178777,"[""D:\\pybullet_test\\.venv\\Scripts\\python.exe"", ""run_unified_experiments.py"", ""--formal"", ""--resume"", ""--instances"", ""w60"", ""--solvers"", ""ga_aco"", ""--seeds"", ""57"", ""--selected-evaluation-budget"", ""11000"", ""--selected-timeout"", ""21600"", ""--output-root"", ""unified_experiments/formal_protocol_19084d42c77dd61803f622f7dd3792c50fea0f387106740c6f6d6bcedc437202/formal/w60/ga_aco/seed_57""]"
197,formal__w60__ga_aco__seed_58,e7b7409b555e581a0ceea770b7e2c511bacdced8f3172021729319bd352f76d2,ga_aco,58,11000,11000,11000,21600,21600,19084d42c77dd61803f622f7dd3792c50fea0f387106740c6f6d6bcedc437202,2c969355974b9b9ca210a0a87655fdd5a442787654bfbbde0be740237b302940,,separate_postprocess_after_successful_raw_run,unified_experiments/formal_protocol_19084d42c77dd61803f622f7dd3792c50fea0f387106740c6f6d6bcedc437202/formal/w60/ga_aco/seed_58,19084d42c77dd61803f622f7dd3792c50fea0f387106740c6f6d6bcedc437202:e7b7409b555e581a0ceea770b7e2c511bacdced8f3172021729319bd352f76d2:ga_aco:58:d332447c32f0980236990e7e101ac10d54c6797bb5b3a19b78a2017c6a548d85,d332447c32f0980236990e7e101ac10d54c6797bb5b3a19b78a2017c6a548d85,"[""D:\\pybullet_test\\.venv\\Scripts\\python.exe"", ""run_unified_experiments.py"", ""--formal"", ""--resume"", ""--instances"", ""w60"", ""--solvers"", ""ga_aco"", ""--seeds"", ""58"", ""--selected-evaluation-budget"", ""11000"", ""--selected-timeout"", ""21600"", ""--output-root"", ""unified_experiments/formal_protocol_19084d42c77dd61803f622f7dd3792c50fea0f387106740c6f6d6bcedc437202/formal/w60/ga_aco/seed_58""]"
198,formal__w60__ga_aco__seed_59,e7b7409b555e581a0ceea770b7e2c511bacdced8f3172021729319bd352f76d2,ga_aco,59,11000,11000,11000,21600,21600,19084d42c77dd61803f622f7dd3792c50fea0f387106740c6f6d6bcedc437202,2c969355974b9b9ca210a0a87655fdd5a442787654bfbbde0be740237b302940,,separate_postprocess_after_successful_raw_run,unified_experiments/formal_protocol_19084d42c77dd61803f622f7dd3792c50fea0f387106740c6f6d6bcedc437202/formal/w60/ga_aco/seed_59,19084d42c77dd61803f622f7dd3792c50fea0f387106740c6f6d6bcedc437202:e7b7409b555e581a0ceea770b7e2c511bacdced8f3172021729319bd352f76d2:ga_aco:59:08f14fe7fb6223f2563d01703aa03bc9d6cdecf6ca87104644ffbf8ba33a7c65,08f14fe7fb6223f2563d01703aa03bc9d6cdecf6ca87104644ffbf8ba33a7c65,"[""D:\\pybullet_test\\.venv\\Scripts\\python.exe"", ""run_unified_experiments.py"", ""--formal"", ""--resume"", ""--instances"", ""w60"", ""--solvers"", ""ga_aco"", ""--seeds"", ""59"", ""--selected-evaluation-budget"", ""11000"", ""--selected-timeout"", ""21600"", ""--output-root"", ""unified_experiments/formal_protocol_19084d42c77dd61803f622f7dd3792c50fea0f387106740c6f6d6bcedc437202/formal/w60/ga_aco/seed_59""]"
199,formal__w60__ga_aco__seed_60,e7b7409b555e581a0ceea770b7e2c511bacdced8f3172021729319bd352f76d2,ga_aco,60,11000,11000,11000,21600,21600,19084d42c77dd61803f622f7dd3792c50fea0f387106740c6f6d6bcedc437202,2c969355974b9b9ca210a0a87655fdd5a442787654bfbbde0be740237b302940,,separate_postprocess_after_successful_raw_run,unified_experiments/formal_protocol_19084d42c77dd61803f622f7dd3792c50fea0f387106740c6f6d6bcedc437202/formal/w60/ga_aco/seed_60,19084d42c77dd61803f622f7dd3792c50fea0f387106740c6f6d6bcedc437202:e7b7409b555e581a0ceea770b7e2c511bacdced8f3172021729319bd352f76d2:ga_aco:60:5f89e91351f0778764daa61fffb0ae9fd971876df99ac321571bc92e319a3db1,5f89e91351f0778764daa61fffb0ae9fd971876df99ac321571bc92e319a3db1,"[""D:\\pybullet_test\\.venv\\Scripts\\python.exe"", ""run_unified_experiments.py"", ""--formal"", ""--resume"", ""--instances"", ""w60"", ""--solvers"", ""ga_aco"", ""--seeds"", ""60"", ""--selected-evaluation-budget"", ""11000"", ""--selected-timeout"", ""21600"", ""--output-root"", ""unified_experiments/formal_protocol_19084d42c77dd61803f622f7dd3792c50fea0f387106740c6f6d6bcedc437202/formal/w60/ga_aco/seed_60""]"
200,formal__w60__ga_aco__seed_61,e7b7409b555e581a0ceea770b7e2c511bacdced8f3172021729319bd352f76d2,ga_aco,61,11000,11000,11000,21600,21600,19084d42c77dd61803f622f7dd3792c50fea0f387106740c6f6d6bcedc437202,2c969355974b9b9ca210a0a87655fdd5a442787654bfbbde0be740237b302940,,separate_postprocess_after_successful_raw_run,unified_experiments/formal_protocol_19084d42c77dd61803f622f7dd3792c50fea0f387106740c6f6d6bcedc437202/formal/w60/ga_aco/seed_61,19084d42c77dd61803f622f7dd3792c50fea0f387106740c6f6d6bcedc437202:e7b7409b555e581a0ceea770b7e2c511bacdced8f3172021729319bd352f76d2:ga_aco:61:3babb8975e6dc0b59c7928b9b62ec2dbbe3e4e8e1fe9c37cd7a5a1550c7f6bd5,3babb8975e6dc0b59c7928b9b62ec2dbbe3e4e8e1fe9c37cd7a5a1550c7f6bd5,"[""D:\\pybullet_test\\.venv\\Scripts\\python.exe"", ""run_unified_experiments.py"", ""--formal"", ""--resume"", ""--instances"", ""w60"", ""--solvers"", ""ga_aco"", ""--seeds"", ""61"", ""--selected-evaluation-budget"", ""11000"", ""--selected-timeout"", ""21600"", ""--output-root"", ""unified_experiments/formal_protocol_19084d42c77dd61803f622f7dd3792c50fea0f387106740c6f6d6bcedc437202/formal/w60/ga_aco/seed_61""]"
201,formal__w60__ga_aco__seed_62,e7b7409b555e581a0ceea770b7e2c511bacdced8f3172021729319bd352f76d2,ga_aco,62,11000,11000,11000,21600,21600,19084d42c77dd61803f622f7dd3792c50fea0f387106740c6f6d6bcedc437202,2c969355974b9b9ca210a0a87655fdd5a442787654bfbbde0be740237b302940,,separate_postprocess_after_successful_raw_run,unified_experiments/formal_protocol_19084d42c77dd61803f622f7dd3792c50fea0f387106740c6f6d6bcedc437202/formal/w60/ga_aco/seed_62,19084d42c77dd61803f622f7dd3792c50fea0f387106740c6f6d6bcedc437202:e7b7409b555e581a0ceea770b7e2c511bacdced8f3172021729319bd352f76d2:ga_aco:62:83f98fef38158edbac3195b8e0fcbc4fa40e49b7ff17c428586212aff0542d40,83f98fef38158edbac3195b8e0fcbc4fa40e49b7ff17c428586212aff0542d40,"[""D:\\pybullet_test\\.venv\\Scripts\\python.exe"", ""run_unified_experiments.py"", ""--formal"", ""--resume"", ""--instances"", ""w60"", ""--solvers"", ""ga_aco"", ""--seeds"", ""62"", ""--selected-evaluation-budget"", ""11000"", ""--selected-timeout"", ""21600"", ""--output-root"", ""unified_experiments/formal_protocol_19084d42c77dd61803f622f7dd3792c50fea0f387106740c6f6d6bcedc437202/formal/w60/ga_aco/seed_62""]"
202,formal__w60__ga_aco__seed_63,e7b7409b555e581a0ceea770b7e2c511bacdced8f3172021729319bd352f76d2,ga_aco,63,11000,11000,11000,21600,21600,19084d42c77dd61803f622f7dd3792c50fea0f387106740c6f6d6bcedc437202,2c969355974b9b9ca210a0a87655fdd5a442787654bfbbde0be740237b302940,,separate_postprocess_after_successful_raw_run,unified_experiments/formal_protocol_19084d42c77dd61803f622f7dd3792c50fea0f387106740c6f6d6bcedc437202/formal/w60/ga_aco/seed_63,19084d42c77dd61803f622f7dd3792c50fea0f387106740c6f6d6bcedc437202:e7b7409b555e581a0ceea770b7e2c511bacdced8f3172021729319bd352f76d2:ga_aco:63:4178fc5ba1b4a960a877c0593f50c577e3e638facc0ea3e1b47e6aaa1554351b,4178fc5ba1b4a960a877c0593f50c577e3e638facc0ea3e1b47e6aaa1554351b,"[""D:\\pybullet_test\\.venv\\Scripts\\python.exe"", ""run_unified_experiments.py"", ""--formal"", ""--resume"", ""--instances"", ""w60"", ""--solvers"", ""ga_aco"", ""--seeds"", ""63"", ""--selected-evaluation-budget"", ""11000"", ""--selected-timeout"", ""21600"", ""--output-root"", ""unified_experiments/formal_protocol_19084d42c77dd61803f622f7dd3792c50fea0f387106740c6f6d6bcedc437202/formal/w60/ga_aco/seed_63""]"
203,formal__w60__ga_aco__seed_64,e7b7409b555e581a0ceea770b7e2c511bacdced8f3172021729319bd352f76d2,ga_aco,64,11000,11000,11000,21600,21600,19084d42c77dd61803f622f7dd3792c50fea0f387106740c6f6d6bcedc437202,2c969355974b9b9ca210a0a87655fdd5a442787654bfbbde0be740237b302940,,separate_postprocess_after_successful_raw_run,unified_experiments/formal_protocol_19084d42c77dd61803f622f7dd3792c50fea0f387106740c6f6d6bcedc437202/formal/w60/ga_aco/seed_64,19084d42c77dd61803f622f7dd3792c50fea0f387106740c6f6d6bcedc437202:e7b7409b555e581a0ceea770b7e2c511bacdced8f3172021729319bd352f76d2:ga_aco:64:f6a7e64c29d3402815c9f65bf6b2da40f5a5f2c95df288c7f8d01a2c8ba8e6a1,f6a7e64c29d3402815c9f65bf6b2da40f5a5f2c95df288c7f8d01a2c8ba8e6a1,"[""D:\\pybullet_test\\.venv\\Scripts\\python.exe"", ""run_unified_experiments.py"", ""--formal"", ""--resume"", ""--instances"", ""w60"", ""--solvers"", ""ga_aco"", ""--seeds"", ""64"", ""--selected-evaluation-budget"", ""11000"", ""--selected-timeout"", ""21600"", ""--output-root"", ""unified_experiments/formal_protocol_19084d42c77dd61803f622f7dd3792c50fea0f387106740c6f6d6bcedc437202/formal/w60/ga_aco/seed_64""]"
204,formal__w60__ga_aco__seed_65,e7b7409b555e581a0ceea770b7e2c511bacdced8f3172021729319bd352f76d2,ga_aco,65,11000,11000,11000,21600,21600,19084d42c77dd61803f622f7dd3792c50fea0f387106740c6f6d6bcedc437202,2c969355974b9b9ca210a0a87655fdd5a442787654bfbbde0be740237b302940,,separate_postprocess_after_successful_raw_run,unified_experiments/formal_protocol_19084d42c77dd61803f622f7dd3792c50fea0f387106740c6f6d6bcedc437202/formal/w60/ga_aco/seed_65,19084d42c77dd61803f622f7dd3792c50fea0f387106740c6f6d6bcedc437202:e7b7409b555e581a0ceea770b7e2c511bacdced8f3172021729319bd352f76d2:ga_aco:65:d4afc78eb967e36ad8a1fe1163d7b48747e8df0b2a1226c531e8adb8308ffd96,d4afc78eb967e36ad8a1fe1163d7b48747e8df0b2a1226c531e8adb8308ffd96,"[""D:\\pybullet_test\\.venv\\Scripts\\python.exe"", ""run_unified_experiments.py"", ""--formal"", ""--resume"", ""--instances"", ""w60"", ""--solvers"", ""ga_aco"", ""--seeds"", ""65"", ""--selected-evaluation-budget"", ""11000"", ""--selected-timeout"", ""21600"", ""--output-root"", ""unified_experiments/formal_protocol_19084d42c77dd61803f622f7dd3792c50fea0f387106740c6f6d6bcedc437202/formal/w60/ga_aco/seed_65""]"
205,formal__w60__ga_aco__seed_66,e7b7409b555e581a0ceea770b7e2c511bacdced8f3172021729319bd352f76d2,ga_aco,66,11000,11000,11000,21600,21600,19084d42c77dd61803f622f7dd3792c50fea0f387106740c6f6d6bcedc437202,2c969355974b9b9ca210a0a87655fdd5a442787654bfbbde0be740237b302940,,separate_postprocess_after_successful_raw_run,unified_experiments/formal_protocol_19084d42c77dd61803f622f7dd3792c50fea0f387106740c6f6d6bcedc437202/formal/w60/ga_aco/seed_66,19084d42c77dd61803f622f7dd3792c50fea0f387106740c6f6d6bcedc437202:e7b7409b555e581a0ceea770b7e2c511bacdced8f3172021729319bd352f76d2:ga_aco:66:e17bd92d3fa9c8daa1b8f2672aacb42fa202348a21ef1b9ce01f439705f9e838,e17bd92d3fa9c8daa1b8f2672aacb42fa202348a21ef1b9ce01f439705f9e838,"[""D:\\pybullet_test\\.venv\\Scripts\\python.exe"", ""run_unified_experiments.py"", ""--formal"", ""--resume"", ""--instances"", ""w60"", ""--solvers"", ""ga_aco"", ""--seeds"", ""66"", ""--selected-evaluation-budget"", ""11000"", ""--selected-timeout"", ""21600"", ""--output-root"", ""unified_experiments/formal_protocol_19084d42c77dd61803f622f7dd3792c50fea0f387106740c6f6d6bcedc437202/formal/w60/ga_aco/seed_66""]"
206,formal__w60__ga_aco__seed_67,e7b7409b555e581a0ceea770b7e2c511bacdced8f3172021729319bd352f76d2,ga_aco,67,11000,11000,11000,21600,21600,19084d42c77dd61803f622f7dd3792c50fea0f387106740c6f6d6bcedc437202,2c969355974b9b9ca210a0a87655fdd5a442787654bfbbde0be740237b302940,,separate_postprocess_after_successful_raw_run,unified_experiments/formal_protocol_19084d42c77dd61803f622f7dd3792c50fea0f387106740c6f6d6bcedc437202/formal/w60/ga_aco/seed_67,19084d42c77dd61803f622f7dd3792c50fea0f387106740c6f6d6bcedc437202:e7b7409b555e581a0ceea770b7e2c511bacdced8f3172021729319bd352f76d2:ga_aco:67:b3083ab769211dd9e145592f09a35af75a1e905026e42713bdfecbaa04a418e6,b3083ab769211dd9e145592f09a35af75a1e905026e42713bdfecbaa04a418e6,"[""D:\\pybullet_test\\.venv\\Scripts\\python.exe"", ""run_unified_experiments.py"", ""--formal"", ""--resume"", ""--instances"", ""w60"", ""--solvers"", ""ga_aco"", ""--seeds"", ""67"", ""--selected-evaluation-budget"", ""11000"", ""--selected-timeout"", ""21600"", ""--output-root"", ""unified_experiments/formal_protocol_19084d42c77dd61803f622f7dd3792c50fea0f387106740c6f6d6bcedc437202/formal/w60/ga_aco/seed_67""]"
207,formal__w60__ga_aco__seed_68,e7b7409b555e581a0ceea770b7e2c511bacdced8f3172021729319bd352f76d2,ga_aco,68,11000,11000,11000,21600,21600,19084d42c77dd61803f622f7dd3792c50fea0f387106740c6f6d6bcedc437202,2c969355974b9b9ca210a0a87655fdd5a442787654bfbbde0be740237b302940,,separate_postprocess_after_successful_raw_run,unified_experiments/formal_protocol_19084d42c77dd61803f622f7dd3792c50fea0f387106740c6f6d6bcedc437202/formal/w60/ga_aco/seed_68,19084d42c77dd61803f622f7dd3792c50fea0f387106740c6f6d6bcedc437202:e7b7409b555e581a0ceea770b7e2c511bacdced8f3172021729319bd352f76d2:ga_aco:68:ded75c14777033227fd7dbcf9ca1d5e3852fb33d792375df4cbae10f4d412c4b,ded75c14777033227fd7dbcf9ca1d5e3852fb33d792375df4cbae10f4d412c4b,"[""D:\\pybullet_test\\.venv\\Scripts\\python.exe"", ""run_unified_experiments.py"", ""--formal"", ""--resume"", ""--instances"", ""w60"", ""--solvers"", ""ga_aco"", ""--seeds"", ""68"", ""--selected-evaluation-budget"", ""11000"", ""--selected-timeout"", ""21600"", ""--output-root"", ""unified_experiments/formal_protocol_19084d42c77dd61803f622f7dd3792c50fea0f387106740c6f6d6bcedc437202/formal/w60/ga_aco/seed_68""]"
208,formal__w60__ga_aco__seed_69,e7b7409b555e581a0ceea770b7e2c511bacdced8f3172021729319bd352f76d2,ga_aco,69,11000,11000,11000,21600,21600,19084d42c77dd61803f622f7dd3792c50fea0f387106740c6f6d6bcedc437202,2c969355974b9b9ca210a0a87655fdd5a442787654bfbbde0be740237b302940,,separate_postprocess_after_successful_raw_run,unified_experiments/formal_protocol_19084d42c77dd61803f622f7dd3792c50fea0f387106740c6f6d6bcedc437202/formal/w60/ga_aco/seed_69,19084d42c77dd61803f622f7dd3792c50fea0f387106740c6f6d6bcedc437202:e7b7409b555e581a0ceea770b7e2c511bacdced8f3172021729319bd352f76d2:ga_aco:69:7e8d8fc19fa97245a93661a2e11d04c4baae14f0397c608c376cfff36d94c8b1,7e8d8fc19fa97245a93661a2e11d04c4baae14f0397c608c376cfff36d94c8b1,"[""D:\\pybullet_test\\.venv\\Scripts\\python.exe"", ""run_unified_experiments.py"", ""--formal"", ""--resume"", ""--instances"", ""w60"", ""--solvers"", ""ga_aco"", ""--seeds"", ""69"", ""--selected-evaluation-budget"", ""11000"", ""--selected-timeout"", ""21600"", ""--output-root"", ""unified_experiments/formal_protocol_19084d42c77dd61803f622f7dd3792c50fea0f387106740c6f6d6bcedc437202/formal/w60/ga_aco/seed_69""]"
209,formal__w60__ga_aco__seed_70,e7b7409b555e581a0ceea770b7e2c511bacdced8f3172021729319bd352f76d2,ga_aco,70,11000,11000,11000,21600,21600,19084d42c77dd61803f622f7dd3792c50fea0f387106740c6f6d6bcedc437202,2c969355974b9b9ca210a0a87655fdd5a442787654bfbbde0be740237b302940,,separate_postprocess_after_successful_raw_run,unified_experiments/formal_protocol_19084d42c77dd61803f622f7dd3792c50fea0f387106740c6f6d6bcedc437202/formal/w60/ga_aco/seed_70,19084d42c77dd61803f622f7dd3792c50fea0f387106740c6f6d6bcedc437202:e7b7409b555e581a0ceea770b7e2c511bacdced8f3172021729319bd352f76d2:ga_aco:70:6d087c0018ecad34e02d24983e8fce960033882414842c5253ee51560127b84a,6d087c0018ecad34e02d24983e8fce960033882414842c5253ee51560127b84a,"[""D:\\pybullet_test\\.venv\\Scripts\\python.exe"", ""run_unified_experiments.py"", ""--formal"", ""--resume"", ""--instances"", ""w60"", ""--solvers"", ""ga_aco"", ""--seeds"", ""70"", ""--selected-evaluation-budget"", ""11000"", ""--selected-timeout"", ""21600"", ""--output-root"", ""unified_experiments/formal_protocol_19084d42c77dd61803f622f7dd3792c50fea0f387106740c6f6d6bcedc437202/formal/w60/ga_aco/seed_70""]"
210,formal__w60__ga_aco__seed_71,e7b7409b555e581a0ceea770b7e2c511bacdced8f3172021729319bd352f76d2,ga_aco,71,11000,11000,11000,21600,21600,19084d42c77dd61803f622f7dd3792c50fea0f387106740c6f6d6bcedc437202,2c969355974b9b9ca210a0a87655fdd5a442787654bfbbde0be740237b302940,,separate_postprocess_after_successful_raw_run,unified_experiments/formal_protocol_19084d42c77dd61803f622f7dd3792c50fea0f387106740c6f6d6bcedc437202/formal/w60/ga_aco/seed_71,19084d42c77dd61803f622f7dd3792c50fea0f387106740c6f6d6bcedc437202:e7b7409b555e581a0ceea770b7e2c511bacdced8f3172021729319bd352f76d2:ga_aco:71:5c5ce231e40548906479cb63a406fac736fbbeb9e0047e9c80edd9a26cb0f308,5c5ce231e40548906479cb63a406fac736fbbeb9e0047e9c80edd9a26cb0f308,"[""D:\\pybullet_test\\.venv\\Scripts\\python.exe"", ""run_unified_experiments.py"", ""--formal"", ""--resume"", ""--instances"", ""w60"", ""--solvers"", ""ga_aco"", ""--seeds"", ""71"", ""--selected-evaluation-budget"", ""11000"", ""--selected-timeout"", ""21600"", ""--output-root"", ""unified_experiments/formal_protocol_19084d42c77dd61803f622f7dd3792c50fea0f387106740c6f6d6bcedc437202/formal/w60/ga_aco/seed_71""]"
211,formal__w60__paper_aligned_hga__seed_42,e7b7409b555e581a0ceea770b7e2c511bacdced8f3172021729319bd352f76d2,paper_aligned_hga,42,11000,11000,11000,21600,21600,19084d42c77dd61803f622f7dd3792c50fea0f387106740c6f6d6bcedc437202,2c969355974b9b9ca210a0a87655fdd5a442787654bfbbde0be740237b302940,,separate_postprocess_after_successful_raw_run,unified_experiments/formal_protocol_19084d42c77dd61803f622f7dd3792c50fea0f387106740c6f6d6bcedc437202/formal/w60/paper_aligned_hga/seed_42,19084d42c77dd61803f622f7dd3792c50fea0f387106740c6f6d6bcedc437202:e7b7409b555e581a0ceea770b7e2c511bacdced8f3172021729319bd352f76d2:paper_aligned_hga:42:a229bf80a7ca02f1314de9299b99178264caf33e38829e3bae28eb7bc0f2a96b,a229bf80a7ca02f1314de9299b99178264caf33e38829e3bae28eb7bc0f2a96b,"[""D:\\pybullet_test\\.venv\\Scripts\\python.exe"", ""run_unified_experiments.py"", ""--formal"", ""--resume"", ""--instances"", ""w60"", ""--solvers"", ""paper_aligned_hga"", ""--seeds"", ""42"", ""--selected-evaluation-budget"", ""11000"", ""--selected-timeout"", ""21600"", ""--output-root"", ""unified_experiments/formal_protocol_19084d42c77dd61803f622f7dd3792c50fea0f387106740c6f6d6bcedc437202/formal/w60/paper_aligned_hga/seed_42""]"
212,formal__w60__paper_aligned_hga__seed_43,e7b7409b555e581a0ceea770b7e2c511bacdced8f3172021729319bd352f76d2,paper_aligned_hga,43,11000,11000,11000,21600,21600,19084d42c77dd61803f622f7dd3792c50fea0f387106740c6f6d6bcedc437202,2c969355974b9b9ca210a0a87655fdd5a442787654bfbbde0be740237b302940,,separate_postprocess_after_successful_raw_run,unified_experiments/formal_protocol_19084d42c77dd61803f622f7dd3792c50fea0f387106740c6f6d6bcedc437202/formal/w60/paper_aligned_hga/seed_43,19084d42c77dd61803f622f7dd3792c50fea0f387106740c6f6d6bcedc437202:e7b7409b555e581a0ceea770b7e2c511bacdced8f3172021729319bd352f76d2:paper_aligned_hga:43:199382e86d9e405f7d89944ae0115756b224c483a38c84e3c4d46db595b7e93e,199382e86d9e405f7d89944ae0115756b224c483a38c84e3c4d46db595b7e93e,"[""D:\\pybullet_test\\.venv\\Scripts\\python.exe"", ""run_unified_experiments.py"", ""--formal"", ""--resume"", ""--instances"", ""w60"", ""--solvers"", ""paper_aligned_hga"", ""--seeds"", ""43"", ""--selected-evaluation-budget"", ""11000"", ""--selected-timeout"", ""21600"", ""--output-root"", ""unified_experiments/formal_protocol_19084d42c77dd61803f622f7dd3792c50fea0f387106740c6f6d6bcedc437202/formal/w60/paper_aligned_hga/seed_43""]"
213,formal__w60__paper_aligned_hga__seed_44,e7b7409b555e581a0ceea770b7e2c511bacdced8f3172021729319bd352f76d2,paper_aligned_hga,44,11000,11000,11000,21600,21600,19084d42c77dd61803f622f7dd3792c50fea0f387106740c6f6d6bcedc437202,2c969355974b9b9ca210a0a87655fdd5a442787654bfbbde0be740237b302940,,separate_postprocess_after_successful_raw_run,unified_experiments/formal_protocol_19084d42c77dd61803f622f7dd3792c50fea0f387106740c6f6d6bcedc437202/formal/w60/paper_aligned_hga/seed_44,19084d42c77dd61803f622f7dd3792c50fea0f387106740c6f6d6bcedc437202:e7b7409b555e581a0ceea770b7e2c511bacdced8f3172021729319bd352f76d2:paper_aligned_hga:44:f29b09edc24e268d1d040c190ecfad461e9be034b18c320702c8242bff01e8ea,f29b09edc24e268d1d040c190ecfad461e9be034b18c320702c8242bff01e8ea,"[""D:\\pybullet_test\\.venv\\Scripts\\python.exe"", ""run_unified_experiments.py"", ""--formal"", ""--resume"", ""--instances"", ""w60"", ""--solvers"", ""paper_aligned_hga"", ""--seeds"", ""44"", ""--selected-evaluation-budget"", ""11000"", ""--selected-timeout"", ""21600"", ""--output-root"", ""unified_experiments/formal_protocol_19084d42c77dd61803f622f7dd3792c50fea0f387106740c6f6d6bcedc437202/formal/w60/paper_aligned_hga/seed_44""]"
214,formal__w60__paper_aligned_hga__seed_45,e7b7409b555e581a0ceea770b7e2c511bacdced8f3172021729319bd352f76d2,paper_aligned_hga,45,11000,11000,11000,21600,21600,19084d42c77dd61803f622f7dd3792c50fea0f387106740c6f6d6bcedc437202,2c969355974b9b9ca210a0a87655fdd5a442787654bfbbde0be740237b302940,,separate_postprocess_after_successful_raw_run,unified_experiments/formal_protocol_19084d42c77dd61803f622f7dd3792c50fea0f387106740c6f6d6bcedc437202/formal/w60/paper_aligned_hga/seed_45,19084d42c77dd61803f622f7dd3792c50fea0f387106740c6f6d6bcedc437202:e7b7409b555e581a0ceea770b7e2c511bacdced8f3172021729319bd352f76d2:paper_aligned_hga:45:9ee03b040fd1a8a538f899481d6e87da37d6099cd06622c3cd6bf4cbe650dc85,9ee03b040fd1a8a538f899481d6e87da37d6099cd06622c3cd6bf4cbe650dc85,"[""D:\\pybullet_test\\.venv\\Scripts\\python.exe"", ""run_unified_experiments.py"", ""--formal"", ""--resume"", ""--instances"", ""w60"", ""--solvers"", ""paper_aligned_hga"", ""--seeds"", ""45"", ""--selected-evaluation-budget"", ""11000"", ""--selected-timeout"", ""21600"", ""--output-root"", ""unified_experiments/formal_protocol_19084d42c77dd61803f622f7dd3792c50fea0f387106740c6f6d6bcedc437202/formal/w60/paper_aligned_hga/seed_45""]"
215,formal__w60__paper_aligned_hga__seed_46,e7b7409b555e581a0ceea770b7e2c511bacdced8f3172021729319bd352f76d2,paper_aligned_hga,46,11000,11000,11000,21600,21600,19084d42c77dd61803f622f7dd3792c50fea0f387106740c6f6d6bcedc437202,2c969355974b9b9ca210a0a87655fdd5a442787654bfbbde0be740237b302940,,separate_postprocess_after_successful_raw_run,unified_experiments/formal_protocol_19084d42c77dd61803f622f7dd3792c50fea0f387106740c6f6d6bcedc437202/formal/w60/paper_aligned_hga/seed_46,19084d42c77dd61803f622f7dd3792c50fea0f387106740c6f6d6bcedc437202:e7b7409b555e581a0ceea770b7e2c511bacdced8f3172021729319bd352f76d2:paper_aligned_hga:46:4a4c174777d89e872871ef51b98092e76f1065702c14d09ea70ab2c8a91ebf6b,4a4c174777d89e872871ef51b98092e76f1065702c14d09ea70ab2c8a91ebf6b,"[""D:\\pybullet_test\\.venv\\Scripts\\python.exe"", ""run_unified_experiments.py"", ""--formal"", ""--resume"", ""--instances"", ""w60"", ""--solvers"", ""paper_aligned_hga"", ""--seeds"", ""46"", ""--selected-evaluation-budget"", ""11000"", ""--selected-timeout"", ""21600"", ""--output-root"", ""unified_experiments/formal_protocol_19084d42c77dd61803f622f7dd3792c50fea0f387106740c6f6d6bcedc437202/formal/w60/paper_aligned_hga/seed_46""]"
216,formal__w60__paper_aligned_hga__seed_47,e7b7409b555e581a0ceea770b7e2c511bacdced8f3172021729319bd352f76d2,paper_aligned_hga,47,11000,11000,11000,21600,21600,19084d42c77dd61803f622f7dd3792c50fea0f387106740c6f6d6bcedc437202,2c969355974b9b9ca210a0a87655fdd5a442787654bfbbde0be740237b302940,,separate_postprocess_after_successful_raw_run,unified_experiments/formal_protocol_19084d42c77dd61803f622f7dd3792c50fea0f387106740c6f6d6bcedc437202/formal/w60/paper_aligned_hga/seed_47,19084d42c77dd61803f622f7dd3792c50fea0f387106740c6f6d6bcedc437202:e7b7409b555e581a0ceea770b7e2c511bacdced8f3172021729319bd352f76d2:paper_aligned_hga:47:a99d679c0b755a9ce2b9ccbe46829173b4350e73f12f7819b55ae83b37a3bfbf,a99d679c0b755a9ce2b9ccbe46829173b4350e73f12f7819b55ae83b37a3bfbf,"[""D:\\pybullet_test\\.venv\\Scripts\\python.exe"", ""run_unified_experiments.py"", ""--formal"", ""--resume"", ""--instances"", ""w60"", ""--solvers"", ""paper_aligned_hga"", ""--seeds"", ""47"", ""--selected-evaluation-budget"", ""11000"", ""--selected-timeout"", ""21600"", ""--output-root"", ""unified_experiments/formal_protocol_19084d42c77dd61803f622f7dd3792c50fea0f387106740c6f6d6bcedc437202/formal/w60/paper_aligned_hga/seed_47""]"
217,formal__w60__paper_aligned_hga__seed_48,e7b7409b555e581a0ceea770b7e2c511bacdced8f3172021729319bd352f76d2,paper_aligned_hga,48,11000,11000,11000,21600,21600,19084d42c77dd61803f622f7dd3792c50fea0f387106740c6f6d6bcedc437202,2c969355974b9b9ca210a0a87655fdd5a442787654bfbbde0be740237b302940,,separate_postprocess_after_successful_raw_run,unified_experiments/formal_protocol_19084d42c77dd61803f622f7dd3792c50fea0f387106740c6f6d6bcedc437202/formal/w60/paper_aligned_hga/seed_48,19084d42c77dd61803f622f7dd3792c50fea0f387106740c6f6d6bcedc437202:e7b7409b555e581a0ceea770b7e2c511bacdced8f3172021729319bd352f76d2:paper_aligned_hga:48:3ed3fe4593257782591a57b26c9b38d5a3c71bc3f0f8810c178494a9b13d491c,3ed3fe4593257782591a57b26c9b38d5a3c71bc3f0f8810c178494a9b13d491c,"[""D:\\pybullet_test\\.venv\\Scripts\\python.exe"", ""run_unified_experiments.py"", ""--formal"", ""--resume"", ""--instances"", ""w60"", ""--solvers"", ""paper_aligned_hga"", ""--seeds"", ""48"", ""--selected-evaluation-budget"", ""11000"", ""--selected-timeout"", ""21600"", ""--output-root"", ""unified_experiments/formal_protocol_19084d42c77dd61803f622f7dd3792c50fea0f387106740c6f6d6bcedc437202/formal/w60/paper_aligned_hga/seed_48""]"
218,formal__w60__paper_aligned_hga__seed_49,e7b7409b555e581a0ceea770b7e2c511bacdced8f3172021729319bd352f76d2,paper_aligned_hga,49,11000,11000,11000,21600,21600,19084d42c77dd61803f622f7dd3792c50fea0f387106740c6f6d6bcedc437202,2c969355974b9b9ca210a0a87655fdd5a442787654bfbbde0be740237b302940,,separate_postprocess_after_successful_raw_run,unified_experiments/formal_protocol_19084d42c77dd61803f622f7dd3792c50fea0f387106740c6f6d6bcedc437202/formal/w60/paper_aligned_hga/seed_49,19084d42c77dd61803f622f7dd3792c50fea0f387106740c6f6d6bcedc437202:e7b7409b555e581a0ceea770b7e2c511bacdced8f3172021729319bd352f76d2:paper_aligned_hga:49:007c2e64b2cf85a2f90a8a77624993f7ab2a14f63f129596f9d596d8fb1ec160,007c2e64b2cf85a2f90a8a77624993f7ab2a14f63f129596f9d596d8fb1ec160,"[""D:\\pybullet_test\\.venv\\Scripts\\python.exe"", ""run_unified_experiments.py"", ""--formal"", ""--resume"", ""--instances"", ""w60"", ""--solvers"", ""paper_aligned_hga"", ""--seeds"", ""49"", ""--selected-evaluation-budget"", ""11000"", ""--selected-timeout"", ""21600"", ""--output-root"", ""unified_experiments/formal_protocol_19084d42c77dd61803f622f7dd3792c50fea0f387106740c6f6d6bcedc437202/formal/w60/paper_aligned_hga/seed_49""]"
219,formal__w60__paper_aligned_hga__seed_50,e7b7409b555e581a0ceea770b7e2c511bacdced8f3172021729319bd352f76d2,paper_aligned_hga,50,11000,11000,11000,21600,21600,19084d42c77dd61803f622f7dd3792c50fea0f387106740c6f6d6bcedc437202,2c969355974b9b9ca210a0a87655fdd5a442787654bfbbde0be740237b302940,,separate_postprocess_after_successful_raw_run,unified_experiments/formal_protocol_19084d42c77dd61803f622f7dd3792c50fea0f387106740c6f6d6bcedc437202/formal/w60/paper_aligned_hga/seed_50,19084d42c77dd61803f622f7dd3792c50fea0f387106740c6f6d6bcedc437202:e7b7409b555e581a0ceea770b7e2c511bacdced8f3172021729319bd352f76d2:paper_aligned_hga:50:388754f13ddda6e5002e380f2d123b2536e20ab61f3965bb98d1028d061cf5cf,388754f13ddda6e5002e380f2d123b2536e20ab61f3965bb98d1028d061cf5cf,"[""D:\\pybullet_test\\.venv\\Scripts\\python.exe"", ""run_unified_experiments.py"", ""--formal"", ""--resume"", ""--instances"", ""w60"", ""--solvers"", ""paper_aligned_hga"", ""--seeds"", ""50"", ""--selected-evaluation-budget"", ""11000"", ""--selected-timeout"", ""21600"", ""--output-root"", ""unified_experiments/formal_protocol_19084d42c77dd61803f622f7dd3792c50fea0f387106740c6f6d6bcedc437202/formal/w60/paper_aligned_hga/seed_50""]"
220,formal__w60__paper_aligned_hga__seed_51,e7b7409b555e581a0ceea770b7e2c511bacdced8f3172021729319bd352f76d2,paper_aligned_hga,51,11000,11000,11000,21600,21600,19084d42c77dd61803f622f7dd3792c50fea0f387106740c6f6d6bcedc437202,2c969355974b9b9ca210a0a87655fdd5a442787654bfbbde0be740237b302940,,separate_postprocess_after_successful_raw_run,unified_experiments/formal_protocol_19084d42c77dd61803f622f7dd3792c50fea0f387106740c6f6d6bcedc437202/formal/w60/paper_aligned_hga/seed_51,19084d42c77dd61803f622f7dd3792c50fea0f387106740c6f6d6bcedc437202:e7b7409b555e581a0ceea770b7e2c511bacdced8f3172021729319bd352f76d2:paper_aligned_hga:51:106acf265ec8147f9b53c2750fb004d46e41405505b0103675cfd7f801c1b30a,106acf265ec8147f9b53c2750fb004d46e41405505b0103675cfd7f801c1b30a,"[""D:\\pybullet_test\\.venv\\Scripts\\python.exe"", ""run_unified_experiments.py"", ""--formal"", ""--resume"", ""--instances"", ""w60"", ""--solvers"", ""paper_aligned_hga"", ""--seeds"", ""51"", ""--selected-evaluation-budget"", ""11000"", ""--selected-timeout"", ""21600"", ""--output-root"", ""unified_experiments/formal_protocol_19084d42c77dd61803f622f7dd3792c50fea0f387106740c6f6d6bcedc437202/formal/w60/paper_aligned_hga/seed_51""]"
221,formal__w60__paper_aligned_hga__seed_52,e7b7409b555e581a0ceea770b7e2c511bacdced8f3172021729319bd352f76d2,paper_aligned_hga,52,11000,11000,11000,21600,21600,19084d42c77dd61803f622f7dd3792c50fea0f387106740c6f6d6bcedc437202,2c969355974b9b9ca210a0a87655fdd5a442787654bfbbde0be740237b302940,,separate_postprocess_after_successful_raw_run,unified_experiments/formal_protocol_19084d42c77dd61803f622f7dd3792c50fea0f387106740c6f6d6bcedc437202/formal/w60/paper_aligned_hga/seed_52,19084d42c77dd61803f622f7dd3792c50fea0f387106740c6f6d6bcedc437202:e7b7409b555e581a0ceea770b7e2c511bacdced8f3172021729319bd352f76d2:paper_aligned_hga:52:d2fe36a5678688dd0e2c26346977663be42f9846bfa63f9ce78020180f5878bd,d2fe36a5678688dd0e2c26346977663be42f9846bfa63f9ce78020180f5878bd,"[""D:\\pybullet_test\\.venv\\Scripts\\python.exe"", ""run_unified_experiments.py"", ""--formal"", ""--resume"", ""--instances"", ""w60"", ""--solvers"", ""paper_aligned_hga"", ""--seeds"", ""52"", ""--selected-evaluation-budget"", ""11000"", ""--selected-timeout"", ""21600"", ""--output-root"", ""unified_experiments/formal_protocol_19084d42c77dd61803f622f7dd3792c50fea0f387106740c6f6d6bcedc437202/formal/w60/paper_aligned_hga/seed_52""]"
222,formal__w60__paper_aligned_hga__seed_53,e7b7409b555e581a0ceea770b7e2c511bacdced8f3172021729319bd352f76d2,paper_aligned_hga,53,11000,11000,11000,21600,21600,19084d42c77dd61803f622f7dd3792c50fea0f387106740c6f6d6bcedc437202,2c969355974b9b9ca210a0a87655fdd5a442787654bfbbde0be740237b302940,,separate_postprocess_after_successful_raw_run,unified_experiments/formal_protocol_19084d42c77dd61803f622f7dd3792c50fea0f387106740c6f6d6bcedc437202/formal/w60/paper_aligned_hga/seed_53,19084d42c77dd61803f622f7dd3792c50fea0f387106740c6f6d6bcedc437202:e7b7409b555e581a0ceea770b7e2c511bacdced8f3172021729319bd352f76d2:paper_aligned_hga:53:5dd522228cf9bacb80acad43afa90d2832a675696e139ad4f5b86d4828a90043,5dd522228cf9bacb80acad43afa90d2832a675696e139ad4f5b86d4828a90043,"[""D:\\pybullet_test\\.venv\\Scripts\\python.exe"", ""run_unified_experiments.py"", ""--formal"", ""--resume"", ""--instances"", ""w60"", ""--solvers"", ""paper_aligned_hga"", ""--seeds"", ""53"", ""--selected-evaluation-budget"", ""11000"", ""--selected-timeout"", ""21600"", ""--output-root"", ""unified_experiments/formal_protocol_19084d42c77dd61803f622f7dd3792c50fea0f387106740c6f6d6bcedc437202/formal/w60/paper_aligned_hga/seed_53""]"
223,formal__w60__paper_aligned_hga__seed_54,e7b7409b555e581a0ceea770b7e2c511bacdced8f3172021729319bd352f76d2,paper_aligned_hga,54,11000,11000,11000,21600,21600,19084d42c77dd61803f622f7dd3792c50fea0f387106740c6f6d6bcedc437202,2c969355974b9b9ca210a0a87655fdd5a442787654bfbbde0be740237b302940,,separate_postprocess_after_successful_raw_run,unified_experiments/formal_protocol_19084d42c77dd61803f622f7dd3792c50fea0f387106740c6f6d6bcedc437202/formal/w60/paper_aligned_hga/seed_54,19084d42c77dd61803f622f7dd3792c50fea0f387106740c6f6d6bcedc437202:e7b7409b555e581a0ceea770b7e2c511bacdced8f3172021729319bd352f76d2:paper_aligned_hga:54:7ead590ad950dd333098dd61d3328a2bac3fc2e93910a5a2ac89559546549134,7ead590ad950dd333098dd61d3328a2bac3fc2e93910a5a2ac89559546549134,"[""D:\\pybullet_test\\.venv\\Scripts\\python.exe"", ""run_unified_experiments.py"", ""--formal"", ""--resume"", ""--instances"", ""w60"", ""--solvers"", ""paper_aligned_hga"", ""--seeds"", ""54"", ""--selected-evaluation-budget"", ""11000"", ""--selected-timeout"", ""21600"", ""--output-root"", ""unified_experiments/formal_protocol_19084d42c77dd61803f622f7dd3792c50fea0f387106740c6f6d6bcedc437202/formal/w60/paper_aligned_hga/seed_54""]"
224,formal__w60__paper_aligned_hga__seed_55,e7b7409b555e581a0ceea770b7e2c511bacdced8f3172021729319bd352f76d2,paper_aligned_hga,55,11000,11000,11000,21600,21600,19084d42c77dd61803f622f7dd3792c50fea0f387106740c6f6d6bcedc437202,2c969355974b9b9ca210a0a87655fdd5a442787654bfbbde0be740237b302940,,separate_postprocess_after_successful_raw_run,unified_experiments/formal_protocol_19084d42c77dd61803f622f7dd3792c50fea0f387106740c6f6d6bcedc437202/formal/w60/paper_aligned_hga/seed_55,19084d42c77dd61803f622f7dd3792c50fea0f387106740c6f6d6bcedc437202:e7b7409b555e581a0ceea770b7e2c511bacdced8f3172021729319bd352f76d2:paper_aligned_hga:55:a55ea01eb2f70ad07bc86113c2d32a6fd562e22e73a235f367325cb2cbfd767c,a55ea01eb2f70ad07bc86113c2d32a6fd562e22e73a235f367325cb2cbfd767c,"[""D:\\pybullet_test\\.venv\\Scripts\\python.exe"", ""run_unified_experiments.py"", ""--formal"", ""--resume"", ""--instances"", ""w60"", ""--solvers"", ""paper_aligned_hga"", ""--seeds"", ""55"", ""--selected-evaluation-budget"", ""11000"", ""--selected-timeout"", ""21600"", ""--output-root"", ""unified_experiments/formal_protocol_19084d42c77dd61803f622f7dd3792c50fea0f387106740c6f6d6bcedc437202/formal/w60/paper_aligned_hga/seed_55""]"
225,formal__w60__paper_aligned_hga__seed_56,e7b7409b555e581a0ceea770b7e2c511bacdced8f3172021729319bd352f76d2,paper_aligned_hga,56,11000,11000,11000,21600,21600,19084d42c77dd61803f622f7dd3792c50fea0f387106740c6f6d6bcedc437202,2c969355974b9b9ca210a0a87655fdd5a442787654bfbbde0be740237b302940,,separate_postprocess_after_successful_raw_run,unified_experiments/formal_protocol_19084d42c77dd61803f622f7dd3792c50fea0f387106740c6f6d6bcedc437202/formal/w60/paper_aligned_hga/seed_56,19084d42c77dd61803f622f7dd3792c50fea0f387106740c6f6d6bcedc437202:e7b7409b555e581a0ceea770b7e2c511bacdced8f3172021729319bd352f76d2:paper_aligned_hga:56:efe4198a8d0bfcf97113f3f82df8aed0ace7ec19a903a013e4c84cff4d19b504,efe4198a8d0bfcf97113f3f82df8aed0ace7ec19a903a013e4c84cff4d19b504,"[""D:\\pybullet_test\\.venv\\Scripts\\python.exe"", ""run_unified_experiments.py"", ""--formal"", ""--resume"", ""--instances"", ""w60"", ""--solvers"", ""paper_aligned_hga"", ""--seeds"", ""56"", ""--selected-evaluation-budget"", ""11000"", ""--selected-timeout"", ""21600"", ""--output-root"", ""unified_experiments/formal_protocol_19084d42c77dd61803f622f7dd3792c50fea0f387106740c6f6d6bcedc437202/formal/w60/paper_aligned_hga/seed_56""]"
226,formal__w60__paper_aligned_hga__seed_57,e7b7409b555e581a0ceea770b7e2c511bacdced8f3172021729319bd352f76d2,paper_aligned_hga,57,11000,11000,11000,21600,21600,19084d42c77dd61803f622f7dd3792c50fea0f387106740c6f6d6bcedc437202,2c969355974b9b9ca210a0a87655fdd5a442787654bfbbde0be740237b302940,,separate_postprocess_after_successful_raw_run,unified_experiments/formal_protocol_19084d42c77dd61803f622f7dd3792c50fea0f387106740c6f6d6bcedc437202/formal/w60/paper_aligned_hga/seed_57,19084d42c77dd61803f622f7dd3792c50fea0f387106740c6f6d6bcedc437202:e7b7409b555e581a0ceea770b7e2c511bacdced8f3172021729319bd352f76d2:paper_aligned_hga:57:00d68e3054b247dd568f26eea15529bae6363b5f53f8abdcddbec94d132c2bdc,00d68e3054b247dd568f26eea15529bae6363b5f53f8abdcddbec94d132c2bdc,"[""D:\\pybullet_test\\.venv\\Scripts\\python.exe"", ""run_unified_experiments.py"", ""--formal"", ""--resume"", ""--instances"", ""w60"", ""--solvers"", ""paper_aligned_hga"", ""--seeds"", ""57"", ""--selected-evaluation-budget"", ""11000"", ""--selected-timeout"", ""21600"", ""--output-root"", ""unified_experiments/formal_protocol_19084d42c77dd61803f622f7dd3792c50fea0f387106740c6f6d6bcedc437202/formal/w60/paper_aligned_hga/seed_57""]"
227,formal__w60__paper_aligned_hga__seed_58,e7b7409b555e581a0ceea770b7e2c511bacdced8f3172021729319bd352f76d2,paper_aligned_hga,58,11000,11000,11000,21600,21600,19084d42c77dd61803f622f7dd3792c50fea0f387106740c6f6d6bcedc437202,2c969355974b9b9ca210a0a87655fdd5a442787654bfbbde0be740237b302940,,separate_postprocess_after_successful_raw_run,unified_experiments/formal_protocol_19084d42c77dd61803f622f7dd3792c50fea0f387106740c6f6d6bcedc437202/formal/w60/paper_aligned_hga/seed_58,19084d42c77dd61803f622f7dd3792c50fea0f387106740c6f6d6bcedc437202:e7b7409b555e581a0ceea770b7e2c511bacdced8f3172021729319bd352f76d2:paper_aligned_hga:58:e51d64e16b668240184918f93c5ab6fb6dfc51b6db5fbe57baf3ea6ea4d15914,e51d64e16b668240184918f93c5ab6fb6dfc51b6db5fbe57baf3ea6ea4d15914,"[""D:\\pybullet_test\\.venv\\Scripts\\python.exe"", ""run_unified_experiments.py"", ""--formal"", ""--resume"", ""--instances"", ""w60"", ""--solvers"", ""paper_aligned_hga"", ""--seeds"", ""58"", ""--selected-evaluation-budget"", ""11000"", ""--selected-timeout"", ""21600"", ""--output-root"", ""unified_experiments/formal_protocol_19084d42c77dd61803f622f7dd3792c50fea0f387106740c6f6d6bcedc437202/formal/w60/paper_aligned_hga/seed_58""]"
228,formal__w60__paper_aligned_hga__seed_59,e7b7409b555e581a0ceea770b7e2c511bacdced8f3172021729319bd352f76d2,paper_aligned_hga,59,11000,11000,11000,21600,21600,19084d42c77dd61803f622f7dd3792c50fea0f387106740c6f6d6bcedc437202,2c969355974b9b9ca210a0a87655fdd5a442787654bfbbde0be740237b302940,,separate_postprocess_after_successful_raw_run,unified_experiments/formal_protocol_19084d42c77dd61803f622f7dd3792c50fea0f387106740c6f6d6bcedc437202/formal/w60/paper_aligned_hga/seed_59,19084d42c77dd61803f622f7dd3792c50fea0f387106740c6f6d6bcedc437202:e7b7409b555e581a0ceea770b7e2c511bacdced8f3172021729319bd352f76d2:paper_aligned_hga:59:cc8b4507f0caf477e736490748308689d5e14847b116f331dfb876821f649ad0,cc8b4507f0caf477e736490748308689d5e14847b116f331dfb876821f649ad0,"[""D:\\pybullet_test\\.venv\\Scripts\\python.exe"", ""run_unified_experiments.py"", ""--formal"", ""--resume"", ""--instances"", ""w60"", ""--solvers"", ""paper_aligned_hga"", ""--seeds"", ""59"", ""--selected-evaluation-budget"", ""11000"", ""--selected-timeout"", ""21600"", ""--output-root"", ""unified_experiments/formal_protocol_19084d42c77dd61803f622f7dd3792c50fea0f387106740c6f6d6bcedc437202/formal/w60/paper_aligned_hga/seed_59""]"
229,formal__w60__paper_aligned_hga__seed_60,e7b7409b555e581a0ceea770b7e2c511bacdced8f3172021729319bd352f76d2,paper_aligned_hga,60,11000,11000,11000,21600,21600,19084d42c77dd61803f622f7dd3792c50fea0f387106740c6f6d6bcedc437202,2c969355974b9b9ca210a0a87655fdd5a442787654bfbbde0be740237b302940,,separate_postprocess_after_successful_raw_run,unified_experiments/formal_protocol_19084d42c77dd61803f622f7dd3792c50fea0f387106740c6f6d6bcedc437202/formal/w60/paper_aligned_hga/seed_60,19084d42c77dd61803f622f7dd3792c50fea0f387106740c6f6d6bcedc437202:e7b7409b555e581a0ceea770b7e2c511bacdced8f3172021729319bd352f76d2:paper_aligned_hga:60:cda547129c3f2664dc29c66e7ec31c4638fe84093395ba4bbe3f3d0d26e7e1bb,cda547129c3f2664dc29c66e7ec31c4638fe84093395ba4bbe3f3d0d26e7e1bb,"[""D:\\pybullet_test\\.venv\\Scripts\\python.exe"", ""run_unified_experiments.py"", ""--formal"", ""--resume"", ""--instances"", ""w60"", ""--solvers"", ""paper_aligned_hga"", ""--seeds"", ""60"", ""--selected-evaluation-budget"", ""11000"", ""--selected-timeout"", ""21600"", ""--output-root"", ""unified_experiments/formal_protocol_19084d42c77dd61803f622f7dd3792c50fea0f387106740c6f6d6bcedc437202/formal/w60/paper_aligned_hga/seed_60""]"
230,formal__w60__paper_aligned_hga__seed_61,e7b7409b555e581a0ceea770b7e2c511bacdced8f3172021729319bd352f76d2,paper_aligned_hga,61,11000,11000,11000,21600,21600,19084d42c77dd61803f622f7dd3792c50fea0f387106740c6f6d6bcedc437202,2c969355974b9b9ca210a0a87655fdd5a442787654bfbbde0be740237b302940,,separate_postprocess_after_successful_raw_run,unified_experiments/formal_protocol_19084d42c77dd61803f622f7dd3792c50fea0f387106740c6f6d6bcedc437202/formal/w60/paper_aligned_hga/seed_61,19084d42c77dd61803f622f7dd3792c50fea0f387106740c6f6d6bcedc437202:e7b7409b555e581a0ceea770b7e2c511bacdced8f3172021729319bd352f76d2:paper_aligned_hga:61:5927dff51ed464dc328030f043988cccfa4884f8675a35d382d4c0998ebeb5ac,5927dff51ed464dc328030f043988cccfa4884f8675a35d382d4c0998ebeb5ac,"[""D:\\pybullet_test\\.venv\\Scripts\\python.exe"", ""run_unified_experiments.py"", ""--formal"", ""--resume"", ""--instances"", ""w60"", ""--solvers"", ""paper_aligned_hga"", ""--seeds"", ""61"", ""--selected-evaluation-budget"", ""11000"", ""--selected-timeout"", ""21600"", ""--output-root"", ""unified_experiments/formal_protocol_19084d42c77dd61803f622f7dd3792c50fea0f387106740c6f6d6bcedc437202/formal/w60/paper_aligned_hga/seed_61""]"
231,formal__w60__paper_aligned_hga__seed_62,e7b7409b555e581a0ceea770b7e2c511bacdced8f3172021729319bd352f76d2,paper_aligned_hga,62,11000,11000,11000,21600,21600,19084d42c77dd61803f622f7dd3792c50fea0f387106740c6f6d6bcedc437202,2c969355974b9b9ca210a0a87655fdd5a442787654bfbbde0be740237b302940,,separate_postprocess_after_successful_raw_run,unified_experiments/formal_protocol_19084d42c77dd61803f622f7dd3792c50fea0f387106740c6f6d6bcedc437202/formal/w60/paper_aligned_hga/seed_62,19084d42c77dd61803f622f7dd3792c50fea0f387106740c6f6d6bcedc437202:e7b7409b555e581a0ceea770b7e2c511bacdced8f3172021729319bd352f76d2:paper_aligned_hga:62:fbd2d2720deed5155045c6c872ebd31dff2517167e3ddf581aa5b06e49921d0c,fbd2d2720deed5155045c6c872ebd31dff2517167e3ddf581aa5b06e49921d0c,"[""D:\\pybullet_test\\.venv\\Scripts\\python.exe"", ""run_unified_experiments.py"", ""--formal"", ""--resume"", ""--instances"", ""w60"", ""--solvers"", ""paper_aligned_hga"", ""--seeds"", ""62"", ""--selected-evaluation-budget"", ""11000"", ""--selected-timeout"", ""21600"", ""--output-root"", ""unified_experiments/formal_protocol_19084d42c77dd61803f622f7dd3792c50fea0f387106740c6f6d6bcedc437202/formal/w60/paper_aligned_hga/seed_62""]"
232,formal__w60__paper_aligned_hga__seed_63,e7b7409b555e581a0ceea770b7e2c511bacdced8f3172021729319bd352f76d2,paper_aligned_hga,63,11000,11000,11000,21600,21600,19084d42c77dd61803f622f7dd3792c50fea0f387106740c6f6d6bcedc437202,2c969355974b9b9ca210a0a87655fdd5a442787654bfbbde0be740237b302940,,separate_postprocess_after_successful_raw_run,unified_experiments/formal_protocol_19084d42c77dd61803f622f7dd3792c50fea0f387106740c6f6d6bcedc437202/formal/w60/paper_aligned_hga/seed_63,19084d42c77dd61803f622f7dd3792c50fea0f387106740c6f6d6bcedc437202:e7b7409b555e581a0ceea770b7e2c511bacdced8f3172021729319bd352f76d2:paper_aligned_hga:63:1ffe8058290b4e1d858fff825007e9e1d049de6c1603d11d76ad7b903433660c,1ffe8058290b4e1d858fff825007e9e1d049de6c1603d11d76ad7b903433660c,"[""D:\\pybullet_test\\.venv\\Scripts\\python.exe"", ""run_unified_experiments.py"", ""--formal"", ""--resume"", ""--instances"", ""w60"", ""--solvers"", ""paper_aligned_hga"", ""--seeds"", ""63"", ""--selected-evaluation-budget"", ""11000"", ""--selected-timeout"", ""21600"", ""--output-root"", ""unified_experiments/formal_protocol_19084d42c77dd61803f622f7dd3792c50fea0f387106740c6f6d6bcedc437202/formal/w60/paper_aligned_hga/seed_63""]"
233,formal__w60__paper_aligned_hga__seed_64,e7b7409b555e581a0ceea770b7e2c511bacdced8f3172021729319bd352f76d2,paper_aligned_hga,64,11000,11000,11000,21600,21600,19084d42c77dd61803f622f7dd3792c50fea0f387106740c6f6d6bcedc437202,2c969355974b9b9ca210a0a87655fdd5a442787654bfbbde0be740237b302940,,separate_postprocess_after_successful_raw_run,unified_experiments/formal_protocol_19084d42c77dd61803f622f7dd3792c50fea0f387106740c6f6d6bcedc437202/formal/w60/paper_aligned_hga/seed_64,19084d42c77dd61803f622f7dd3792c50fea0f387106740c6f6d6bcedc437202:e7b7409b555e581a0ceea770b7e2c511bacdced8f3172021729319bd352f76d2:paper_aligned_hga:64:315f9078d40197a0a2917bb99fb561a47d40bf4da2f8a9979d20025317a9b08b,315f9078d40197a0a2917bb99fb561a47d40bf4da2f8a9979d20025317a9b08b,"[""D:\\pybullet_test\\.venv\\Scripts\\python.exe"", ""run_unified_experiments.py"", ""--formal"", ""--resume"", ""--instances"", ""w60"", ""--solvers"", ""paper_aligned_hga"", ""--seeds"", ""64"", ""--selected-evaluation-budget"", ""11000"", ""--selected-timeout"", ""21600"", ""--output-root"", ""unified_experiments/formal_protocol_19084d42c77dd61803f622f7dd3792c50fea0f387106740c6f6d6bcedc437202/formal/w60/paper_aligned_hga/seed_64""]"
234,formal__w60__paper_aligned_hga__seed_65,e7b7409b555e581a0ceea770b7e2c511bacdced8f3172021729319bd352f76d2,paper_aligned_hga,65,11000,11000,11000,21600,21600,19084d42c77dd61803f622f7dd3792c50fea0f387106740c6f6d6bcedc437202,2c969355974b9b9ca210a0a87655fdd5a442787654bfbbde0be740237b302940,,separate_postprocess_after_successful_raw_run,unified_experiments/formal_protocol_19084d42c77dd61803f622f7dd3792c50fea0f387106740c6f6d6bcedc437202/formal/w60/paper_aligned_hga/seed_65,19084d42c77dd61803f622f7dd3792c50fea0f387106740c6f6d6bcedc437202:e7b7409b555e581a0ceea770b7e2c511bacdced8f3172021729319bd352f76d2:paper_aligned_hga:65:d940608b57e90b2a94c396083665dd07f06dd421e3091e44957f50d70f2bef1b,d940608b57e90b2a94c396083665dd07f06dd421e3091e44957f50d70f2bef1b,"[""D:\\pybullet_test\\.venv\\Scripts\\python.exe"", ""run_unified_experiments.py"", ""--formal"", ""--resume"", ""--instances"", ""w60"", ""--solvers"", ""paper_aligned_hga"", ""--seeds"", ""65"", ""--selected-evaluation-budget"", ""11000"", ""--selected-timeout"", ""21600"", ""--output-root"", ""unified_experiments/formal_protocol_19084d42c77dd61803f622f7dd3792c50fea0f387106740c6f6d6bcedc437202/formal/w60/paper_aligned_hga/seed_65""]"
235,formal__w60__paper_aligned_hga__seed_66,e7b7409b555e581a0ceea770b7e2c511bacdced8f3172021729319bd352f76d2,paper_aligned_hga,66,11000,11000,11000,21600,21600,19084d42c77dd61803f622f7dd3792c50fea0f387106740c6f6d6bcedc437202,2c969355974b9b9ca210a0a87655fdd5a442787654bfbbde0be740237b302940,,separate_postprocess_after_successful_raw_run,unified_experiments/formal_protocol_19084d42c77dd61803f622f7dd3792c50fea0f387106740c6f6d6bcedc437202/formal/w60/paper_aligned_hga/seed_66,19084d42c77dd61803f622f7dd3792c50fea0f387106740c6f6d6bcedc437202:e7b7409b555e581a0ceea770b7e2c511bacdced8f3172021729319bd352f76d2:paper_aligned_hga:66:03ef937c1eac9f131fbc398c619d04c0195ba09e86481c724835fb6075b74b76,03ef937c1eac9f131fbc398c619d04c0195ba09e86481c724835fb6075b74b76,"[""D:\\pybullet_test\\.venv\\Scripts\\python.exe"", ""run_unified_experiments.py"", ""--formal"", ""--resume"", ""--instances"", ""w60"", ""--solvers"", ""paper_aligned_hga"", ""--seeds"", ""66"", ""--selected-evaluation-budget"", ""11000"", ""--selected-timeout"", ""21600"", ""--output-root"", ""unified_experiments/formal_protocol_19084d42c77dd61803f622f7dd3792c50fea0f387106740c6f6d6bcedc437202/formal/w60/paper_aligned_hga/seed_66""]"
236,formal__w60__paper_aligned_hga__seed_67,e7b7409b555e581a0ceea770b7e2c511bacdced8f3172021729319bd352f76d2,paper_aligned_hga,67,11000,11000,11000,21600,21600,19084d42c77dd61803f622f7dd3792c50fea0f387106740c6f6d6bcedc437202,2c969355974b9b9ca210a0a87655fdd5a442787654bfbbde0be740237b302940,,separate_postprocess_after_successful_raw_run,unified_experiments/formal_protocol_19084d42c77dd61803f622f7dd3792c50fea0f387106740c6f6d6bcedc437202/formal/w60/paper_aligned_hga/seed_67,19084d42c77dd61803f622f7dd3792c50fea0f387106740c6f6d6bcedc437202:e7b7409b555e581a0ceea770b7e2c511bacdced8f3172021729319bd352f76d2:paper_aligned_hga:67:fb32f498af0cb948f16ccbb339da2a68a1a1fe36c114ae4d979e6dda3ecdfc1a,fb32f498af0cb948f16ccbb339da2a68a1a1fe36c114ae4d979e6dda3ecdfc1a,"[""D:\\pybullet_test\\.venv\\Scripts\\python.exe"", ""run_unified_experiments.py"", ""--formal"", ""--resume"", ""--instances"", ""w60"", ""--solvers"", ""paper_aligned_hga"", ""--seeds"", ""67"", ""--selected-evaluation-budget"", ""11000"", ""--selected-timeout"", ""21600"", ""--output-root"", ""unified_experiments/formal_protocol_19084d42c77dd61803f622f7dd3792c50fea0f387106740c6f6d6bcedc437202/formal/w60/paper_aligned_hga/seed_67""]"
237,formal__w60__paper_aligned_hga__seed_68,e7b7409b555e581a0ceea770b7e2c511bacdced8f3172021729319bd352f76d2,paper_aligned_hga,68,11000,11000,11000,21600,21600,19084d42c77dd61803f622f7dd3792c50fea0f387106740c6f6d6bcedc437202,2c969355974b9b9ca210a0a87655fdd5a442787654bfbbde0be740237b302940,,separate_postprocess_after_successful_raw_run,unified_experiments/formal_protocol_19084d42c77dd61803f622f7dd3792c50fea0f387106740c6f6d6bcedc437202/formal/w60/paper_aligned_hga/seed_68,19084d42c77dd61803f622f7dd3792c50fea0f387106740c6f6d6bcedc437202:e7b7409b555e581a0ceea770b7e2c511bacdced8f3172021729319bd352f76d2:paper_aligned_hga:68:ebfb869b54ce50048ed1360d305dd8e21abe7b5525fec6cd4859522af5220f36,ebfb869b54ce50048ed1360d305dd8e21abe7b5525fec6cd4859522af5220f36,"[""D:\\pybullet_test\\.venv\\Scripts\\python.exe"", ""run_unified_experiments.py"", ""--formal"", ""--resume"", ""--instances"", ""w60"", ""--solvers"", ""paper_aligned_hga"", ""--seeds"", ""68"", ""--selected-evaluation-budget"", ""11000"", ""--selected-timeout"", ""21600"", ""--output-root"", ""unified_experiments/formal_protocol_19084d42c77dd61803f622f7dd3792c50fea0f387106740c6f6d6bcedc437202/formal/w60/paper_aligned_hga/seed_68""]"
238,formal__w60__paper_aligned_hga__seed_69,e7b7409b555e581a0ceea770b7e2c511bacdced8f3172021729319bd352f76d2,paper_aligned_hga,69,11000,11000,11000,21600,21600,19084d42c77dd61803f622f7dd3792c50fea0f387106740c6f6d6bcedc437202,2c969355974b9b9ca210a0a87655fdd5a442787654bfbbde0be740237b302940,,separate_postprocess_after_successful_raw_run,unified_experiments/formal_protocol_19084d42c77dd61803f622f7dd3792c50fea0f387106740c6f6d6bcedc437202/formal/w60/paper_aligned_hga/seed_69,19084d42c77dd61803f622f7dd3792c50fea0f387106740c6f6d6bcedc437202:e7b7409b555e581a0ceea770b7e2c511bacdced8f3172021729319bd352f76d2:paper_aligned_hga:69:eea2291c0220b8de152714fe2c831a86db1bac49a0741063e039f220fdbd5b2d,eea2291c0220b8de152714fe2c831a86db1bac49a0741063e039f220fdbd5b2d,"[""D:\\pybullet_test\\.venv\\Scripts\\python.exe"", ""run_unified_experiments.py"", ""--formal"", ""--resume"", ""--instances"", ""w60"", ""--solvers"", ""paper_aligned_hga"", ""--seeds"", ""69"", ""--selected-evaluation-budget"", ""11000"", ""--selected-timeout"", ""21600"", ""--output-root"", ""unified_experiments/formal_protocol_19084d42c77dd61803f622f7dd3792c50fea0f387106740c6f6d6bcedc437202/formal/w60/paper_aligned_hga/seed_69""]"
239,formal__w60__paper_aligned_hga__seed_70,e7b7409b555e581a0ceea770b7e2c511bacdced8f3172021729319bd352f76d2,paper_aligned_hga,70,11000,11000,11000,21600,21600,19084d42c77dd61803f622f7dd3792c50fea0f387106740c6f6d6bcedc437202,2c969355974b9b9ca210a0a87655fdd5a442787654bfbbde0be740237b302940,,separate_postprocess_after_successful_raw_run,unified_experiments/formal_protocol_19084d42c77dd61803f622f7dd3792c50fea0f387106740c6f6d6bcedc437202/formal/w60/paper_aligned_hga/seed_70,19084d42c77dd61803f622f7dd3792c50fea0f387106740c6f6d6bcedc437202:e7b7409b555e581a0ceea770b7e2c511bacdced8f3172021729319bd352f76d2:paper_aligned_hga:70:a224bd761795d0cf39d96c5131bb129c254610eba99ea53e895eba9f3fde14e4,a224bd761795d0cf39d96c5131bb129c254610eba99ea53e895eba9f3fde14e4,"[""D:\\pybullet_test\\.venv\\Scripts\\python.exe"", ""run_unified_experiments.py"", ""--formal"", ""--resume"", ""--instances"", ""w60"", ""--solvers"", ""paper_aligned_hga"", ""--seeds"", ""70"", ""--selected-evaluation-budget"", ""11000"", ""--selected-timeout"", ""21600"", ""--output-root"", ""unified_experiments/formal_protocol_19084d42c77dd61803f622f7dd3792c50fea0f387106740c6f6d6bcedc437202/formal/w60/paper_aligned_hga/seed_70""]"
240,formal__w60__paper_aligned_hga__seed_71,e7b7409b555e581a0ceea770b7e2c511bacdced8f3172021729319bd352f76d2,paper_aligned_hga,71,11000,11000,11000,21600,21600,19084d42c77dd61803f622f7dd3792c50fea0f387106740c6f6d6bcedc437202,2c969355974b9b9ca210a0a87655fdd5a442787654bfbbde0be740237b302940,,separate_postprocess_after_successful_raw_run,unified_experiments/formal_protocol_19084d42c77dd61803f622f7dd3792c50fea0f387106740c6f6d6bcedc437202/formal/w60/paper_aligned_hga/seed_71,19084d42c77dd61803f622f7dd3792c50fea0f387106740c6f6d6bcedc437202:e7b7409b555e581a0ceea770b7e2c511bacdced8f3172021729319bd352f76d2:paper_aligned_hga:71:4ebbaf3fab8780780d6a34d6acdbdf96e81af4d928adcfea18fc64b7e0622c62,4ebbaf3fab8780780d6a34d6acdbdf96e81af4d928adcfea18fc64b7e0622c62,"[""D:\\pybullet_test\\.venv\\Scripts\\python.exe"", ""run_unified_experiments.py"", ""--formal"", ""--resume"", ""--instances"", ""w60"", ""--solvers"", ""paper_aligned_hga"", ""--seeds"", ""71"", ""--selected-evaluation-budget"", ""11000"", ""--selected-timeout"", ""21600"", ""--output-root"", ""unified_experiments/formal_protocol_19084d42c77dd61803f622f7dd3792c50fea0f387106740c6f6d6bcedc437202/formal/w60/paper_aligned_hga/seed_71""]"
241,formal__w60__abma__seed_42,e7b7409b555e581a0ceea770b7e2c511bacdced8f3172021729319bd352f76d2,abma,42,11000,11000,11000,21600,21600,19084d42c77dd61803f622f7dd3792c50fea0f387106740c6f6d6bcedc437202,2c969355974b9b9ca210a0a87655fdd5a442787654bfbbde0be740237b302940,631b2d675e7531d04a3c019cc8013158223944074da3e42d489a5745addee1d3,separate_postprocess_after_successful_raw_run,unified_experiments/formal_protocol_19084d42c77dd61803f622f7dd3792c50fea0f387106740c6f6d6bcedc437202/formal/w60/abma/seed_42,19084d42c77dd61803f622f7dd3792c50fea0f387106740c6f6d6bcedc437202:e7b7409b555e581a0ceea770b7e2c511bacdced8f3172021729319bd352f76d2:abma:42:6a4317a00e129febed9d5244432fea4991465ddcfc18645eee90304bd777abdd,6a4317a00e129febed9d5244432fea4991465ddcfc18645eee90304bd777abdd,"[""D:\\pybullet_test\\.venv\\Scripts\\python.exe"", ""run_unified_experiments.py"", ""--formal"", ""--resume"", ""--instances"", ""w60"", ""--solvers"", ""abma"", ""--seeds"", ""42"", ""--selected-evaluation-budget"", ""11000"", ""--selected-timeout"", ""21600"", ""--output-root"", ""unified_experiments/formal_protocol_19084d42c77dd61803f622f7dd3792c50fea0f387106740c6f6d6bcedc437202/formal/w60/abma/seed_42""]"
242,formal__w60__abma__seed_43,e7b7409b555e581a0ceea770b7e2c511bacdced8f3172021729319bd352f76d2,abma,43,11000,11000,11000,21600,21600,19084d42c77dd61803f622f7dd3792c50fea0f387106740c6f6d6bcedc437202,2c969355974b9b9ca210a0a87655fdd5a442787654bfbbde0be740237b302940,631b2d675e7531d04a3c019cc8013158223944074da3e42d489a5745addee1d3,separate_postprocess_after_successful_raw_run,unified_experiments/formal_protocol_19084d42c77dd61803f622f7dd3792c50fea0f387106740c6f6d6bcedc437202/formal/w60/abma/seed_43,19084d42c77dd61803f622f7dd3792c50fea0f387106740c6f6d6bcedc437202:e7b7409b555e581a0ceea770b7e2c511bacdced8f3172021729319bd352f76d2:abma:43:b58b3b45b67c27d0c9d8ddf77e8118c6e04587c33ed96a5f3fdb35bc37a92f30,b58b3b45b67c27d0c9d8ddf77e8118c6e04587c33ed96a5f3fdb35bc37a92f30,"[""D:\\pybullet_test\\.venv\\Scripts\\python.exe"", ""run_unified_experiments.py"", ""--formal"", ""--resume"", ""--instances"", ""w60"", ""--solvers"", ""abma"", ""--seeds"", ""43"", ""--selected-evaluation-budget"", ""11000"", ""--selected-timeout"", ""21600"", ""--output-root"", ""unified_experiments/formal_protocol_19084d42c77dd61803f622f7dd3792c50fea0f387106740c6f6d6bcedc437202/formal/w60/abma/seed_43""]"
243,formal__w60__abma__seed_44,e7b7409b555e581a0ceea770b7e2c511bacdced8f3172021729319bd352f76d2,abma,44,11000,11000,11000,21600,21600,19084d42c77dd61803f622f7dd3792c50fea0f387106740c6f6d6bcedc437202,2c969355974b9b9ca210a0a87655fdd5a442787654bfbbde0be740237b302940,631b2d675e7531d04a3c019cc8013158223944074da3e42d489a5745addee1d3,separate_postprocess_after_successful_raw_run,unified_experiments/formal_protocol_19084d42c77dd61803f622f7dd3792c50fea0f387106740c6f6d6bcedc437202/formal/w60/abma/seed_44,19084d42c77dd61803f622f7dd3792c50fea0f387106740c6f6d6bcedc437202:e7b7409b555e581a0ceea770b7e2c511bacdced8f3172021729319bd352f76d2:abma:44:e923eff62e142a69eebbdea9082513f46d1c164a5712c516e56d55e9985214ea,e923eff62e142a69eebbdea9082513f46d1c164a5712c516e56d55e9985214ea,"[""D:\\pybullet_test\\.venv\\Scripts\\python.exe"", ""run_unified_experiments.py"", ""--formal"", ""--resume"", ""--instances"", ""w60"", ""--solvers"", ""abma"", ""--seeds"", ""44"", ""--selected-evaluation-budget"", ""11000"", ""--selected-timeout"", ""21600"", ""--output-root"", ""unified_experiments/formal_protocol_19084d42c77dd61803f622f7dd3792c50fea0f387106740c6f6d6bcedc437202/formal/w60/abma/seed_44""]"
244,formal__w60__abma__seed_45,e7b7409b555e581a0ceea770b7e2c511bacdced8f3172021729319bd352f76d2,abma,45,11000,11000,11000,21600,21600,19084d42c77dd61803f622f7dd3792c50fea0f387106740c6f6d6bcedc437202,2c969355974b9b9ca210a0a87655fdd5a442787654bfbbde0be740237b302940,631b2d675e7531d04a3c019cc8013158223944074da3e42d489a5745addee1d3,separate_postprocess_after_successful_raw_run,unified_experiments/formal_protocol_19084d42c77dd61803f622f7dd3792c50fea0f387106740c6f6d6bcedc437202/formal/w60/abma/seed_45,19084d42c77dd61803f622f7dd3792c50fea0f387106740c6f6d6bcedc437202:e7b7409b555e581a0ceea770b7e2c511bacdced8f3172021729319bd352f76d2:abma:45:d5490e94b34072fc5fde3b3e2c5f63d071fe35883f02f85fb7bed678d61c68a9,d5490e94b34072fc5fde3b3e2c5f63d071fe35883f02f85fb7bed678d61c68a9,"[""D:\\pybullet_test\\.venv\\Scripts\\python.exe"", ""run_unified_experiments.py"", ""--formal"", ""--resume"", ""--instances"", ""w60"", ""--solvers"", ""abma"", ""--seeds"", ""45"", ""--selected-evaluation-budget"", ""11000"", ""--selected-timeout"", ""21600"", ""--output-root"", ""unified_experiments/formal_protocol_19084d42c77dd61803f622f7dd3792c50fea0f387106740c6f6d6bcedc437202/formal/w60/abma/seed_45""]"
245,formal__w60__abma__seed_46,e7b7409b555e581a0ceea770b7e2c511bacdced8f3172021729319bd352f76d2,abma,46,11000,11000,11000,21600,21600,19084d42c77dd61803f622f7dd3792c50fea0f387106740c6f6d6bcedc437202,2c969355974b9b9ca210a0a87655fdd5a442787654bfbbde0be740237b302940,631b2d675e7531d04a3c019cc8013158223944074da3e42d489a5745addee1d3,separate_postprocess_after_successful_raw_run,unified_experiments/formal_protocol_19084d42c77dd61803f622f7dd3792c50fea0f387106740c6f6d6bcedc437202/formal/w60/abma/seed_46,19084d42c77dd61803f622f7dd3792c50fea0f387106740c6f6d6bcedc437202:e7b7409b555e581a0ceea770b7e2c511bacdced8f3172021729319bd352f76d2:abma:46:7e93da514034ffbb0a8237887693283f314cad2959f76992fcc53aab9c5ee6e9,7e93da514034ffbb0a8237887693283f314cad2959f76992fcc53aab9c5ee6e9,"[""D:\\pybullet_test\\.venv\\Scripts\\python.exe"", ""run_unified_experiments.py"", ""--formal"", ""--resume"", ""--instances"", ""w60"", ""--solvers"", ""abma"", ""--seeds"", ""46"", ""--selected-evaluation-budget"", ""11000"", ""--selected-timeout"", ""21600"", ""--output-root"", ""unified_experiments/formal_protocol_19084d42c77dd61803f622f7dd3792c50fea0f387106740c6f6d6bcedc437202/formal/w60/abma/seed_46""]"
246,formal__w60__abma__seed_47,e7b7409b555e581a0ceea770b7e2c511bacdced8f3172021729319bd352f76d2,abma,47,11000,11000,11000,21600,21600,19084d42c77dd61803f622f7dd3792c50fea0f387106740c6f6d6bcedc437202,2c969355974b9b9ca210a0a87655fdd5a442787654bfbbde0be740237b302940,631b2d675e7531d04a3c019cc8013158223944074da3e42d489a5745addee1d3,separate_postprocess_after_successful_raw_run,unified_experiments/formal_protocol_19084d42c77dd61803f622f7dd3792c50fea0f387106740c6f6d6bcedc437202/formal/w60/abma/seed_47,19084d42c77dd61803f622f7dd3792c50fea0f387106740c6f6d6bcedc437202:e7b7409b555e581a0ceea770b7e2c511bacdced8f3172021729319bd352f76d2:abma:47:5b1d065f903b419fbc8dca228d0eee6646e10e505cee419d0081d0ef7c551233,5b1d065f903b419fbc8dca228d0eee6646e10e505cee419d0081d0ef7c551233,"[""D:\\pybullet_test\\.venv\\Scripts\\python.exe"", ""run_unified_experiments.py"", ""--formal"", ""--resume"", ""--instances"", ""w60"", ""--solvers"", ""abma"", ""--seeds"", ""47"", ""--selected-evaluation-budget"", ""11000"", ""--selected-timeout"", ""21600"", ""--output-root"", ""unified_experiments/formal_protocol_19084d42c77dd61803f622f7dd3792c50fea0f387106740c6f6d6bcedc437202/formal/w60/abma/seed_47""]"
247,formal__w60__abma__seed_48,e7b7409b555e581a0ceea770b7e2c511bacdced8f3172021729319bd352f76d2,abma,48,11000,11000,11000,21600,21600,19084d42c77dd61803f622f7dd3792c50fea0f387106740c6f6d6bcedc437202,2c969355974b9b9ca210a0a87655fdd5a442787654bfbbde0be740237b302940,631b2d675e7531d04a3c019cc8013158223944074da3e42d489a5745addee1d3,separate_postprocess_after_successful_raw_run,unified_experiments/formal_protocol_19084d42c77dd61803f622f7dd3792c50fea0f387106740c6f6d6bcedc437202/formal/w60/abma/seed_48,19084d42c77dd61803f622f7dd3792c50fea0f387106740c6f6d6bcedc437202:e7b7409b555e581a0ceea770b7e2c511bacdced8f3172021729319bd352f76d2:abma:48:d44c923e340fe8ddae465cead320743731aa82318a2f33d32ef9480815999956,d44c923e340fe8ddae465cead320743731aa82318a2f33d32ef9480815999956,"[""D:\\pybullet_test\\.venv\\Scripts\\python.exe"", ""run_unified_experiments.py"", ""--formal"", ""--resume"", ""--instances"", ""w60"", ""--solvers"", ""abma"", ""--seeds"", ""48"", ""--selected-evaluation-budget"", ""11000"", ""--selected-timeout"", ""21600"", ""--output-root"", ""unified_experiments/formal_protocol_19084d42c77dd61803f622f7dd3792c50fea0f387106740c6f6d6bcedc437202/formal/w60/abma/seed_48""]"
248,formal__w60__abma__seed_49,e7b7409b555e581a0ceea770b7e2c511bacdced8f3172021729319bd352f76d2,abma,49,11000,11000,11000,21600,21600,19084d42c77dd61803f622f7dd3792c50fea0f387106740c6f6d6bcedc437202,2c969355974b9b9ca210a0a87655fdd5a442787654bfbbde0be740237b302940,631b2d675e7531d04a3c019cc8013158223944074da3e42d489a5745addee1d3,separate_postprocess_after_successful_raw_run,unified_experiments/formal_protocol_19084d42c77dd61803f622f7dd3792c50fea0f387106740c6f6d6bcedc437202/formal/w60/abma/seed_49,19084d42c77dd61803f622f7dd3792c50fea0f387106740c6f6d6bcedc437202:e7b7409b555e581a0ceea770b7e2c511bacdced8f3172021729319bd352f76d2:abma:49:b664a3a144e68807247c793cf5cd192017b477dc258a9f484d9b874af4af3850,b664a3a144e68807247c793cf5cd192017b477dc258a9f484d9b874af4af3850,"[""D:\\pybullet_test\\.venv\\Scripts\\python.exe"", ""run_unified_experiments.py"", ""--formal"", ""--resume"", ""--instances"", ""w60"", ""--solvers"", ""abma"", ""--seeds"", ""49"", ""--selected-evaluation-budget"", ""11000"", ""--selected-timeout"", ""21600"", ""--output-root"", ""unified_experiments/formal_protocol_19084d42c77dd61803f622f7dd3792c50fea0f387106740c6f6d6bcedc437202/formal/w60/abma/seed_49""]"
249,formal__w60__abma__seed_50,e7b7409b555e581a0ceea770b7e2c511bacdced8f3172021729319bd352f76d2,abma,50,11000,11000,11000,21600,21600,19084d42c77dd61803f622f7dd3792c50fea0f387106740c6f6d6bcedc437202,2c969355974b9b9ca210a0a87655fdd5a442787654bfbbde0be740237b302940,631b2d675e7531d04a3c019cc8013158223944074da3e42d489a5745addee1d3,separate_postprocess_after_successful_raw_run,unified_experiments/formal_protocol_19084d42c77dd61803f622f7dd3792c50fea0f387106740c6f6d6bcedc437202/formal/w60/abma/seed_50,19084d42c77dd61803f622f7dd3792c50fea0f387106740c6f6d6bcedc437202:e7b7409b555e581a0ceea770b7e2c511bacdced8f3172021729319bd352f76d2:abma:50:d175aea473f24bfc31c38d1e2f5b88cca51e363aac95d0f13effb1e993ce0f0c,d175aea473f24bfc31c38d1e2f5b88cca51e363aac95d0f13effb1e993ce0f0c,"[""D:\\pybullet_test\\.venv\\Scripts\\python.exe"", ""run_unified_experiments.py"", ""--formal"", ""--resume"", ""--instances"", ""w60"", ""--solvers"", ""abma"", ""--seeds"", ""50"", ""--selected-evaluation-budget"", ""11000"", ""--selected-timeout"", ""21600"", ""--output-root"", ""unified_experiments/formal_protocol_19084d42c77dd61803f622f7dd3792c50fea0f387106740c6f6d6bcedc437202/formal/w60/abma/seed_50""]"
250,formal__w60__abma__seed_51,e7b7409b555e581a0ceea770b7e2c511bacdced8f3172021729319bd352f76d2,abma,51,11000,11000,11000,21600,21600,19084d42c77dd61803f622f7dd3792c50fea0f387106740c6f6d6bcedc437202,2c969355974b9b9ca210a0a87655fdd5a442787654bfbbde0be740237b302940,631b2d675e7531d04a3c019cc8013158223944074da3e42d489a5745addee1d3,separate_postprocess_after_successful_raw_run,unified_experiments/formal_protocol_19084d42c77dd61803f622f7dd3792c50fea0f387106740c6f6d6bcedc437202/formal/w60/abma/seed_51,19084d42c77dd61803f622f7dd3792c50fea0f387106740c6f6d6bcedc437202:e7b7409b555e581a0ceea770b7e2c511bacdced8f3172021729319bd352f76d2:abma:51:7f01d051b5b56ab8d3af0e4ab1aee876e3ea2b2643195d7fd151b30d6a0dada9,7f01d051b5b56ab8d3af0e4ab1aee876e3ea2b2643195d7fd151b30d6a0dada9,"[""D:\\pybullet_test\\.venv\\Scripts\\python.exe"", ""run_unified_experiments.py"", ""--formal"", ""--resume"", ""--instances"", ""w60"", ""--solvers"", ""abma"", ""--seeds"", ""51"", ""--selected-evaluation-budget"", ""11000"", ""--selected-timeout"", ""21600"", ""--output-root"", ""unified_experiments/formal_protocol_19084d42c77dd61803f622f7dd3792c50fea0f387106740c6f6d6bcedc437202/formal/w60/abma/seed_51""]"
251,formal__w60__abma__seed_52,e7b7409b555e581a0ceea770b7e2c511bacdced8f3172021729319bd352f76d2,abma,52,11000,11000,11000,21600,21600,19084d42c77dd61803f622f7dd3792c50fea0f387106740c6f6d6bcedc437202,2c969355974b9b9ca210a0a87655fdd5a442787654bfbbde0be740237b302940,631b2d675e7531d04a3c019cc8013158223944074da3e42d489a5745addee1d3,separate_postprocess_after_successful_raw_run,unified_experiments/formal_protocol_19084d42c77dd61803f622f7dd3792c50fea0f387106740c6f6d6bcedc437202/formal/w60/abma/seed_52,19084d42c77dd61803f622f7dd3792c50fea0f387106740c6f6d6bcedc437202:e7b7409b555e581a0ceea770b7e2c511bacdced8f3172021729319bd352f76d2:abma:52:00d4e5f649c11ca94c83bc89d802536603cd0110432c07cfbbc0a498250879ac,00d4e5f649c11ca94c83bc89d802536603cd0110432c07cfbbc0a498250879ac,"[""D:\\pybullet_test\\.venv\\Scripts\\python.exe"", ""run_unified_experiments.py"", ""--formal"", ""--resume"", ""--instances"", ""w60"", ""--solvers"", ""abma"", ""--seeds"", ""52"", ""--selected-evaluation-budget"", ""11000"", ""--selected-timeout"", ""21600"", ""--output-root"", ""unified_experiments/formal_protocol_19084d42c77dd61803f622f7dd3792c50fea0f387106740c6f6d6bcedc437202/formal/w60/abma/seed_52""]"
252,formal__w60__abma__seed_53,e7b7409b555e581a0ceea770b7e2c511bacdced8f3172021729319bd352f76d2,abma,53,11000,11000,11000,21600,21600,19084d42c77dd61803f622f7dd3792c50fea0f387106740c6f6d6bcedc437202,2c969355974b9b9ca210a0a87655fdd5a442787654bfbbde0be740237b302940,631b2d675e7531d04a3c019cc8013158223944074da3e42d489a5745addee1d3,separate_postprocess_after_successful_raw_run,unified_experiments/formal_protocol_19084d42c77dd61803f622f7dd3792c50fea0f387106740c6f6d6bcedc437202/formal/w60/abma/seed_53,19084d42c77dd61803f622f7dd3792c50fea0f387106740c6f6d6bcedc437202:e7b7409b555e581a0ceea770b7e2c511bacdced8f3172021729319bd352f76d2:abma:53:4d433356d3ccfe6c11c01121c227a6b0f1e7de5a4bdf62f3400268c76416a8dc,4d433356d3ccfe6c11c01121c227a6b0f1e7de5a4bdf62f3400268c76416a8dc,"[""D:\\pybullet_test\\.venv\\Scripts\\python.exe"", ""run_unified_experiments.py"", ""--formal"", ""--resume"", ""--instances"", ""w60"", ""--solvers"", ""abma"", ""--seeds"", ""53"", ""--selected-evaluation-budget"", ""11000"", ""--selected-timeout"", ""21600"", ""--output-root"", ""unified_experiments/formal_protocol_19084d42c77dd61803f622f7dd3792c50fea0f387106740c6f6d6bcedc437202/formal/w60/abma/seed_53""]"
253,formal__w60__abma__seed_54,e7b7409b555e581a0ceea770b7e2c511bacdced8f3172021729319bd352f76d2,abma,54,11000,11000,11000,21600,21600,19084d42c77dd61803f622f7dd3792c50fea0f387106740c6f6d6bcedc437202,2c969355974b9b9ca210a0a87655fdd5a442787654bfbbde0be740237b302940,631b2d675e7531d04a3c019cc8013158223944074da3e42d489a5745addee1d3,separate_postprocess_after_successful_raw_run,unified_experiments/formal_protocol_19084d42c77dd61803f622f7dd3792c50fea0f387106740c6f6d6bcedc437202/formal/w60/abma/seed_54,19084d42c77dd61803f622f7dd3792c50fea0f387106740c6f6d6bcedc437202:e7b7409b555e581a0ceea770b7e2c511bacdced8f3172021729319bd352f76d2:abma:54:00a4284d3d08beedf7de832e196086cb9a528b03bba825e47d4f4d91931129d4,00a4284d3d08beedf7de832e196086cb9a528b03bba825e47d4f4d91931129d4,"[""D:\\pybullet_test\\.venv\\Scripts\\python.exe"", ""run_unified_experiments.py"", ""--formal"", ""--resume"", ""--instances"", ""w60"", ""--solvers"", ""abma"", ""--seeds"", ""54"", ""--selected-evaluation-budget"", ""11000"", ""--selected-timeout"", ""21600"", ""--output-root"", ""unified_experiments/formal_protocol_19084d42c77dd61803f622f7dd3792c50fea0f387106740c6f6d6bcedc437202/formal/w60/abma/seed_54""]"
254,formal__w60__abma__seed_55,e7b7409b555e581a0ceea770b7e2c511bacdced8f3172021729319bd352f76d2,abma,55,11000,11000,11000,21600,21600,19084d42c77dd61803f622f7dd3792c50fea0f387106740c6f6d6bcedc437202,2c969355974b9b9ca210a0a87655fdd5a442787654bfbbde0be740237b302940,631b2d675e7531d04a3c019cc8013158223944074da3e42d489a5745addee1d3,separate_postprocess_after_successful_raw_run,unified_experiments/formal_protocol_19084d42c77dd61803f622f7dd3792c50fea0f387106740c6f6d6bcedc437202/formal/w60/abma/seed_55,19084d42c77dd61803f622f7dd3792c50fea0f387106740c6f6d6bcedc437202:e7b7409b555e581a0ceea770b7e2c511bacdced8f3172021729319bd352f76d2:abma:55:64135cb351e94bcf1646b4ea9e18281b6c8c21f245fe5af2bfabc796b0569f09,64135cb351e94bcf1646b4ea9e18281b6c8c21f245fe5af2bfabc796b0569f09,"[""D:\\pybullet_test\\.venv\\Scripts\\python.exe"", ""run_unified_experiments.py"", ""--formal"", ""--resume"", ""--instances"", ""w60"", ""--solvers"", ""abma"", ""--seeds"", ""55"", ""--selected-evaluation-budget"", ""11000"", ""--selected-timeout"", ""21600"", ""--output-root"", ""unified_experiments/formal_protocol_19084d42c77dd61803f622f7dd3792c50fea0f387106740c6f6d6bcedc437202/formal/w60/abma/seed_55""]"
255,formal__w60__abma__seed_56,e7b7409b555e581a0ceea770b7e2c511bacdced8f3172021729319bd352f76d2,abma,56,11000,11000,11000,21600,21600,19084d42c77dd61803f622f7dd3792c50fea0f387106740c6f6d6bcedc437202,2c969355974b9b9ca210a0a87655fdd5a442787654bfbbde0be740237b302940,631b2d675e7531d04a3c019cc8013158223944074da3e42d489a5745addee1d3,separate_postprocess_after_successful_raw_run,unified_experiments/formal_protocol_19084d42c77dd61803f622f7dd3792c50fea0f387106740c6f6d6bcedc437202/formal/w60/abma/seed_56,19084d42c77dd61803f622f7dd3792c50fea0f387106740c6f6d6bcedc437202:e7b7409b555e581a0ceea770b7e2c511bacdced8f3172021729319bd352f76d2:abma:56:44470812ab133949e915fb483031f3cba7368dfdf6fb61a8bd4986ab9df71b49,44470812ab133949e915fb483031f3cba7368dfdf6fb61a8bd4986ab9df71b49,"[""D:\\pybullet_test\\.venv\\Scripts\\python.exe"", ""run_unified_experiments.py"", ""--formal"", ""--resume"", ""--instances"", ""w60"", ""--solvers"", ""abma"", ""--seeds"", ""56"", ""--selected-evaluation-budget"", ""11000"", ""--selected-timeout"", ""21600"", ""--output-root"", ""unified_experiments/formal_protocol_19084d42c77dd61803f622f7dd3792c50fea0f387106740c6f6d6bcedc437202/formal/w60/abma/seed_56""]"
256,formal__w60__abma__seed_57,e7b7409b555e581a0ceea770b7e2c511bacdced8f3172021729319bd352f76d2,abma,57,11000,11000,11000,21600,21600,19084d42c77dd61803f622f7dd3792c50fea0f387106740c6f6d6bcedc437202,2c969355974b9b9ca210a0a87655fdd5a442787654bfbbde0be740237b302940,631b2d675e7531d04a3c019cc8013158223944074da3e42d489a5745addee1d3,separate_postprocess_after_successful_raw_run,unified_experiments/formal_protocol_19084d42c77dd61803f622f7dd3792c50fea0f387106740c6f6d6bcedc437202/formal/w60/abma/seed_57,19084d42c77dd61803f622f7dd3792c50fea0f387106740c6f6d6bcedc437202:e7b7409b555e581a0ceea770b7e2c511bacdced8f3172021729319bd352f76d2:abma:57:0214fa1b732946298944d494f8e4d52ed8fa8b03564b6e614af192dfd6f719f5,0214fa1b732946298944d494f8e4d52ed8fa8b03564b6e614af192dfd6f719f5,"[""D:\\pybullet_test\\.venv\\Scripts\\python.exe"", ""run_unified_experiments.py"", ""--formal"", ""--resume"", ""--instances"", ""w60"", ""--solvers"", ""abma"", ""--seeds"", ""57"", ""--selected-evaluation-budget"", ""11000"", ""--selected-timeout"", ""21600"", ""--output-root"", ""unified_experiments/formal_protocol_19084d42c77dd61803f622f7dd3792c50fea0f387106740c6f6d6bcedc437202/formal/w60/abma/seed_57""]"
257,formal__w60__abma__seed_58,e7b7409b555e581a0ceea770b7e2c511bacdced8f3172021729319bd352f76d2,abma,58,11000,11000,11000,21600,21600,19084d42c77dd61803f622f7dd3792c50fea0f387106740c6f6d6bcedc437202,2c969355974b9b9ca210a0a87655fdd5a442787654bfbbde0be740237b302940,631b2d675e7531d04a3c019cc8013158223944074da3e42d489a5745addee1d3,separate_postprocess_after_successful_raw_run,unified_experiments/formal_protocol_19084d42c77dd61803f622f7dd3792c50fea0f387106740c6f6d6bcedc437202/formal/w60/abma/seed_58,19084d42c77dd61803f622f7dd3792c50fea0f387106740c6f6d6bcedc437202:e7b7409b555e581a0ceea770b7e2c511bacdced8f3172021729319bd352f76d2:abma:58:113674dd7e4b4f4663903000768dee7c6b68223389007f9185446cbf5e51711a,113674dd7e4b4f4663903000768dee7c6b68223389007f9185446cbf5e51711a,"[""D:\\pybullet_test\\.venv\\Scripts\\python.exe"", ""run_unified_experiments.py"", ""--formal"", ""--resume"", ""--instances"", ""w60"", ""--solvers"", ""abma"", ""--seeds"", ""58"", ""--selected-evaluation-budget"", ""11000"", ""--selected-timeout"", ""21600"", ""--output-root"", ""unified_experiments/formal_protocol_19084d42c77dd61803f622f7dd3792c50fea0f387106740c6f6d6bcedc437202/formal/w60/abma/seed_58""]"
258,formal__w60__abma__seed_59,e7b7409b555e581a0ceea770b7e2c511bacdced8f3172021729319bd352f76d2,abma,59,11000,11000,11000,21600,21600,19084d42c77dd61803f622f7dd3792c50fea0f387106740c6f6d6bcedc437202,2c969355974b9b9ca210a0a87655fdd5a442787654bfbbde0be740237b302940,631b2d675e7531d04a3c019cc8013158223944074da3e42d489a5745addee1d3,separate_postprocess_after_successful_raw_run,unified_experiments/formal_protocol_19084d42c77dd61803f622f7dd3792c50fea0f387106740c6f6d6bcedc437202/formal/w60/abma/seed_59,19084d42c77dd61803f622f7dd3792c50fea0f387106740c6f6d6bcedc437202:e7b7409b555e581a0ceea770b7e2c511bacdced8f3172021729319bd352f76d2:abma:59:a91ebfa336a59d2e13464dd9898de3df42181bbbcb1c9c0b3b7b2fbee9375fc6,a91ebfa336a59d2e13464dd9898de3df42181bbbcb1c9c0b3b7b2fbee9375fc6,"[""D:\\pybullet_test\\.venv\\Scripts\\python.exe"", ""run_unified_experiments.py"", ""--formal"", ""--resume"", ""--instances"", ""w60"", ""--solvers"", ""abma"", ""--seeds"", ""59"", ""--selected-evaluation-budget"", ""11000"", ""--selected-timeout"", ""21600"", ""--output-root"", ""unified_experiments/formal_protocol_19084d42c77dd61803f622f7dd3792c50fea0f387106740c6f6d6bcedc437202/formal/w60/abma/seed_59""]"
259,formal__w60__abma__seed_60,e7b7409b555e581a0ceea770b7e2c511bacdced8f3172021729319bd352f76d2,abma,60,11000,11000,11000,21600,21600,19084d42c77dd61803f622f7dd3792c50fea0f387106740c6f6d6bcedc437202,2c969355974b9b9ca210a0a87655fdd5a442787654bfbbde0be740237b302940,631b2d675e7531d04a3c019cc8013158223944074da3e42d489a5745addee1d3,separate_postprocess_after_successful_raw_run,unified_experiments/formal_protocol_19084d42c77dd61803f622f7dd3792c50fea0f387106740c6f6d6bcedc437202/formal/w60/abma/seed_60,19084d42c77dd61803f622f7dd3792c50fea0f387106740c6f6d6bcedc437202:e7b7409b555e581a0ceea770b7e2c511bacdced8f3172021729319bd352f76d2:abma:60:05e185ead2548ffc0c9e57c921c327425601e73864cce11b8bcf102e8041257a,05e185ead2548ffc0c9e57c921c327425601e73864cce11b8bcf102e8041257a,"[""D:\\pybullet_test\\.venv\\Scripts\\python.exe"", ""run_unified_experiments.py"", ""--formal"", ""--resume"", ""--instances"", ""w60"", ""--solvers"", ""abma"", ""--seeds"", ""60"", ""--selected-evaluation-budget"", ""11000"", ""--selected-timeout"", ""21600"", ""--output-root"", ""unified_experiments/formal_protocol_19084d42c77dd61803f622f7dd3792c50fea0f387106740c6f6d6bcedc437202/formal/w60/abma/seed_60""]"
260,formal__w60__abma__seed_61,e7b7409b555e581a0ceea770b7e2c511bacdced8f3172021729319bd352f76d2,abma,61,11000,11000,11000,21600,21600,19084d42c77dd61803f622f7dd3792c50fea0f387106740c6f6d6bcedc437202,2c969355974b9b9ca210a0a87655fdd5a442787654bfbbde0be740237b302940,631b2d675e7531d04a3c019cc8013158223944074da3e42d489a5745addee1d3,separate_postprocess_after_successful_raw_run,unified_experiments/formal_protocol_19084d42c77dd61803f622f7dd3792c50fea0f387106740c6f6d6bcedc437202/formal/w60/abma/seed_61,19084d42c77dd61803f622f7dd3792c50fea0f387106740c6f6d6bcedc437202:e7b7409b555e581a0ceea770b7e2c511bacdced8f3172021729319bd352f76d2:abma:61:cd034ac170fe2b6661c8a6e25a2fee769b81a8a42363f2895562a2fd32e54e2b,cd034ac170fe2b6661c8a6e25a2fee769b81a8a42363f2895562a2fd32e54e2b,"[""D:\\pybullet_test\\.venv\\Scripts\\python.exe"", ""run_unified_experiments.py"", ""--formal"", ""--resume"", ""--instances"", ""w60"", ""--solvers"", ""abma"", ""--seeds"", ""61"", ""--selected-evaluation-budget"", ""11000"", ""--selected-timeout"", ""21600"", ""--output-root"", ""unified_experiments/formal_protocol_19084d42c77dd61803f622f7dd3792c50fea0f387106740c6f6d6bcedc437202/formal/w60/abma/seed_61""]"
261,formal__w60__abma__seed_62,e7b7409b555e581a0ceea770b7e2c511bacdced8f3172021729319bd352f76d2,abma,62,11000,11000,11000,21600,21600,19084d42c77dd61803f622f7dd3792c50fea0f387106740c6f6d6bcedc437202,2c969355974b9b9ca210a0a87655fdd5a442787654bfbbde0be740237b302940,631b2d675e7531d04a3c019cc8013158223944074da3e42d489a5745addee1d3,separate_postprocess_after_successful_raw_run,unified_experiments/formal_protocol_19084d42c77dd61803f622f7dd3792c50fea0f387106740c6f6d6bcedc437202/formal/w60/abma/seed_62,19084d42c77dd61803f622f7dd3792c50fea0f387106740c6f6d6bcedc437202:e7b7409b555e581a0ceea770b7e2c511bacdced8f3172021729319bd352f76d2:abma:62:868e6407091dc8bcf3df7572fdc196ac7bd70d15ca458667e7647beebc846af1,868e6407091dc8bcf3df7572fdc196ac7bd70d15ca458667e7647beebc846af1,"[""D:\\pybullet_test\\.venv\\Scripts\\python.exe"", ""run_unified_experiments.py"", ""--formal"", ""--resume"", ""--instances"", ""w60"", ""--solvers"", ""abma"", ""--seeds"", ""62"", ""--selected-evaluation-budget"", ""11000"", ""--selected-timeout"", ""21600"", ""--output-root"", ""unified_experiments/formal_protocol_19084d42c77dd61803f622f7dd3792c50fea0f387106740c6f6d6bcedc437202/formal/w60/abma/seed_62""]"
262,formal__w60__abma__seed_63,e7b7409b555e581a0ceea770b7e2c511bacdced8f3172021729319bd352f76d2,abma,63,11000,11000,11000,21600,21600,19084d42c77dd61803f622f7dd3792c50fea0f387106740c6f6d6bcedc437202,2c969355974b9b9ca210a0a87655fdd5a442787654bfbbde0be740237b302940,631b2d675e7531d04a3c019cc8013158223944074da3e42d489a5745addee1d3,separate_postprocess_after_successful_raw_run,unified_experiments/formal_protocol_19084d42c77dd61803f622f7dd3792c50fea0f387106740c6f6d6bcedc437202/formal/w60/abma/seed_63,19084d42c77dd61803f622f7dd3792c50fea0f387106740c6f6d6bcedc437202:e7b7409b555e581a0ceea770b7e2c511bacdced8f3172021729319bd352f76d2:abma:63:18e399966dd1f367f9a2449bb917e12b8c648317ba2a79d0de5c6e506eefc5f2,18e399966dd1f367f9a2449bb917e12b8c648317ba2a79d0de5c6e506eefc5f2,"[""D:\\pybullet_test\\.venv\\Scripts\\python.exe"", ""run_unified_experiments.py"", ""--formal"", ""--resume"", ""--instances"", ""w60"", ""--solvers"", ""abma"", ""--seeds"", ""63"", ""--selected-evaluation-budget"", ""11000"", ""--selected-timeout"", ""21600"", ""--output-root"", ""unified_experiments/formal_protocol_19084d42c77dd61803f622f7dd3792c50fea0f387106740c6f6d6bcedc437202/formal/w60/abma/seed_63""]"
263,formal__w60__abma__seed_64,e7b7409b555e581a0ceea770b7e2c511bacdced8f3172021729319bd352f76d2,abma,64,11000,11000,11000,21600,21600,19084d42c77dd61803f622f7dd3792c50fea0f387106740c6f6d6bcedc437202,2c969355974b9b9ca210a0a87655fdd5a442787654bfbbde0be740237b302940,631b2d675e7531d04a3c019cc8013158223944074da3e42d489a5745addee1d3,separate_postprocess_after_successful_raw_run,unified_experiments/formal_protocol_19084d42c77dd61803f622f7dd3792c50fea0f387106740c6f6d6bcedc437202/formal/w60/abma/seed_64,19084d42c77dd61803f622f7dd3792c50fea0f387106740c6f6d6bcedc437202:e7b7409b555e581a0ceea770b7e2c511bacdced8f3172021729319bd352f76d2:abma:64:4b0d7784b3ae072a6daf88de8f1dccdbe4e9132ee20ff3912032a855ed071692,4b0d7784b3ae072a6daf88de8f1dccdbe4e9132ee20ff3912032a855ed071692,"[""D:\\pybullet_test\\.venv\\Scripts\\python.exe"", ""run_unified_experiments.py"", ""--formal"", ""--resume"", ""--instances"", ""w60"", ""--solvers"", ""abma"", ""--seeds"", ""64"", ""--selected-evaluation-budget"", ""11000"", ""--selected-timeout"", ""21600"", ""--output-root"", ""unified_experiments/formal_protocol_19084d42c77dd61803f622f7dd3792c50fea0f387106740c6f6d6bcedc437202/formal/w60/abma/seed_64""]"
264,formal__w60__abma__seed_65,e7b7409b555e581a0ceea770b7e2c511bacdced8f3172021729319bd352f76d2,abma,65,11000,11000,11000,21600,21600,19084d42c77dd61803f622f7dd3792c50fea0f387106740c6f6d6bcedc437202,2c969355974b9b9ca210a0a87655fdd5a442787654bfbbde0be740237b302940,631b2d675e7531d04a3c019cc8013158223944074da3e42d489a5745addee1d3,separate_postprocess_after_successful_raw_run,unified_experiments/formal_protocol_19084d42c77dd61803f622f7dd3792c50fea0f387106740c6f6d6bcedc437202/formal/w60/abma/seed_65,19084d42c77dd61803f622f7dd3792c50fea0f387106740c6f6d6bcedc437202:e7b7409b555e581a0ceea770b7e2c511bacdced8f3172021729319bd352f76d2:abma:65:f452ec45f4fcd7af96f1d77e8163d5168fd63949144e44368362f55562f47ded,f452ec45f4fcd7af96f1d77e8163d5168fd63949144e44368362f55562f47ded,"[""D:\\pybullet_test\\.venv\\Scripts\\python.exe"", ""run_unified_experiments.py"", ""--formal"", ""--resume"", ""--instances"", ""w60"", ""--solvers"", ""abma"", ""--seeds"", ""65"", ""--selected-evaluation-budget"", ""11000"", ""--selected-timeout"", ""21600"", ""--output-root"", ""unified_experiments/formal_protocol_19084d42c77dd61803f622f7dd3792c50fea0f387106740c6f6d6bcedc437202/formal/w60/abma/seed_65""]"
265,formal__w60__abma__seed_66,e7b7409b555e581a0ceea770b7e2c511bacdced8f3172021729319bd352f76d2,abma,66,11000,11000,11000,21600,21600,19084d42c77dd61803f622f7dd3792c50fea0f387106740c6f6d6bcedc437202,2c969355974b9b9ca210a0a87655fdd5a442787654bfbbde0be740237b302940,631b2d675e7531d04a3c019cc8013158223944074da3e42d489a5745addee1d3,separate_postprocess_after_successful_raw_run,unified_experiments/formal_protocol_19084d42c77dd61803f622f7dd3792c50fea0f387106740c6f6d6bcedc437202/formal/w60/abma/seed_66,19084d42c77dd61803f622f7dd3792c50fea0f387106740c6f6d6bcedc437202:e7b7409b555e581a0ceea770b7e2c511bacdced8f3172021729319bd352f76d2:abma:66:0843a016160393f42562498cddfbe9f382693a803fb5c16d26906f798c6c04bb,0843a016160393f42562498cddfbe9f382693a803fb5c16d26906f798c6c04bb,"[""D:\\pybullet_test\\.venv\\Scripts\\python.exe"", ""run_unified_experiments.py"", ""--formal"", ""--resume"", ""--instances"", ""w60"", ""--solvers"", ""abma"", ""--seeds"", ""66"", ""--selected-evaluation-budget"", ""11000"", ""--selected-timeout"", ""21600"", ""--output-root"", ""unified_experiments/formal_protocol_19084d42c77dd61803f622f7dd3792c50fea0f387106740c6f6d6bcedc437202/formal/w60/abma/seed_66""]"
266,formal__w60__abma__seed_67,e7b7409b555e581a0ceea770b7e2c511bacdced8f3172021729319bd352f76d2,abma,67,11000,11000,11000,21600,21600,19084d42c77dd61803f622f7dd3792c50fea0f387106740c6f6d6bcedc437202,2c969355974b9b9ca210a0a87655fdd5a442787654bfbbde0be740237b302940,631b2d675e7531d04a3c019cc8013158223944074da3e42d489a5745addee1d3,separate_postprocess_after_successful_raw_run,unified_experiments/formal_protocol_19084d42c77dd61803f622f7dd3792c50fea0f387106740c6f6d6bcedc437202/formal/w60/abma/seed_67,19084d42c77dd61803f622f7dd3792c50fea0f387106740c6f6d6bcedc437202:e7b7409b555e581a0ceea770b7e2c511bacdced8f3172021729319bd352f76d2:abma:67:ee2a658033983b85c111975c02c0db5acb3551e09fccc1666ad71ca12399f071,ee2a658033983b85c111975c02c0db5acb3551e09fccc1666ad71ca12399f071,"[""D:\\pybullet_test\\.venv\\Scripts\\python.exe"", ""run_unified_experiments.py"", ""--formal"", ""--resume"", ""--instances"", ""w60"", ""--solvers"", ""abma"", ""--seeds"", ""67"", ""--selected-evaluation-budget"", ""11000"", ""--selected-timeout"", ""21600"", ""--output-root"", ""unified_experiments/formal_protocol_19084d42c77dd61803f622f7dd3792c50fea0f387106740c6f6d6bcedc437202/formal/w60/abma/seed_67""]"
267,formal__w60__abma__seed_68,e7b7409b555e581a0ceea770b7e2c511bacdced8f3172021729319bd352f76d2,abma,68,11000,11000,11000,21600,21600,19084d42c77dd61803f622f7dd3792c50fea0f387106740c6f6d6bcedc437202,2c969355974b9b9ca210a0a87655fdd5a442787654bfbbde0be740237b302940,631b2d675e7531d04a3c019cc8013158223944074da3e42d489a5745addee1d3,separate_postprocess_after_successful_raw_run,unified_experiments/formal_protocol_19084d42c77dd61803f622f7dd3792c50fea0f387106740c6f6d6bcedc437202/formal/w60/abma/seed_68,19084d42c77dd61803f622f7dd3792c50fea0f387106740c6f6d6bcedc437202:e7b7409b555e581a0ceea770b7e2c511bacdced8f3172021729319bd352f76d2:abma:68:6de09190bad7b34ff6ad7a9a7c17192a25761c998c966256f2dbc8722fcd2d7c,6de09190bad7b34ff6ad7a9a7c17192a25761c998c966256f2dbc8722fcd2d7c,"[""D:\\pybullet_test\\.venv\\Scripts\\python.exe"", ""run_unified_experiments.py"", ""--formal"", ""--resume"", ""--instances"", ""w60"", ""--solvers"", ""abma"", ""--seeds"", ""68"", ""--selected-evaluation-budget"", ""11000"", ""--selected-timeout"", ""21600"", ""--output-root"", ""unified_experiments/formal_protocol_19084d42c77dd61803f622f7dd3792c50fea0f387106740c6f6d6bcedc437202/formal/w60/abma/seed_68""]"
268,formal__w60__abma__seed_69,e7b7409b555e581a0ceea770b7e2c511bacdced8f3172021729319bd352f76d2,abma,69,11000,11000,11000,21600,21600,19084d42c77dd61803f622f7dd3792c50fea0f387106740c6f6d6bcedc437202,2c969355974b9b9ca210a0a87655fdd5a442787654bfbbde0be740237b302940,631b2d675e7531d04a3c019cc8013158223944074da3e42d489a5745addee1d3,separate_postprocess_after_successful_raw_run,unified_experiments/formal_protocol_19084d42c77dd61803f622f7dd3792c50fea0f387106740c6f6d6bcedc437202/formal/w60/abma/seed_69,19084d42c77dd61803f622f7dd3792c50fea0f387106740c6f6d6bcedc437202:e7b7409b555e581a0ceea770b7e2c511bacdced8f3172021729319bd352f76d2:abma:69:d10327f94c9f939e6dc9db3ede1ed9d4c8a970edfb2993e92fd94b34782ec777,d10327f94c9f939e6dc9db3ede1ed9d4c8a970edfb2993e92fd94b34782ec777,"[""D:\\pybullet_test\\.venv\\Scripts\\python.exe"", ""run_unified_experiments.py"", ""--formal"", ""--resume"", ""--instances"", ""w60"", ""--solvers"", ""abma"", ""--seeds"", ""69"", ""--selected-evaluation-budget"", ""11000"", ""--selected-timeout"", ""21600"", ""--output-root"", ""unified_experiments/formal_protocol_19084d42c77dd61803f622f7dd3792c50fea0f387106740c6f6d6bcedc437202/formal/w60/abma/seed_69""]"
269,formal__w60__abma__seed_70,e7b7409b555e581a0ceea770b7e2c511bacdced8f3172021729319bd352f76d2,abma,70,11000,11000,11000,21600,21600,19084d42c77dd61803f622f7dd3792c50fea0f387106740c6f6d6bcedc437202,2c969355974b9b9ca210a0a87655fdd5a442787654bfbbde0be740237b302940,631b2d675e7531d04a3c019cc8013158223944074da3e42d489a5745addee1d3,separate_postprocess_after_successful_raw_run,unified_experiments/formal_protocol_19084d42c77dd61803f622f7dd3792c50fea0f387106740c6f6d6bcedc437202/formal/w60/abma/seed_70,19084d42c77dd61803f622f7dd3792c50fea0f387106740c6f6d6bcedc437202:e7b7409b555e581a0ceea770b7e2c511bacdced8f3172021729319bd352f76d2:abma:70:665f25f0e3092c044267f4e5a6ad8cb57ab3623bab417884324baa2c7ffa9d6c,665f25f0e3092c044267f4e5a6ad8cb57ab3623bab417884324baa2c7ffa9d6c,"[""D:\\pybullet_test\\.venv\\Scripts\\python.exe"", ""run_unified_experiments.py"", ""--formal"", ""--resume"", ""--instances"", ""w60"", ""--solvers"", ""abma"", ""--seeds"", ""70"", ""--selected-evaluation-budget"", ""11000"", ""--selected-timeout"", ""21600"", ""--output-root"", ""unified_experiments/formal_protocol_19084d42c77dd61803f622f7dd3792c50fea0f387106740c6f6d6bcedc437202/formal/w60/abma/seed_70""]"
270,formal__w60__abma__seed_71,e7b7409b555e581a0ceea770b7e2c511bacdced8f3172021729319bd352f76d2,abma,71,11000,11000,11000,21600,21600,19084d42c77dd61803f622f7dd3792c50fea0f387106740c6f6d6bcedc437202,2c969355974b9b9ca210a0a87655fdd5a442787654bfbbde0be740237b302940,631b2d675e7531d04a3c019cc8013158223944074da3e42d489a5745addee1d3,separate_postprocess_after_successful_raw_run,unified_experiments/formal_protocol_19084d42c77dd61803f622f7dd3792c50fea0f387106740c6f6d6bcedc437202/formal/w60/abma/seed_71,19084d42c77dd61803f622f7dd3792c50fea0f387106740c6f6d6bcedc437202:e7b7409b555e581a0ceea770b7e2c511bacdced8f3172021729319bd352f76d2:abma:71:6dfe39c8f08bb6455e2ffeab0f22d46e555071103e2f5268a6f42ff4e4bbab03,6dfe39c8f08bb6455e2ffeab0f22d46e555071103e2f5268a6f42ff4e4bbab03,"[""D:\\pybullet_test\\.venv\\Scripts\\python.exe"", ""run_unified_experiments.py"", ""--formal"", ""--resume"", ""--instances"", ""w60"", ""--solvers"", ""abma"", ""--seeds"", ""71"", ""--selected-evaluation-budget"", ""11000"", ""--selected-timeout"", ""21600"", ""--output-root"", ""unified_experiments/formal_protocol_19084d42c77dd61803f622f7dd3792c50fea0f387106740c6f6d6bcedc437202/formal/w60/abma/seed_71""]"
